캠페인 이름,광고 이름,광고 ID,일별,나이,비용,노출수,클릭수(목적지),CTR(목적지),전환수,전환당 비용,전환율(CVR),랜딩 페이지 조회(웹사이트),도달,통화
2604_다이트_전환캠페인,(신)_대구_의료진정보_주사형비만치료제 10년은_260116,1861278242108689,2026-04-08,AGE_35_44,703,65,0,0.0,0,0,0.0,0,65,KRW
2604_다이트_전환캠페인,(신)_대구_의료진정보_주사형비만치료제 10년은_260116,1861278242108689,2026-04-08,AGE_45_54,2021,124,0,0.0,0,0,0.0,0,116,KRW
2604_다이트_전환캠페인,(신)_대구_의료진정보_주사형비만치료제 10년은_260116,1861278242108689,2026-04-08,AGE_55_100,2225,174,2,1.15,0,0,0.0,0,168,KRW
2603_다이트_전환캠페인,(신)_대구_의료진정보_주사형비만치료제 10년은_260116,1861074750911650,2026-04-08,NONE,0,0,0,0.0,0,0,0.0,0,0,KRW
2604_다이트_전환캠페인,(신)_대구_의료진정보_주사형비만치료제 10년은_260116,1861278242108689,2026-04-08,NONE,17,2,0,0.0,0,0,0.0,0,0,KRW
2603_다이트_전환캠페인,(신)_대구_인플방문후기_50대엄마 혈당다이어트(햅삐)_260317,1859897365795954,2026-04-08,NONE,0,0,0,0.0,0,0,0.0,0,0,KRW
2603_다이트_전환캠페인,(신)_대구_인플방문후기_당뇨다이어트(대읽남)_260311,1859417671501954,2026-04-08,NONE,0,0,0,0.0,0,0,0.0,0,0,KRW
2604_다이트_전환캠페인,(신)_대구_인플방문후기_먹으면서 다이어트(대읽남)_251017,1861277850752146,2026-04-08,AGE_35_44,11980,1502,6,0.4,0,0,0.0,0,1442,KRW
2604_다이트_전환캠페인,(신)_대구_인플방문후기_먹으면서 다이어트(대읽남)_251017,1861277850752146,2026-04-08,AGE_45_54,16703,1318,8,0.61,0,0,0.0,0,1268,KRW
2604_다이트_전환캠페인,(신)_대구_인플방문후기_먹으면서 다이어트(대읽남)_251017,1861277850752146,2026-04-08,AGE_55_100,10281,849,7,0.82,0,0,0.0,0,823,KRW
2603_다이트_전환캠페인,(신)_대구_인플방문후기_먹으면서 다이어트(대읽남)_251017,1858362316758178,2026-04-08,NONE,0,0,0,0.0,0,0,0.0,0,0,KRW
2604_다이트_전환캠페인,(신)_대구_인플방문후기_먹으면서 다이어트(대읽남)_251017,1861277850752146,2026-04-08,NONE,72,8,0,0.0,0,0,0.0,0,0,KRW
2604_다이트_전환캠페인,(신)_대구_인플방문후기_밥빵면안당기는원장님(itsmeyuriwon)_260407,1861796218051601,2026-04-08,AGE_35_44,2360,252,3,1.19,0,0,0.0,0,230,KRW
2604_다이트_전환캠페인,(신)_대구_인플방문후기_밥빵면안당기는원장님(itsmeyuriwon)_260407,1861796218051601,2026-04-08,AGE_45_54,5321,362,3,0.83,0,0,0.0,0,342,KRW
2604_다이트_전환캠페인,(신)_대구_인플방문후기_밥빵면안당기는원장님(itsmeyuriwon)_260407,1861796218051601,2026-04-08,AGE_55_100,2588,227,0,0.0,0,0,0.0,0,209,KRW
2604_다이트_전환캠페인,(신)_대구_인플방문후기_밥빵면안당기는원장님(itsmeyuriwon)_260407,1861796218051601,2026-04-08,NONE,0,0,0,0.0,0,0,0.0,0,0,KRW
2603_다이트_전환캠페인,(신)_대구_진료셀프캠_주사형 비만치료제보다 더중요한이것_260120,1858362316758162,2026-04-08,NONE,0,0,0,0.0,0,0,0.0,0,0,KRW
2604_다이트_전환캠페인,(신)_대전_인플방문후기_밥빵면안당기는원장님(itsmeyuriwon)_260407,1861796462367905,2026-04-08,AGE_35_44,2422,219,2,0.91,0,0,0.0,0,208,KRW
2604_다이트_전환캠페인,(신)_대전_인플방문후기_밥빵면안당기는원장님(itsmeyuriwon)_260407,1861796462367905,2026-04-08,AGE_45_54,4030,295,2,0.68,0,0,0.0,0,274,KRW
2604_다이트_전환캠페인,(신)_대전_인플방문후기_밥빵면안당기는원장님(itsmeyuriwon)_260407,1861796462367905,2026-04-08,AGE_55_100,1985,146,1,0.68,0,0,0.0,0,134,KRW
2604_다이트_전환캠페인,(신)_대전_인플방문후기_밥빵면안당기는원장님(itsmeyuriwon)_260407,1861796462367905,2026-04-08,NONE,2,2,0,0.0,0,0,0.0,0,0,KRW
2604_다이트_전환캠페인,(신)_대전_진료셀프캠_주사형 비만치료제보다 더중요한이것_260120,1861781961742465,2026-04-08,AGE_35_44,620,87,0,0.0,0,0,0.0,0,85,KRW
2604_다이트_전환캠페인,(신)_대전_진료셀프캠_주사형 비만치료제보다 더중요한이것_260120,1861781961742465,2026-04-08,AGE_45_54,1121,142,1,0.7,0,0,0.0,0,126,KRW
2604_다이트_전환캠페인,(신)_대전_진료셀프캠_주사형 비만치료제보다 더중요한이것_260120,1861781961742465,2026-04-08,AGE_55_100,779,153,0,0.0,0,0,0.0,0,137,KRW
2604_다이트_전환캠페인,(신)_대전_진료셀프캠_주사형 비만치료제보다 더중요한이것_260120,1861781961742465,2026-04-08,NONE,0,0,0,0.0,0,0,0.0,0,0,KRW
2604_다이트_전환캠페인,(신)_부평_의료진정보_주사형비만치료제 10년은_260116,1861276817166401,2026-04-08,AGE_35_44,1112,119,0,0.0,0,0,0.0,0,114,KRW
2604_다이트_전환캠페인,(신)_부평_의료진정보_주사형비만치료제 10년은_260116,1861276817166401,2026-04-08,AGE_45_54,2861,206,1,0.49,0,0,0.0,0,191,KRW
2604_다이트_전환캠페인,(신)_부평_의료진정보_주사형비만치료제 10년은_260116,1861276817166401,2026-04-08,AGE_55_100,2595,252,2,0.79,0,0,0.0,0,233,KRW
2603_다이트_전환캠페인,(신)_부평_의료진정보_주사형비만치료제 10년은_260116,1860716092390562,2026-04-08,NONE,0,0,0,0.0,0,0,0.0,0,0,KRW
2603_다이트_전환캠페인,(신)_부평_인플방문후기_50대엄마 혈당다이어트(햅삐)_260317,1859896796626130,2026-04-08,NONE,0,0,0,0.0,0,0,0.0,0,0,KRW
2604_다이트_전환캠페인,(신)_부평_인플방문후기_건강한다이어트(박고경)_260324,1861276881397074,2026-04-08,AGE_35_44,5615,455,2,0.44,0,0,0.0,0,437,KRW
2604_다이트_전환캠페인,(신)_부평_인플방문후기_건강한다이어트(박고경)_260324,1861276881397074,2026-04-08,AGE_45_54,6768,421,2,0.48,1,6768,50.0,0,401,KRW
2604_다이트_전환캠페인,(신)_부평_인플방문후기_건강한다이어트(박고경)_260324,1861276881397074,2026-04-08,AGE_55_100,3495,246,3,1.22,0,0,0.0,0,237,KRW
2604_다이트_전환캠페인,(신)_부평_인플방문후기_건강한다이어트(박고경)_260324,1861276881397074,2026-04-08,NONE,36,2,0,0.0,0,0,0.0,0,0,KRW
2603_다이트_전환캠페인,(신)_부평_인플방문후기_건강한다이어트(박고경)_260324,1860541278478465,2026-04-08,NONE,0,0,0,0.0,0,0,0.0,0,0,KRW
2603_다이트_전환캠페인,(신)_부평_인플방문후기_더먹어야 다이어트 가능(더먹어유)_260313,1859538135129201,2026-04-08,NONE,0,0,0,0.0,0,0,0.0,0,0,KRW
2604_다이트_전환캠페인,(신)_부평_인플방문후기_밥빵면안당기는원장님(itsmeyuriwon)_260407,1861795578227042,2026-04-08,AGE_35_44,14052,902,2,0.22,3,4684,150.0,0,772,KRW
2604_다이트_전환캠페인,(신)_부평_인플방문후기_밥빵면안당기는원장님(itsmeyuriwon)_260407,1861795578227042,2026-04-08,AGE_45_54,17133,1067,6,0.56,0,0,0.0,0,872,KRW
2604_다이트_전환캠페인,(신)_부평_인플방문후기_밥빵면안당기는원장님(itsmeyuriwon)_260407,1861795578227042,2026-04-08,AGE_55_100,8504,486,7,1.44,2,4252,28.57,0,415,KRW
2604_다이트_전환캠페인,(신)_부평_인플방문후기_밥빵면안당기는원장님(itsmeyuriwon)_260407,1861795578227042,2026-04-08,NONE,0,0,0,0.0,0,0,0.0,0,0,KRW
2603_다이트_전환캠페인,(신)_부평_진료셀프캠_주사형 비만치료제보다 더중요한이것_260120,1858358889552897,2026-04-08,NONE,0,0,0,0.0,0,0,0.0,0,0,KRW
2603_다이트_전환캠페인,(신)_서울_인플방문후기_건강한다이어트(박고경)_260324,1860545998449873,2026-04-08,NONE,0,0,0,0.0,0,0,0.0,0,0,KRW
2604_다이트_전환캠페인,(신)_서울_인플방문후기_밥빵면안당기는원장님(itsmeyuriwon)_260407,1861792943047986,2026-04-08,AGE_35_44,5780,625,4,0.64,0,0,0.0,0,564,KRW
2604_다이트_전환캠페인,(신)_서울_인플방문후기_밥빵면안당기는원장님(itsmeyuriwon)_260407,1861792943047986,2026-04-08,AGE_45_54,8297,841,5,0.59,0,0,0.0,0,772,KRW
2604_다이트_전환캠페인,(신)_서울_인플방문후기_밥빵면안당기는원장님(itsmeyuriwon)_260407,1861792943047986,2026-04-08,AGE_55_100,6965,636,5,0.79,0,0,0.0,0,599,KRW
2604_다이트_전환캠페인,(신)_서울_인플방문후기_밥빵면안당기는원장님(itsmeyuriwon)_260407,1861792943047986,2026-04-08,NONE,12,1,0,0.0,0,0,0.0,0,0,KRW
2603_다이트_전환캠페인,(신)_서울_진료셀프캠_주사형 비만치료제보다 더중요한이것_26120,1858361825289345,2026-04-08,NONE,0,0,0,0.0,0,0,0.0,0,0,KRW
2603_다이트_전환캠페인,(신)_수원_의료진정보_주사형비만치료제 10년은_260116,1861074626769138,2026-04-08,NONE,0,0,0,0.0,0,0,0.0,0,0,KRW
2603_다이트_전환캠페인,(신)_수원_인플방문후기_더먹어야 다이어트 가능(더먹어유)_260313,1859538405086241,2026-04-08,NONE,0,0,0,0.0,0,0,0.0,0,0,KRW
2603_다이트_전환캠페인,(신)_수원_인플방문후기_먹을거 다먹으면서(미미)_260317,1859897183294593,2026-04-08,NONE,0,0,0,0.0,0,0,0.0,0,0,KRW
2604_다이트_전환캠페인,(신)_수원_인플방문후기_밥빵면안당기는원장님(itsmeyuriwon)_260407,1861796026692689,2026-04-08,AGE_25_34,5591,681,4,0.59,0,0,0.0,0,593,KRW
2604_다이트_전환캠페인,(신)_수원_인플방문후기_밥빵면안당기는원장님(itsmeyuriwon)_260407,1861796026692689,2026-04-08,AGE_35_44,14424,1257,5,0.4,1,14424,20.0,0,1031,KRW
2604_다이트_전환캠페인,(신)_수원_인플방문후기_밥빵면안당기는원장님(itsmeyuriwon)_260407,1861796026692689,2026-04-08,AGE_45_54,19737,1464,4,0.27,0,0,0.0,0,1204,KRW
2604_다이트_전환캠페인,(신)_수원_인플방문후기_밥빵면안당기는원장님(itsmeyuriwon)_260407,1861796026692689,2026-04-08,AGE_55_100,12992,1096,5,0.46,0,0,0.0,0,885,KRW
2604_다이트_전환캠페인,(신)_수원_인플방문후기_밥빵면안당기는원장님(itsmeyuriwon)_260407,1861796026692689,2026-04-08,NONE,3,2,0,0.0,2,1,0.0,0,0,KRW
2604_다이트_전환캠페인,(신)_수원_인플방문후기_주사형비만치료제(the.hyunniverse)_260403,1861426333950193,2026-04-08,AGE_25_34,4364,504,2,0.4,2,2182,100.0,0,475,KRW
2604_다이트_전환캠페인,(신)_수원_인플방문후기_주사형비만치료제(the.hyunniverse)_260403,1861426333950193,2026-04-08,AGE_35_44,12201,938,6,0.64,0,0,0.0,0,864,KRW
2604_다이트_전환캠페인,(신)_수원_인플방문후기_주사형비만치료제(the.hyunniverse)_260403,1861426333950193,2026-04-08,AGE_45_54,17199,1004,7,0.7,3,5733,42.86,0,896,KRW
2604_다이트_전환캠페인,(신)_수원_인플방문후기_주사형비만치료제(the.hyunniverse)_260403,1861426333950193,2026-04-08,AGE_55_100,6313,502,3,0.6,0,0,0.0,0,450,KRW
2604_다이트_전환캠페인,(신)_수원_인플방문후기_주사형비만치료제(the.hyunniverse)_260403,1861426333950193,2026-04-08,NONE,32,1,0,0.0,0,0,0.0,0,0,KRW
2604_다이트_전환캠페인,(신)_일산_인플방문후기_밥빵면안당기는원장님(itsmeyuriwon)_260407,1861796100333057,2026-04-08,AGE_35_44,5803,714,1,0.14,0,0,0.0,0,655,KRW
2604_다이트_전환캠페인,(신)_일산_인플방문후기_밥빵면안당기는원장님(itsmeyuriwon)_260407,1861796100333057,2026-04-08,AGE_45_54,9493,824,9,1.09,0,0,0.0,0,776,KRW
2604_다이트_전환캠페인,(신)_일산_인플방문후기_밥빵면안당기는원장님(itsmeyuriwon)_260407,1861796100333057,2026-04-08,AGE_55_100,7962,605,7,1.16,0,0,0.0,0,580,KRW
2604_다이트_전환캠페인,(신)_일산_인플방문후기_밥빵면안당기는원장님(itsmeyuriwon)_260407,1861796100333057,2026-04-08,NONE,4,3,0,0.0,0,0,0.0,0,0,KRW
2603_다이트_전환캠페인,(신)_창원_인플방문후기_더먹어야 다이어트 가능(더먹어유)_260313,1859538526785570,2026-04-08,NONE,0,0,0,0.0,0,0,0.0,0,0,KRW
2604_다이트_전환캠페인,(신)_창원_인플방문후기_밥빵면안당기는원장님(itsmeyuriwon)_260407,1861796302859538,2026-04-08,AGE_35_44,7851,576,4,0.69,0,0,0.0,0,479,KRW
2604_다이트_전환캠페인,(신)_창원_인플방문후기_밥빵면안당기는원장님(itsmeyuriwon)_260407,1861796302859538,2026-04-08,AGE_45_54,12196,836,7,0.84,0,0,0.0,0,707,KRW
2604_다이트_전환캠페인,(신)_창원_인플방문후기_밥빵면안당기는원장님(itsmeyuriwon)_260407,1861796302859538,2026-04-08,AGE_55_100,8117,586,8,1.37,0,0,0.0,0,475,KRW
2604_다이트_전환캠페인,(신)_창원_인플방문후기_밥빵면안당기는원장님(itsmeyuriwon)_260407,1861796302859538,2026-04-08,NONE,6,2,0,0.0,0,0,0.0,0,0,KRW
2604_다이트_전환캠페인,(신)_창원_인플방문후기_주사형비만치료제(the.hyunniverse)_260403,1861427124084770,2026-04-08,AGE_35_44,7298,616,2,0.32,0,0,0.0,0,554,KRW
2604_다이트_전환캠페인,(신)_창원_인플방문후기_주사형비만치료제(the.hyunniverse)_260403,1861427124084770,2026-04-08,AGE_45_54,13700,879,5,0.57,0,0,0.0,0,784,KRW
2604_다이트_전환캠페인,(신)_창원_인플방문후기_주사형비만치료제(the.hyunniverse)_260403,1861427124084770,2026-04-08,AGE_55_100,6224,392,3,0.77,0,0,0.0,0,330,KRW
2604_다이트_전환캠페인,(신)_창원_인플방문후기_주사형비만치료제(the.hyunniverse)_260403,1861427124084770,2026-04-08,NONE,0,0,0,0.0,1,0,0.0,0,0,KRW
2604_다이트_전환캠페인,(신)_천안_의료진정보_주사형비만치료제 10년은_260116,1861279064396242,2026-04-08,AGE_35_44,817,133,1,0.75,0,0,0.0,0,125,KRW
2604_다이트_전환캠페인,(신)_천안_의료진정보_주사형비만치료제 10년은_260116,1861279064396242,2026-04-08,AGE_45_54,2298,200,0,0.0,0,0,0.0,0,187,KRW
2604_다이트_전환캠페인,(신)_천안_의료진정보_주사형비만치료제 10년은_260116,1861279064396242,2026-04-08,AGE_55_100,2448,187,2,1.07,0,0,0.0,0,180,KRW
2604_다이트_전환캠페인,(신)_천안_의료진정보_주사형비만치료제 10년은_260116,1861279064396242,2026-04-08,NONE,0,0,0,0.0,0,0,0.0,0,0,KRW
2603_다이트_전환캠페인,(신)_천안_의료진정보_주사형비만치료제 10년은_260116,1861074704982066,2026-04-08,NONE,0,0,0,0.0,0,0,0.0,0,0,KRW
2603_다이트_전환캠페인,(신)_천안_인플방문후기_더먹어야 다이어트 가능(더먹어유)_260313,1859538629607521,2026-04-08,NONE,0,0,0,0.0,0,0,0.0,0,0,KRW
2604_다이트_전환캠페인,(신)_천안_인플방문후기_밥빵면안당기는원장님(itsmeyuriwon)_260407,1861796395517250,2026-04-08,AGE_35_44,5857,521,5,0.96,0,0,0.0,0,444,KRW
2604_다이트_전환캠페인,(신)_천안_인플방문후기_밥빵면안당기는원장님(itsmeyuriwon)_260407,1861796395517250,2026-04-08,AGE_45_54,8141,546,3,0.55,0,0,0.0,0,478,KRW
2604_다이트_전환캠페인,(신)_천안_인플방문후기_밥빵면안당기는원장님(itsmeyuriwon)_260407,1861796395517250,2026-04-08,AGE_55_100,3886,247,3,1.21,0,0,0.0,0,214,KRW
2604_다이트_전환캠페인,(신)_천안_인플방문후기_밥빵면안당기는원장님(itsmeyuriwon)_260407,1861796395517250,2026-04-08,NONE,0,0,0,0.0,0,0,0.0,0,0,KRW
2603_다이트_전환캠페인,(신)_천안_진료셀프캠_주사형 비만치료제보다 더중요한이것_260120,1858358889565697,2026-04-08,NONE,0,0,0,0.0,0,0,0.0,0,0,KRW
2604_다이트_전환캠페인,(재)_대구_의료진정보_무작정운동으로 팩폭_260406,1861709464313057,2026-04-08,AGE_35_44,1348,130,0,0.0,0,0,0.0,0,126,KRW
2604_다이트_전환캠페인,(재)_대구_의료진정보_무작정운동으로 팩폭_260406,1861709464313057,2026-04-08,AGE_45_54,2195,118,4,3.39,0,0,0.0,0,115,KRW
2604_다이트_전환캠페인,(재)_대구_의료진정보_무작정운동으로 팩폭_260406,1861709464313057,2026-04-08,AGE_55_100,1810,114,0,0.0,0,0,0.0,0,112,KRW
2604_다이트_전환캠페인,(재)_대구_의료진정보_무작정운동으로 팩폭_260406,1861709464313057,2026-04-08,NONE,25,1,0,0.0,0,0,0.0,0,0,KRW
2603_다이트_전환캠페인,(재)_대구_의료진정보_비만주사 굶는다이어트_260320,1860263658516898,2026-04-08,NONE,0,0,0,0.0,0,0,0.0,0,0,KRW
2604_다이트_전환캠페인,"(재)_대구_인플방문후기_건강한다이어트(대구,박고경)_260325",1861278128485793,2026-04-08,AGE_35_44,3995,309,1,0.32,0,0,0.0,0,301,KRW
2604_다이트_전환캠페인,"(재)_대구_인플방문후기_건강한다이어트(대구,박고경)_260325",1861278128485793,2026-04-08,AGE_45_54,2522,211,2,0.95,0,0,0.0,0,206,KRW
2604_다이트_전환캠페인,"(재)_대구_인플방문후기_건강한다이어트(대구,박고경)_260325",1861278128485793,2026-04-08,AGE_55_100,571,109,0,0.0,0,0,0.0,0,107,KRW
2603_다이트_전환캠페인,"(재)_대구_인플방문후기_건강한다이어트(대구,박고경)_260325",1860614125298753,2026-04-08,NONE,0,0,0,0.0,0,0,0.0,0,0,KRW
2604_다이트_전환캠페인,"(재)_대구_인플방문후기_건강한다이어트(대구,박고경)_260325",1861278128485793,2026-04-08,NONE,19,3,0,0.0,0,0,0.0,0,0,KRW
2603_다이트_전환캠페인,(재)_대구_인플방문후기_맘껏먹는 다이어트 한달후기_260306,1858833581846626,2026-04-08,NONE,0,0,0,0.0,0,0,0.0,0,0,KRW
2604_다이트_전환캠페인,(재)_대구_인플방문후기_먹고싶은거다먹는(수원잇츠)_260403,1861437815982145,2026-04-08,AGE_35_44,1641,178,0,0.0,0,0,0.0,0,164,KRW
2604_다이트_전환캠페인,(재)_대구_인플방문후기_먹고싶은거다먹는(수원잇츠)_260403,1861437815982145,2026-04-08,AGE_45_54,1700,197,2,1.02,0,0,0.0,0,182,KRW
2604_다이트_전환캠페인,(재)_대구_인플방문후기_먹고싶은거다먹는(수원잇츠)_260403,1861437815982145,2026-04-08,AGE_55_100,1280,115,2,1.74,0,0,0.0,0,103,KRW
2603_다이트_전환캠페인,(재)_대구_인플방문후기_체지방만쏙빼는(부산잇츠)_260220,1858358889560241,2026-04-08,NONE,0,0,0,0.0,0,0,0.0,0,0,KRW
2604_다이트_전환캠페인,(재)_대구_진료셀프캠_다이어트의적 밥빵면_260407,1861778669641809,2026-04-08,AGE_35_44,1732,381,3,0.79,0,0,0.0,0,363,KRW
2604_다이트_전환캠페인,(재)_대구_진료셀프캠_다이어트의적 밥빵면_260407,1861778669641809,2026-04-08,AGE_45_54,7006,522,2,0.38,0,0,0.0,0,481,KRW
2604_다이트_전환캠페인,(재)_대구_진료셀프캠_다이어트의적 밥빵면_260407,1861778669641809,2026-04-08,AGE_55_100,2112,438,2,0.46,0,0,0.0,0,389,KRW
2604_다이트_전환캠페인,(재)_대구_진료셀프캠_다이어트의적 밥빵면_260407,1861778669641809,2026-04-08,NONE,0,0,0,0.0,0,0,0.0,0,0,KRW
2604_다이트_전환캠페인,(재)_대구_진료셀프캠_비만주사끊고15kg_260326,1861278293422097,2026-04-08,AGE_35_44,11,4,0,0.0,0,0,0.0,0,4,KRW
2604_다이트_전환캠페인,(재)_대구_진료셀프캠_비만주사끊고15kg_260326,1861278293422097,2026-04-08,AGE_45_54,5,3,0,0.0,0,0,0.0,0,3,KRW
2604_다이트_전환캠페인,(재)_대구_진료셀프캠_비만주사끊고15kg_260326,1861278293422097,2026-04-08,AGE_55_100,3,2,0,0.0,0,0,0.0,0,2,KRW
2604_다이트_전환캠페인,(재)_대구_진료셀프캠_비만주사끊고15kg_260326,1861278293422097,2026-04-08,NONE,0,0,0,0.0,0,0,0.0,0,0,KRW
2604_다이트_전환캠페인,(재)_대구_진료셀프캠_식욕억제주사실패 마지막_260407,1861779512219682,2026-04-08,AGE_35_44,2691,407,2,0.49,0,0,0.0,0,387,KRW
2604_다이트_전환캠페인,(재)_대구_진료셀프캠_식욕억제주사실패 마지막_260407,1861779512219682,2026-04-08,AGE_45_54,6804,550,6,1.09,2,3402,33.33,0,517,KRW
2604_다이트_전환캠페인,(재)_대구_진료셀프캠_식욕억제주사실패 마지막_260407,1861779512219682,2026-04-08,AGE_55_100,4201,376,4,1.06,0,0,0.0,0,348,KRW
2604_다이트_전환캠페인,(재)_대구_진료셀프캠_주사형비만치료제 고민끝에 50대부부 -32kg_260225,1861278082187298,2026-04-08,AGE_35_44,4492,572,2,0.35,0,0,0.0,0,556,KRW
2604_다이트_전환캠페인,(재)_대구_진료셀프캠_주사형비만치료제 고민끝에 50대부부 -32kg_260225,1861278082187298,2026-04-08,AGE_45_54,15452,906,3,0.33,0,0,0.0,0,856,KRW
2604_다이트_전환캠페인,(재)_대구_진료셀프캠_주사형비만치료제 고민끝에 50대부부 -32kg_260225,1861278082187298,2026-04-08,AGE_55_100,14096,848,5,0.59,0,0,0.0,0,789,KRW
2604_다이트_전환캠페인,(재)_대구_진료셀프캠_주사형비만치료제 고민끝에 50대부부 -32kg_260225,1861278082187298,2026-04-08,NONE,18,3,0,0.0,0,0,0.0,0,0,KRW
2603_다이트_전환캠페인,(재)_대구_진료셀프캠_주사형비만치료제 고민끝에 50대부부 -32kg_260225,1860546064808049,2026-04-08,NONE,0,0,0,0.0,0,0,0.0,0,0,KRW
2604_다이트_전환캠페인,"(재)_대전_인플방문후기_건강한다이어트(대전, 박고경)_260406",1861709876075633,2026-04-08,AGE_35_44,1295,237,1,0.42,0,0,0.0,0,225,KRW
2604_다이트_전환캠페인,"(재)_대전_인플방문후기_건강한다이어트(대전, 박고경)_260406",1861709876075633,2026-04-08,AGE_45_54,1551,226,1,0.44,0,0,0.0,0,214,KRW
2604_다이트_전환캠페인,"(재)_대전_인플방문후기_건강한다이어트(대전, 박고경)_260406",1861709876075633,2026-04-08,AGE_55_100,1108,143,0,0.0,0,0,0.0,0,140,KRW
2604_다이트_전환캠페인,"(재)_대전_인플방문후기_건강한다이어트(대전, 박고경)_260406",1861709876075633,2026-04-08,NONE,9,3,0,0.0,0,0,0.0,0,0,KRW
2604_다이트_전환캠페인,(재)_대전_인플방문후기_맘껏먹는 다이어트 한달후기_260306,1861708302605361,2026-04-08,AGE_35_44,1935,143,0,0.0,0,0,0.0,0,132,KRW
2604_다이트_전환캠페인,(재)_대전_인플방문후기_맘껏먹는 다이어트 한달후기_260306,1861708302605361,2026-04-08,AGE_45_54,2768,160,0,0.0,0,0,0.0,0,150,KRW
2604_다이트_전환캠페인,(재)_대전_인플방문후기_맘껏먹는 다이어트 한달후기_260306,1861708302605361,2026-04-08,AGE_55_100,1069,77,1,1.3,0,0,0.0,0,69,KRW
2604_다이트_전환캠페인,(재)_대전_인플방문후기_맘껏먹는 다이어트 한달후기_260306,1861708302605361,2026-04-08,NONE,16,3,0,0.0,0,0,0.0,0,0,KRW
2604_다이트_전환캠페인,(재)_대전_인플방문후기_먹으면서(대읽남)_260306,1861710694184002,2026-04-08,AGE_35_44,383,39,0,0.0,0,0,0.0,0,39,KRW
2604_다이트_전환캠페인,(재)_대전_인플방문후기_먹으면서(대읽남)_260306,1861710694184002,2026-04-08,AGE_45_54,237,30,0,0.0,0,0,0.0,0,29,KRW
2604_다이트_전환캠페인,(재)_대전_인플방문후기_먹으면서(대읽남)_260306,1861710694184002,2026-04-08,AGE_55_100,412,27,0,0.0,0,0,0.0,0,27,KRW
2604_다이트_전환캠페인,(재)_대전_인플방문후기_먹으면서(대읽남)_260306,1861710694184002,2026-04-08,NONE,0,0,0,0.0,0,0,0.0,0,0,KRW
2604_다이트_전환캠페인,(재)_대전_진료셀프캠_다이어트의적 밥빵면_260407,1861776478109986,2026-04-08,AGE_35_44,980,155,0,0.0,0,0,0.0,0,146,KRW
2604_다이트_전환캠페인,(재)_대전_진료셀프캠_다이어트의적 밥빵면_260407,1861776478109986,2026-04-08,AGE_45_54,1185,201,1,0.5,0,0,0.0,0,191,KRW
2604_다이트_전환캠페인,(재)_대전_진료셀프캠_다이어트의적 밥빵면_260407,1861776478109986,2026-04-08,AGE_55_100,960,176,4,2.27,0,0,0.0,0,167,KRW
2604_다이트_전환캠페인,(재)_대전_진료셀프캠_식욕억제주사실패 마지막_260406,1861708051912898,2026-04-08,AGE_35_44,2368,232,4,1.72,0,0,0.0,0,221,KRW
2604_다이트_전환캠페인,(재)_대전_진료셀프캠_식욕억제주사실패 마지막_260406,1861708051912898,2026-04-08,AGE_45_54,4544,274,3,1.09,0,0,0.0,0,257,KRW
2604_다이트_전환캠페인,(재)_대전_진료셀프캠_식욕억제주사실패 마지막_260406,1861708051912898,2026-04-08,AGE_55_100,1856,136,2,1.47,0,0,0.0,0,131,KRW
2604_다이트_전환캠페인,(재)_대전_진료셀프캠_식욕억제주사실패 마지막_260406,1861708051912898,2026-04-08,NONE,14,2,0,0.0,0,0,0.0,0,0,KRW
2604_다이트_전환캠페인,(재)_대전_진료셀프캠_식욕억제주사실패 마지막_260407,1861779986019442,2026-04-08,AGE_35_44,197,51,0,0.0,0,0,0.0,0,51,KRW
2604_다이트_전환캠페인,(재)_대전_진료셀프캠_식욕억제주사실패 마지막_260407,1861779986019442,2026-04-08,AGE_45_54,168,38,0,0.0,0,0,0.0,0,36,KRW
2604_다이트_전환캠페인,(재)_대전_진료셀프캠_식욕억제주사실패 마지막_260407,1861779986019442,2026-04-08,AGE_55_100,94,40,0,0.0,0,0,0.0,0,39,KRW
2604_다이트_전환캠페인,(재)_대전_진료셀프캠_주사형비만치료제 고민끝에 50대부부 -32kg_260225,1861708178989089,2026-04-08,AGE_35_44,10901,1237,12,0.97,0,0,0.0,0,1105,KRW
2604_다이트_전환캠페인,(재)_대전_진료셀프캠_주사형비만치료제 고민끝에 50대부부 -32kg_260225,1861708178989089,2026-04-08,AGE_45_54,26146,2223,19,0.85,1,26146,5.26,0,1932,KRW
2604_다이트_전환캠페인,(재)_대전_진료셀프캠_주사형비만치료제 고민끝에 50대부부 -32kg_260225,1861708178989089,2026-04-08,AGE_55_100,22329,2042,11,0.54,0,0,0.0,0,1679,KRW
2604_다이트_전환캠페인,(재)_대전_진료셀프캠_주사형비만치료제 고민끝에 50대부부 -32kg_260225,1861708178989089,2026-04-08,NONE,64,9,0,0.0,0,0,0.0,0,0,KRW
2604_다이트_전환캠페인,(재)_부평_의료진정보_무작정운동으로 팩폭_260406,1861709708534065,2026-04-08,AGE_35_44,2647,109,0,0.0,0,0,0.0,0,103,KRW
2604_다이트_전환캠페인,(재)_부평_의료진정보_무작정운동으로 팩폭_260406,1861709708534065,2026-04-08,AGE_45_54,5616,180,6,3.33,0,0,0.0,0,173,KRW
2604_다이트_전환캠페인,(재)_부평_의료진정보_무작정운동으로 팩폭_260406,1861709708534065,2026-04-08,AGE_55_100,2715,103,1,0.97,0,0,0.0,0,94,KRW
2604_다이트_전환캠페인,(재)_부평_의료진정보_무작정운동으로 팩폭_260406,1861709708534065,2026-04-08,NONE,2,1,0,0.0,0,0,0.0,0,0,KRW
2603_다이트_전환캠페인,(재)_부평_의료진정보_비만주사 굶는다이어트_260320,1860170168891553,2026-04-08,NONE,0,0,0,0.0,0,0,0.0,0,0,KRW
2604_다이트_전환캠페인,(재)_부평_인플방문후기_먹고싶은거다먹는(수원잇츠)_260403,1861438021385394,2026-04-08,AGE_35_44,3235,328,1,0.3,0,0,0.0,0,308,KRW
2604_다이트_전환캠페인,(재)_부평_인플방문후기_먹고싶은거다먹는(수원잇츠)_260403,1861438021385394,2026-04-08,AGE_45_54,4991,406,3,0.74,0,0,0.0,0,365,KRW
2604_다이트_전환캠페인,(재)_부평_인플방문후기_먹고싶은거다먹는(수원잇츠)_260403,1861438021385394,2026-04-08,AGE_55_100,2515,253,0,0.0,0,0,0.0,0,224,KRW
2604_다이트_전환캠페인,(재)_부평_인플방문후기_먹고싶은거다먹는(수원잇츠)_260403,1861438021385394,2026-04-08,NONE,0,0,0,0.0,0,0,0.0,0,0,KRW
2603_다이트_전환캠페인,(재)_부평_진료셀프캠_50대 뱃살 체지방만_260317,1859896270778561,2026-04-08,NONE,0,0,0,0.0,0,0,0.0,0,0,KRW
2604_다이트_전환캠페인,(재)_부평_진료셀프캠_비만주사끊고15kg_260326,1861276943007794,2026-04-08,AGE_35_44,9,2,0,0.0,0,0,0.0,0,2,KRW
2604_다이트_전환캠페인,(재)_부평_진료셀프캠_비만주사끊고15kg_260326,1861276943007794,2026-04-08,AGE_45_54,92,10,0,0.0,0,0,0.0,0,10,KRW
2604_다이트_전환캠페인,(재)_부평_진료셀프캠_비만주사끊고15kg_260326,1861276943007794,2026-04-08,AGE_55_100,28,4,0,0.0,0,0,0.0,0,4,KRW
2604_다이트_전환캠페인,(재)_부평_진료셀프캠_식욕억제주사실패 마지막_260407,1861779276638289,2026-04-08,AGE_35_44,3080,367,1,0.27,0,0,0.0,0,339,KRW
2604_다이트_전환캠페인,(재)_부평_진료셀프캠_식욕억제주사실패 마지막_260407,1861779276638289,2026-04-08,AGE_45_54,3154,379,4,1.06,0,0,0.0,0,349,KRW
2604_다이트_전환캠페인,(재)_부평_진료셀프캠_식욕억제주사실패 마지막_260407,1861779276638289,2026-04-08,AGE_55_100,2121,218,1,0.46,0,0,0.0,0,202,KRW
2604_다이트_전환캠페인,(재)_부평_진료셀프캠_식욕억제주사실패 마지막_260407,1861779276638289,2026-04-08,NONE,1,1,0,0.0,0,0,0.0,0,0,KRW
2603_다이트_전환캠페인,(재)_부평_진료셀프캠_인천사는 50대 직장인_260311,1859357856823649,2026-04-08,NONE,0,0,0,0.0,0,0,0.0,0,0,KRW
2604_다이트_전환캠페인,(재)_부평_진료셀프캠_주사형비만치료제 고민끝에 50대부부 -32kg_260225,1861276697497633,2026-04-08,AGE_35_44,4977,450,1,0.22,0,0,0.0,0,420,KRW
2604_다이트_전환캠페인,(재)_부평_진료셀프캠_주사형비만치료제 고민끝에 50대부부 -32kg_260225,1861276697497633,2026-04-08,AGE_45_54,14953,816,12,1.47,2,7476,16.67,0,754,KRW
2604_다이트_전환캠페인,(재)_부평_진료셀프캠_주사형비만치료제 고민끝에 50대부부 -32kg_260225,1861276697497633,2026-04-08,AGE_55_100,15118,780,5,0.64,1,15118,20.0,0,706,KRW
2603_다이트_전환캠페인,(재)_부평_진료셀프캠_주사형비만치료제 고민끝에 50대부부 -32kg_260225,1858358875905138,2026-04-08,NONE,0,0,0,0.0,0,0,0.0,0,0,KRW
2604_다이트_전환캠페인,(재)_부평_진료셀프캠_주사형비만치료제 고민끝에 50대부부 -32kg_260225,1861276697497633,2026-04-08,NONE,64,5,1,20.0,0,0,0.0,0,0,KRW
2603_다이트_전환캠페인,(재)_서울_리얼모델후기_체지방만 14kg 먹으면서_260324,1860540120254785,2026-04-08,NONE,0,0,0,0.0,0,0,0.0,0,0,KRW
2604_다이트_전환캠페인,(재)_서울_의료진정보_무작정운동으로 팩폭_260406,1861709796228209,2026-04-08,AGE_35_44,356,31,0,0.0,0,0,0.0,0,28,KRW
2604_다이트_전환캠페인,(재)_서울_의료진정보_무작정운동으로 팩폭_260406,1861709796228209,2026-04-08,AGE_45_54,533,47,0,0.0,0,0,0.0,0,44,KRW
2604_다이트_전환캠페인,(재)_서울_의료진정보_무작정운동으로 팩폭_260406,1861709796228209,2026-04-08,AGE_55_100,619,32,0,0.0,0,0,0.0,0,32,KRW
2604_다이트_전환캠페인,(재)_서울_의료진정보_무작정운동으로 팩폭_260406,1861709796228209,2026-04-08,NONE,42,2,0,0.0,0,0,0.0,0,0,KRW
2603_다이트_전환캠페인,"(재)_서울_인플방문후기_건강한다이어트(서울,박고경)_260325",1860614178390386,2026-04-08,NONE,0,0,0,0.0,0,0,0.0,0,0,KRW
2604_다이트_전환캠페인,(재)_서울_인플방문후기_맘껏먹는 다이어트 한달후기_260306,1861276306937889,2026-04-08,AGE_35_44,1000,50,0,0.0,0,0,0.0,0,48,KRW
2604_다이트_전환캠페인,(재)_서울_인플방문후기_맘껏먹는 다이어트 한달후기_260306,1861276306937889,2026-04-08,AGE_45_54,1018,62,0,0.0,0,0,0.0,0,62,KRW
2604_다이트_전환캠페인,(재)_서울_인플방문후기_맘껏먹는 다이어트 한달후기_260306,1861276306937889,2026-04-08,AGE_55_100,741,44,0,0.0,0,0,0.0,0,43,KRW
2604_다이트_전환캠페인,(재)_서울_인플방문후기_맘껏먹는 다이어트 한달후기_260306,1861276306937889,2026-04-08,NONE,0,0,0,0.0,0,0,0.0,0,0,KRW
2603_다이트_전환캠페인,(재)_서울_인플방문후기_맘껏먹는 다이어트 한달후기_260306,1858832894864657,2026-04-08,NONE,0,0,0,0.0,0,0,0.0,0,0,KRW
2604_다이트_전환캠페인,(재)_서울_인플방문후기_먹고싶은거다먹는(수원잇츠)_260403,1861438096695922,2026-04-08,AGE_35_44,849,69,1,1.45,0,0,0.0,0,64,KRW
2604_다이트_전환캠페인,(재)_서울_인플방문후기_먹고싶은거다먹는(수원잇츠)_260403,1861438096695922,2026-04-08,AGE_45_54,843,85,2,2.35,0,0,0.0,0,76,KRW
2604_다이트_전환캠페인,(재)_서울_인플방문후기_먹고싶은거다먹는(수원잇츠)_260403,1861438096695922,2026-04-08,AGE_55_100,1213,56,0,0.0,0,0,0.0,0,56,KRW
2604_다이트_전환캠페인,(재)_서울_인플방문후기_먹고싶은거다먹는(수원잇츠)_260403,1861438096695922,2026-04-08,NONE,0,0,0,0.0,0,0,0.0,0,0,KRW
2603_다이트_전환캠페인,(재)_서울_진료셀프캠_50대 뱃살 체지방만_260317,1859896310509633,2026-04-08,NONE,0,0,0,0.0,0,0,0.0,0,0,KRW
2604_다이트_전환캠페인,(재)_서울_진료셀프캠_비만주사 10년은 늙어보인대요_260326,1861276425984065,2026-04-08,AGE_35_44,7,2,0,0.0,0,0,0.0,0,2,KRW
2604_다이트_전환캠페인,(재)_서울_진료셀프캠_비만주사 10년은 늙어보인대요_260326,1861276425984065,2026-04-08,AGE_45_54,13,2,0,0.0,0,0,0.0,0,2,KRW
2604_다이트_전환캠페인,(재)_서울_진료셀프캠_비만주사 10년은 늙어보인대요_260326,1861276425984065,2026-04-08,AGE_55_100,4,1,1,100.0,0,0,0.0,0,1,KRW
2604_다이트_전환캠페인,(재)_서울_진료셀프캠_비만주사끊고15kg_260326,1861276375567409,2026-04-08,AGE_35_44,136,15,0,0.0,0,0,0.0,0,15,KRW
2604_다이트_전환캠페인,(재)_서울_진료셀프캠_비만주사끊고15kg_260326,1861276375567409,2026-04-08,AGE_45_54,102,19,0,0.0,0,0,0.0,0,19,KRW
2604_다이트_전환캠페인,(재)_서울_진료셀프캠_비만주사끊고15kg_260326,1861276375567409,2026-04-08,AGE_55_100,217,14,0,0.0,0,0,0.0,0,14,KRW
2603_다이트_전환캠페인,(재)_서울_진료셀프캠_비만주사없이 체질_260320,1860169742535905,2026-04-08,NONE,0,0,0,0.0,0,0,0.0,0,0,KRW
2604_다이트_전환캠페인,(재)_서울_진료셀프캠_식욕억제주사실패 마지막_260407,1861778815720546,2026-04-08,AGE_35_44,4353,538,7,1.3,0,0,0.0,0,477,KRW
2604_다이트_전환캠페인,(재)_서울_진료셀프캠_식욕억제주사실패 마지막_260407,1861778815720546,2026-04-08,AGE_45_54,10627,775,10,1.29,1,10627,10.0,0,684,KRW
2604_다이트_전환캠페인,(재)_서울_진료셀프캠_식욕억제주사실패 마지막_260407,1861778815720546,2026-04-08,AGE_55_100,10636,721,11,1.53,0,0,0.0,0,644,KRW
2604_다이트_전환캠페인,(재)_서울_진료셀프캠_식욕억제주사실패 마지막_260407,1861778815720546,2026-04-08,NONE,1,1,0,0.0,0,0,0.0,0,0,KRW
2604_다이트_전환캠페인,(재)_서울_진료셀프캠_주사형비만치료제 고민끝에 50대부부 -32kg_260225,1861276155386962,2026-04-08,AGE_35_44,3803,323,1,0.31,0,0,0.0,0,314,KRW
2604_다이트_전환캠페인,(재)_서울_진료셀프캠_주사형비만치료제 고민끝에 50대부부 -32kg_260225,1861276155386962,2026-04-08,AGE_45_54,13126,651,8,1.23,0,0,0.0,0,620,KRW
2604_다이트_전환캠페인,(재)_서울_진료셀프캠_주사형비만치료제 고민끝에 50대부부 -32kg_260225,1861276155386962,2026-04-08,AGE_55_100,14896,744,7,0.94,1,14896,14.29,0,699,KRW
2603_다이트_전환캠페인,(재)_서울_진료셀프캠_주사형비만치료제 고민끝에 50대부부 -32kg_260225,1859357641001154,2026-04-08,NONE,0,0,0,0.0,0,0,0.0,0,0,KRW
2604_다이트_전환캠페인,(재)_서울_진료셀프캠_주사형비만치료제 고민끝에 50대부부 -32kg_260225,1861276155386962,2026-04-08,NONE,61,4,0,0.0,0,0,0.0,0,0,KRW
2603_다이트_전환캠페인,(재)_수원_리얼모델후기_16kg 충격적인 아이들 반응_260324,1860541618998401,2026-04-08,NONE,0,0,0,0.0,0,0,0.0,0,0,KRW
2604_다이트_전환캠페인,(재)_수원_의료진정보_무작정운동으로 팩폭_260406,1861709615890674,2026-04-08,AGE_25_34,847,239,2,0.84,0,0,0.0,0,230,KRW
2604_다이트_전환캠페인,(재)_수원_의료진정보_무작정운동으로 팩폭_260406,1861709615890674,2026-04-08,AGE_35_44,1377,211,1,0.47,0,0,0.0,0,193,KRW
2604_다이트_전환캠페인,(재)_수원_의료진정보_무작정운동으로 팩폭_260406,1861709615890674,2026-04-08,AGE_45_54,3841,263,0,0.0,0,0,0.0,0,242,KRW
2604_다이트_전환캠페인,(재)_수원_의료진정보_무작정운동으로 팩폭_260406,1861709615890674,2026-04-08,AGE_55_100,3235,224,2,0.89,0,0,0.0,0,208,KRW
2604_다이트_전환캠페인,(재)_수원_의료진정보_무작정운동으로 팩폭_260406,1861709615890674,2026-04-08,NONE,0,0,0,0.0,0,0,0.0,0,0,KRW
2603_다이트_전환캠페인,(재)_수원_의료진정보_비만주사 굶는다이어트_260320,1860170429960209,2026-04-08,NONE,0,0,0,0.0,0,0,0.0,0,0,KRW
2604_다이트_전환캠페인,"(재)_수원_인플방문후기_건강한다이어트(수원,박고경)_260325",1861277190081841,2026-04-08,AGE_25_34,6558,1045,9,0.86,0,0,0.0,0,1001,KRW
2604_다이트_전환캠페인,"(재)_수원_인플방문후기_건강한다이어트(수원,박고경)_260325",1861277190081841,2026-04-08,AGE_35_44,13086,1156,7,0.61,0,0,0.0,0,1100,KRW
2604_다이트_전환캠페인,"(재)_수원_인플방문후기_건강한다이어트(수원,박고경)_260325",1861277190081841,2026-04-08,AGE_45_54,12776,939,7,0.75,2,6388,28.57,0,893,KRW
2604_다이트_전환캠페인,"(재)_수원_인플방문후기_건강한다이어트(수원,박고경)_260325",1861277190081841,2026-04-08,AGE_55_100,3926,514,1,0.19,0,0,0.0,0,485,KRW
2603_다이트_전환캠페인,"(재)_수원_인플방문후기_건강한다이어트(수원,박고경)_260325",1860614554255474,2026-04-08,NONE,0,0,0,0.0,0,0,0.0,0,0,KRW
2604_다이트_전환캠페인,"(재)_수원_인플방문후기_건강한다이어트(수원,박고경)_260325",1861277190081841,2026-04-08,NONE,21,4,0,0.0,0,0,0.0,0,0,KRW
2604_다이트_전환캠페인,(재)_수원_인플방문후기_먹고싶은거다먹는(수원잇츠)_260403,1861437972025618,2026-04-08,AGE_25_34,3856,688,1,0.15,0,0,0.0,0,659,KRW
2604_다이트_전환캠페인,(재)_수원_인플방문후기_먹고싶은거다먹는(수원잇츠)_260403,1861437972025618,2026-04-08,AGE_35_44,4544,528,0,0.0,0,0,0.0,0,492,KRW
2604_다이트_전환캠페인,(재)_수원_인플방문후기_먹고싶은거다먹는(수원잇츠)_260403,1861437972025618,2026-04-08,AGE_45_54,5299,514,1,0.19,0,0,0.0,0,471,KRW
2604_다이트_전환캠페인,(재)_수원_인플방문후기_먹고싶은거다먹는(수원잇츠)_260403,1861437972025618,2026-04-08,AGE_55_100,4033,349,2,0.57,1,4033,50.0,0,324,KRW
2604_다이트_전환캠페인,(재)_수원_인플방문후기_먹고싶은거다먹는(수원잇츠)_260403,1861437972025618,2026-04-08,NONE,8,2,0,0.0,0,0,0.0,0,0,KRW
2603_다이트_전환캠페인,(재)_수원_진료셀프캠_50대 20대처럼 체지방_260317,1859897183293617,2026-04-08,NONE,0,0,0,0.0,0,0,0.0,0,0,KRW
2603_다이트_전환캠페인,(재)_수원_진료셀프캠_50대 뱃살 체지방만_260317,1859896079113569,2026-04-08,NONE,0,0,0,0.0,0,0,0.0,0,0,KRW
2604_다이트_전환캠페인,(재)_수원_진료셀프캠_비만주사끊고15kg_260326,1861277272418370,2026-04-08,AGE_25_34,240,37,0,0.0,0,0,0.0,0,36,KRW
2604_다이트_전환캠페인,(재)_수원_진료셀프캠_비만주사끊고15kg_260326,1861277272418370,2026-04-08,AGE_35_44,452,67,0,0.0,0,0,0.0,0,67,KRW
2604_다이트_전환캠페인,(재)_수원_진료셀프캠_비만주사끊고15kg_260326,1861277272418370,2026-04-08,AGE_45_54,520,66,0,0.0,0,0,0.0,0,63,KRW
2604_다이트_전환캠페인,(재)_수원_진료셀프캠_비만주사끊고15kg_260326,1861277272418370,2026-04-08,AGE_55_100,532,65,0,0.0,0,0,0.0,0,65,KRW
2604_다이트_전환캠페인,(재)_수원_진료셀프캠_비만주사없이 체질_260320,1861277107797025,2026-04-08,AGE_25_34,285,40,1,2.5,0,0,0.0,0,40,KRW
2604_다이트_전환캠페인,(재)_수원_진료셀프캠_비만주사없이 체질_260320,1861277107797025,2026-04-08,AGE_35_44,1158,62,0,0.0,0,0,0.0,0,62,KRW
2604_다이트_전환캠페인,(재)_수원_진료셀프캠_비만주사없이 체질_260320,1861277107797025,2026-04-08,AGE_45_54,1953,108,0,0.0,0,0,0.0,0,107,KRW
2604_다이트_전환캠페인,(재)_수원_진료셀프캠_비만주사없이 체질_260320,1861277107797025,2026-04-08,AGE_55_100,2153,105,2,1.9,0,0,0.0,0,102,KRW
2604_다이트_전환캠페인,(재)_수원_진료셀프캠_비만주사없이 체질_260320,1861277107797025,2026-04-08,NONE,0,0,0,0.0,0,0,0.0,0,0,KRW
2603_다이트_전환캠페인,(재)_수원_진료셀프캠_비만주사없이 체질_260320,1860263832597618,2026-04-08,NONE,0,0,0,0.0,0,0,0.0,0,0,KRW
2603_다이트_전환캠페인,(재)_수원_진료셀프캠_수원사는 50대 직장인_260311,1859358275807681,2026-04-08,NONE,0,0,0,0.0,0,0,0.0,0,0,KRW
2604_다이트_전환캠페인,(재)_수원_진료셀프캠_식욕억제주사실패 마지막_260407,1861779341060274,2026-04-08,AGE_25_34,1312,495,3,0.61,0,0,0.0,0,480,KRW
2604_다이트_전환캠페인,(재)_수원_진료셀프캠_식욕억제주사실패 마지막_260407,1861779341060274,2026-04-08,AGE_35_44,1926,431,2,0.46,0,0,0.0,0,398,KRW
2604_다이트_전환캠페인,(재)_수원_진료셀프캠_식욕억제주사실패 마지막_260407,1861779341060274,2026-04-08,AGE_45_54,2587,532,1,0.19,0,0,0.0,0,494,KRW
2604_다이트_전환캠페인,(재)_수원_진료셀프캠_식욕억제주사실패 마지막_260407,1861779341060274,2026-04-08,AGE_55_100,3115,482,3,0.62,0,0,0.0,0,443,KRW
2604_다이트_전환캠페인,(재)_수원_진료셀프캠_식욕억제주사실패 마지막_260407,1861779341060274,2026-04-08,NONE,4,3,0,0.0,0,0,0.0,0,0,KRW
2603_다이트_전환캠페인,(재)_수원_진료셀프캠_주사형비만치료제 고민끝에 50대부부 -32kg_260225,1858358889554017,2026-04-08,NONE,0,0,0,0.0,0,0,0.0,0,0,KRW
2603_다이트_전환캠페인,(재)_수원_진료셀프캠_하체비만 40대 통짜바지_260311,1859358275806641,2026-04-08,NONE,0,0,0,0.0,0,0,0.0,0,0,KRW
2603_다이트_전환캠페인,(재)_일산_리얼모델후기_체지방만 14kg 먹으면서_260324,1860540762588193,2026-04-08,NONE,0,0,0,0.0,0,0,0.0,0,0,KRW
2604_다이트_전환캠페인,(재)_일산_의료진정보_무작정운동으로 팩폭_260406,1861709552021505,2026-04-08,AGE_35_44,3328,499,3,0.6,0,0,0.0,0,479,KRW
2604_다이트_전환캠페인,(재)_일산_의료진정보_무작정운동으로 팩폭_260406,1861709552021505,2026-04-08,AGE_45_54,5231,534,3,0.56,0,0,0.0,0,510,KRW
2604_다이트_전환캠페인,(재)_일산_의료진정보_무작정운동으로 팩폭_260406,1861709552021505,2026-04-08,AGE_55_100,4358,372,6,1.61,0,0,0.0,0,354,KRW
2604_다이트_전환캠페인,(재)_일산_의료진정보_무작정운동으로 팩폭_260406,1861709552021505,2026-04-08,NONE,1,5,0,0.0,0,0,0.0,0,0,KRW
2604_다이트_전환캠페인,"(재)_일산_인플방문후기_건강한다이어트(일산, 박고경)_260325",1861277705679282,2026-04-08,AGE_35_44,681,180,0,0.0,1,681,0.0,0,170,KRW
2604_다이트_전환캠페인,"(재)_일산_인플방문후기_건강한다이어트(일산, 박고경)_260325",1861277705679282,2026-04-08,AGE_45_54,718,141,0,0.0,0,0,0.0,0,137,KRW
2604_다이트_전환캠페인,"(재)_일산_인플방문후기_건강한다이어트(일산, 박고경)_260325",1861277705679282,2026-04-08,AGE_55_100,297,100,0,0.0,0,0,0.0,0,99,KRW
2604_다이트_전환캠페인,"(재)_일산_인플방문후기_건강한다이어트(일산, 박고경)_260325",1861277705679282,2026-04-08,NONE,0,0,0,0.0,0,0,0.0,0,0,KRW
2604_다이트_전환캠페인,(재)_일산_인플방문후기_맘껏먹는 다이어트 한달후기_260306,1861277479159890,2026-04-08,AGE_35_44,7471,831,4,0.48,0,0,0.0,0,801,KRW
2604_다이트_전환캠페인,(재)_일산_인플방문후기_맘껏먹는 다이어트 한달후기_260306,1861277479159890,2026-04-08,AGE_45_54,8784,724,5,0.69,0,0,0.0,0,704,KRW
2604_다이트_전환캠페인,(재)_일산_인플방문후기_맘껏먹는 다이어트 한달후기_260306,1861277479159890,2026-04-08,AGE_55_100,4122,363,5,1.38,0,0,0.0,0,352,KRW
2603_다이트_전환캠페인,(재)_일산_인플방문후기_맘껏먹는 다이어트 한달후기_260306,1858833441334273,2026-04-08,NONE,0,0,0,0.0,0,0,0.0,0,0,KRW
2604_다이트_전환캠페인,(재)_일산_인플방문후기_맘껏먹는 다이어트 한달후기_260306,1861277479159890,2026-04-08,NONE,62,3,0,0.0,0,0,0.0,0,0,KRW
2604_다이트_전환캠페인,(재)_일산_인플방문후기_먹고싶은거다먹는(수원잇츠)_260403,1861437881987106,2026-04-08,AGE_35_44,2630,366,3,0.82,0,0,0.0,0,357,KRW
2604_다이트_전환캠페인,(재)_일산_인플방문후기_먹고싶은거다먹는(수원잇츠)_260403,1861437881987106,2026-04-08,AGE_45_54,4553,401,3,0.75,0,0,0.0,0,392,KRW
2604_다이트_전환캠페인,(재)_일산_인플방문후기_먹고싶은거다먹는(수원잇츠)_260403,1861437881987106,2026-04-08,AGE_55_100,2515,202,1,0.5,1,2515,100.0,0,196,KRW
2604_다이트_전환캠페인,(재)_일산_인플방문후기_먹고싶은거다먹는(수원잇츠)_260403,1861437881987106,2026-04-08,NONE,25,3,0,0.0,0,0,0.0,0,0,KRW
2603_다이트_전환캠페인,(재)_일산_진료QnA_지긋지긋 40대 뱃살 고생없이_260309,1859177144096114,2026-04-08,NONE,0,0,0,0.0,0,0,0.0,0,0,KRW
2604_다이트_전환캠페인,(재)_일산_진료셀프캠_비만주사 10년은 늙어보인대요_260326,1861277619225650,2026-04-08,AGE_35_44,303,87,0,0.0,0,0,0.0,0,87,KRW
2604_다이트_전환캠페인,(재)_일산_진료셀프캠_비만주사 10년은 늙어보인대요_260326,1861277619225650,2026-04-08,AGE_45_54,262,65,1,1.54,0,0,0.0,0,64,KRW
2604_다이트_전환캠페인,(재)_일산_진료셀프캠_비만주사 10년은 늙어보인대요_260326,1861277619225650,2026-04-08,AGE_55_100,158,33,0,0.0,0,0,0.0,0,33,KRW
2604_다이트_전환캠페인,(재)_일산_진료셀프캠_비만주사 10년은 늙어보인대요_260326,1861277619225650,2026-04-08,NONE,2,1,1,100.0,0,0,0.0,0,0,KRW
2603_다이트_전환캠페인,(재)_일산_진료셀프캠_비만주사끊고15kg_260326,1860714059403745,2026-04-08,NONE,0,0,0,0.0,0,0,0.0,0,0,KRW
2604_다이트_전환캠페인,(재)_일산_진료셀프캠_식욕억제주사실패 마지막_260407,1861779422527666,2026-04-08,AGE_35_44,2428,443,1,0.23,0,0,0.0,0,432,KRW
2604_다이트_전환캠페인,(재)_일산_진료셀프캠_식욕억제주사실패 마지막_260407,1861779422527666,2026-04-08,AGE_45_54,3760,463,1,0.22,1,3760,100.0,0,459,KRW
2604_다이트_전환캠페인,(재)_일산_진료셀프캠_식욕억제주사실패 마지막_260407,1861779422527666,2026-04-08,AGE_55_100,2757,354,3,0.85,0,0,0.0,0,343,KRW
2604_다이트_전환캠페인,(재)_일산_진료셀프캠_식욕억제주사실패 마지막_260407,1861779422527666,2026-04-08,NONE,1,2,0,0.0,0,0,0.0,0,0,KRW
2604_다이트_전환캠페인,(재)_일산_진료셀프캠_주사형비만치료제 고민끝에 40대부부 -32kg_260225,1861277533224961,2026-04-08,AGE_35_44,1252,198,2,1.01,0,0,0.0,0,193,KRW
2604_다이트_전환캠페인,(재)_일산_진료셀프캠_주사형비만치료제 고민끝에 40대부부 -32kg_260225,1861277533224961,2026-04-08,AGE_45_54,3309,265,0,0.0,0,0,0.0,0,257,KRW
2604_다이트_전환캠페인,(재)_일산_진료셀프캠_주사형비만치료제 고민끝에 40대부부 -32kg_260225,1861277533224961,2026-04-08,AGE_55_100,3964,262,5,1.91,0,0,0.0,0,252,KRW
2604_다이트_전환캠페인,(재)_일산_진료셀프캠_주사형비만치료제 고민끝에 40대부부 -32kg_260225,1861277533224961,2026-04-08,NONE,16,3,0,0.0,0,0,0.0,0,0,KRW
2603_다이트_전환캠페인,(재)_일산_진료셀프캠_주사형비만치료제 고민끝에 40대부부 -32kg_260225,1858358889558481,2026-04-08,NONE,0,0,0,0.0,0,0,0.0,0,0,KRW
2604_다이트_전환캠페인,(재)_창원_의료진정보_무작정운동으로 팩폭_260406,1861709359069201,2026-04-08,AGE_35_44,404,91,0,0.0,0,0,0.0,0,86,KRW
2604_다이트_전환캠페인,(재)_창원_의료진정보_무작정운동으로 팩폭_260406,1861709359069201,2026-04-08,AGE_45_54,1326,152,0,0.0,0,0,0.0,0,141,KRW
2604_다이트_전환캠페인,(재)_창원_의료진정보_무작정운동으로 팩폭_260406,1861709359069201,2026-04-08,AGE_55_100,1733,123,0,0.0,0,0,0.0,0,118,KRW
2604_다이트_전환캠페인,(재)_창원_의료진정보_무작정운동으로 팩폭_260406,1861709359069201,2026-04-08,NONE,1,1,0,0.0,0,0,0.0,0,0,KRW
2604_다이트_전환캠페인,"(재)_창원_인플방문후기_건강한다이어트(창원,박고경)_260325",1861278731680866,2026-04-08,AGE_35_44,2079,269,0,0.0,0,0,0.0,0,253,KRW
2604_다이트_전환캠페인,"(재)_창원_인플방문후기_건강한다이어트(창원,박고경)_260325",1861278731680866,2026-04-08,AGE_45_54,3579,323,1,0.31,0,0,0.0,0,309,KRW
2604_다이트_전환캠페인,"(재)_창원_인플방문후기_건강한다이어트(창원,박고경)_260325",1861278731680866,2026-04-08,AGE_55_100,2710,251,1,0.4,0,0,0.0,0,235,KRW
2604_다이트_전환캠페인,"(재)_창원_인플방문후기_건강한다이어트(창원,박고경)_260325",1861278731680866,2026-04-08,NONE,0,0,0,0.0,0,0,0.0,0,0,KRW
2603_다이트_전환캠페인,(재)_창원_인플방문후기_끝내주는 다이어(대읽남)_260211,1859155119020354,2026-04-08,NONE,0,0,0,0.0,0,0,0.0,0,0,KRW
2604_다이트_전환캠페인,(재)_창원_인플방문후기_먹고싶은거다먹는(수원잇츠)_260403,1861437705571345,2026-04-08,AGE_35_44,2221,340,0,0.0,0,0,0.0,0,312,KRW
2604_다이트_전환캠페인,(재)_창원_인플방문후기_먹고싶은거다먹는(수원잇츠)_260403,1861437705571345,2026-04-08,AGE_45_54,4348,372,2,0.54,0,0,0.0,0,344,KRW
2604_다이트_전환캠페인,(재)_창원_인플방문후기_먹고싶은거다먹는(수원잇츠)_260403,1861437705571345,2026-04-08,AGE_55_100,2540,276,1,0.36,0,0,0.0,0,247,KRW
2604_다이트_전환캠페인,(재)_창원_인플방문후기_먹고싶은거다먹는(수원잇츠)_260403,1861437705571345,2026-04-08,NONE,18,3,0,0.0,0,0,0.0,0,0,KRW
2603_다이트_전환캠페인,(재)_창원_진료셀프캠_50대 뱃살 체지방만_260311,1859896365364290,2026-04-08,NONE,0,0,0,0.0,0,0,0.0,0,0,KRW
2603_다이트_전환캠페인,(재)_창원_진료셀프캠_밥빵면 못끊던 40대 여성이_260309,1859155119020386,2026-04-08,NONE,0,0,0,0.0,0,0,0.0,0,0,KRW
2604_다이트_전환캠페인,(재)_창원_진료셀프캠_비만주사끊고15kg_260326,1861278667241538,2026-04-08,AGE_35_44,74,6,0,0.0,0,0,0.0,0,6,KRW
2604_다이트_전환캠페인,(재)_창원_진료셀프캠_비만주사끊고15kg_260326,1861278667241538,2026-04-08,AGE_45_54,158,13,0,0.0,0,0,0.0,0,13,KRW
2604_다이트_전환캠페인,(재)_창원_진료셀프캠_비만주사끊고15kg_260326,1861278667241538,2026-04-08,AGE_55_100,352,7,0,0.0,0,0,0.0,0,7,KRW
2604_다이트_전환캠페인,(재)_창원_진료셀프캠_식욕억제주사실패 마지막_260407,1861779402873057,2026-04-08,AGE_35_44,730,118,1,0.85,0,0,0.0,0,111,KRW
2604_다이트_전환캠페인,(재)_창원_진료셀프캠_식욕억제주사실패 마지막_260407,1861779402873057,2026-04-08,AGE_45_54,1034,145,1,0.69,0,0,0.0,0,136,KRW
2604_다이트_전환캠페인,(재)_창원_진료셀프캠_식욕억제주사실패 마지막_260407,1861779402873057,2026-04-08,AGE_55_100,1493,95,0,0.0,0,0,0.0,0,92,KRW
2604_다이트_전환캠페인,(재)_창원_진료셀프캠_주사형비만치료제 고민끝에 50대부부 -32kg_260225,1861278292523041,2026-04-08,AGE_35_44,517,77,1,1.3,0,0,0.0,0,76,KRW
2604_다이트_전환캠페인,(재)_창원_진료셀프캠_주사형비만치료제 고민끝에 50대부부 -32kg_260225,1861278292523041,2026-04-08,AGE_45_54,2573,158,2,1.27,0,0,0.0,0,153,KRW
2604_다이트_전환캠페인,(재)_창원_진료셀프캠_주사형비만치료제 고민끝에 50대부부 -32kg_260225,1861278292523041,2026-04-08,AGE_55_100,2965,171,0,0.0,0,0,0.0,0,163,KRW
2604_다이트_전환캠페인,(재)_창원_진료셀프캠_주사형비만치료제 고민끝에 50대부부 -32kg_260225,1861278292523041,2026-04-08,NONE,3,1,0,0.0,0,0,0.0,0,0,KRW
2603_다이트_전환캠페인,(재)_창원_진료셀프캠_주사형비만치료제 고민끝에 50대부부 -32kg_260225,1860546141013361,2026-04-08,NONE,0,0,0,0.0,0,0,0.0,0,0,KRW
2603_다이트_전환캠페인,(재)_천안_리얼모델후기_체지방만 14kg 먹으면서_260324,1860541057046561,2026-04-08,NONE,0,0,0,0.0,0,0,0.0,0,0,KRW
2604_다이트_전환캠페인,(재)_천안_의료진정보_무작정운동으로 팩폭_260405,1861708807896498,2026-04-08,AGE_35_44,1488,166,1,0.6,0,0,0.0,0,163,KRW
2604_다이트_전환캠페인,(재)_천안_의료진정보_무작정운동으로 팩폭_260405,1861708807896498,2026-04-08,AGE_45_54,1684,126,0,0.0,0,0,0.0,0,125,KRW
2604_다이트_전환캠페인,(재)_천안_의료진정보_무작정운동으로 팩폭_260405,1861708807896498,2026-04-08,AGE_55_100,789,79,2,2.53,0,0,0.0,0,78,KRW
2603_다이트_전환캠페인,(재)_천안_의료진정보_비만주사 굶는다이어트_260320,1860263432482913,2026-04-08,NONE,0,0,0,0.0,0,0,0.0,0,0,KRW
2604_다이트_전환캠페인,"(재)_천안_인플방문후기_건강한다이어트(천안, 박고경)_260325",1861278985311585,2026-04-08,AGE_35_44,5918,595,0,0.0,0,0,0.0,0,567,KRW
2604_다이트_전환캠페인,"(재)_천안_인플방문후기_건강한다이어트(천안, 박고경)_260325",1861278985311585,2026-04-08,AGE_45_54,5319,412,6,1.46,0,0,0.0,0,392,KRW
2604_다이트_전환캠페인,"(재)_천안_인플방문후기_건강한다이어트(천안, 박고경)_260325",1861278985311585,2026-04-08,AGE_55_100,2902,267,0,0.0,0,0,0.0,0,257,KRW
2603_다이트_전환캠페인,"(재)_천안_인플방문후기_건강한다이어트(천안, 박고경)_260325",1860615057904689,2026-04-08,NONE,0,0,0,0.0,0,0,0.0,0,0,KRW
2604_다이트_전환캠페인,"(재)_천안_인플방문후기_건강한다이어트(천안, 박고경)_260325",1861278985311585,2026-04-08,NONE,6,3,0,0.0,0,0,0.0,0,0,KRW
2604_다이트_전환캠페인,(재)_천안_인플방문후기_먹고싶은거다먹는(수원잇츠)_260403,1861433575335186,2026-04-08,AGE_35_44,420,48,1,2.08,0,0,0.0,0,46,KRW
2604_다이트_전환캠페인,(재)_천안_인플방문후기_먹고싶은거다먹는(수원잇츠)_260403,1861433575335186,2026-04-08,AGE_45_54,584,42,0,0.0,0,0,0.0,0,41,KRW
2604_다이트_전환캠페인,(재)_천안_인플방문후기_먹고싶은거다먹는(수원잇츠)_260403,1861433575335186,2026-04-08,AGE_55_100,128,10,0,0.0,0,0,0.0,0,10,KRW
2604_다이트_전환캠페인,(재)_천안_인플방문후기_먹고싶은거다먹는(수원잇츠)_260403,1861433575335186,2026-04-08,NONE,2,1,0,0.0,0,0,0.0,0,0,KRW
2604_다이트_전환캠페인,(재)_천안_진료QnA_지긋지긋 40대 뱃살 고생없이_260309,1861278873581714,2026-04-08,AGE_35_44,362,70,0,0.0,0,0,0.0,0,66,KRW
2604_다이트_전환캠페인,(재)_천안_진료QnA_지긋지긋 40대 뱃살 고생없이_260309,1861278873581714,2026-04-08,AGE_45_54,575,63,0,0.0,0,0,0.0,0,62,KRW
2604_다이트_전환캠페인,(재)_천안_진료QnA_지긋지긋 40대 뱃살 고생없이_260309,1861278873581714,2026-04-08,AGE_55_100,692,44,0,0.0,0,0,0.0,0,39,KRW
2604_다이트_전환캠페인,(재)_천안_진료QnA_지긋지긋 40대 뱃살 고생없이_260309,1861278873581714,2026-04-08,NONE,2,1,0,0.0,0,0,0.0,0,0,KRW
2603_다이트_전환캠페인,(재)_천안_진료셀프캠_50대 뱃살 체지방만_260317,1859895975928241,2026-04-08,NONE,0,0,0,0.0,0,0,0.0,0,0,KRW
2604_다이트_전환캠페인,(재)_천안_진료셀프캠_비만주사 10년은 늙어보인대요_260326,1861279133802561,2026-04-08,AGE_35_44,5,2,0,0.0,0,0,0.0,0,2,KRW
2604_다이트_전환캠페인,(재)_천안_진료셀프캠_비만주사 10년은 늙어보인대요_260326,1861279133802561,2026-04-08,AGE_45_54,13,5,0,0.0,0,0,0.0,0,5,KRW
2604_다이트_전환캠페인,(재)_천안_진료셀프캠_비만주사 10년은 늙어보인대요_260326,1861279133802561,2026-04-08,AGE_55_100,5,1,0,0.0,0,0,0.0,0,1,KRW
2603_다이트_전환캠페인,(재)_천안_진료셀프캠_비만주사 10년은 늙어보인대요_260326,1860714824387681,2026-04-08,NONE,0,0,0,0.0,0,0,0.0,0,0,KRW
2603_다이트_전환캠페인,(재)_천안_진료셀프캠_비만주사끊고15kg_260326,1860714711311361,2026-04-08,NONE,0,0,0,0.0,0,0,0.0,0,0,KRW
2604_다이트_전환캠페인,(재)_천안_진료셀프캠_식욕억제주사실패 마지막_260407,1861779883450610,2026-04-08,AGE_35_44,6102,671,5,0.75,0,0,0.0,0,572,KRW
2604_다이트_전환캠페인,(재)_천안_진료셀프캠_식욕억제주사실패 마지막_260407,1861779883450610,2026-04-08,AGE_45_54,11308,889,6,0.67,0,0,0.0,0,742,KRW
2604_다이트_전환캠페인,(재)_천안_진료셀프캠_식욕억제주사실패 마지막_260407,1861779883450610,2026-04-08,AGE_55_100,9270,558,9,1.61,1,9270,11.11,0,474,KRW
2604_다이트_전환캠페인,(재)_천안_진료셀프캠_식욕억제주사실패 마지막_260407,1861779883450610,2026-04-08,NONE,1,1,0,0.0,0,0,0.0,0,0,KRW
2604_다이트_전환캠페인,(신)_대구_의료진정보_주사형비만치료제 10년은_260116,1861278242108689,2026-04-09,AGE_35_44,412,44,0,0.0,0,0,0.0,0,44,KRW
2604_다이트_전환캠페인,(신)_대구_의료진정보_주사형비만치료제 10년은_260116,1861278242108689,2026-04-09,AGE_45_54,871,75,0,0.0,0,0,0.0,0,74,KRW
2604_다이트_전환캠페인,(신)_대구_의료진정보_주사형비만치료제 10년은_260116,1861278242108689,2026-04-09,AGE_55_100,1129,83,1,1.2,0,0,0.0,0,81,KRW
2603_다이트_전환캠페인,(신)_대구_의료진정보_주사형비만치료제 10년은_260116,1861074750911650,2026-04-09,NONE,0,0,0,0.0,0,0,0.0,0,0,KRW
2604_다이트_전환캠페인,(신)_대구_의료진정보_주사형비만치료제 10년은_260116,1861278242108689,2026-04-09,NONE,32,1,0,0.0,0,0,0.0,0,0,KRW
2603_다이트_전환캠페인,(신)_대구_인플방문후기_50대엄마 혈당다이어트(햅삐)_260317,1859897365795954,2026-04-09,NONE,0,0,0,0.0,0,0,0.0,0,0,KRW
2603_다이트_전환캠페인,(신)_대구_인플방문후기_건강한다이어트(박고경)_260324,1860546064810113,2026-04-09,NONE,0,0,0,0.0,0,0,0.0,0,0,KRW
2603_다이트_전환캠페인,(신)_대구_인플방문후기_당뇨다이어트(대읽남)_260311,1859417671501954,2026-04-09,NONE,0,0,0,0.0,0,0,0.0,0,0,KRW
2604_다이트_전환캠페인,(신)_대구_인플방문후기_먹으면서 다이어트(대읽남)_251017,1861277850752146,2026-04-09,AGE_35_44,7695,854,2,0.23,0,0,0.0,0,840,KRW
2604_다이트_전환캠페인,(신)_대구_인플방문후기_먹으면서 다이어트(대읽남)_251017,1861277850752146,2026-04-09,AGE_45_54,8922,774,3,0.39,1,8922,33.33,0,762,KRW
2604_다이트_전환캠페인,(신)_대구_인플방문후기_먹으면서 다이어트(대읽남)_251017,1861277850752146,2026-04-09,AGE_55_100,5314,465,3,0.65,0,0,0.0,0,461,KRW
2604_다이트_전환캠페인,(신)_대구_인플방문후기_먹으면서 다이어트(대읽남)_251017,1861277850752146,2026-04-09,NONE,3,2,0,0.0,0,0,0.0,0,0,KRW
2603_다이트_전환캠페인,(신)_대구_인플방문후기_먹으면서 다이어트(대읽남)_251017,1858362316758178,2026-04-09,NONE,0,0,0,0.0,0,0,0.0,0,0,KRW
2604_다이트_전환캠페인,(신)_대구_인플방문후기_밥빵면안당기는원장님(itsmeyuriwon)_260407,1861796218051601,2026-04-09,AGE_35_44,3493,179,1,0.56,2,1746,200.0,0,175,KRW
2604_다이트_전환캠페인,(신)_대구_인플방문후기_밥빵면안당기는원장님(itsmeyuriwon)_260407,1861796218051601,2026-04-09,AGE_45_54,4309,207,3,1.45,1,4309,33.33,0,196,KRW
2604_다이트_전환캠페인,(신)_대구_인플방문후기_밥빵면안당기는원장님(itsmeyuriwon)_260407,1861796218051601,2026-04-09,AGE_55_100,1707,128,1,0.78,0,0,0.0,0,122,KRW
2604_다이트_전환캠페인,(신)_대구_인플방문후기_밥빵면안당기는원장님(itsmeyuriwon)_260407,1861796218051601,2026-04-09,NONE,0,0,0,0.0,0,0,0.0,0,0,KRW
2604_다이트_전환캠페인,(신)_대구_인플방문후기_주사형비만치료제(the.hyunniverse)_260403,1861968872286353,2026-04-09,AGE_35_44,2328,190,2,1.05,0,0,0.0,0,186,KRW
2604_다이트_전환캠페인,(신)_대구_인플방문후기_주사형비만치료제(the.hyunniverse)_260403,1861968872286353,2026-04-09,AGE_45_54,4096,272,2,0.74,0,0,0.0,0,259,KRW
2604_다이트_전환캠페인,(신)_대구_인플방문후기_주사형비만치료제(the.hyunniverse)_260403,1861968872286353,2026-04-09,AGE_55_100,1861,152,0,0.0,0,0,0.0,0,146,KRW
2604_다이트_전환캠페인,(신)_대구_인플방문후기_주사형비만치료제(the.hyunniverse)_260403,1861968872286353,2026-04-09,NONE,0,0,0,0.0,0,0,0.0,0,0,KRW
2603_다이트_전환캠페인,(신)_대구_진료셀프캠_주사형 비만치료제보다 더중요한이것_260120,1858362316758162,2026-04-09,NONE,0,0,0,0.0,0,0,0.0,0,0,KRW
2604_다이트_전환캠페인,(신)_대전_인플방문후기_밥빵면안당기는원장님(itsmeyuriwon)_260407,1861796462367905,2026-04-09,AGE_35_44,1599,134,0,0.0,0,0,0.0,0,133,KRW
2604_다이트_전환캠페인,(신)_대전_인플방문후기_밥빵면안당기는원장님(itsmeyuriwon)_260407,1861796462367905,2026-04-09,AGE_45_54,1902,156,0,0.0,0,0,0.0,0,150,KRW
2604_다이트_전환캠페인,(신)_대전_인플방문후기_밥빵면안당기는원장님(itsmeyuriwon)_260407,1861796462367905,2026-04-09,AGE_55_100,938,112,0,0.0,0,0,0.0,0,110,KRW
2604_다이트_전환캠페인,(신)_대전_인플방문후기_밥빵면안당기는원장님(itsmeyuriwon)_260407,1861796462367905,2026-04-09,NONE,0,0,0,0.0,0,0,0.0,0,0,KRW
2604_다이트_전환캠페인,(신)_대전_인플방문후기_주사형비만치료제(the.hyunniverse)_260403,1861968952635729,2026-04-09,AGE_35_44,1063,70,0,0.0,0,0,0.0,0,69,KRW
2604_다이트_전환캠페인,(신)_대전_인플방문후기_주사형비만치료제(the.hyunniverse)_260403,1861968952635729,2026-04-09,AGE_45_54,905,63,1,1.59,0,0,0.0,0,61,KRW
2604_다이트_전환캠페인,(신)_대전_인플방문후기_주사형비만치료제(the.hyunniverse)_260403,1861968952635729,2026-04-09,AGE_55_100,397,44,0,0.0,0,0,0.0,0,43,KRW
2604_다이트_전환캠페인,(신)_대전_진료셀프캠_주사형 비만치료제보다 더중요한이것_260120,1861781961742465,2026-04-09,AGE_35_44,811,139,2,1.44,0,0,0.0,0,137,KRW
2604_다이트_전환캠페인,(신)_대전_진료셀프캠_주사형 비만치료제보다 더중요한이것_260120,1861781961742465,2026-04-09,AGE_45_54,1109,143,0,0.0,0,0,0.0,0,138,KRW
2604_다이트_전환캠페인,(신)_대전_진료셀프캠_주사형 비만치료제보다 더중요한이것_260120,1861781961742465,2026-04-09,AGE_55_100,1191,133,0,0.0,0,0,0.0,0,123,KRW
2604_다이트_전환캠페인,(신)_대전_진료셀프캠_주사형 비만치료제보다 더중요한이것_260120,1861781961742465,2026-04-09,NONE,36,1,0,0.0,0,0,0.0,0,0,KRW
2604_다이트_전환캠페인,(신)_부평_의료진정보_주사형비만치료제 10년은_260116,1861276817166401,2026-04-09,AGE_35_44,1399,152,0,0.0,0,0,0.0,0,143,KRW
2604_다이트_전환캠페인,(신)_부평_의료진정보_주사형비만치료제 10년은_260116,1861276817166401,2026-04-09,AGE_45_54,2593,254,1,0.39,0,0,0.0,0,237,KRW
2604_다이트_전환캠페인,(신)_부평_의료진정보_주사형비만치료제 10년은_260116,1861276817166401,2026-04-09,AGE_55_100,3593,322,1,0.31,1,3593,100.0,0,287,KRW
2604_다이트_전환캠페인,(신)_부평_의료진정보_주사형비만치료제 10년은_260116,1861276817166401,2026-04-09,NONE,5,1,0,0.0,0,0,0.0,0,0,KRW
2603_다이트_전환캠페인,(신)_부평_인플방문후기_50대엄마 혈당다이어트(햅삐)_260317,1859896796626130,2026-04-09,NONE,0,0,0,0.0,0,0,0.0,0,0,KRW
2604_다이트_전환캠페인,(신)_부평_인플방문후기_건강한다이어트(박고경)_260324,1861276881397074,2026-04-09,AGE_35_44,4775,428,0,0.0,0,0,0.0,0,406,KRW
2604_다이트_전환캠페인,(신)_부평_인플방문후기_건강한다이어트(박고경)_260324,1861276881397074,2026-04-09,AGE_45_54,7656,406,2,0.49,1,7656,50.0,0,384,KRW
2604_다이트_전환캠페인,(신)_부평_인플방문후기_건강한다이어트(박고경)_260324,1861276881397074,2026-04-09,AGE_55_100,2693,252,1,0.4,0,0,0.0,0,240,KRW
2603_다이트_전환캠페인,(신)_부평_인플방문후기_건강한다이어트(박고경)_260324,1860541278478465,2026-04-09,NONE,0,0,0,0.0,0,0,0.0,0,0,KRW
2604_다이트_전환캠페인,(신)_부평_인플방문후기_건강한다이어트(박고경)_260324,1861276881397074,2026-04-09,NONE,35,2,0,0.0,0,0,0.0,0,0,KRW
2603_다이트_전환캠페인,(신)_부평_인플방문후기_더먹어야 다이어트 가능(더먹어유)_260313,1859538135129201,2026-04-09,NONE,0,0,0,0.0,0,0,0.0,0,0,KRW
2604_다이트_전환캠페인,(신)_부평_인플방문후기_밥빵면안당기는원장님(itsmeyuriwon)_260407,1861795578227042,2026-04-09,AGE_35_44,6937,616,4,0.65,0,0,0.0,0,568,KRW
2604_다이트_전환캠페인,(신)_부평_인플방문후기_밥빵면안당기는원장님(itsmeyuriwon)_260407,1861795578227042,2026-04-09,AGE_45_54,11173,656,5,0.76,0,0,0.0,0,595,KRW
2604_다이트_전환캠페인,(신)_부평_인플방문후기_밥빵면안당기는원장님(itsmeyuriwon)_260407,1861795578227042,2026-04-09,AGE_55_100,6635,390,2,0.51,0,0,0.0,0,358,KRW
2604_다이트_전환캠페인,(신)_부평_인플방문후기_밥빵면안당기는원장님(itsmeyuriwon)_260407,1861795578227042,2026-04-09,NONE,4,1,0,0.0,0,0,0.0,0,0,KRW
2604_다이트_전환캠페인,(신)_부평_인플방문후기_주사형비만치료제(the.hyunniverse)_260403,1861968247570690,2026-04-09,AGE_35_44,3334,286,2,0.7,1,3334,50.0,0,267,KRW
2604_다이트_전환캠페인,(신)_부평_인플방문후기_주사형비만치료제(the.hyunniverse)_260403,1861968247570690,2026-04-09,AGE_45_54,3989,341,3,0.88,0,0,0.0,0,318,KRW
2604_다이트_전환캠페인,(신)_부평_인플방문후기_주사형비만치료제(the.hyunniverse)_260403,1861968247570690,2026-04-09,AGE_55_100,3985,211,3,1.42,0,0,0.0,0,199,KRW
2604_다이트_전환캠페인,(신)_부평_인플방문후기_주사형비만치료제(the.hyunniverse)_260403,1861968247570690,2026-04-09,NONE,0,0,0,0.0,0,0,0.0,0,0,KRW
2603_다이트_전환캠페인,(신)_부평_진료셀프캠_주사형 비만치료제보다 더중요한이것_260120,1858358889552897,2026-04-09,NONE,0,0,0,0.0,0,0,0.0,0,0,KRW
2603_다이트_전환캠페인,(신)_서울_의료진정보_주사형비만치료제 10년은_260116,1861074376185921,2026-04-09,NONE,0,0,0,0.0,0,0,0.0,0,0,KRW
2604_다이트_전환캠페인,(신)_서울_인플방문후기_밥빵면안당기는원장님(itsmeyuriwon)_260407,1861792943047986,2026-04-09,AGE_35_44,3493,348,2,0.57,0,0,0.0,0,333,KRW
2604_다이트_전환캠페인,(신)_서울_인플방문후기_밥빵면안당기는원장님(itsmeyuriwon)_260407,1861792943047986,2026-04-09,AGE_45_54,5080,383,5,1.31,1,5080,20.0,0,366,KRW
2604_다이트_전환캠페인,(신)_서울_인플방문후기_밥빵면안당기는원장님(itsmeyuriwon)_260407,1861792943047986,2026-04-09,AGE_55_100,2686,251,1,0.4,0,0,0.0,0,241,KRW
2604_다이트_전환캠페인,(신)_서울_인플방문후기_밥빵면안당기는원장님(itsmeyuriwon)_260407,1861792943047986,2026-04-09,NONE,0,0,0,0.0,0,0,0.0,0,0,KRW
2604_다이트_전환캠페인,(신)_서울_인플방문후기_주사형비만치료제(the.hyunniverse)_260403,1861968379365409,2026-04-09,AGE_35_44,2334,207,2,0.97,0,0,0.0,0,197,KRW
2604_다이트_전환캠페인,(신)_서울_인플방문후기_주사형비만치료제(the.hyunniverse)_260403,1861968379365409,2026-04-09,AGE_45_54,3157,247,1,0.4,0,0,0.0,0,235,KRW
2604_다이트_전환캠페인,(신)_서울_인플방문후기_주사형비만치료제(the.hyunniverse)_260403,1861968379365409,2026-04-09,AGE_55_100,2949,169,4,2.37,1,2949,25.0,0,165,KRW
2603_다이트_전환캠페인,(신)_서울_진료셀프캠_주사형 비만치료제보다 더중요한이것_26120,1858361825289345,2026-04-09,NONE,0,0,0,0.0,0,0,0.0,0,0,KRW
2603_다이트_전환캠페인,(신)_수원_인플방문후기_더먹어야 다이어트 가능(더먹어유)_260313,1859538405086241,2026-04-09,NONE,0,0,0,0.0,0,0,0.0,0,0,KRW
2604_다이트_전환캠페인,(신)_수원_인플방문후기_밥빵면안당기는원장님(itsmeyuriwon)_260407,1861796026692689,2026-04-09,AGE_25_34,5881,735,5,0.68,0,0,0.0,0,669,KRW
2604_다이트_전환캠페인,(신)_수원_인플방문후기_밥빵면안당기는원장님(itsmeyuriwon)_260407,1861796026692689,2026-04-09,AGE_35_44,11609,934,6,0.64,0,0,0.0,0,813,KRW
2604_다이트_전환캠페인,(신)_수원_인플방문후기_밥빵면안당기는원장님(itsmeyuriwon)_260407,1861796026692689,2026-04-09,AGE_45_54,12343,941,5,0.53,0,0,0.0,0,832,KRW
2604_다이트_전환캠페인,(신)_수원_인플방문후기_밥빵면안당기는원장님(itsmeyuriwon)_260407,1861796026692689,2026-04-09,AGE_55_100,7695,596,2,0.34,0,0,0.0,0,520,KRW
2604_다이트_전환캠페인,(신)_수원_인플방문후기_밥빵면안당기는원장님(itsmeyuriwon)_260407,1861796026692689,2026-04-09,NONE,18,5,0,0.0,0,0,0.0,0,0,KRW
2604_다이트_전환캠페인,(신)_수원_인플방문후기_주사형비만치료제(the.hyunniverse)_260403,1861426333950193,2026-04-09,AGE_25_34,4396,733,1,0.14,0,0,0.0,0,690,KRW
2604_다이트_전환캠페인,(신)_수원_인플방문후기_주사형비만치료제(the.hyunniverse)_260403,1861426333950193,2026-04-09,AGE_35_44,8085,819,2,0.24,0,0,0.0,0,755,KRW
2604_다이트_전환캠페인,(신)_수원_인플방문후기_주사형비만치료제(the.hyunniverse)_260403,1861426333950193,2026-04-09,AGE_45_54,10985,879,4,0.46,1,10985,25.0,0,810,KRW
2604_다이트_전환캠페인,(신)_수원_인플방문후기_주사형비만치료제(the.hyunniverse)_260403,1861426333950193,2026-04-09,AGE_55_100,7231,546,2,0.37,0,0,0.0,0,480,KRW
2604_다이트_전환캠페인,(신)_수원_인플방문후기_주사형비만치료제(the.hyunniverse)_260403,1861426333950193,2026-04-09,NONE,13,2,0,0.0,0,0,0.0,0,0,KRW
2604_다이트_전환캠페인,(신)_일산_인플방문후기_밥빵면안당기는원장님(itsmeyuriwon)_260407,1861796100333057,2026-04-09,AGE_35_44,4236,575,2,0.35,0,0,0.0,0,556,KRW
2604_다이트_전환캠페인,(신)_일산_인플방문후기_밥빵면안당기는원장님(itsmeyuriwon)_260407,1861796100333057,2026-04-09,AGE_45_54,8852,630,8,1.27,0,0,0.0,0,604,KRW
2604_다이트_전환캠페인,(신)_일산_인플방문후기_밥빵면안당기는원장님(itsmeyuriwon)_260407,1861796100333057,2026-04-09,AGE_55_100,4840,444,5,1.13,0,0,0.0,0,433,KRW
2604_다이트_전환캠페인,(신)_일산_인플방문후기_밥빵면안당기는원장님(itsmeyuriwon)_260407,1861796100333057,2026-04-09,NONE,0,1,0,0.0,0,0,0.0,0,0,KRW
2604_다이트_전환캠페인,(신)_일산_인플방문후기_주사형비만치료제(the.hyunniverse)_260403,1861968797915602,2026-04-09,AGE_35_44,1604,136,1,0.74,0,0,0.0,0,135,KRW
2604_다이트_전환캠페인,(신)_일산_인플방문후기_주사형비만치료제(the.hyunniverse)_260403,1861968797915602,2026-04-09,AGE_45_54,2078,148,2,1.35,0,0,0.0,0,144,KRW
2604_다이트_전환캠페인,(신)_일산_인플방문후기_주사형비만치료제(the.hyunniverse)_260403,1861968797915602,2026-04-09,AGE_55_100,930,88,0,0.0,0,0,0.0,0,88,KRW
2604_다이트_전환캠페인,(신)_일산_인플방문후기_주사형비만치료제(the.hyunniverse)_260403,1861968797915602,2026-04-09,NONE,0,0,0,0.0,0,0,0.0,0,0,KRW
2603_다이트_전환캠페인,(신)_창원_인플방문후기_더먹어야 다이어트 가능(더먹어유)_260313,1859538526785570,2026-04-09,NONE,0,0,0,0.0,0,0,0.0,0,0,KRW
2604_다이트_전환캠페인,(신)_창원_인플방문후기_밥빵면안당기는원장님(itsmeyuriwon)_260407,1861796302859538,2026-04-09,AGE_35_44,5513,580,2,0.34,0,0,0.0,0,496,KRW
2604_다이트_전환캠페인,(신)_창원_인플방문후기_밥빵면안당기는원장님(itsmeyuriwon)_260407,1861796302859538,2026-04-09,AGE_45_54,11103,778,5,0.64,0,0,0.0,0,644,KRW
2604_다이트_전환캠페인,(신)_창원_인플방문후기_밥빵면안당기는원장님(itsmeyuriwon)_260407,1861796302859538,2026-04-09,AGE_55_100,7837,535,6,1.12,0,0,0.0,0,458,KRW
2604_다이트_전환캠페인,(신)_창원_인플방문후기_밥빵면안당기는원장님(itsmeyuriwon)_260407,1861796302859538,2026-04-09,NONE,20,2,0,0.0,0,0,0.0,0,0,KRW
2604_다이트_전환캠페인,(신)_창원_인플방문후기_주사형비만치료제(the.hyunniverse)_260403,1861427124084770,2026-04-09,AGE_35_44,3860,448,1,0.22,0,0,0.0,0,399,KRW
2604_다이트_전환캠페인,(신)_창원_인플방문후기_주사형비만치료제(the.hyunniverse)_260403,1861427124084770,2026-04-09,AGE_45_54,11750,655,4,0.61,0,0,0.0,0,575,KRW
2604_다이트_전환캠페인,(신)_창원_인플방문후기_주사형비만치료제(the.hyunniverse)_260403,1861427124084770,2026-04-09,AGE_55_100,5236,369,3,0.81,0,0,0.0,0,322,KRW
2604_다이트_전환캠페인,(신)_창원_인플방문후기_주사형비만치료제(the.hyunniverse)_260403,1861427124084770,2026-04-09,NONE,3,1,0,0.0,0,0,0.0,0,0,KRW
2604_다이트_전환캠페인,(신)_천안_의료진정보_주사형비만치료제 10년은_260116,1861279064396242,2026-04-09,AGE_35_44,1009,134,0,0.0,0,0,0.0,0,130,KRW
2604_다이트_전환캠페인,(신)_천안_의료진정보_주사형비만치료제 10년은_260116,1861279064396242,2026-04-09,AGE_45_54,1970,204,0,0.0,0,0,0.0,0,193,KRW
2604_다이트_전환캠페인,(신)_천안_의료진정보_주사형비만치료제 10년은_260116,1861279064396242,2026-04-09,AGE_55_100,3025,251,1,0.4,0,0,0.0,0,221,KRW
2603_다이트_전환캠페인,(신)_천안_의료진정보_주사형비만치료제 10년은_260116,1861074704982066,2026-04-09,NONE,0,0,0,0.0,0,0,0.0,0,0,KRW
2604_다이트_전환캠페인,(신)_천안_의료진정보_주사형비만치료제 10년은_260116,1861279064396242,2026-04-09,NONE,0,0,0,0.0,0,0,0.0,0,0,KRW
2604_다이트_전환캠페인,(신)_천안_인플방문후기_밥빵면안당기는원장님(itsmeyuriwon)_260407,1861796395517250,2026-04-09,AGE_35_44,6736,470,2,0.43,0,0,0.0,0,420,KRW
2604_다이트_전환캠페인,(신)_천안_인플방문후기_밥빵면안당기는원장님(itsmeyuriwon)_260407,1861796395517250,2026-04-09,AGE_45_54,4904,424,0,0.0,1,4904,0.0,0,370,KRW
2604_다이트_전환캠페인,(신)_천안_인플방문후기_밥빵면안당기는원장님(itsmeyuriwon)_260407,1861796395517250,2026-04-09,AGE_55_100,1962,179,0,0.0,0,0,0.0,0,172,KRW
2604_다이트_전환캠페인,(신)_천안_인플방문후기_밥빵면안당기는원장님(itsmeyuriwon)_260407,1861796395517250,2026-04-09,NONE,12,1,0,0.0,0,0,0.0,0,0,KRW
2604_다이트_전환캠페인,(신)_천안_인플방문후기_주사형비만치료제(the.hyunniverse)_260403,1861969033799841,2026-04-09,AGE_35_44,1393,157,0,0.0,0,0,0.0,0,155,KRW
2604_다이트_전환캠페인,(신)_천안_인플방문후기_주사형비만치료제(the.hyunniverse)_260403,1861969033799841,2026-04-09,AGE_45_54,1943,156,1,0.64,0,0,0.0,0,148,KRW
2604_다이트_전환캠페인,(신)_천안_인플방문후기_주사형비만치료제(the.hyunniverse)_260403,1861969033799841,2026-04-09,AGE_55_100,1038,61,0,0.0,0,0,0.0,0,58,KRW
2604_다이트_전환캠페인,(신)_천안_인플방문후기_주사형비만치료제(the.hyunniverse)_260403,1861969033799841,2026-04-09,NONE,0,0,0,0.0,0,0,0.0,0,0,KRW
2604_다이트_전환캠페인,(신)_천안_진료셀프캠_주사형 비만치료제보다 더중요한이것_260120,1861969112559697,2026-04-09,AGE_35_44,306,74,0,0.0,0,0,0.0,0,67,KRW
2604_다이트_전환캠페인,(신)_천안_진료셀프캠_주사형 비만치료제보다 더중요한이것_260120,1861969112559697,2026-04-09,AGE_45_54,315,48,0,0.0,0,0,0.0,0,48,KRW
2604_다이트_전환캠페인,(신)_천안_진료셀프캠_주사형 비만치료제보다 더중요한이것_260120,1861969112559697,2026-04-09,AGE_55_100,472,67,0,0.0,0,0,0.0,0,65,KRW
2603_다이트_전환캠페인,(신)_천안_진료셀프캠_주사형 비만치료제보다 더중요한이것_260120,1858358889565697,2026-04-09,NONE,0,0,0,0.0,0,0,0.0,0,0,KRW
2604_다이트_전환캠페인,(재)_대구_의료진정보_무작정운동으로 팩폭_260406,1861709464313057,2026-04-09,AGE_35_44,487,97,0,0.0,0,0,0.0,0,97,KRW
2604_다이트_전환캠페인,(재)_대구_의료진정보_무작정운동으로 팩폭_260406,1861709464313057,2026-04-09,AGE_45_54,1632,125,1,0.8,0,0,0.0,0,122,KRW
2604_다이트_전환캠페인,(재)_대구_의료진정보_무작정운동으로 팩폭_260406,1861709464313057,2026-04-09,AGE_55_100,968,103,0,0.0,0,0,0.0,0,101,KRW
2603_다이트_전환캠페인,(재)_대구_의료진정보_비만주사요요 탄수중독_260320,1860170996611154,2026-04-09,NONE,0,0,0,0.0,0,0,0.0,0,0,KRW
2604_다이트_전환캠페인,"(재)_대구_인플방문후기_건강한다이어트(대구,박고경)_260325",1861278128485793,2026-04-09,AGE_35_44,2720,312,4,1.28,0,0,0.0,0,306,KRW
2604_다이트_전환캠페인,"(재)_대구_인플방문후기_건강한다이어트(대구,박고경)_260325",1861278128485793,2026-04-09,AGE_45_54,2470,252,2,0.79,0,0,0.0,0,246,KRW
2604_다이트_전환캠페인,"(재)_대구_인플방문후기_건강한다이어트(대구,박고경)_260325",1861278128485793,2026-04-09,AGE_55_100,654,152,2,1.32,0,0,0.0,0,148,KRW
2603_다이트_전환캠페인,"(재)_대구_인플방문후기_건강한다이어트(대구,박고경)_260325",1860614125298753,2026-04-09,NONE,0,0,0,0.0,0,0,0.0,0,0,KRW
2604_다이트_전환캠페인,"(재)_대구_인플방문후기_건강한다이어트(대구,박고경)_260325",1861278128485793,2026-04-09,NONE,9,3,0,0.0,0,0,0.0,0,0,KRW
2603_다이트_전환캠페인,(재)_대구_인플방문후기_맘껏먹는 다이어트 한달후기_260306,1858833581846626,2026-04-09,NONE,0,0,0,0.0,0,0,0.0,0,0,KRW
2604_다이트_전환캠페인,(재)_대구_인플방문후기_먹고싶은거다먹는(수원잇츠)_260403,1861437815982145,2026-04-09,AGE_35_44,1544,172,0,0.0,0,0,0.0,0,157,KRW
2604_다이트_전환캠페인,(재)_대구_인플방문후기_먹고싶은거다먹는(수원잇츠)_260403,1861437815982145,2026-04-09,AGE_45_54,2938,236,2,0.85,0,0,0.0,0,211,KRW
2604_다이트_전환캠페인,(재)_대구_인플방문후기_먹고싶은거다먹는(수원잇츠)_260403,1861437815982145,2026-04-09,AGE_55_100,2178,158,0,0.0,0,0,0.0,0,142,KRW
2604_다이트_전환캠페인,(재)_대구_인플방문후기_먹고싶은거다먹는(수원잇츠)_260403,1861437815982145,2026-04-09,NONE,2,1,0,0.0,0,0,0.0,0,0,KRW
2603_다이트_전환캠페인,(재)_대구_인플방문후기_체지방만쏙빼는(부산잇츠)_260220,1858358889560241,2026-04-09,NONE,0,0,0,0.0,0,0,0.0,0,0,KRW
2604_다이트_전환캠페인,(재)_대구_진료셀프캠_다이어트의적 밥빵면_260407,1861778669641809,2026-04-09,AGE_35_44,1992,269,0,0.0,0,0,0.0,0,256,KRW
2604_다이트_전환캠페인,(재)_대구_진료셀프캠_다이어트의적 밥빵면_260407,1861778669641809,2026-04-09,AGE_45_54,3810,378,1,0.26,0,0,0.0,0,358,KRW
2604_다이트_전환캠페인,(재)_대구_진료셀프캠_다이어트의적 밥빵면_260407,1861778669641809,2026-04-09,AGE_55_100,3218,347,3,0.86,1,3218,33.33,0,316,KRW
2604_다이트_전환캠페인,(재)_대구_진료셀프캠_다이어트의적 밥빵면_260407,1861778669641809,2026-04-09,NONE,0,0,0,0.0,0,0,0.0,0,0,KRW
2604_다이트_전환캠페인,(재)_대구_진료셀프캠_식욕억제주사실패 마지막_260407,1861779512219682,2026-04-09,AGE_35_44,2327,293,0,0.0,0,0,0.0,0,283,KRW
2604_다이트_전환캠페인,(재)_대구_진료셀프캠_식욕억제주사실패 마지막_260407,1861779512219682,2026-04-09,AGE_45_54,5016,376,2,0.53,0,0,0.0,0,352,KRW
2604_다이트_전환캠페인,(재)_대구_진료셀프캠_식욕억제주사실패 마지막_260407,1861779512219682,2026-04-09,AGE_55_100,2902,265,2,0.75,0,0,0.0,0,254,KRW
2604_다이트_전환캠페인,(재)_대구_진료셀프캠_식욕억제주사실패 마지막_260407,1861779512219682,2026-04-09,NONE,3,1,0,0.0,0,0,0.0,0,0,KRW
2604_다이트_전환캠페인,(재)_대구_진료셀프캠_주사형비만치료제 고민끝에 50대부부 -32kg_260225,1861278082187298,2026-04-09,AGE_35_44,5013,548,2,0.36,0,0,0.0,0,531,KRW
2604_다이트_전환캠페인,(재)_대구_진료셀프캠_주사형비만치료제 고민끝에 50대부부 -32kg_260225,1861278082187298,2026-04-09,AGE_45_54,11535,748,4,0.53,1,11535,25.0,0,714,KRW
2604_다이트_전환캠페인,(재)_대구_진료셀프캠_주사형비만치료제 고민끝에 50대부부 -32kg_260225,1861278082187298,2026-04-09,AGE_55_100,12336,700,5,0.71,0,0,0.0,0,651,KRW
2603_다이트_전환캠페인,(재)_대구_진료셀프캠_주사형비만치료제 고민끝에 50대부부 -32kg_260225,1860546064808049,2026-04-09,NONE,0,0,0,0.0,0,0,0.0,0,0,KRW
2604_다이트_전환캠페인,(재)_대구_진료셀프캠_주사형비만치료제 고민끝에 50대부부 -32kg_260225,1861278082187298,2026-04-09,NONE,6,2,0,0.0,0,0,0.0,0,0,KRW
2604_다이트_전환캠페인,"(재)_대전_인플방문후기_건강한다이어트(대전, 박고경)_260406",1861709876075633,2026-04-09,AGE_35_44,3222,503,3,0.6,0,0,0.0,0,485,KRW
2604_다이트_전환캠페인,"(재)_대전_인플방문후기_건강한다이어트(대전, 박고경)_260406",1861709876075633,2026-04-09,AGE_45_54,2956,422,2,0.47,0,0,0.0,0,409,KRW
2604_다이트_전환캠페인,"(재)_대전_인플방문후기_건강한다이어트(대전, 박고경)_260406",1861709876075633,2026-04-09,AGE_55_100,1822,322,2,0.62,0,0,0.0,0,304,KRW
2604_다이트_전환캠페인,"(재)_대전_인플방문후기_건강한다이어트(대전, 박고경)_260406",1861709876075633,2026-04-09,NONE,4,2,0,0.0,0,0,0.0,0,0,KRW
2604_다이트_전환캠페인,(재)_대전_인플방문후기_맘껏먹는 다이어트 한달후기_260306,1861708302605361,2026-04-09,AGE_35_44,1030,114,0,0.0,0,0,0.0,0,106,KRW
2604_다이트_전환캠페인,(재)_대전_인플방문후기_맘껏먹는 다이어트 한달후기_260306,1861708302605361,2026-04-09,AGE_45_54,2000,112,2,1.79,0,0,0.0,0,107,KRW
2604_다이트_전환캠페인,(재)_대전_인플방문후기_맘껏먹는 다이어트 한달후기_260306,1861708302605361,2026-04-09,AGE_55_100,918,87,1,1.15,0,0,0.0,0,82,KRW
2604_다이트_전환캠페인,(재)_대전_인플방문후기_먹으면서(대읽남)_260306,1861710694184002,2026-04-09,NONE,0,0,0,0.0,0,0,0.0,0,0,KRW
2604_다이트_전환캠페인,(재)_대전_진료셀프캠_다이어트의적 밥빵면_260407,1861776478109986,2026-04-09,AGE_35_44,1859,249,1,0.4,0,0,0.0,0,240,KRW
2604_다이트_전환캠페인,(재)_대전_진료셀프캠_다이어트의적 밥빵면_260407,1861776478109986,2026-04-09,AGE_45_54,1476,237,2,0.84,0,0,0.0,0,221,KRW
2604_다이트_전환캠페인,(재)_대전_진료셀프캠_다이어트의적 밥빵면_260407,1861776478109986,2026-04-09,AGE_55_100,1386,186,0,0.0,0,0,0.0,0,180,KRW
2604_다이트_전환캠페인,(재)_대전_진료셀프캠_다이어트의적 밥빵면_260407,1861776478109986,2026-04-09,NONE,1,1,0,0.0,0,0,0.0,0,0,KRW
2604_다이트_전환캠페인,(재)_대전_진료셀프캠_식욕억제주사실패 마지막_260406,1861708051912898,2026-04-09,AGE_35_44,5064,362,2,0.55,2,2532,100.0,0,353,KRW
2604_다이트_전환캠페인,(재)_대전_진료셀프캠_식욕억제주사실패 마지막_260406,1861708051912898,2026-04-09,AGE_45_54,5348,335,1,0.3,0,0,0.0,0,329,KRW
2604_다이트_전환캠페인,(재)_대전_진료셀프캠_식욕억제주사실패 마지막_260406,1861708051912898,2026-04-09,AGE_55_100,1988,201,1,0.5,0,0,0.0,0,188,KRW
2604_다이트_전환캠페인,(재)_대전_진료셀프캠_식욕억제주사실패 마지막_260406,1861708051912898,2026-04-09,NONE,0,0,0,0.0,0,0,0.0,0,0,KRW
2604_다이트_전환캠페인,(재)_대전_진료셀프캠_식욕억제주사실패 마지막_260407,1861779986019442,2026-04-09,AGE_35_44,63,15,0,0.0,0,0,0.0,0,15,KRW
2604_다이트_전환캠페인,(재)_대전_진료셀프캠_식욕억제주사실패 마지막_260407,1861779986019442,2026-04-09,AGE_45_54,48,9,0,0.0,0,0,0.0,0,9,KRW
2604_다이트_전환캠페인,(재)_대전_진료셀프캠_식욕억제주사실패 마지막_260407,1861779986019442,2026-04-09,AGE_55_100,85,8,0,0.0,0,0,0.0,0,8,KRW
2604_다이트_전환캠페인,(재)_대전_진료셀프캠_주사형비만치료제 고민끝에 50대부부 -32kg_260225,1861708178989089,2026-04-09,AGE_35_44,10008,1163,4,0.34,3,3336,75.0,0,1106,KRW
2604_다이트_전환캠페인,(재)_대전_진료셀프캠_주사형비만치료제 고민끝에 50대부부 -32kg_260225,1861708178989089,2026-04-09,AGE_45_54,17235,1365,11,0.81,1,17235,9.09,0,1284,KRW
2604_다이트_전환캠페인,(재)_대전_진료셀프캠_주사형비만치료제 고민끝에 50대부부 -32kg_260225,1861708178989089,2026-04-09,AGE_55_100,14620,1111,5,0.45,0,0,0.0,0,1019,KRW
2604_다이트_전환캠페인,(재)_대전_진료셀프캠_주사형비만치료제 고민끝에 50대부부 -32kg_260225,1861708178989089,2026-04-09,NONE,15,7,0,0.0,0,0,0.0,0,0,KRW
2604_다이트_전환캠페인,(재)_부평_의료진정보_무작정운동으로 팩폭_260406,1861709708534065,2026-04-09,AGE_35_44,766,94,0,0.0,0,0,0.0,0,88,KRW
2604_다이트_전환캠페인,(재)_부평_의료진정보_무작정운동으로 팩폭_260406,1861709708534065,2026-04-09,AGE_45_54,5546,134,2,1.49,0,0,0.0,0,128,KRW
2604_다이트_전환캠페인,(재)_부평_의료진정보_무작정운동으로 팩폭_260406,1861709708534065,2026-04-09,AGE_55_100,2336,77,2,2.6,0,0,0.0,0,74,KRW
2603_다이트_전환캠페인,(재)_부평_의료진정보_비만주사 굶는다이어트_260320,1860170168891553,2026-04-09,NONE,0,0,0,0.0,0,0,0.0,0,0,KRW
2604_다이트_전환캠페인,(재)_부평_인플방문후기_먹고싶은거다먹는(수원잇츠)_260403,1861438021385394,2026-04-09,AGE_35_44,1656,227,0,0.0,0,0,0.0,0,216,KRW
2604_다이트_전환캠페인,(재)_부평_인플방문후기_먹고싶은거다먹는(수원잇츠)_260403,1861438021385394,2026-04-09,AGE_45_54,2738,257,1,0.39,0,0,0.0,0,244,KRW
2604_다이트_전환캠페인,(재)_부평_인플방문후기_먹고싶은거다먹는(수원잇츠)_260403,1861438021385394,2026-04-09,AGE_55_100,2114,165,0,0.0,0,0,0.0,0,156,KRW
2603_다이트_전환캠페인,(재)_부평_진료셀프캠_비만주사없이 체질_260320,1860263975141538,2026-04-09,NONE,0,0,0,0.0,0,0,0.0,0,0,KRW
2604_다이트_전환캠페인,(재)_부평_진료셀프캠_식욕억제주사실패 마지막_260407,1861779276638289,2026-04-09,AGE_35_44,1979,199,0,0.0,0,0,0.0,0,185,KRW
2604_다이트_전환캠페인,(재)_부평_진료셀프캠_식욕억제주사실패 마지막_260407,1861779276638289,2026-04-09,AGE_45_54,1717,197,1,0.51,0,0,0.0,0,190,KRW
2604_다이트_전환캠페인,(재)_부평_진료셀프캠_식욕억제주사실패 마지막_260407,1861779276638289,2026-04-09,AGE_55_100,1233,112,1,0.89,0,0,0.0,0,109,KRW
2604_다이트_전환캠페인,(재)_부평_진료셀프캠_주사형비만치료제 고민끝에 50대부부 -32kg_260225,1861276697497633,2026-04-09,AGE_35_44,6016,518,6,1.16,0,0,0.0,0,492,KRW
2604_다이트_전환캠페인,(재)_부평_진료셀프캠_주사형비만치료제 고민끝에 50대부부 -32kg_260225,1861276697497633,2026-04-09,AGE_45_54,11962,829,1,0.12,0,0,0.0,0,785,KRW
2604_다이트_전환캠페인,(재)_부평_진료셀프캠_주사형비만치료제 고민끝에 50대부부 -32kg_260225,1861276697497633,2026-04-09,AGE_55_100,12174,762,9,1.18,0,0,0.0,0,711,KRW
2604_다이트_전환캠페인,(재)_부평_진료셀프캠_주사형비만치료제 고민끝에 50대부부 -32kg_260225,1861276697497633,2026-04-09,NONE,49,2,0,0.0,0,0,0.0,0,0,KRW
2603_다이트_전환캠페인,(재)_부평_진료셀프캠_주사형비만치료제 고민끝에 50대부부 -32kg_260225,1858358875905138,2026-04-09,NONE,0,0,0,0.0,0,0,0.0,0,0,KRW
2604_다이트_전환캠페인,(재)_서울_의료진정보_무작정운동으로 팩폭_260406,1861709796228209,2026-04-09,AGE_35_44,376,19,0,0.0,0,0,0.0,0,19,KRW
2604_다이트_전환캠페인,(재)_서울_의료진정보_무작정운동으로 팩폭_260406,1861709796228209,2026-04-09,AGE_45_54,713,20,0,0.0,0,0,0.0,0,18,KRW
2604_다이트_전환캠페인,(재)_서울_의료진정보_무작정운동으로 팩폭_260406,1861709796228209,2026-04-09,AGE_55_100,957,31,1,3.23,0,0,0.0,0,29,KRW
2603_다이트_전환캠페인,(재)_서울_의료진정보_비만주사 굶는다이어트_260320,1860169742535889,2026-04-09,NONE,0,0,0,0.0,0,0,0.0,0,0,KRW
2604_다이트_전환캠페인,(재)_서울_인플방문후기_맘껏먹는 다이어트 한달후기_260306,1861276306937889,2026-04-09,AGE_35_44,551,54,0,0.0,0,0,0.0,0,52,KRW
2604_다이트_전환캠페인,(재)_서울_인플방문후기_맘껏먹는 다이어트 한달후기_260306,1861276306937889,2026-04-09,AGE_45_54,884,48,0,0.0,0,0,0.0,0,47,KRW
2604_다이트_전환캠페인,(재)_서울_인플방문후기_맘껏먹는 다이어트 한달후기_260306,1861276306937889,2026-04-09,AGE_55_100,1020,40,1,2.5,0,0,0.0,0,39,KRW
2604_다이트_전환캠페인,(재)_서울_인플방문후기_맘껏먹는 다이어트 한달후기_260306,1861276306937889,2026-04-09,NONE,19,1,0,0.0,0,0,0.0,0,0,KRW
2603_다이트_전환캠페인,(재)_서울_인플방문후기_맘껏먹는 다이어트 한달후기_260306,1858832894864657,2026-04-09,NONE,0,0,0,0.0,0,0,0.0,0,0,KRW
2604_다이트_전환캠페인,(재)_서울_인플방문후기_먹고싶은거다먹는(수원잇츠)_260403,1861438096695922,2026-04-09,AGE_35_44,602,76,0,0.0,0,0,0.0,0,73,KRW
2604_다이트_전환캠페인,(재)_서울_인플방문후기_먹고싶은거다먹는(수원잇츠)_260403,1861438096695922,2026-04-09,AGE_45_54,855,98,0,0.0,0,0,0.0,0,89,KRW
2604_다이트_전환캠페인,(재)_서울_인플방문후기_먹고싶은거다먹는(수원잇츠)_260403,1861438096695922,2026-04-09,AGE_55_100,687,55,0,0.0,0,0,0.0,0,54,KRW
2604_다이트_전환캠페인,(재)_서울_인플방문후기_먹고싶은거다먹는(수원잇츠)_260403,1861438096695922,2026-04-09,NONE,0,0,0,0.0,0,0,0.0,0,0,KRW
2603_다이트_전환캠페인,(재)_서울_진료셀프캠_비만주사 10년은 늙어보인대요_260326,1860713002800545,2026-04-09,NONE,0,0,0,0.0,0,0,0.0,0,0,KRW
2604_다이트_전환캠페인,(재)_서울_진료셀프캠_비만주사끊고15kg_260326,1861276375567409,2026-04-09,AGE_35_44,39,9,0,0.0,0,0,0.0,0,9,KRW
2604_다이트_전환캠페인,(재)_서울_진료셀프캠_비만주사끊고15kg_260326,1861276375567409,2026-04-09,AGE_45_54,32,7,0,0.0,0,0,0.0,0,7,KRW
2604_다이트_전환캠페인,(재)_서울_진료셀프캠_비만주사끊고15kg_260326,1861276375567409,2026-04-09,AGE_55_100,97,6,0,0.0,0,0,0.0,0,5,KRW
2603_다이트_전환캠페인,(재)_서울_진료셀프캠_비만주사끊고15kg_260326,1860713002800561,2026-04-09,NONE,0,0,0,0.0,0,0,0.0,0,0,KRW
2603_다이트_전환캠페인,(재)_서울_진료셀프캠_비만주사없이 체질_260320,1860169742535905,2026-04-09,NONE,0,0,0,0.0,0,0,0.0,0,0,KRW
2604_다이트_전환캠페인,(재)_서울_진료셀프캠_식욕억제주사실패 마지막_260407,1861778815720546,2026-04-09,AGE_35_44,4919,337,1,0.3,0,0,0.0,0,301,KRW
2604_다이트_전환캠페인,(재)_서울_진료셀프캠_식욕억제주사실패 마지막_260407,1861778815720546,2026-04-09,AGE_45_54,7455,457,4,0.88,1,7455,25.0,0,400,KRW
2604_다이트_전환캠페인,(재)_서울_진료셀프캠_식욕억제주사실패 마지막_260407,1861778815720546,2026-04-09,AGE_55_100,8014,398,6,1.51,0,0,0.0,0,355,KRW
2604_다이트_전환캠페인,(재)_서울_진료셀프캠_식욕억제주사실패 마지막_260407,1861778815720546,2026-04-09,NONE,24,2,0,0.0,0,0,0.0,0,0,KRW
2604_다이트_전환캠페인,(재)_서울_진료셀프캠_주사형비만치료제 고민끝에 50대부부 -32kg_260225,1861276155386962,2026-04-09,AGE_35_44,2493,257,0,0.0,0,0,0.0,0,247,KRW
2604_다이트_전환캠페인,(재)_서울_진료셀프캠_주사형비만치료제 고민끝에 50대부부 -32kg_260225,1861276155386962,2026-04-09,AGE_45_54,11179,532,4,0.75,0,0,0.0,0,510,KRW
2604_다이트_전환캠페인,(재)_서울_진료셀프캠_주사형비만치료제 고민끝에 50대부부 -32kg_260225,1861276155386962,2026-04-09,AGE_55_100,11589,627,10,1.59,0,0,0.0,0,584,KRW
2603_다이트_전환캠페인,(재)_서울_진료셀프캠_주사형비만치료제 고민끝에 50대부부 -32kg_260225,1859357641001154,2026-04-09,NONE,0,0,0,0.0,0,0,0.0,0,0,KRW
2604_다이트_전환캠페인,(재)_서울_진료셀프캠_주사형비만치료제 고민끝에 50대부부 -32kg_260225,1861276155386962,2026-04-09,NONE,118,2,0,0.0,0,0,0.0,0,0,KRW
2604_다이트_전환캠페인,(재)_수원_의료진정보_무작정운동으로 팩폭_260406,1861709615890674,2026-04-09,AGE_25_34,710,243,1,0.41,0,0,0.0,0,233,KRW
2604_다이트_전환캠페인,(재)_수원_의료진정보_무작정운동으로 팩폭_260406,1861709615890674,2026-04-09,AGE_35_44,1004,177,3,1.69,0,0,0.0,0,166,KRW
2604_다이트_전환캠페인,(재)_수원_의료진정보_무작정운동으로 팩폭_260406,1861709615890674,2026-04-09,AGE_45_54,2021,170,1,0.59,0,0,0.0,0,158,KRW
2604_다이트_전환캠페인,(재)_수원_의료진정보_무작정운동으로 팩폭_260406,1861709615890674,2026-04-09,AGE_55_100,1995,166,1,0.6,0,0,0.0,0,152,KRW
2604_다이트_전환캠페인,(재)_수원_의료진정보_무작정운동으로 팩폭_260406,1861709615890674,2026-04-09,NONE,4,1,0,0.0,0,0,0.0,0,0,KRW
2603_다이트_전환캠페인,(재)_수원_의료진정보_비만주사요요 탄수중독_260320,1860263832597602,2026-04-09,NONE,0,0,0,0.0,0,0,0.0,0,0,KRW
2604_다이트_전환캠페인,"(재)_수원_인플방문후기_건강한다이어트(수원,박고경)_260325",1861277190081841,2026-04-09,AGE_25_34,7194,1340,7,0.52,0,0,0.0,0,1300,KRW
2604_다이트_전환캠페인,"(재)_수원_인플방문후기_건강한다이어트(수원,박고경)_260325",1861277190081841,2026-04-09,AGE_35_44,12295,1248,9,0.72,2,6147,22.22,0,1200,KRW
2604_다이트_전환캠페인,"(재)_수원_인플방문후기_건강한다이어트(수원,박고경)_260325",1861277190081841,2026-04-09,AGE_45_54,17042,1183,4,0.34,0,0,0.0,0,1117,KRW
2604_다이트_전환캠페인,"(재)_수원_인플방문후기_건강한다이어트(수원,박고경)_260325",1861277190081841,2026-04-09,AGE_55_100,6888,669,3,0.45,0,0,0.0,0,623,KRW
2604_다이트_전환캠페인,"(재)_수원_인플방문후기_건강한다이어트(수원,박고경)_260325",1861277190081841,2026-04-09,NONE,63,5,0,0.0,0,0,0.0,0,0,KRW
2603_다이트_전환캠페인,"(재)_수원_인플방문후기_건강한다이어트(수원,박고경)_260325",1860614554255474,2026-04-09,NONE,0,0,0,0.0,0,0,0.0,0,0,KRW
2604_다이트_전환캠페인,(재)_수원_인플방문후기_먹고싶은거다먹는(수원잇츠)_260403,1861437972025618,2026-04-09,AGE_25_34,3727,831,1,0.12,0,0,0.0,0,781,KRW
2604_다이트_전환캠페인,(재)_수원_인플방문후기_먹고싶은거다먹는(수원잇츠)_260403,1861437972025618,2026-04-09,AGE_35_44,5393,798,0,0.0,0,0,0.0,0,718,KRW
2604_다이트_전환캠페인,(재)_수원_인플방문후기_먹고싶은거다먹는(수원잇츠)_260403,1861437972025618,2026-04-09,AGE_45_54,6383,785,4,0.51,0,0,0.0,0,708,KRW
2604_다이트_전환캠페인,(재)_수원_인플방문후기_먹고싶은거다먹는(수원잇츠)_260403,1861437972025618,2026-04-09,AGE_55_100,5107,687,4,0.58,0,0,0.0,0,609,KRW
2604_다이트_전환캠페인,(재)_수원_인플방문후기_먹고싶은거다먹는(수원잇츠)_260403,1861437972025618,2026-04-09,NONE,5,2,0,0.0,0,0,0.0,0,0,KRW
2603_다이트_전환캠페인,(재)_수원_진료셀프캠_50대 20대처럼 체지방_260317,1859897183293617,2026-04-09,NONE,0,0,0,0.0,0,0,0.0,0,0,KRW
2603_다이트_전환캠페인,(재)_수원_진료셀프캠_50대 뱃살 체지방만_260317,1859896079113569,2026-04-09,NONE,0,0,0,0.0,0,0,0.0,0,0,KRW
2604_다이트_전환캠페인,(재)_수원_진료셀프캠_비만주사끊고15kg_260326,1861277272418370,2026-04-09,AGE_25_34,452,74,0,0.0,0,0,0.0,0,74,KRW
2604_다이트_전환캠페인,(재)_수원_진료셀프캠_비만주사끊고15kg_260326,1861277272418370,2026-04-09,AGE_35_44,686,102,0,0.0,0,0,0.0,0,97,KRW
2604_다이트_전환캠페인,(재)_수원_진료셀프캠_비만주사끊고15kg_260326,1861277272418370,2026-04-09,AGE_45_54,780,104,0,0.0,0,0,0.0,0,102,KRW
2604_다이트_전환캠페인,(재)_수원_진료셀프캠_비만주사끊고15kg_260326,1861277272418370,2026-04-09,AGE_55_100,584,97,0,0.0,0,0,0.0,0,89,KRW
2604_다이트_전환캠페인,(재)_수원_진료셀프캠_비만주사끊고15kg_260326,1861277272418370,2026-04-09,NONE,28,1,0,0.0,0,0,0.0,0,0,KRW
2604_다이트_전환캠페인,(재)_수원_진료셀프캠_비만주사없이 체질_260320,1861277107797025,2026-04-09,AGE_45_54,0,0,0,0.0,0,0,0.0,0,0,KRW
2603_다이트_전환캠페인,(재)_수원_진료셀프캠_비만주사없이 체질_260320,1860263832597618,2026-04-09,NONE,0,0,0,0.0,0,0,0.0,0,0,KRW
2604_다이트_전환캠페인,(재)_수원_진료셀프캠_비만주사없이 체질_260320,1861277107797025,2026-04-09,NONE,0,0,0,0.0,0,0,0.0,0,0,KRW
2604_다이트_전환캠페인,(재)_수원_진료셀프캠_식욕억제주사실패 마지막_260407,1861779341060274,2026-04-09,AGE_25_34,878,307,2,0.65,0,0,0.0,0,301,KRW
2604_다이트_전환캠페인,(재)_수원_진료셀프캠_식욕억제주사실패 마지막_260407,1861779341060274,2026-04-09,AGE_35_44,1270,299,1,0.33,0,0,0.0,0,274,KRW
2604_다이트_전환캠페인,(재)_수원_진료셀프캠_식욕억제주사실패 마지막_260407,1861779341060274,2026-04-09,AGE_45_54,1408,338,0,0.0,0,0,0.0,0,324,KRW
2604_다이트_전환캠페인,(재)_수원_진료셀프캠_식욕억제주사실패 마지막_260407,1861779341060274,2026-04-09,AGE_55_100,1836,358,1,0.28,0,0,0.0,0,332,KRW
2604_다이트_전환캠페인,(재)_수원_진료셀프캠_식욕억제주사실패 마지막_260407,1861779341060274,2026-04-09,NONE,4,3,0,0.0,0,0,0.0,0,0,KRW
2603_다이트_전환캠페인,(재)_수원_진료셀프캠_주사형비만치료제 고민끝에 50대부부 -32kg_260225,1858358889554017,2026-04-09,NONE,0,0,0,0.0,0,0,0.0,0,0,KRW
2603_다이트_전환캠페인,(재)_수원_진료셀프캠_하체비만 40대 통짜바지_260311,1859358275806641,2026-04-09,NONE,0,0,0,0.0,0,0,0.0,0,0,KRW
2604_다이트_전환캠페인,(재)_일산_의료진정보_무작정운동으로 팩폭_260406,1861709552021505,2026-04-09,AGE_35_44,1957,330,0,0.0,0,0,0.0,0,326,KRW
2604_다이트_전환캠페인,(재)_일산_의료진정보_무작정운동으로 팩폭_260406,1861709552021505,2026-04-09,AGE_45_54,3180,307,2,0.65,0,0,0.0,0,305,KRW
2604_다이트_전환캠페인,(재)_일산_의료진정보_무작정운동으로 팩폭_260406,1861709552021505,2026-04-09,AGE_55_100,1552,255,1,0.39,0,0,0.0,0,254,KRW
2604_다이트_전환캠페인,(재)_일산_의료진정보_무작정운동으로 팩폭_260406,1861709552021505,2026-04-09,NONE,2,2,0,0.0,0,0,0.0,0,0,KRW
2604_다이트_전환캠페인,"(재)_일산_인플방문후기_건강한다이어트(일산, 박고경)_260325",1861277705679282,2026-04-09,AGE_35_44,2101,184,1,0.54,0,0,0.0,0,180,KRW
2604_다이트_전환캠페인,"(재)_일산_인플방문후기_건강한다이어트(일산, 박고경)_260325",1861277705679282,2026-04-09,AGE_45_54,481,127,0,0.0,0,0,0.0,0,125,KRW
2604_다이트_전환캠페인,"(재)_일산_인플방문후기_건강한다이어트(일산, 박고경)_260325",1861277705679282,2026-04-09,AGE_55_100,416,131,0,0.0,0,0,0.0,0,130,KRW
2604_다이트_전환캠페인,"(재)_일산_인플방문후기_건강한다이어트(일산, 박고경)_260325",1861277705679282,2026-04-09,NONE,3,1,0,0.0,0,0,0.0,0,0,KRW
2604_다이트_전환캠페인,(재)_일산_인플방문후기_맘껏먹는 다이어트 한달후기_260306,1861277479159890,2026-04-09,AGE_35_44,7201,641,3,0.47,0,0,0.0,0,631,KRW
2604_다이트_전환캠페인,(재)_일산_인플방문후기_맘껏먹는 다이어트 한달후기_260306,1861277479159890,2026-04-09,AGE_45_54,8084,508,5,0.98,1,8084,20.0,0,492,KRW
2604_다이트_전환캠페인,(재)_일산_인플방문후기_맘껏먹는 다이어트 한달후기_260306,1861277479159890,2026-04-09,AGE_55_100,3995,268,4,1.49,0,0,0.0,0,260,KRW
2603_다이트_전환캠페인,(재)_일산_인플방문후기_맘껏먹는 다이어트 한달후기_260306,1858833441334273,2026-04-09,NONE,0,0,0,0.0,0,0,0.0,0,0,KRW
2604_다이트_전환캠페인,(재)_일산_인플방문후기_맘껏먹는 다이어트 한달후기_260306,1861277479159890,2026-04-09,NONE,48,3,0,0.0,0,0,0.0,0,0,KRW
2604_다이트_전환캠페인,(재)_일산_인플방문후기_먹고싶은거다먹는(수원잇츠)_260403,1861437881987106,2026-04-09,AGE_35_44,2406,318,1,0.31,0,0,0.0,0,310,KRW
2604_다이트_전환캠페인,(재)_일산_인플방문후기_먹고싶은거다먹는(수원잇츠)_260403,1861437881987106,2026-04-09,AGE_45_54,4112,303,0,0.0,0,0,0.0,0,297,KRW
2604_다이트_전환캠페인,(재)_일산_인플방문후기_먹고싶은거다먹는(수원잇츠)_260403,1861437881987106,2026-04-09,AGE_55_100,2670,176,1,0.57,1,2670,100.0,0,174,KRW
2603_다이트_전환캠페인,(재)_일산_진료셀프캠_50대 뱃살 체지방만_260317,1859895953149089,2026-04-09,NONE,0,0,0,0.0,0,0,0.0,0,0,KRW
2604_다이트_전환캠페인,(재)_일산_진료셀프캠_비만주사 10년은 늙어보인대요_260326,1861277619225650,2026-04-09,AGE_35_44,355,73,0,0.0,0,0,0.0,0,73,KRW
2604_다이트_전환캠페인,(재)_일산_진료셀프캠_비만주사 10년은 늙어보인대요_260326,1861277619225650,2026-04-09,AGE_45_54,275,46,0,0.0,0,0,0.0,0,46,KRW
2604_다이트_전환캠페인,(재)_일산_진료셀프캠_비만주사 10년은 늙어보인대요_260326,1861277619225650,2026-04-09,AGE_55_100,221,37,0,0.0,0,0,0.0,0,37,KRW
2604_다이트_전환캠페인,(재)_일산_진료셀프캠_비만주사 10년은 늙어보인대요_260326,1861277619225650,2026-04-09,NONE,0,0,0,0.0,0,0,0.0,0,0,KRW
2604_다이트_전환캠페인,(재)_일산_진료셀프캠_식욕억제주사실패 마지막_260407,1861779422527666,2026-04-09,AGE_35_44,2250,315,1,0.32,0,0,0.0,0,312,KRW
2604_다이트_전환캠페인,(재)_일산_진료셀프캠_식욕억제주사실패 마지막_260407,1861779422527666,2026-04-09,AGE_45_54,3211,304,1,0.33,0,0,0.0,0,299,KRW
2604_다이트_전환캠페인,(재)_일산_진료셀프캠_식욕억제주사실패 마지막_260407,1861779422527666,2026-04-09,AGE_55_100,2151,249,1,0.4,0,0,0.0,0,244,KRW
2604_다이트_전환캠페인,(재)_일산_진료셀프캠_식욕억제주사실패 마지막_260407,1861779422527666,2026-04-09,NONE,11,2,0,0.0,0,0,0.0,0,0,KRW
2604_다이트_전환캠페인,(재)_일산_진료셀프캠_주사형비만치료제 고민끝에 40대부부 -32kg_260225,1861277533224961,2026-04-09,AGE_35_44,805,88,0,0.0,0,0,0.0,0,86,KRW
2604_다이트_전환캠페인,(재)_일산_진료셀프캠_주사형비만치료제 고민끝에 40대부부 -32kg_260225,1861277533224961,2026-04-09,AGE_45_54,810,89,0,0.0,0,0,0.0,0,89,KRW
2604_다이트_전환캠페인,(재)_일산_진료셀프캠_주사형비만치료제 고민끝에 40대부부 -32kg_260225,1861277533224961,2026-04-09,AGE_55_100,618,93,0,0.0,0,0,0.0,0,90,KRW
2604_다이트_전환캠페인,(재)_창원_의료진정보_무작정운동으로 팩폭_260406,1861709359069201,2026-04-09,AGE_35_44,392,74,0,0.0,0,0,0.0,0,69,KRW
2604_다이트_전환캠페인,(재)_창원_의료진정보_무작정운동으로 팩폭_260406,1861709359069201,2026-04-09,AGE_45_54,1132,101,1,0.99,0,0,0.0,0,98,KRW
2604_다이트_전환캠페인,(재)_창원_의료진정보_무작정운동으로 팩폭_260406,1861709359069201,2026-04-09,AGE_55_100,1012,68,0,0.0,0,0,0.0,0,62,KRW
2604_다이트_전환캠페인,(재)_창원_의료진정보_무작정운동으로 팩폭_260406,1861709359069201,2026-04-09,NONE,4,1,0,0.0,0,0,0.0,0,0,KRW
2604_다이트_전환캠페인,"(재)_창원_인플방문후기_건강한다이어트(창원,박고경)_260325",1861278731680866,2026-04-09,AGE_35_44,2067,245,2,0.82,0,0,0.0,0,234,KRW
2604_다이트_전환캠페인,"(재)_창원_인플방문후기_건강한다이어트(창원,박고경)_260325",1861278731680866,2026-04-09,AGE_45_54,4360,309,0,0.0,0,0,0.0,0,286,KRW
2604_다이트_전환캠페인,"(재)_창원_인플방문후기_건강한다이어트(창원,박고경)_260325",1861278731680866,2026-04-09,AGE_55_100,3126,285,0,0.0,0,0,0.0,0,262,KRW
2604_다이트_전환캠페인,"(재)_창원_인플방문후기_건강한다이어트(창원,박고경)_260325",1861278731680866,2026-04-09,NONE,0,0,0,0.0,0,0,0.0,0,0,KRW
2603_다이트_전환캠페인,(재)_창원_인플방문후기_맘껏먹는 다이어트 한달후기_260306,1858833707245617,2026-04-09,NONE,0,0,0,0.0,0,0,0.0,0,0,KRW
2604_다이트_전환캠페인,(재)_창원_인플방문후기_먹고싶은거다먹는(수원잇츠)_260403,1861437705571345,2026-04-09,AGE_35_44,2586,353,3,0.85,0,0,0.0,0,324,KRW
2604_다이트_전환캠페인,(재)_창원_인플방문후기_먹고싶은거다먹는(수원잇츠)_260403,1861437705571345,2026-04-09,AGE_45_54,5532,519,0,0.0,0,0,0.0,0,454,KRW
2604_다이트_전환캠페인,(재)_창원_인플방문후기_먹고싶은거다먹는(수원잇츠)_260403,1861437705571345,2026-04-09,AGE_55_100,3779,424,2,0.47,0,0,0.0,0,373,KRW
2604_다이트_전환캠페인,(재)_창원_인플방문후기_먹고싶은거다먹는(수원잇츠)_260403,1861437705571345,2026-04-09,NONE,91,1,0,0.0,0,0,0.0,0,0,KRW
2603_다이트_전환캠페인,(재)_창원_진료셀프캠_50대 뱃살 체지방만_260311,1859896365364290,2026-04-09,NONE,0,0,0,0.0,0,0,0.0,0,0,KRW
2603_다이트_전환캠페인,(재)_창원_진료셀프캠_비만주사끊고15kg_260326,1860714411785234,2026-04-09,NONE,0,0,0,0.0,0,0,0.0,0,0,KRW
2604_다이트_전환캠페인,(재)_창원_진료셀프캠_식욕억제주사실패 마지막_260407,1861779402873057,2026-04-09,AGE_35_44,510,110,0,0.0,0,0,0.0,0,109,KRW
2604_다이트_전환캠페인,(재)_창원_진료셀프캠_식욕억제주사실패 마지막_260407,1861779402873057,2026-04-09,AGE_45_54,1070,126,1,0.79,0,0,0.0,0,116,KRW
2604_다이트_전환캠페인,(재)_창원_진료셀프캠_식욕억제주사실패 마지막_260407,1861779402873057,2026-04-09,AGE_55_100,997,141,0,0.0,0,0,0.0,0,120,KRW
2604_다이트_전환캠페인,(재)_창원_진료셀프캠_식욕억제주사실패 마지막_260407,1861779402873057,2026-04-09,NONE,0,0,0,0.0,0,0,0.0,0,0,KRW
2604_다이트_전환캠페인,(재)_창원_진료셀프캠_주사형비만치료제 고민끝에 50대부부 -32kg_260225,1861278292523041,2026-04-09,AGE_55_100,0,0,0,0.0,0,0,0.0,0,0,KRW
2603_다이트_전환캠페인,(재)_창원_진료셀프캠_주사형비만치료제 고민끝에 50대부부 -32kg_260225,1860546141013361,2026-04-09,NONE,0,0,0,0.0,0,0,0.0,0,0,KRW
2604_다이트_전환캠페인,(재)_창원_진료셀프캠_주사형비만치료제 고민끝에 50대부부 -32kg_260225,1861278292523041,2026-04-09,NONE,0,0,0,0.0,0,0,0.0,0,0,KRW
2604_다이트_전환캠페인,(재)_천안_의료진정보_무작정운동으로 팩폭_260405,1861708807896498,2026-04-09,AGE_35_44,347,115,0,0.0,0,0,0.0,0,111,KRW
2604_다이트_전환캠페인,(재)_천안_의료진정보_무작정운동으로 팩폭_260405,1861708807896498,2026-04-09,AGE_45_54,521,64,0,0.0,0,0,0.0,0,62,KRW
2604_다이트_전환캠페인,(재)_천안_의료진정보_무작정운동으로 팩폭_260405,1861708807896498,2026-04-09,AGE_55_100,305,47,1,2.13,0,0,0.0,0,47,KRW
2604_다이트_전환캠페인,(재)_천안_의료진정보_무작정운동으로 팩폭_260405,1861708807896498,2026-04-09,NONE,0,0,0,0.0,0,0,0.0,0,0,KRW
2603_다이트_전환캠페인,(재)_천안_의료진정보_비만주사요요 탄수중독_260320,1860171393987826,2026-04-09,NONE,0,0,0,0.0,0,0,0.0,0,0,KRW
2604_다이트_전환캠페인,"(재)_천안_인플방문후기_건강한다이어트(천안, 박고경)_260325",1861278985311585,2026-04-09,AGE_35_44,4576,550,2,0.36,0,0,0.0,0,528,KRW
2604_다이트_전환캠페인,"(재)_천안_인플방문후기_건강한다이어트(천안, 박고경)_260325",1861278985311585,2026-04-09,AGE_45_54,3995,422,1,0.24,0,0,0.0,0,409,KRW
2604_다이트_전환캠페인,"(재)_천안_인플방문후기_건강한다이어트(천안, 박고경)_260325",1861278985311585,2026-04-09,AGE_55_100,2472,248,0,0.0,0,0,0.0,0,237,KRW
2604_다이트_전환캠페인,"(재)_천안_인플방문후기_건강한다이어트(천안, 박고경)_260325",1861278985311585,2026-04-09,NONE,22,1,0,0.0,0,0,0.0,0,0,KRW
2603_다이트_전환캠페인,"(재)_천안_인플방문후기_건강한다이어트(천안, 박고경)_260325",1860615057904689,2026-04-09,NONE,0,0,0,0.0,0,0,0.0,0,0,KRW
2603_다이트_전환캠페인,(재)_천안_인플방문후기_맘껏먹는 다이어트 한달후기_260306,1858834125348929,2026-04-09,NONE,0,0,0,0.0,0,0,0.0,0,0,KRW
2604_다이트_전환캠페인,(재)_천안_인플방문후기_먹고싶은거다먹는(수원잇츠)_260403,1861433575335186,2026-04-09,NONE,0,0,0,0.0,0,0,0.0,0,0,KRW
2604_다이트_전환캠페인,(재)_천안_진료QnA_지긋지긋 40대 뱃살 고생없이_260309,1861278873581714,2026-04-09,AGE_35_44,366,42,0,0.0,0,0,0.0,0,42,KRW
2604_다이트_전환캠페인,(재)_천안_진료QnA_지긋지긋 40대 뱃살 고생없이_260309,1861278873581714,2026-04-09,AGE_45_54,309,39,0,0.0,0,0,0.0,0,37,KRW
2604_다이트_전환캠페인,(재)_천안_진료QnA_지긋지긋 40대 뱃살 고생없이_260309,1861278873581714,2026-04-09,AGE_55_100,228,19,0,0.0,0,0,0.0,0,18,KRW
2604_다이트_전환캠페인,(재)_천안_진료QnA_지긋지긋 40대 뱃살 고생없이_260309,1861278873581714,2026-04-09,NONE,0,0,0,0.0,0,0,0.0,0,0,KRW
2603_다이트_전환캠페인,(재)_천안_진료셀프캠_50대 20대처럼 체지방_260317,1859897810343346,2026-04-09,NONE,0,0,0,0.0,0,0,0.0,0,0,KRW
2603_다이트_전환캠페인,(재)_천안_진료셀프캠_비만주사끊고15kg_260326,1860714711311361,2026-04-09,NONE,0,0,0,0.0,0,0,0.0,0,0,KRW
2603_다이트_전환캠페인,(재)_천안_진료셀프캠_상체비만 40대 팔뚝살부터_260311,1859358567112033,2026-04-09,NONE,0,0,0,0.0,0,0,0.0,0,0,KRW
2604_다이트_전환캠페인,(재)_천안_진료셀프캠_식욕억제주사실패 마지막_260407,1861779883450610,2026-04-09,AGE_35_44,3805,434,2,0.46,0,0,0.0,0,403,KRW
2604_다이트_전환캠페인,(재)_천안_진료셀프캠_식욕억제주사실패 마지막_260407,1861779883450610,2026-04-09,AGE_45_54,6278,509,3,0.59,0,0,0.0,0,457,KRW
2604_다이트_전환캠페인,(재)_천안_진료셀프캠_식욕억제주사실패 마지막_260407,1861779883450610,2026-04-09,AGE_55_100,5552,341,0,0.0,0,0,0.0,0,308,KRW
2604_다이트_전환캠페인,(재)_천안_진료셀프캠_식욕억제주사실패 마지막_260407,1861779883450610,2026-04-09,NONE,15,4,0,0.0,0,0,0.0,0,0,KRW
2604_다이트_전환캠페인,(재)_천안_진료셀프캠_주사형비만치료제 고민끝에 50대부부 -32kg_260225,1861968142031009,2026-04-09,AGE_35_44,4086,328,2,0.61,0,0,0.0,0,318,KRW
2604_다이트_전환캠페인,(재)_천안_진료셀프캠_주사형비만치료제 고민끝에 50대부부 -32kg_260225,1861968142031009,2026-04-09,AGE_45_54,8284,498,8,1.61,0,0,0.0,0,469,KRW
2604_다이트_전환캠페인,(재)_천안_진료셀프캠_주사형비만치료제 고민끝에 50대부부 -32kg_260225,1861968142031009,2026-04-09,AGE_55_100,6847,431,4,0.93,0,0,0.0,0,404,KRW
2604_다이트_전환캠페인,(재)_천안_진료셀프캠_주사형비만치료제 고민끝에 50대부부 -32kg_260225,1861968142031009,2026-04-09,NONE,0,0,0,0.0,0,0,0.0,0,0,KRW
2604_다이트_전환캠페인,(신)_대구_의료진정보_주사형비만치료제 10년은_260116,1861278242108689,2026-04-10,AGE_55_100,0,0,0,0.0,0,0,0.0,0,0,KRW
2604_다이트_전환캠페인,(신)_대구_의료진정보_주사형비만치료제 10년은_260116,1861278242108689,2026-04-10,NONE,0,0,0,0.0,0,0,0.0,0,0,KRW
2603_다이트_전환캠페인,(신)_대구_인플방문후기_50대엄마 혈당다이어트(햅삐)_260317,1859897365795954,2026-04-10,NONE,0,0,0,0.0,0,0,0.0,0,0,KRW
2603_다이트_전환캠페인,(신)_대구_인플방문후기_건강한다이어트(박고경)_260324,1860546064810113,2026-04-10,NONE,0,0,0,0.0,0,0,0.0,0,0,KRW
2603_다이트_전환캠페인,(신)_대구_인플방문후기_당뇨다이어트(대읽남)_260311,1859417671501954,2026-04-10,NONE,0,0,0,0.0,0,0,0.0,0,0,KRW
2604_다이트_전환캠페인,(신)_대구_인플방문후기_먹으면서 다이어트(대읽남)_251017,1861277850752146,2026-04-10,AGE_35_44,0,0,0,0.0,0,0,0.0,0,0,KRW
2603_다이트_전환캠페인,(신)_대구_인플방문후기_먹으면서 다이어트(대읽남)_251017,1858362316758178,2026-04-10,NONE,0,0,0,0.0,0,0,0.0,0,0,KRW
2604_다이트_전환캠페인,(신)_대구_인플방문후기_먹으면서 다이어트(대읽남)_251017,1861277850752146,2026-04-10,NONE,0,0,0,0.0,0,0,0.0,0,0,KRW
2604_다이트_전환캠페인,(신)_대구_인플방문후기_밥빵면안당기는원장님(itsmeyuriwon)_260407,1861796218051601,2026-04-10,AGE_35_44,1681,136,1,0.74,0,0,0.0,0,133,KRW
2604_다이트_전환캠페인,(신)_대구_인플방문후기_밥빵면안당기는원장님(itsmeyuriwon)_260407,1861796218051601,2026-04-10,AGE_45_54,3049,164,2,1.22,0,0,0.0,0,158,KRW
2604_다이트_전환캠페인,(신)_대구_인플방문후기_밥빵면안당기는원장님(itsmeyuriwon)_260407,1861796218051601,2026-04-10,AGE_55_100,1542,80,0,0.0,0,0,0.0,0,75,KRW
2604_다이트_전환캠페인,(신)_대구_인플방문후기_밥빵면안당기는원장님(itsmeyuriwon)_260407,1861796218051601,2026-04-10,NONE,0,0,0,0.0,0,0,0.0,0,0,KRW
2604_다이트_전환캠페인,(신)_대구_인플방문후기_주사형비만치료제(the.hyunniverse)_260403,1861968872286353,2026-04-10,AGE_35_44,9164,881,3,0.34,0,0,0.0,0,816,KRW
2604_다이트_전환캠페인,(신)_대구_인플방문후기_주사형비만치료제(the.hyunniverse)_260403,1861968872286353,2026-04-10,AGE_45_54,14953,1212,4,0.33,0,0,0.0,0,1065,KRW
2604_다이트_전환캠페인,(신)_대구_인플방문후기_주사형비만치료제(the.hyunniverse)_260403,1861968872286353,2026-04-10,AGE_55_100,11485,803,8,1.0,1,11485,12.5,0,678,KRW
2604_다이트_전환캠페인,(신)_대구_인플방문후기_주사형비만치료제(the.hyunniverse)_260403,1861968872286353,2026-04-10,NONE,3,1,0,0.0,0,0,0.0,0,0,KRW
2603_다이트_전환캠페인,(신)_대구_진료셀프캠_주사형 비만치료제보다 더중요한이것_260120,1858362316758162,2026-04-10,NONE,0,0,0,0.0,0,0,0.0,0,0,KRW
2604_다이트_전환캠페인,(신)_대전_인플방문후기_밥빵면못참는현대인(대전잇츠)_260410,1862064327619745,2026-04-10,AGE_35_44,383,146,1,0.68,0,0,0.0,0,146,KRW
2604_다이트_전환캠페인,(신)_대전_인플방문후기_밥빵면못참는현대인(대전잇츠)_260410,1862064327619745,2026-04-10,AGE_45_54,503,141,1,0.71,0,0,0.0,0,138,KRW
2604_다이트_전환캠페인,(신)_대전_인플방문후기_밥빵면못참는현대인(대전잇츠)_260410,1862064327619745,2026-04-10,AGE_55_100,309,94,0,0.0,0,0,0.0,0,93,KRW
2604_다이트_전환캠페인,(신)_대전_인플방문후기_밥빵면못참는현대인(대전잇츠)_260410,1862064327619745,2026-04-10,NONE,0,0,0,0.0,0,0,0.0,0,0,KRW
2604_다이트_전환캠페인,(신)_대전_인플방문후기_밥빵면안당기는원장님(itsmeyuriwon)_260407,1861796462367905,2026-04-10,AGE_35_44,639,54,1,1.85,0,0,0.0,0,51,KRW
2604_다이트_전환캠페인,(신)_대전_인플방문후기_밥빵면안당기는원장님(itsmeyuriwon)_260407,1861796462367905,2026-04-10,AGE_45_54,731,62,0,0.0,0,0,0.0,0,61,KRW
2604_다이트_전환캠페인,(신)_대전_인플방문후기_밥빵면안당기는원장님(itsmeyuriwon)_260407,1861796462367905,2026-04-10,AGE_55_100,1091,39,1,2.56,0,0,0.0,0,37,KRW
2604_다이트_전환캠페인,(신)_대전_인플방문후기_밥빵면안당기는원장님(itsmeyuriwon)_260407,1861796462367905,2026-04-10,NONE,3,1,0,0.0,0,0,0.0,0,0,KRW
2604_다이트_전환캠페인,(신)_대전_인플방문후기_주사형비만치료제(the.hyunniverse)_260403,1861968952635729,2026-04-10,AGE_35_44,5237,844,3,0.36,2,2618,66.67,0,769,KRW
2604_다이트_전환캠페인,(신)_대전_인플방문후기_주사형비만치료제(the.hyunniverse)_260403,1861968952635729,2026-04-10,AGE_45_54,9387,1017,7,0.69,0,0,0.0,0,892,KRW
2604_다이트_전환캠페인,(신)_대전_인플방문후기_주사형비만치료제(the.hyunniverse)_260403,1861968952635729,2026-04-10,AGE_55_100,5446,670,6,0.9,0,0,0.0,0,601,KRW
2604_다이트_전환캠페인,(신)_대전_인플방문후기_주사형비만치료제(the.hyunniverse)_260403,1861968952635729,2026-04-10,NONE,34,1,0,0.0,0,0,0.0,0,0,KRW
2604_다이트_전환캠페인,(신)_대전_진료셀프캠_주사형 비만치료제보다 더중요한이것_260120,1861781961742465,2026-04-10,AGE_35_44,209,48,1,2.08,1,209,100.0,0,46,KRW
2604_다이트_전환캠페인,(신)_대전_진료셀프캠_주사형 비만치료제보다 더중요한이것_260120,1861781961742465,2026-04-10,AGE_45_54,733,63,0,0.0,0,0,0.0,0,59,KRW
2604_다이트_전환캠페인,(신)_대전_진료셀프캠_주사형 비만치료제보다 더중요한이것_260120,1861781961742465,2026-04-10,AGE_55_100,276,44,0,0.0,0,0,0.0,0,43,KRW
2604_다이트_전환캠페인,(신)_부평_의료진정보_주사형비만치료제 10년은_260116,1861276817166401,2026-04-10,AGE_35_44,885,95,1,1.05,0,0,0.0,0,93,KRW
2604_다이트_전환캠페인,(신)_부평_의료진정보_주사형비만치료제 10년은_260116,1861276817166401,2026-04-10,AGE_45_54,1009,96,0,0.0,0,0,0.0,0,87,KRW
2604_다이트_전환캠페인,(신)_부평_의료진정보_주사형비만치료제 10년은_260116,1861276817166401,2026-04-10,AGE_55_100,1486,105,0,0.0,0,0,0.0,0,104,KRW
2603_다이트_전환캠페인,(신)_부평_의료진정보_주사형비만치료제 10년은_260116,1860716092390562,2026-04-10,NONE,0,0,0,0.0,0,0,0.0,0,0,KRW
2603_다이트_전환캠페인,(신)_부평_인플방문후기_50대엄마 혈당다이어트(햅삐)_260317,1859896796626130,2026-04-10,NONE,0,0,0,0.0,0,0,0.0,0,0,KRW
2604_다이트_전환캠페인,(신)_부평_인플방문후기_건강한다이어트(박고경)_260324,1861276881397074,2026-04-10,AGE_35_44,3391,300,0,0.0,0,0,0.0,0,284,KRW
2604_다이트_전환캠페인,(신)_부평_인플방문후기_건강한다이어트(박고경)_260324,1861276881397074,2026-04-10,AGE_45_54,5007,321,1,0.31,0,0,0.0,0,306,KRW
2604_다이트_전환캠페인,(신)_부평_인플방문후기_건강한다이어트(박고경)_260324,1861276881397074,2026-04-10,AGE_55_100,1750,171,1,0.58,0,0,0.0,0,164,KRW
2603_다이트_전환캠페인,(신)_부평_인플방문후기_건강한다이어트(박고경)_260324,1860541278478465,2026-04-10,NONE,0,0,0,0.0,0,0,0.0,0,0,KRW
2604_다이트_전환캠페인,(신)_부평_인플방문후기_건강한다이어트(박고경)_260324,1861276881397074,2026-04-10,NONE,0,0,0,0.0,0,0,0.0,0,0,KRW
2603_다이트_전환캠페인,(신)_부평_인플방문후기_더먹어야 다이어트 가능(더먹어유)_260313,1859538135129201,2026-04-10,NONE,0,0,0,0.0,0,0,0.0,0,0,KRW
2604_다이트_전환캠페인,(신)_부평_인플방문후기_밥빵면안당기는원장님(itsmeyuriwon)_260407,1861795578227042,2026-04-10,AGE_35_44,3347,295,4,1.36,0,0,0.0,0,276,KRW
2604_다이트_전환캠페인,(신)_부평_인플방문후기_밥빵면안당기는원장님(itsmeyuriwon)_260407,1861795578227042,2026-04-10,AGE_45_54,4411,250,4,1.6,0,0,0.0,0,236,KRW
2604_다이트_전환캠페인,(신)_부평_인플방문후기_밥빵면안당기는원장님(itsmeyuriwon)_260407,1861795578227042,2026-04-10,AGE_55_100,3407,140,3,2.14,0,0,0.0,0,127,KRW
2604_다이트_전환캠페인,(신)_부평_인플방문후기_밥빵면안당기는원장님(itsmeyuriwon)_260407,1861795578227042,2026-04-10,NONE,4,1,0,0.0,0,0,0.0,0,0,KRW
2604_다이트_전환캠페인,(신)_부평_인플방문후기_주사형비만치료제(the.hyunniverse)_260403,1861968247570690,2026-04-10,AGE_35_44,17816,2013,9,0.45,0,0,0.0,0,1723,KRW
2604_다이트_전환캠페인,(신)_부평_인플방문후기_주사형비만치료제(the.hyunniverse)_260403,1861968247570690,2026-04-10,AGE_45_54,27445,2471,18,0.73,1,27445,5.56,0,2011,KRW
2604_다이트_전환캠페인,(신)_부평_인플방문후기_주사형비만치료제(the.hyunniverse)_260403,1861968247570690,2026-04-10,AGE_55_100,21000,1577,12,0.76,1,21000,8.33,0,1263,KRW
2604_다이트_전환캠페인,(신)_부평_인플방문후기_주사형비만치료제(the.hyunniverse)_260403,1861968247570690,2026-04-10,NONE,26,2,0,0.0,0,0,0.0,0,0,KRW
2603_다이트_전환캠페인,(신)_부평_진료셀프캠_주사형 비만치료제보다 더중요한이것_260120,1858358889552897,2026-04-10,NONE,0,0,0,0.0,0,0,0.0,0,0,KRW
2604_다이트_전환캠페인,(신)_서울_인플방문후기_밥빵면안당기는원장님(itsmeyuriwon)_260407,1861792943047986,2026-04-10,AGE_35_44,724,77,1,1.3,0,0,0.0,0,76,KRW
2604_다이트_전환캠페인,(신)_서울_인플방문후기_밥빵면안당기는원장님(itsmeyuriwon)_260407,1861792943047986,2026-04-10,AGE_45_54,1086,89,2,2.25,1,1086,50.0,0,84,KRW
2604_다이트_전환캠페인,(신)_서울_인플방문후기_밥빵면안당기는원장님(itsmeyuriwon)_260407,1861792943047986,2026-04-10,AGE_55_100,907,60,1,1.67,0,0,0.0,0,60,KRW
2604_다이트_전환캠페인,(신)_서울_인플방문후기_밥빵면안당기는원장님(itsmeyuriwon)_260407,1861792943047986,2026-04-10,NONE,0,0,0,0.0,0,0,0.0,0,0,KRW
2604_다이트_전환캠페인,(신)_서울_인플방문후기_주사형비만치료제(the.hyunniverse)_260403,1861968379365409,2026-04-10,AGE_35_44,9439,1191,5,0.42,1,9439,20.0,0,1075,KRW
2604_다이트_전환캠페인,(신)_서울_인플방문후기_주사형비만치료제(the.hyunniverse)_260403,1861968379365409,2026-04-10,AGE_45_54,21037,1622,15,0.92,2,10518,13.33,0,1430,KRW
2604_다이트_전환캠페인,(신)_서울_인플방문후기_주사형비만치료제(the.hyunniverse)_260403,1861968379365409,2026-04-10,AGE_55_100,17177,1531,10,0.65,0,0,0.0,0,1293,KRW
2604_다이트_전환캠페인,(신)_서울_인플방문후기_주사형비만치료제(the.hyunniverse)_260403,1861968379365409,2026-04-10,NONE,12,4,0,0.0,0,0,0.0,0,0,KRW
2603_다이트_전환캠페인,(신)_서울_진료셀프캠_주사형 비만치료제보다 더중요한이것_26120,1858361825289345,2026-04-10,NONE,0,0,0,0.0,0,0,0.0,0,0,KRW
2603_다이트_전환캠페인,(신)_수원_인플방문후기_더먹어야 다이어트 가능(더먹어유)_260313,1859538405086241,2026-04-10,NONE,0,0,0,0.0,0,0,0.0,0,0,KRW
2603_다이트_전환캠페인,(신)_수원_인플방문후기_먹을거 다먹으면서(미미)_260317,1859897183294593,2026-04-10,NONE,0,0,0,0.0,0,0,0.0,0,0,KRW
2604_다이트_전환캠페인,(신)_수원_인플방문후기_밥빵면안당기는원장님(itsmeyuriwon)_260407,1861796026692689,2026-04-10,AGE_25_34,3400,517,3,0.58,0,0,0.0,0,489,KRW
2604_다이트_전환캠페인,(신)_수원_인플방문후기_밥빵면안당기는원장님(itsmeyuriwon)_260407,1861796026692689,2026-04-10,AGE_35_44,7193,602,3,0.5,0,0,0.0,0,547,KRW
2604_다이트_전환캠페인,(신)_수원_인플방문후기_밥빵면안당기는원장님(itsmeyuriwon)_260407,1861796026692689,2026-04-10,AGE_45_54,9436,571,1,0.18,0,0,0.0,0,524,KRW
2604_다이트_전환캠페인,(신)_수원_인플방문후기_밥빵면안당기는원장님(itsmeyuriwon)_260407,1861796026692689,2026-04-10,AGE_55_100,5680,339,2,0.59,0,0,0.0,0,307,KRW
2604_다이트_전환캠페인,(신)_수원_인플방문후기_밥빵면안당기는원장님(itsmeyuriwon)_260407,1861796026692689,2026-04-10,NONE,59,4,0,0.0,0,0,0.0,0,0,KRW
2604_다이트_전환캠페인,(신)_수원_인플방문후기_주사형비만치료제(the.hyunniverse)_260403,1861426333950193,2026-04-10,AGE_25_34,5911,1092,2,0.18,0,0,0.0,0,1015,KRW
2604_다이트_전환캠페인,(신)_수원_인플방문후기_주사형비만치료제(the.hyunniverse)_260403,1861426333950193,2026-04-10,AGE_35_44,12397,1329,2,0.15,0,0,0.0,0,1188,KRW
2604_다이트_전환캠페인,(신)_수원_인플방문후기_주사형비만치료제(the.hyunniverse)_260403,1861426333950193,2026-04-10,AGE_45_54,24707,1756,8,0.46,0,0,0.0,0,1541,KRW
2604_다이트_전환캠페인,(신)_수원_인플방문후기_주사형비만치료제(the.hyunniverse)_260403,1861426333950193,2026-04-10,AGE_55_100,15915,1112,5,0.45,0,0,0.0,0,947,KRW
2604_다이트_전환캠페인,(신)_수원_인플방문후기_주사형비만치료제(the.hyunniverse)_260403,1861426333950193,2026-04-10,NONE,6,3,0,0.0,0,0,0.0,0,0,KRW
2604_다이트_전환캠페인,(신)_일산_인플방문후기_밥빵면안당기는원장님(itsmeyuriwon)_260407,1861796100333057,2026-04-10,AGE_35_44,2322,154,1,0.65,0,0,0.0,0,147,KRW
2604_다이트_전환캠페인,(신)_일산_인플방문후기_밥빵면안당기는원장님(itsmeyuriwon)_260407,1861796100333057,2026-04-10,AGE_45_54,5106,229,2,0.87,0,0,0.0,0,210,KRW
2604_다이트_전환캠페인,(신)_일산_인플방문후기_밥빵면안당기는원장님(itsmeyuriwon)_260407,1861796100333057,2026-04-10,AGE_55_100,2055,122,2,1.64,0,0,0.0,0,114,KRW
2604_다이트_전환캠페인,(신)_일산_인플방문후기_밥빵면안당기는원장님(itsmeyuriwon)_260407,1861796100333057,2026-04-10,NONE,0,0,0,0.0,0,0,0.0,0,0,KRW
2604_다이트_전환캠페인,(신)_일산_인플방문후기_주사형비만치료제(the.hyunniverse)_260403,1861968797915602,2026-04-10,AGE_35_44,10980,1216,5,0.41,2,5490,40.0,0,1134,KRW
2604_다이트_전환캠페인,(신)_일산_인플방문후기_주사형비만치료제(the.hyunniverse)_260403,1861968797915602,2026-04-10,AGE_45_54,21837,1697,12,0.71,1,21837,8.33,0,1544,KRW
2604_다이트_전환캠페인,(신)_일산_인플방문후기_주사형비만치료제(the.hyunniverse)_260403,1861968797915602,2026-04-10,AGE_55_100,14469,1091,11,1.01,0,0,0.0,0,1000,KRW
2604_다이트_전환캠페인,(신)_일산_인플방문후기_주사형비만치료제(the.hyunniverse)_260403,1861968797915602,2026-04-10,NONE,0,0,0,0.0,0,0,0.0,0,0,KRW
2603_다이트_전환캠페인,(신)_창원_의료진정보_주사형비만치료제 10년은_260116,1861074964856914,2026-04-10,NONE,0,0,0,0.0,0,0,0.0,0,0,KRW
2603_다이트_전환캠페인,(신)_창원_인플방문후기_건강한다이어트(박고경)_260324,1860542105384274,2026-04-10,NONE,0,0,0,0.0,0,0,0.0,0,0,KRW
2603_다이트_전환캠페인,(신)_창원_인플방문후기_더먹어야 다이어트 가능(더먹어유)_260313,1859538526785570,2026-04-10,NONE,0,0,0,0.0,0,0,0.0,0,0,KRW
2603_다이트_전환캠페인,(신)_창원_인플방문후기_먹을거 다먹으면서(미미)_260317,1859897624509618,2026-04-10,NONE,0,0,0,0.0,0,0,0.0,0,0,KRW
2604_다이트_전환캠페인,(신)_창원_인플방문후기_밥빵면안당기는원장님(itsmeyuriwon)_260407,1861796302859538,2026-04-10,AGE_35_44,4827,306,3,0.98,6,804,200.0,0,279,KRW
2604_다이트_전환캠페인,(신)_창원_인플방문후기_밥빵면안당기는원장님(itsmeyuriwon)_260407,1861796302859538,2026-04-10,AGE_45_54,7051,413,4,0.97,0,0,0.0,0,362,KRW
2604_다이트_전환캠페인,(신)_창원_인플방문후기_밥빵면안당기는원장님(itsmeyuriwon)_260407,1861796302859538,2026-04-10,AGE_55_100,4971,249,3,1.2,0,0,0.0,0,222,KRW
2604_다이트_전환캠페인,(신)_창원_인플방문후기_밥빵면안당기는원장님(itsmeyuriwon)_260407,1861796302859538,2026-04-10,NONE,10,3,0,0.0,0,0,0.0,0,0,KRW
2604_다이트_전환캠페인,(신)_창원_인플방문후기_주사형비만치료제(the.hyunniverse)_260403,1861427124084770,2026-04-10,AGE_35_44,6497,790,6,0.76,0,0,0.0,0,714,KRW
2604_다이트_전환캠페인,(신)_창원_인플방문후기_주사형비만치료제(the.hyunniverse)_260403,1861427124084770,2026-04-10,AGE_45_54,15246,1037,2,0.19,0,0,0.0,0,898,KRW
2604_다이트_전환캠페인,(신)_창원_인플방문후기_주사형비만치료제(the.hyunniverse)_260403,1861427124084770,2026-04-10,AGE_55_100,9305,759,2,0.26,0,0,0.0,0,634,KRW
2604_다이트_전환캠페인,(신)_창원_인플방문후기_주사형비만치료제(the.hyunniverse)_260403,1861427124084770,2026-04-10,NONE,49,6,0,0.0,0,0,0.0,0,0,KRW
2604_다이트_전환캠페인,(신)_천안_의료진정보_주사형비만치료제 10년은_260116,1861279064396242,2026-04-10,AGE_35_44,1508,41,1,2.44,0,0,0.0,0,40,KRW
2604_다이트_전환캠페인,(신)_천안_의료진정보_주사형비만치료제 10년은_260116,1861279064396242,2026-04-10,AGE_45_54,527,46,0,0.0,0,0,0.0,0,42,KRW
2604_다이트_전환캠페인,(신)_천안_의료진정보_주사형비만치료제 10년은_260116,1861279064396242,2026-04-10,AGE_55_100,455,46,0,0.0,0,0,0.0,0,41,KRW
2604_다이트_전환캠페인,(신)_천안_의료진정보_주사형비만치료제 10년은_260116,1861279064396242,2026-04-10,NONE,0,0,0,0.0,0,0,0.0,0,0,KRW
2603_다이트_전환캠페인,(신)_천안_인플방문후기_더먹어야 다이어트 가능(더먹어유)_260313,1859538629607521,2026-04-10,NONE,0,0,0,0.0,0,0,0.0,0,0,KRW
2604_다이트_전환캠페인,(신)_천안_인플방문후기_밥빵면안당기는원장님(itsmeyuriwon)_260407,1861796395517250,2026-04-10,AGE_35_44,654,68,0,0.0,0,0,0.0,0,65,KRW
2604_다이트_전환캠페인,(신)_천안_인플방문후기_밥빵면안당기는원장님(itsmeyuriwon)_260407,1861796395517250,2026-04-10,AGE_45_54,413,48,0,0.0,0,0,0.0,0,46,KRW
2604_다이트_전환캠페인,(신)_천안_인플방문후기_밥빵면안당기는원장님(itsmeyuriwon)_260407,1861796395517250,2026-04-10,AGE_55_100,544,23,1,4.35,0,0,0.0,0,23,KRW
2604_다이트_전환캠페인,(신)_천안_인플방문후기_밥빵면안당기는원장님(itsmeyuriwon)_260407,1861796395517250,2026-04-10,NONE,0,0,0,0.0,0,0,0.0,0,0,KRW
2604_다이트_전환캠페인,(신)_천안_인플방문후기_주사형비만치료제(the.hyunniverse)_260403,1861969033799841,2026-04-10,AGE_35_44,5970,600,3,0.5,0,0,0.0,0,548,KRW
2604_다이트_전환캠페인,(신)_천안_인플방문후기_주사형비만치료제(the.hyunniverse)_260403,1861969033799841,2026-04-10,AGE_45_54,7439,680,3,0.44,0,0,0.0,0,604,KRW
2604_다이트_전환캠페인,(신)_천안_인플방문후기_주사형비만치료제(the.hyunniverse)_260403,1861969033799841,2026-04-10,AGE_55_100,4415,373,1,0.27,0,0,0.0,0,335,KRW
2604_다이트_전환캠페인,(신)_천안_인플방문후기_주사형비만치료제(the.hyunniverse)_260403,1861969033799841,2026-04-10,NONE,0,0,0,0.0,0,0,0.0,0,0,KRW
2604_다이트_전환캠페인,(신)_천안_진료셀프캠_주사형 비만치료제보다 더중요한이것_260120,1861969112559697,2026-04-10,AGE_35_44,680,96,1,1.04,0,0,0.0,0,88,KRW
2604_다이트_전환캠페인,(신)_천안_진료셀프캠_주사형 비만치료제보다 더중요한이것_260120,1861969112559697,2026-04-10,AGE_45_54,1090,95,1,1.05,0,0,0.0,0,86,KRW
2604_다이트_전환캠페인,(신)_천안_진료셀프캠_주사형 비만치료제보다 더중요한이것_260120,1861969112559697,2026-04-10,AGE_55_100,902,102,1,0.98,1,902,100.0,0,93,KRW
2603_다이트_전환캠페인,(신)_천안_진료셀프캠_주사형 비만치료제보다 더중요한이것_260120,1858358889565697,2026-04-10,NONE,0,0,0,0.0,0,0,0.0,0,0,KRW
2604_다이트_전환캠페인,(신)_천안_진료셀프캠_주사형 비만치료제보다 더중요한이것_260120,1861969112559697,2026-04-10,NONE,0,0,0,0.0,0,0,0.0,0,0,KRW
2603_다이트_전환캠페인,(재)_대구_리얼모델후기_체지방만 14kg 먹으면서_260324,1860540866227313,2026-04-10,NONE,0,0,0,0.0,0,0,0.0,0,0,KRW
2604_다이트_전환캠페인,(재)_대구_의료진정보_무작정운동으로 팩폭_260406,1861709464313057,2026-04-10,AGE_35_44,727,108,1,0.93,0,0,0.0,0,106,KRW
2604_다이트_전환캠페인,(재)_대구_의료진정보_무작정운동으로 팩폭_260406,1861709464313057,2026-04-10,AGE_45_54,707,80,1,1.25,0,0,0.0,0,78,KRW
2604_다이트_전환캠페인,(재)_대구_의료진정보_무작정운동으로 팩폭_260406,1861709464313057,2026-04-10,AGE_55_100,1230,74,0,0.0,0,0,0.0,0,74,KRW
2604_다이트_전환캠페인,(재)_대구_의료진정보_무작정운동으로 팩폭_260406,1861709464313057,2026-04-10,NONE,0,0,0,0.0,0,0,0.0,0,0,KRW
2603_다이트_전환캠페인,(재)_대구_의료진정보_비만주사 굶는다이어트_260320,1860263658516898,2026-04-10,NONE,0,0,0,0.0,0,0,0.0,0,0,KRW
2603_다이트_전환캠페인,(재)_대구_의료진정보_비만주사요요 탄수중독_260320,1860170996611154,2026-04-10,NONE,0,0,0,0.0,0,0,0.0,0,0,KRW
2604_다이트_전환캠페인,"(재)_대구_인플방문후기_건강한다이어트(대구,박고경)_260325",1861278128485793,2026-04-10,AGE_35_44,2830,358,1,0.28,1,2830,100.0,0,348,KRW
2604_다이트_전환캠페인,"(재)_대구_인플방문후기_건강한다이어트(대구,박고경)_260325",1861278128485793,2026-04-10,AGE_45_54,2732,251,2,0.8,0,0,0.0,0,245,KRW
2604_다이트_전환캠페인,"(재)_대구_인플방문후기_건강한다이어트(대구,박고경)_260325",1861278128485793,2026-04-10,AGE_55_100,1225,182,0,0.0,0,0,0.0,0,175,KRW
2603_다이트_전환캠페인,"(재)_대구_인플방문후기_건강한다이어트(대구,박고경)_260325",1860614125298753,2026-04-10,NONE,0,0,0,0.0,0,0,0.0,0,0,KRW
2604_다이트_전환캠페인,"(재)_대구_인플방문후기_건강한다이어트(대구,박고경)_260325",1861278128485793,2026-04-10,NONE,5,2,0,0.0,0,0,0.0,0,0,KRW
2603_다이트_전환캠페인,(재)_대구_인플방문후기_맘껏먹는 다이어트 한달후기_260306,1858833581846626,2026-04-10,NONE,0,0,0,0.0,0,0,0.0,0,0,KRW
2604_다이트_전환캠페인,(재)_대구_인플방문후기_먹고싶은거다먹는(수원잇츠)_260403,1861437815982145,2026-04-10,AGE_35_44,987,139,0,0.0,0,0,0.0,0,128,KRW
2604_다이트_전환캠페인,(재)_대구_인플방문후기_먹고싶은거다먹는(수원잇츠)_260403,1861437815982145,2026-04-10,AGE_45_54,2160,177,0,0.0,0,0,0.0,0,161,KRW
2604_다이트_전환캠페인,(재)_대구_인플방문후기_먹고싶은거다먹는(수원잇츠)_260403,1861437815982145,2026-04-10,AGE_55_100,1349,137,0,0.0,0,0,0.0,0,123,KRW
2604_다이트_전환캠페인,(재)_대구_인플방문후기_먹고싶은거다먹는(수원잇츠)_260403,1861437815982145,2026-04-10,NONE,0,0,0,0.0,0,0,0.0,0,0,KRW
2603_다이트_전환캠페인,(재)_대구_인플방문후기_체지방만쏙빼는(부산잇츠)_260220,1858358889560241,2026-04-10,NONE,0,0,0,0.0,0,0,0.0,0,0,KRW
2603_다이트_전환캠페인,(재)_대구_진료셀프캠_50대 뱃살 체지방만_260317,1859896191187025,2026-04-10,NONE,0,0,0,0.0,0,0,0.0,0,0,KRW
2604_다이트_전환캠페인,(재)_대구_진료셀프캠_다이어트의적 밥빵면_260407,1861778669641809,2026-04-10,AGE_35_44,873,152,4,2.63,0,0,0.0,0,142,KRW
2604_다이트_전환캠페인,(재)_대구_진료셀프캠_다이어트의적 밥빵면_260407,1861778669641809,2026-04-10,AGE_45_54,829,123,2,1.63,0,0,0.0,0,119,KRW
2604_다이트_전환캠페인,(재)_대구_진료셀프캠_다이어트의적 밥빵면_260407,1861778669641809,2026-04-10,AGE_55_100,1095,125,1,0.8,0,0,0.0,0,117,KRW
2604_다이트_전환캠페인,(재)_대구_진료셀프캠_다이어트의적 밥빵면_260407,1861778669641809,2026-04-10,NONE,6,1,0,0.0,0,0,0.0,0,0,KRW
2604_다이트_전환캠페인,(재)_대구_진료셀프캠_식욕억제주사실패 마지막_260407,1861779512219682,2026-04-10,AGE_35_44,2980,268,3,1.12,0,0,0.0,0,258,KRW
2604_다이트_전환캠페인,(재)_대구_진료셀프캠_식욕억제주사실패 마지막_260407,1861779512219682,2026-04-10,AGE_45_54,4385,363,3,0.83,0,0,0.0,0,345,KRW
2604_다이트_전환캠페인,(재)_대구_진료셀프캠_식욕억제주사실패 마지막_260407,1861779512219682,2026-04-10,AGE_55_100,3075,220,1,0.45,0,0,0.0,0,204,KRW
2604_다이트_전환캠페인,(재)_대구_진료셀프캠_식욕억제주사실패 마지막_260407,1861779512219682,2026-04-10,NONE,10,1,0,0.0,0,0,0.0,0,0,KRW
2604_다이트_전환캠페인,(재)_대구_진료셀프캠_주사형비만치료제 고민끝에 50대부부 -32kg_260225,1861278082187298,2026-04-10,AGE_35_44,5742,554,2,0.36,0,0,0.0,0,533,KRW
2604_다이트_전환캠페인,(재)_대구_진료셀프캠_주사형비만치료제 고민끝에 50대부부 -32kg_260225,1861278082187298,2026-04-10,AGE_45_54,14811,745,4,0.54,0,0,0.0,0,721,KRW
2604_다이트_전환캠페인,(재)_대구_진료셀프캠_주사형비만치료제 고민끝에 50대부부 -32kg_260225,1861278082187298,2026-04-10,AGE_55_100,11807,647,3,0.46,1,11807,33.33,0,603,KRW
2603_다이트_전환캠페인,(재)_대구_진료셀프캠_주사형비만치료제 고민끝에 50대부부 -32kg_260225,1860546064808049,2026-04-10,NONE,0,0,0,0.0,0,0,0.0,0,0,KRW
2604_다이트_전환캠페인,(재)_대구_진료셀프캠_주사형비만치료제 고민끝에 50대부부 -32kg_260225,1861278082187298,2026-04-10,NONE,104,4,0,0.0,0,0,0.0,0,0,KRW
2604_다이트_전환캠페인,"(재)_대전_인플방문후기_건강한다이어트(대전, 박고경)_260406",1861709876075633,2026-04-10,AGE_35_44,507,60,0,0.0,0,0,0.0,0,60,KRW
2604_다이트_전환캠페인,"(재)_대전_인플방문후기_건강한다이어트(대전, 박고경)_260406",1861709876075633,2026-04-10,AGE_45_54,607,52,0,0.0,0,0,0.0,0,52,KRW
2604_다이트_전환캠페인,"(재)_대전_인플방문후기_건강한다이어트(대전, 박고경)_260406",1861709876075633,2026-04-10,AGE_55_100,727,33,0,0.0,0,0,0.0,0,32,KRW
2604_다이트_전환캠페인,"(재)_대전_인플방문후기_건강한다이어트(대전, 박고경)_260406",1861709876075633,2026-04-10,NONE,2,2,0,0.0,0,0,0.0,0,0,KRW
2604_다이트_전환캠페인,(재)_대전_인플방문후기_맘껏먹는 다이어트 한달후기_260306,1861708302605361,2026-04-10,AGE_35_44,769,96,0,0.0,0,0,0.0,0,89,KRW
2604_다이트_전환캠페인,(재)_대전_인플방문후기_맘껏먹는 다이어트 한달후기_260306,1861708302605361,2026-04-10,AGE_45_54,1547,112,1,0.89,0,0,0.0,0,104,KRW
2604_다이트_전환캠페인,(재)_대전_인플방문후기_맘껏먹는 다이어트 한달후기_260306,1861708302605361,2026-04-10,AGE_55_100,571,50,0,0.0,0,0,0.0,0,49,KRW
2604_다이트_전환캠페인,(재)_대전_진료셀프캠_다이어트의적 밥빵면_260407,1861776478109986,2026-04-10,AGE_35_44,1989,262,3,1.15,0,0,0.0,0,245,KRW
2604_다이트_전환캠페인,(재)_대전_진료셀프캠_다이어트의적 밥빵면_260407,1861776478109986,2026-04-10,AGE_45_54,4003,318,2,0.63,1,4003,50.0,0,294,KRW
2604_다이트_전환캠페인,(재)_대전_진료셀프캠_다이어트의적 밥빵면_260407,1861776478109986,2026-04-10,AGE_55_100,1974,203,2,0.99,1,1974,50.0,0,183,KRW
2604_다이트_전환캠페인,(재)_대전_진료셀프캠_다이어트의적 밥빵면_260407,1861776478109986,2026-04-10,NONE,0,0,0,0.0,0,0,0.0,0,0,KRW
2604_다이트_전환캠페인,(재)_대전_진료셀프캠_식욕억제주사실패 마지막_260406,1861708051912898,2026-04-10,AGE_35_44,3839,289,4,1.38,1,3839,25.0,0,280,KRW
2604_다이트_전환캠페인,(재)_대전_진료셀프캠_식욕억제주사실패 마지막_260406,1861708051912898,2026-04-10,AGE_45_54,6301,296,0,0.0,0,0,0.0,0,284,KRW
2604_다이트_전환캠페인,(재)_대전_진료셀프캠_식욕억제주사실패 마지막_260406,1861708051912898,2026-04-10,AGE_55_100,1948,139,2,1.44,0,0,0.0,0,133,KRW
2604_다이트_전환캠페인,(재)_대전_진료셀프캠_식욕억제주사실패 마지막_260406,1861708051912898,2026-04-10,NONE,1,1,0,0.0,0,0,0.0,0,0,KRW
2604_다이트_전환캠페인,(재)_대전_진료셀프캠_주사형비만치료제 고민끝에 50대부부 -32kg_260225,1861708178989089,2026-04-10,AGE_35_44,5006,478,2,0.42,0,0,0.0,0,464,KRW
2604_다이트_전환캠페인,(재)_대전_진료셀프캠_주사형비만치료제 고민끝에 50대부부 -32kg_260225,1861708178989089,2026-04-10,AGE_45_54,10100,689,3,0.44,0,0,0.0,0,657,KRW
2604_다이트_전환캠페인,(재)_대전_진료셀프캠_주사형비만치료제 고민끝에 50대부부 -32kg_260225,1861708178989089,2026-04-10,AGE_55_100,8254,520,3,0.58,0,0,0.0,0,488,KRW
2604_다이트_전환캠페인,(재)_대전_진료셀프캠_주사형비만치료제 고민끝에 50대부부 -32kg_260225,1861708178989089,2026-04-10,NONE,27,6,0,0.0,0,0,0.0,0,0,KRW
2603_다이트_전환캠페인,(재)_부평_리얼모델후기_체지방만 14kg 먹으면서_260324,1860540316833154,2026-04-10,NONE,0,0,0,0.0,0,0,0.0,0,0,KRW
2604_다이트_전환캠페인,(재)_부평_의료진정보_무작정운동으로 팩폭_260406,1861709708534065,2026-04-10,AGE_35_44,1024,79,0,0.0,0,0,0.0,0,77,KRW
2604_다이트_전환캠페인,(재)_부평_의료진정보_무작정운동으로 팩폭_260406,1861709708534065,2026-04-10,AGE_45_54,635,79,1,1.27,0,0,0.0,0,77,KRW
2604_다이트_전환캠페인,(재)_부평_의료진정보_무작정운동으로 팩폭_260406,1861709708534065,2026-04-10,AGE_55_100,877,41,0,0.0,0,0,0.0,0,38,KRW
2603_다이트_전환캠페인,(재)_부평_의료진정보_비만주사 굶는다이어트_260320,1860170168891553,2026-04-10,NONE,0,0,0,0.0,0,0,0.0,0,0,KRW
2604_다이트_전환캠페인,(재)_부평_인플방문후기_먹고싶은거다먹는(수원잇츠)_260403,1861438021385394,2026-04-10,AGE_35_44,0,0,0,0.0,0,0,0.0,0,0,KRW
2603_다이트_전환캠페인,(재)_부평_진료셀프캠_비만주사끊고15kg_260326,1860713378682322,2026-04-10,NONE,0,0,0,0.0,0,0,0.0,0,0,KRW
2604_다이트_전환캠페인,(재)_부평_진료셀프캠_식욕억제주사실패 마지막_260407,1861779276638289,2026-04-10,AGE_35_44,2588,270,1,0.37,1,2588,100.0,0,261,KRW
2604_다이트_전환캠페인,(재)_부평_진료셀프캠_식욕억제주사실패 마지막_260407,1861779276638289,2026-04-10,AGE_45_54,3093,274,2,0.73,0,0,0.0,0,257,KRW
2604_다이트_전환캠페인,(재)_부평_진료셀프캠_식욕억제주사실패 마지막_260407,1861779276638289,2026-04-10,AGE_55_100,1984,182,0,0.0,0,0,0.0,0,164,KRW
2604_다이트_전환캠페인,(재)_부평_진료셀프캠_식욕억제주사실패 마지막_260407,1861779276638289,2026-04-10,NONE,0,0,0,0.0,0,0,0.0,0,0,KRW
2604_다이트_전환캠페인,(재)_부평_진료셀프캠_주사형비만치료제 고민끝에 50대부부 -32kg_260225,1861276697497633,2026-04-10,AGE_35_44,4024,302,4,1.32,1,4024,25.0,0,291,KRW
2604_다이트_전환캠페인,(재)_부평_진료셀프캠_주사형비만치료제 고민끝에 50대부부 -32kg_260225,1861276697497633,2026-04-10,AGE_45_54,6400,380,1,0.26,0,0,0.0,0,364,KRW
2604_다이트_전환캠페인,(재)_부평_진료셀프캠_주사형비만치료제 고민끝에 50대부부 -32kg_260225,1861276697497633,2026-04-10,AGE_55_100,6653,281,2,0.71,0,0,0.0,0,267,KRW
2603_다이트_전환캠페인,(재)_부평_진료셀프캠_주사형비만치료제 고민끝에 50대부부 -32kg_260225,1858358875905138,2026-04-10,NONE,0,0,0,0.0,0,0,0.0,0,0,KRW
2604_다이트_전환캠페인,(재)_부평_진료셀프캠_주사형비만치료제 고민끝에 50대부부 -32kg_260225,1861276697497633,2026-04-10,NONE,28,3,0,0.0,0,0,0.0,0,0,KRW
2604_다이트_전환캠페인,(재)_서울_의료진정보_무작정운동으로 팩폭_260406,1861709796228209,2026-04-10,AGE_35_44,108,32,0,0.0,0,0,0.0,0,31,KRW
2604_다이트_전환캠페인,(재)_서울_의료진정보_무작정운동으로 팩폭_260406,1861709796228209,2026-04-10,AGE_45_54,199,33,0,0.0,0,0,0.0,0,32,KRW
2604_다이트_전환캠페인,(재)_서울_의료진정보_무작정운동으로 팩폭_260406,1861709796228209,2026-04-10,AGE_55_100,185,26,0,0.0,0,0,0.0,0,24,KRW
2604_다이트_전환캠페인,(재)_서울_의료진정보_무작정운동으로 팩폭_260406,1861709796228209,2026-04-10,NONE,0,0,0,0.0,0,0,0.0,0,0,KRW
2603_다이트_전환캠페인,(재)_서울_의료진정보_비만주사 굶는다이어트_260320,1860169742535889,2026-04-10,NONE,0,0,0,0.0,0,0,0.0,0,0,KRW
2603_다이트_전환캠페인,"(재)_서울_인플방문후기_건강한다이어트(서울,박고경)_260325",1860614178390386,2026-04-10,NONE,0,0,0,0.0,0,0,0.0,0,0,KRW
2604_다이트_전환캠페인,(재)_서울_인플방문후기_맘껏먹는 다이어트 한달후기_260306,1861276306937889,2026-04-10,AGE_35_44,262,24,0,0.0,0,0,0.0,0,24,KRW
2604_다이트_전환캠페인,(재)_서울_인플방문후기_맘껏먹는 다이어트 한달후기_260306,1861276306937889,2026-04-10,AGE_45_54,197,25,0,0.0,0,0,0.0,0,24,KRW
2604_다이트_전환캠페인,(재)_서울_인플방문후기_맘껏먹는 다이어트 한달후기_260306,1861276306937889,2026-04-10,AGE_55_100,502,26,0,0.0,0,0,0.0,0,24,KRW
2603_다이트_전환캠페인,(재)_서울_인플방문후기_맘껏먹는 다이어트 한달후기_260306,1858832894864657,2026-04-10,NONE,0,0,0,0.0,0,0,0.0,0,0,KRW
2604_다이트_전환캠페인,(재)_서울_인플방문후기_먹고싶은거다먹는(수원잇츠)_260403,1861438096695922,2026-04-10,AGE_35_44,500,57,0,0.0,0,0,0.0,0,56,KRW
2604_다이트_전환캠페인,(재)_서울_인플방문후기_먹고싶은거다먹는(수원잇츠)_260403,1861438096695922,2026-04-10,AGE_45_54,313,39,0,0.0,0,0,0.0,0,38,KRW
2604_다이트_전환캠페인,(재)_서울_인플방문후기_먹고싶은거다먹는(수원잇츠)_260403,1861438096695922,2026-04-10,AGE_55_100,220,37,0,0.0,0,0,0.0,0,37,KRW
2603_다이트_전환캠페인,(재)_서울_진료셀프캠_50대 뱃살 체지방만_260317,1859896310509633,2026-04-10,NONE,0,0,0,0.0,0,0,0.0,0,0,KRW
2603_다이트_전환캠페인,(재)_서울_진료셀프캠_비만주사끊고15kg_260326,1860713002800561,2026-04-10,NONE,0,0,0,0.0,0,0,0.0,0,0,KRW
2603_다이트_전환캠페인,(재)_서울_진료셀프캠_비만주사없이 체질_260320,1860169742535905,2026-04-10,NONE,0,0,0,0.0,0,0,0.0,0,0,KRW
2604_다이트_전환캠페인,(재)_서울_진료셀프캠_식욕억제주사실패 마지막_260407,1861778815720546,2026-04-10,AGE_35_44,2121,150,2,1.33,0,0,0.0,0,145,KRW
2604_다이트_전환캠페인,(재)_서울_진료셀프캠_식욕억제주사실패 마지막_260407,1861778815720546,2026-04-10,AGE_45_54,3208,168,4,2.38,0,0,0.0,0,158,KRW
2604_다이트_전환캠페인,(재)_서울_진료셀프캠_식욕억제주사실패 마지막_260407,1861778815720546,2026-04-10,AGE_55_100,2448,143,3,2.1,1,2448,33.33,0,130,KRW
2604_다이트_전환캠페인,(재)_서울_진료셀프캠_식욕억제주사실패 마지막_260407,1861778815720546,2026-04-10,NONE,0,0,0,0.0,0,0,0.0,0,0,KRW
2604_다이트_전환캠페인,(재)_서울_진료셀프캠_주사형비만치료제 고민끝에 50대부부 -32kg_260225,1861276155386962,2026-04-10,AGE_35_44,3367,264,0,0.0,0,0,0.0,0,260,KRW
2604_다이트_전환캠페인,(재)_서울_진료셀프캠_주사형비만치료제 고민끝에 50대부부 -32kg_260225,1861276155386962,2026-04-10,AGE_45_54,6732,459,2,0.44,0,0,0.0,0,440,KRW
2604_다이트_전환캠페인,(재)_서울_진료셀프캠_주사형비만치료제 고민끝에 50대부부 -32kg_260225,1861276155386962,2026-04-10,AGE_55_100,8517,478,7,1.46,0,0,0.0,0,459,KRW
2603_다이트_전환캠페인,(재)_서울_진료셀프캠_주사형비만치료제 고민끝에 50대부부 -32kg_260225,1859357641001154,2026-04-10,NONE,0,0,0,0.0,0,0,0.0,0,0,KRW
2604_다이트_전환캠페인,(재)_서울_진료셀프캠_주사형비만치료제 고민끝에 50대부부 -32kg_260225,1861276155386962,2026-04-10,NONE,35,3,0,0.0,0,0,0.0,0,0,KRW
2604_다이트_전환캠페인,(재)_수원_의료진정보_4050나잇살 이유는 여기에_260410,1862064207732210,2026-04-10,AGE_25_34,1444,416,1,0.24,0,0,0.0,0,410,KRW
2604_다이트_전환캠페인,(재)_수원_의료진정보_4050나잇살 이유는 여기에_260410,1862064207732210,2026-04-10,AGE_35_44,1780,391,0,0.0,0,0,0.0,0,368,KRW
2604_다이트_전환캠페인,(재)_수원_의료진정보_4050나잇살 이유는 여기에_260410,1862064207732210,2026-04-10,AGE_45_54,3374,464,1,0.22,0,0,0.0,0,441,KRW
2604_다이트_전환캠페인,(재)_수원_의료진정보_4050나잇살 이유는 여기에_260410,1862064207732210,2026-04-10,AGE_55_100,2514,399,0,0.0,3,838,0.0,0,379,KRW
2604_다이트_전환캠페인,(재)_수원_의료진정보_4050나잇살 이유는 여기에_260410,1862064207732210,2026-04-10,NONE,0,0,0,0.0,0,0,0.0,0,0,KRW
2604_다이트_전환캠페인,(재)_수원_의료진정보_무작정운동으로 팩폭_260406,1861709615890674,2026-04-10,AGE_25_34,435,72,0,0.0,0,0,0.0,0,71,KRW
2604_다이트_전환캠페인,(재)_수원_의료진정보_무작정운동으로 팩폭_260406,1861709615890674,2026-04-10,AGE_35_44,811,69,2,2.9,0,0,0.0,0,65,KRW
2604_다이트_전환캠페인,(재)_수원_의료진정보_무작정운동으로 팩폭_260406,1861709615890674,2026-04-10,AGE_45_54,1823,66,2,3.03,0,0,0.0,0,65,KRW
2604_다이트_전환캠페인,(재)_수원_의료진정보_무작정운동으로 팩폭_260406,1861709615890674,2026-04-10,AGE_55_100,1077,55,0,0.0,0,0,0.0,0,53,KRW
2604_다이트_전환캠페인,(재)_수원_의료진정보_무작정운동으로 팩폭_260406,1861709615890674,2026-04-10,NONE,0,0,0,0.0,0,0,0.0,0,0,KRW
2603_다이트_전환캠페인,(재)_수원_의료진정보_비만주사 굶는다이어트_260320,1860170429960209,2026-04-10,NONE,0,0,0,0.0,0,0,0.0,0,0,KRW
2603_다이트_전환캠페인,(재)_수원_의료진정보_비만주사요요 탄수중독_260320,1860263832597602,2026-04-10,NONE,0,0,0,0.0,0,0,0.0,0,0,KRW
2604_다이트_전환캠페인,"(재)_수원_인플방문후기_건강한다이어트(수원,박고경)_260325",1861277190081841,2026-04-10,AGE_25_34,5382,857,6,0.7,0,0,0.0,0,831,KRW
2604_다이트_전환캠페인,"(재)_수원_인플방문후기_건강한다이어트(수원,박고경)_260325",1861277190081841,2026-04-10,AGE_35_44,8771,762,4,0.52,0,0,0.0,0,728,KRW
2604_다이트_전환캠페인,"(재)_수원_인플방문후기_건강한다이어트(수원,박고경)_260325",1861277190081841,2026-04-10,AGE_45_54,9496,602,2,0.33,0,0,0.0,0,559,KRW
2604_다이트_전환캠페인,"(재)_수원_인플방문후기_건강한다이어트(수원,박고경)_260325",1861277190081841,2026-04-10,AGE_55_100,3876,392,4,1.02,0,0,0.0,0,354,KRW
2603_다이트_전환캠페인,"(재)_수원_인플방문후기_건강한다이어트(수원,박고경)_260325",1860614554255474,2026-04-10,NONE,0,0,0,0.0,0,0,0.0,0,0,KRW
2604_다이트_전환캠페인,"(재)_수원_인플방문후기_건강한다이어트(수원,박고경)_260325",1861277190081841,2026-04-10,NONE,15,3,0,0.0,0,0,0.0,0,0,KRW
2604_다이트_전환캠페인,(재)_수원_인플방문후기_먹고싶은거다먹는(수원잇츠)_260403,1861437972025618,2026-04-10,AGE_25_34,2457,499,2,0.4,0,0,0.0,0,477,KRW
2604_다이트_전환캠페인,(재)_수원_인플방문후기_먹고싶은거다먹는(수원잇츠)_260403,1861437972025618,2026-04-10,AGE_35_44,3422,489,0,0.0,0,0,0.0,0,448,KRW
2604_다이트_전환캠페인,(재)_수원_인플방문후기_먹고싶은거다먹는(수원잇츠)_260403,1861437972025618,2026-04-10,AGE_45_54,3925,492,0,0.0,0,0,0.0,0,450,KRW
2604_다이트_전환캠페인,(재)_수원_인플방문후기_먹고싶은거다먹는(수원잇츠)_260403,1861437972025618,2026-04-10,AGE_55_100,3496,406,0,0.0,0,0,0.0,0,361,KRW
2604_다이트_전환캠페인,(재)_수원_인플방문후기_먹고싶은거다먹는(수원잇츠)_260403,1861437972025618,2026-04-10,NONE,23,1,0,0.0,0,0,0.0,0,0,KRW
2603_다이트_전환캠페인,(재)_수원_진료셀프캠_50대 뱃살 체지방만_260317,1859896079113569,2026-04-10,NONE,0,0,0,0.0,0,0,0.0,0,0,KRW
2604_다이트_전환캠페인,(재)_수원_진료셀프캠_비만주사끊고15kg_260326,1861277272418370,2026-04-10,AGE_25_34,194,21,0,0.0,0,0,0.0,0,20,KRW
2604_다이트_전환캠페인,(재)_수원_진료셀프캠_비만주사끊고15kg_260326,1861277272418370,2026-04-10,AGE_35_44,287,23,0,0.0,0,0,0.0,0,23,KRW
2604_다이트_전환캠페인,(재)_수원_진료셀프캠_비만주사끊고15kg_260326,1861277272418370,2026-04-10,AGE_45_54,453,31,0,0.0,0,0,0.0,0,29,KRW
2604_다이트_전환캠페인,(재)_수원_진료셀프캠_비만주사끊고15kg_260326,1861277272418370,2026-04-10,AGE_55_100,372,12,0,0.0,0,0,0.0,0,12,KRW
2603_다이트_전환캠페인,(재)_수원_진료셀프캠_비만주사없이 체질_260320,1860263832597618,2026-04-10,NONE,0,0,0,0.0,0,0,0.0,0,0,KRW
2604_다이트_전환캠페인,(재)_수원_진료셀프캠_비만주사없이 체질_260320,1861277107797025,2026-04-10,NONE,0,0,0,0.0,0,0,0.0,0,0,KRW
2604_다이트_전환캠페인,(재)_수원_진료셀프캠_식욕억제주사실패 마지막_260407,1861779341060274,2026-04-10,AGE_25_34,955,292,3,1.03,0,0,0.0,0,285,KRW
2604_다이트_전환캠페인,(재)_수원_진료셀프캠_식욕억제주사실패 마지막_260407,1861779341060274,2026-04-10,AGE_35_44,1325,235,0,0.0,0,0,0.0,0,223,KRW
2604_다이트_전환캠페인,(재)_수원_진료셀프캠_식욕억제주사실패 마지막_260407,1861779341060274,2026-04-10,AGE_45_54,1383,265,1,0.38,0,0,0.0,0,249,KRW
2604_다이트_전환캠페인,(재)_수원_진료셀프캠_식욕억제주사실패 마지막_260407,1861779341060274,2026-04-10,AGE_55_100,1324,219,1,0.46,0,0,0.0,0,207,KRW
2604_다이트_전환캠페인,(재)_수원_진료셀프캠_식욕억제주사실패 마지막_260407,1861779341060274,2026-04-10,NONE,0,0,0,0.0,0,0,0.0,0,0,KRW
2603_다이트_전환캠페인,(재)_수원_진료셀프캠_주사형비만치료제 고민끝에 50대부부 -32kg_260225,1858358889554017,2026-04-10,NONE,0,0,0,0.0,0,0,0.0,0,0,KRW
2603_다이트_전환캠페인,(재)_수원_진료셀프캠_하체비만 40대 통짜바지_260311,1859358275806641,2026-04-10,NONE,0,0,0,0.0,0,0,0.0,0,0,KRW
2604_다이트_전환캠페인,(재)_일산_의료진정보_무작정운동으로 팩폭_260406,1861709552021505,2026-04-10,AGE_35_44,365,34,0,0.0,0,0,0.0,0,33,KRW
2604_다이트_전환캠페인,(재)_일산_의료진정보_무작정운동으로 팩폭_260406,1861709552021505,2026-04-10,AGE_45_54,747,26,0,0.0,0,0,0.0,0,25,KRW
2604_다이트_전환캠페인,(재)_일산_의료진정보_무작정운동으로 팩폭_260406,1861709552021505,2026-04-10,AGE_55_100,333,21,0,0.0,0,0,0.0,0,21,KRW
2604_다이트_전환캠페인,"(재)_일산_인플방문후기_건강한다이어트(일산, 박고경)_260325",1861277705679282,2026-04-10,AGE_35_44,170,44,0,0.0,0,0,0.0,0,43,KRW
2604_다이트_전환캠페인,"(재)_일산_인플방문후기_건강한다이어트(일산, 박고경)_260325",1861277705679282,2026-04-10,AGE_45_54,71,30,0,0.0,0,0,0.0,0,27,KRW
2604_다이트_전환캠페인,"(재)_일산_인플방문후기_건강한다이어트(일산, 박고경)_260325",1861277705679282,2026-04-10,AGE_55_100,242,43,0,0.0,0,0,0.0,0,43,KRW
2604_다이트_전환캠페인,"(재)_일산_인플방문후기_건강한다이어트(일산, 박고경)_260325",1861277705679282,2026-04-10,NONE,0,0,0,0.0,0,0,0.0,0,0,KRW
2604_다이트_전환캠페인,(재)_일산_인플방문후기_맘껏먹는 다이어트 한달후기_260306,1861277479159890,2026-04-10,AGE_35_44,4180,252,1,0.4,0,0,0.0,0,234,KRW
2604_다이트_전환캠페인,(재)_일산_인플방문후기_맘껏먹는 다이어트 한달후기_260306,1861277479159890,2026-04-10,AGE_45_54,4247,226,2,0.88,0,0,0.0,0,211,KRW
2604_다이트_전환캠페인,(재)_일산_인플방문후기_맘껏먹는 다이어트 한달후기_260306,1861277479159890,2026-04-10,AGE_55_100,3096,112,1,0.89,2,1548,200.0,0,109,KRW
2604_다이트_전환캠페인,(재)_일산_인플방문후기_맘껏먹는 다이어트 한달후기_260306,1861277479159890,2026-04-10,NONE,93,1,0,0.0,0,0,0.0,0,0,KRW
2603_다이트_전환캠페인,(재)_일산_인플방문후기_맘껏먹는 다이어트 한달후기_260306,1858833441334273,2026-04-10,NONE,0,0,0,0.0,0,0,0.0,0,0,KRW
2604_다이트_전환캠페인,(재)_일산_인플방문후기_먹고싶은거다먹는(수원잇츠)_260403,1861437881987106,2026-04-10,AGE_35_44,1026,109,0,0.0,0,0,0.0,0,100,KRW
2604_다이트_전환캠페인,(재)_일산_인플방문후기_먹고싶은거다먹는(수원잇츠)_260403,1861437881987106,2026-04-10,AGE_45_54,1926,146,1,0.68,0,0,0.0,0,131,KRW
2604_다이트_전환캠페인,(재)_일산_인플방문후기_먹고싶은거다먹는(수원잇츠)_260403,1861437881987106,2026-04-10,AGE_55_100,910,75,0,0.0,0,0,0.0,0,70,KRW
2604_다이트_전환캠페인,(재)_일산_인플방문후기_먹고싶은거다먹는(수원잇츠)_260403,1861437881987106,2026-04-10,NONE,3,1,0,0.0,0,0,0.0,0,0,KRW
2603_다이트_전환캠페인,(재)_일산_진료셀프캠_50대 뱃살 체지방만_260317,1859895953149089,2026-04-10,NONE,0,0,0,0.0,0,0,0.0,0,0,KRW
2604_다이트_전환캠페인,(재)_일산_진료셀프캠_비만주사 10년은 늙어보인대요_260326,1861277619225650,2026-04-10,AGE_35_44,228,21,0,0.0,0,0,0.0,0,21,KRW
2604_다이트_전환캠페인,(재)_일산_진료셀프캠_비만주사 10년은 늙어보인대요_260326,1861277619225650,2026-04-10,AGE_45_54,55,10,0,0.0,0,0,0.0,0,10,KRW
2604_다이트_전환캠페인,(재)_일산_진료셀프캠_비만주사 10년은 늙어보인대요_260326,1861277619225650,2026-04-10,AGE_55_100,73,17,0,0.0,0,0,0.0,0,17,KRW
2604_다이트_전환캠페인,(재)_일산_진료셀프캠_비만주사 10년은 늙어보인대요_260326,1861277619225650,2026-04-10,NONE,2,1,0,0.0,0,0,0.0,0,0,KRW
2603_다이트_전환캠페인,(재)_일산_진료셀프캠_비만주사없이 체질_260320,1860170767678546,2026-04-10,NONE,0,0,0,0.0,0,0,0.0,0,0,KRW
2604_다이트_전환캠페인,(재)_일산_진료셀프캠_식욕억제주사실패 마지막_260407,1861779422527666,2026-04-10,AGE_35_44,729,88,0,0.0,0,0,0.0,0,87,KRW
2604_다이트_전환캠페인,(재)_일산_진료셀프캠_식욕억제주사실패 마지막_260407,1861779422527666,2026-04-10,AGE_45_54,1292,144,2,1.39,0,0,0.0,0,138,KRW
2604_다이트_전환캠페인,(재)_일산_진료셀프캠_식욕억제주사실패 마지막_260407,1861779422527666,2026-04-10,AGE_55_100,1172,120,2,1.67,0,0,0.0,0,118,KRW
2604_다이트_전환캠페인,(재)_일산_진료셀프캠_식욕억제주사실패 마지막_260407,1861779422527666,2026-04-10,NONE,3,2,0,0.0,0,0,0.0,0,0,KRW
2604_다이트_전환캠페인,(재)_일산_진료셀프캠_주사형비만치료제 고민끝에 40대부부 -32kg_260225,1861277533224961,2026-04-10,AGE_55_100,0,0,0,0.0,0,0,0.0,0,0,KRW
2603_다이트_전환캠페인,(재)_일산_진료셀프캠_주사형비만치료제 고민끝에 40대부부 -32kg_260225,1858358889558481,2026-04-10,NONE,0,0,0,0.0,0,0,0.0,0,0,KRW
2604_다이트_전환캠페인,(재)_일산_진료셀프캠_주사형비만치료제 고민끝에 40대부부 -32kg_260225,1861277533224961,2026-04-10,NONE,0,0,0,0.0,0,0,0.0,0,0,KRW
2604_다이트_전환캠페인,(재)_창원_의료진정보_4050나잇살 이유는 여기에_260410,1862064114067810,2026-04-10,AGE_35_44,734,207,0,0.0,0,0,0.0,0,199,KRW
2604_다이트_전환캠페인,(재)_창원_의료진정보_4050나잇살 이유는 여기에_260410,1862064114067810,2026-04-10,AGE_45_54,2075,252,0,0.0,0,0,0.0,0,239,KRW
2604_다이트_전환캠페인,(재)_창원_의료진정보_4050나잇살 이유는 여기에_260410,1862064114067810,2026-04-10,AGE_55_100,1663,221,1,0.45,0,0,0.0,0,211,KRW
2604_다이트_전환캠페인,(재)_창원_의료진정보_4050나잇살 이유는 여기에_260410,1862064114067810,2026-04-10,NONE,0,0,0,0.0,0,0,0.0,0,0,KRW
2604_다이트_전환캠페인,(재)_창원_의료진정보_무작정운동으로 팩폭_260406,1861709359069201,2026-04-10,AGE_35_44,90,18,0,0.0,0,0,0.0,0,16,KRW
2604_다이트_전환캠페인,(재)_창원_의료진정보_무작정운동으로 팩폭_260406,1861709359069201,2026-04-10,AGE_45_54,370,22,0,0.0,0,0,0.0,0,19,KRW
2604_다이트_전환캠페인,(재)_창원_의료진정보_무작정운동으로 팩폭_260406,1861709359069201,2026-04-10,AGE_55_100,237,23,0,0.0,0,0,0.0,0,19,KRW
2604_다이트_전환캠페인,(재)_창원_의료진정보_무작정운동으로 팩폭_260406,1861709359069201,2026-04-10,NONE,0,0,0,0.0,0,0,0.0,0,0,KRW
2604_다이트_전환캠페인,"(재)_창원_인플방문후기_건강한다이어트(창원,박고경)_260325",1861278731680866,2026-04-10,AGE_35_44,2192,144,2,1.39,0,0,0.0,0,141,KRW
2604_다이트_전환캠페인,"(재)_창원_인플방문후기_건강한다이어트(창원,박고경)_260325",1861278731680866,2026-04-10,AGE_45_54,3210,225,0,0.0,0,0,0.0,0,211,KRW
2604_다이트_전환캠페인,"(재)_창원_인플방문후기_건강한다이어트(창원,박고경)_260325",1861278731680866,2026-04-10,AGE_55_100,3312,164,0,0.0,0,0,0.0,0,149,KRW
2604_다이트_전환캠페인,"(재)_창원_인플방문후기_건강한다이어트(창원,박고경)_260325",1861278731680866,2026-04-10,NONE,0,0,0,0.0,0,0,0.0,0,0,KRW
2603_다이트_전환캠페인,(재)_창원_인플방문후기_끝내주는 다이어(대읽남)_260211,1859155119020354,2026-04-10,NONE,0,0,0,0.0,0,0,0.0,0,0,KRW
2603_다이트_전환캠페인,(재)_창원_인플방문후기_맘껏먹는 다이어트 한달후기_260306,1858833707245617,2026-04-10,NONE,0,0,0,0.0,0,0,0.0,0,0,KRW
2604_다이트_전환캠페인,(재)_창원_인플방문후기_먹고싶은거다먹는(수원잇츠)_260403,1861437705571345,2026-04-10,AGE_35_44,2181,247,1,0.4,0,0,0.0,0,228,KRW
2604_다이트_전환캠페인,(재)_창원_인플방문후기_먹고싶은거다먹는(수원잇츠)_260403,1861437705571345,2026-04-10,AGE_45_54,4277,323,1,0.31,0,0,0.0,0,290,KRW
2604_다이트_전환캠페인,(재)_창원_인플방문후기_먹고싶은거다먹는(수원잇츠)_260403,1861437705571345,2026-04-10,AGE_55_100,2227,225,1,0.44,0,0,0.0,0,203,KRW
2604_다이트_전환캠페인,(재)_창원_인플방문후기_먹고싶은거다먹는(수원잇츠)_260403,1861437705571345,2026-04-10,NONE,21,3,0,0.0,0,0,0.0,0,0,KRW
2603_다이트_전환캠페인,(재)_창원_진료셀프캠_50대 뱃살 체지방만_260311,1859896365364290,2026-04-10,NONE,0,0,0,0.0,0,0,0.0,0,0,KRW
2603_다이트_전환캠페인,(재)_창원_진료셀프캠_비만주사끊고15kg_260326,1860714411785234,2026-04-10,NONE,0,0,0,0.0,0,0,0.0,0,0,KRW
2604_다이트_전환캠페인,(재)_창원_진료셀프캠_식욕억제주사실패 마지막_260407,1861779402873057,2026-04-10,AGE_35_44,390,77,0,0.0,0,0,0.0,0,71,KRW
2604_다이트_전환캠페인,(재)_창원_진료셀프캠_식욕억제주사실패 마지막_260407,1861779402873057,2026-04-10,AGE_45_54,658,71,1,1.41,0,0,0.0,0,65,KRW
2604_다이트_전환캠페인,(재)_창원_진료셀프캠_식욕억제주사실패 마지막_260407,1861779402873057,2026-04-10,AGE_55_100,616,72,1,1.39,1,616,100.0,0,67,KRW
2604_다이트_전환캠페인,(재)_창원_진료셀프캠_주사형비만치료제 고민끝에 50대부부 -32kg_260225,1861278292523041,2026-04-10,NONE,0,0,0,0.0,0,0,0.0,0,0,KRW
2603_다이트_전환캠페인,(재)_창원_진료셀프캠_주사형비만치료제 고민끝에 50대부부 -32kg_260225,1860546141013361,2026-04-10,NONE,0,0,0,0.0,0,0,0.0,0,0,KRW
2604_다이트_전환캠페인,(재)_천안_의료진정보_4050나잇살 이유는 여기에_260410,1862058676263265,2026-04-10,AGE_35_44,223,184,1,0.54,0,0,0.0,0,183,KRW
2604_다이트_전환캠페인,(재)_천안_의료진정보_4050나잇살 이유는 여기에_260410,1862058676263265,2026-04-10,AGE_45_54,538,109,0,0.0,0,0,0.0,0,108,KRW
2604_다이트_전환캠페인,(재)_천안_의료진정보_4050나잇살 이유는 여기에_260410,1862058676263265,2026-04-10,AGE_55_100,280,91,1,1.1,0,0,0.0,0,89,KRW
2604_다이트_전환캠페인,(재)_천안_의료진정보_4050나잇살 이유는 여기에_260410,1862058676263265,2026-04-10,NONE,0,0,0,0.0,0,0,0.0,0,0,KRW
2604_다이트_전환캠페인,(재)_천안_의료진정보_무작정운동으로 팩폭_260405,1861708807896498,2026-04-10,AGE_35_44,108,14,1,7.14,0,0,0.0,0,14,KRW
2604_다이트_전환캠페인,(재)_천안_의료진정보_무작정운동으로 팩폭_260405,1861708807896498,2026-04-10,AGE_45_54,10,8,0,0.0,0,0,0.0,0,8,KRW
2604_다이트_전환캠페인,(재)_천안_의료진정보_무작정운동으로 팩폭_260405,1861708807896498,2026-04-10,AGE_55_100,11,6,0,0.0,0,0,0.0,0,6,KRW
2604_다이트_전환캠페인,(재)_천안_의료진정보_무작정운동으로 팩폭_260405,1861708807896498,2026-04-10,NONE,0,0,0,0.0,0,0,0.0,0,0,KRW
2603_다이트_전환캠페인,(재)_천안_의료진정보_비만주사요요 탄수중독_260320,1860171393987826,2026-04-10,NONE,0,0,0,0.0,0,0,0.0,0,0,KRW
2604_다이트_전환캠페인,"(재)_천안_인플방문후기_건강한다이어트(천안, 박고경)_260325",1861278985311585,2026-04-10,AGE_35_44,1225,196,1,0.51,0,0,0.0,0,192,KRW
2604_다이트_전환캠페인,"(재)_천안_인플방문후기_건강한다이어트(천안, 박고경)_260325",1861278985311585,2026-04-10,AGE_45_54,1977,162,1,0.62,0,0,0.0,0,157,KRW
2604_다이트_전환캠페인,"(재)_천안_인플방문후기_건강한다이어트(천안, 박고경)_260325",1861278985311585,2026-04-10,AGE_55_100,971,106,1,0.94,0,0,0.0,0,105,KRW
2603_다이트_전환캠페인,"(재)_천안_인플방문후기_건강한다이어트(천안, 박고경)_260325",1860615057904689,2026-04-10,NONE,0,0,0,0.0,0,0,0.0,0,0,KRW
2604_다이트_전환캠페인,"(재)_천안_인플방문후기_건강한다이어트(천안, 박고경)_260325",1861278985311585,2026-04-10,NONE,265,2,0,0.0,0,0,0.0,0,0,KRW
2603_다이트_전환캠페인,(재)_천안_인플방문후기_맘껏먹는 다이어트 한달후기_260306,1858834125348929,2026-04-10,NONE,0,0,0,0.0,0,0,0.0,0,0,KRW
2603_다이트_전환캠페인,(재)_천안_진료셀프캠_50대 20대처럼 체지방_260317,1859897810343346,2026-04-10,NONE,0,0,0,0.0,0,0,0.0,0,0,KRW
2604_다이트_전환캠페인,(재)_천안_진료셀프캠_비만주사 10년은 늙어보인대요_260326,1861279133802561,2026-04-10,AGE_55_100,0,0,0,0.0,0,0,0.0,0,0,KRW
2603_다이트_전환캠페인,(재)_천안_진료셀프캠_비만주사끊고15kg_260326,1860714711311361,2026-04-10,NONE,0,0,0,0.0,0,0,0.0,0,0,KRW
2604_다이트_전환캠페인,(재)_천안_진료셀프캠_식욕억제주사실패 마지막_260407,1861779883450610,2026-04-10,AGE_35_44,616,77,0,0.0,0,0,0.0,0,76,KRW
2604_다이트_전환캠페인,(재)_천안_진료셀프캠_식욕억제주사실패 마지막_260407,1861779883450610,2026-04-10,AGE_45_54,497,63,0,0.0,0,0,0.0,0,60,KRW
2604_다이트_전환캠페인,(재)_천안_진료셀프캠_식욕억제주사실패 마지막_260407,1861779883450610,2026-04-10,AGE_55_100,389,34,0,0.0,0,0,0.0,0,30,KRW
2604_다이트_전환캠페인,(재)_천안_진료셀프캠_식욕억제주사실패 마지막_260407,1861779883450610,2026-04-10,NONE,0,0,0,0.0,0,0,0.0,0,0,KRW
2604_다이트_전환캠페인,(재)_천안_진료셀프캠_주사형비만치료제 고민끝에 50대부부 -32kg_260225,1861968142031009,2026-04-10,AGE_35_44,9537,809,5,0.62,1,9537,20.0,0,652,KRW
2604_다이트_전환캠페인,(재)_천안_진료셀프캠_주사형비만치료제 고민끝에 50대부부 -32kg_260225,1861968142031009,2026-04-10,AGE_45_54,20911,1347,10,0.74,0,0,0.0,0,1064,KRW
2604_다이트_전환캠페인,(재)_천안_진료셀프캠_주사형비만치료제 고민끝에 50대부부 -32kg_260225,1861968142031009,2026-04-10,AGE_55_100,10882,819,7,0.85,0,0,0.0,0,665,KRW
2604_다이트_전환캠페인,(재)_천안_진료셀프캠_주사형비만치료제 고민끝에 50대부부 -32kg_260225,1861968142031009,2026-04-10,NONE,4,2,0,0.0,0,0,0.0,0,0,KRW
2604_다이트_전환캠페인,(신)_대구_의료진정보_주사형비만치료제 10년은_260116,1861278242108689,2026-04-11,AGE_55_100,0,0,0,0.0,0,0,0.0,0,0,KRW
2604_다이트_전환캠페인,(신)_대구_의료진정보_주사형비만치료제 10년은_260116,1861278242108689,2026-04-11,NONE,0,0,0,0.0,0,0,0.0,0,0,KRW
2603_다이트_전환캠페인,(신)_대구_인플방문후기_먹으면서 다이어트(대읽남)_251017,1858362316758178,2026-04-11,NONE,0,0,0,0.0,0,0,0.0,0,0,KRW
2604_다이트_전환캠페인,(신)_대구_인플방문후기_먹으면서 다이어트(대읽남)_251017,1861277850752146,2026-04-11,NONE,0,0,0,0.0,0,0,0.0,0,0,KRW
2604_다이트_전환캠페인,(신)_대구_인플방문후기_밥빵면안당기는원장님(itsmeyuriwon)_260407,1861796218051601,2026-04-11,AGE_35_44,2973,181,1,0.55,0,0,0.0,0,175,KRW
2604_다이트_전환캠페인,(신)_대구_인플방문후기_밥빵면안당기는원장님(itsmeyuriwon)_260407,1861796218051601,2026-04-11,AGE_45_54,4869,239,3,1.26,0,0,0.0,0,227,KRW
2604_다이트_전환캠페인,(신)_대구_인플방문후기_밥빵면안당기는원장님(itsmeyuriwon)_260407,1861796218051601,2026-04-11,AGE_55_100,1120,101,0,0.0,0,0,0.0,0,97,KRW
2604_다이트_전환캠페인,(신)_대구_인플방문후기_밥빵면안당기는원장님(itsmeyuriwon)_260407,1861796218051601,2026-04-11,NONE,0,0,0,0.0,0,0,0.0,0,0,KRW
2604_다이트_전환캠페인,(신)_대구_인플방문후기_주사형비만치료제(the.hyunniverse)_260403,1861968872286353,2026-04-11,AGE_35_44,5992,1009,3,0.3,0,0,0.0,0,906,KRW
2604_다이트_전환캠페인,(신)_대구_인플방문후기_주사형비만치료제(the.hyunniverse)_260403,1861968872286353,2026-04-11,AGE_45_54,15561,1591,9,0.57,0,0,0.0,0,1411,KRW
2604_다이트_전환캠페인,(신)_대구_인플방문후기_주사형비만치료제(the.hyunniverse)_260403,1861968872286353,2026-04-11,AGE_55_100,10558,1168,8,0.68,1,10558,12.5,0,1045,KRW
2604_다이트_전환캠페인,(신)_대구_인플방문후기_주사형비만치료제(the.hyunniverse)_260403,1861968872286353,2026-04-11,NONE,25,5,0,0.0,0,0,0.0,0,0,KRW
2603_다이트_전환캠페인,(신)_대구_진료셀프캠_주사형 비만치료제보다 더중요한이것_260120,1858362316758162,2026-04-11,NONE,0,0,0,0.0,0,0,0.0,0,0,KRW
2604_다이트_전환캠페인,(신)_대전_인플방문후기_밥빵면못참는현대인(대전잇츠)_260410,1862064327619745,2026-04-11,AGE_35_44,2476,516,0,0.0,0,0,0.0,0,506,KRW
2604_다이트_전환캠페인,(신)_대전_인플방문후기_밥빵면못참는현대인(대전잇츠)_260410,1862064327619745,2026-04-11,AGE_45_54,3312,484,2,0.41,1,3312,50.0,0,475,KRW
2604_다이트_전환캠페인,(신)_대전_인플방문후기_밥빵면못참는현대인(대전잇츠)_260410,1862064327619745,2026-04-11,AGE_55_100,2652,340,2,0.59,0,0,0.0,0,330,KRW
2604_다이트_전환캠페인,(신)_대전_인플방문후기_밥빵면못참는현대인(대전잇츠)_260410,1862064327619745,2026-04-11,NONE,17,1,0,0.0,0,0,0.0,0,0,KRW
2604_다이트_전환캠페인,(신)_대전_인플방문후기_밥빵면안당기는원장님(itsmeyuriwon)_260407,1861796462367905,2026-04-11,AGE_35_44,570,76,1,1.32,0,0,0.0,0,75,KRW
2604_다이트_전환캠페인,(신)_대전_인플방문후기_밥빵면안당기는원장님(itsmeyuriwon)_260407,1861796462367905,2026-04-11,AGE_45_54,910,87,0,0.0,0,0,0.0,0,84,KRW
2604_다이트_전환캠페인,(신)_대전_인플방문후기_밥빵면안당기는원장님(itsmeyuriwon)_260407,1861796462367905,2026-04-11,AGE_55_100,397,52,1,1.92,0,0,0.0,0,51,KRW
2604_다이트_전환캠페인,(신)_대전_인플방문후기_주사형비만치료제(the.hyunniverse)_260403,1861968952635729,2026-04-11,AGE_35_44,3645,738,0,0.0,0,0,0.0,0,675,KRW
2604_다이트_전환캠페인,(신)_대전_인플방문후기_주사형비만치료제(the.hyunniverse)_260403,1861968952635729,2026-04-11,AGE_45_54,5889,832,4,0.48,0,0,0.0,0,741,KRW
2604_다이트_전환캠페인,(신)_대전_인플방문후기_주사형비만치료제(the.hyunniverse)_260403,1861968952635729,2026-04-11,AGE_55_100,4760,606,3,0.5,0,0,0.0,0,555,KRW
2604_다이트_전환캠페인,(신)_대전_인플방문후기_주사형비만치료제(the.hyunniverse)_260403,1861968952635729,2026-04-11,NONE,0,0,0,0.0,0,0,0.0,0,0,KRW
2604_다이트_전환캠페인,(신)_대전_진료셀프캠_주사형 비만치료제보다 더중요한이것_260120,1861781961742465,2026-04-11,NONE,0,0,0,0.0,0,0,0.0,0,0,KRW
2604_다이트_전환캠페인,(신)_부평_의료진정보_주사형비만치료제 10년은_260116,1861276817166401,2026-04-11,AGE_35_44,269,43,0,0.0,0,0,0.0,0,38,KRW
2604_다이트_전환캠페인,(신)_부평_의료진정보_주사형비만치료제 10년은_260116,1861276817166401,2026-04-11,AGE_45_54,1061,84,0,0.0,0,0,0.0,0,83,KRW
2604_다이트_전환캠페인,(신)_부평_의료진정보_주사형비만치료제 10년은_260116,1861276817166401,2026-04-11,AGE_55_100,1352,108,0,0.0,0,0,0.0,0,101,KRW
2604_다이트_전환캠페인,(신)_부평_의료진정보_주사형비만치료제 10년은_260116,1861276817166401,2026-04-11,NONE,0,0,0,0.0,0,0,0.0,0,0,KRW
2604_다이트_전환캠페인,(신)_부평_인플방문후기_건강한다이어트(박고경)_260324,1861276881397074,2026-04-11,AGE_35_44,1303,136,1,0.74,0,0,0.0,0,131,KRW
2604_다이트_전환캠페인,(신)_부평_인플방문후기_건강한다이어트(박고경)_260324,1861276881397074,2026-04-11,AGE_45_54,1526,143,2,1.4,0,0,0.0,0,127,KRW
2604_다이트_전환캠페인,(신)_부평_인플방문후기_건강한다이어트(박고경)_260324,1861276881397074,2026-04-11,AGE_55_100,1015,101,0,0.0,0,0,0.0,0,86,KRW
2603_다이트_전환캠페인,(신)_부평_인플방문후기_더먹어야 다이어트 가능(더먹어유)_260313,1859538135129201,2026-04-11,NONE,0,0,0,0.0,0,0,0.0,0,0,KRW
2604_다이트_전환캠페인,(신)_부평_인플방문후기_밥빵면안당기는원장님(itsmeyuriwon)_260407,1861795578227042,2026-04-11,AGE_35_44,3955,293,3,1.02,0,0,0.0,0,261,KRW
2604_다이트_전환캠페인,(신)_부평_인플방문후기_밥빵면안당기는원장님(itsmeyuriwon)_260407,1861795578227042,2026-04-11,AGE_45_54,7551,330,3,0.91,0,0,0.0,0,285,KRW
2604_다이트_전환캠페인,(신)_부평_인플방문후기_밥빵면안당기는원장님(itsmeyuriwon)_260407,1861795578227042,2026-04-11,AGE_55_100,2788,142,5,3.52,0,0,0.0,0,126,KRW
2604_다이트_전환캠페인,(신)_부평_인플방문후기_밥빵면안당기는원장님(itsmeyuriwon)_260407,1861795578227042,2026-04-11,NONE,13,2,0,0.0,2,6,0.0,0,0,KRW
2604_다이트_전환캠페인,(신)_부평_인플방문후기_주사형비만치료제(the.hyunniverse)_260403,1861968247570690,2026-04-11,AGE_35_44,10983,1596,4,0.25,0,0,0.0,0,1248,KRW
2604_다이트_전환캠페인,(신)_부평_인플방문후기_주사형비만치료제(the.hyunniverse)_260403,1861968247570690,2026-04-11,AGE_45_54,24038,2584,10,0.39,0,0,0.0,0,1931,KRW
2604_다이트_전환캠페인,(신)_부평_인플방문후기_주사형비만치료제(the.hyunniverse)_260403,1861968247570690,2026-04-11,AGE_55_100,16914,1911,18,0.94,0,0,0.0,0,1435,KRW
2604_다이트_전환캠페인,(신)_부평_인플방문후기_주사형비만치료제(the.hyunniverse)_260403,1861968247570690,2026-04-11,NONE,8,4,0,0.0,0,0,0.0,0,0,KRW
2603_다이트_전환캠페인,(신)_부평_진료셀프캠_주사형 비만치료제보다 더중요한이것_260120,1858358889552897,2026-04-11,NONE,0,0,0,0.0,0,0,0.0,0,0,KRW
2604_다이트_전환캠페인,(신)_서울_인플방문후기_밥빵면안당기는원장님(itsmeyuriwon)_260407,1861792943047986,2026-04-11,AGE_35_44,2357,120,2,1.67,0,0,0.0,0,114,KRW
2604_다이트_전환캠페인,(신)_서울_인플방문후기_밥빵면안당기는원장님(itsmeyuriwon)_260407,1861792943047986,2026-04-11,AGE_45_54,2880,124,2,1.61,0,0,0.0,0,118,KRW
2604_다이트_전환캠페인,(신)_서울_인플방문후기_밥빵면안당기는원장님(itsmeyuriwon)_260407,1861792943047986,2026-04-11,AGE_55_100,900,73,4,5.48,0,0,0.0,0,70,KRW
2604_다이트_전환캠페인,(신)_서울_인플방문후기_밥빵면안당기는원장님(itsmeyuriwon)_260407,1861792943047986,2026-04-11,NONE,0,0,0,0.0,0,0,0.0,0,0,KRW
2604_다이트_전환캠페인,(신)_서울_인플방문후기_주사형비만치료제(the.hyunniverse)_260403,1861968379365409,2026-04-11,AGE_35_44,5257,854,5,0.59,0,0,0.0,0,762,KRW
2604_다이트_전환캠페인,(신)_서울_인플방문후기_주사형비만치료제(the.hyunniverse)_260403,1861968379365409,2026-04-11,AGE_45_54,11901,1525,11,0.72,0,0,0.0,0,1317,KRW
2604_다이트_전환캠페인,(신)_서울_인플방문후기_주사형비만치료제(the.hyunniverse)_260403,1861968379365409,2026-04-11,AGE_55_100,11422,1379,7,0.51,0,0,0.0,0,1208,KRW
2604_다이트_전환캠페인,(신)_서울_인플방문후기_주사형비만치료제(the.hyunniverse)_260403,1861968379365409,2026-04-11,NONE,68,2,0,0.0,0,0,0.0,0,0,KRW
2603_다이트_전환캠페인,(신)_서울_진료셀프캠_주사형 비만치료제보다 더중요한이것_26120,1858361825289345,2026-04-11,NONE,0,0,0,0.0,0,0,0.0,0,0,KRW
2603_다이트_전환캠페인,(신)_수원_인플방문후기_더먹어야 다이어트 가능(더먹어유)_260313,1859538405086241,2026-04-11,NONE,0,0,0,0.0,0,0,0.0,0,0,KRW
2603_다이트_전환캠페인,(신)_수원_인플방문후기_먹을거 다먹으면서(미미)_260317,1859897183294593,2026-04-11,NONE,0,0,0,0.0,0,0,0.0,0,0,KRW
2604_다이트_전환캠페인,(신)_수원_인플방문후기_밥빵면안당기는원장님(itsmeyuriwon)_260407,1861796026692689,2026-04-11,AGE_25_34,4477,703,10,1.42,0,0,0.0,0,648,KRW
2604_다이트_전환캠페인,(신)_수원_인플방문후기_밥빵면안당기는원장님(itsmeyuriwon)_260407,1861796026692689,2026-04-11,AGE_35_44,9559,797,7,0.88,0,0,0.0,0,722,KRW
2604_다이트_전환캠페인,(신)_수원_인플방문후기_밥빵면안당기는원장님(itsmeyuriwon)_260407,1861796026692689,2026-04-11,AGE_45_54,13173,711,6,0.84,0,0,0.0,0,636,KRW
2604_다이트_전환캠페인,(신)_수원_인플방문후기_밥빵면안당기는원장님(itsmeyuriwon)_260407,1861796026692689,2026-04-11,AGE_55_100,4638,340,2,0.59,0,0,0.0,0,306,KRW
2604_다이트_전환캠페인,(신)_수원_인플방문후기_밥빵면안당기는원장님(itsmeyuriwon)_260407,1861796026692689,2026-04-11,NONE,0,0,0,0.0,0,0,0.0,0,0,KRW
2604_다이트_전환캠페인,(신)_수원_인플방문후기_주사형비만치료제(the.hyunniverse)_260403,1861426333950193,2026-04-11,AGE_25_34,4090,721,3,0.42,1,4090,33.33,0,683,KRW
2604_다이트_전환캠페인,(신)_수원_인플방문후기_주사형비만치료제(the.hyunniverse)_260403,1861426333950193,2026-04-11,AGE_35_44,7513,804,0,0.0,0,0,0.0,0,754,KRW
2604_다이트_전환캠페인,(신)_수원_인플방문후기_주사형비만치료제(the.hyunniverse)_260403,1861426333950193,2026-04-11,AGE_45_54,13984,1023,4,0.39,0,0,0.0,0,927,KRW
2604_다이트_전환캠페인,(신)_수원_인플방문후기_주사형비만치료제(the.hyunniverse)_260403,1861426333950193,2026-04-11,AGE_55_100,10325,631,3,0.48,1,10325,33.33,0,566,KRW
2604_다이트_전환캠페인,(신)_수원_인플방문후기_주사형비만치료제(the.hyunniverse)_260403,1861426333950193,2026-04-11,NONE,30,4,0,0.0,0,0,0.0,0,0,KRW
2604_다이트_전환캠페인,(신)_일산_인플방문후기_밥빵면안당기는원장님(itsmeyuriwon)_260407,1861796100333057,2026-04-11,AGE_35_44,995,76,2,2.63,0,0,0.0,0,74,KRW
2604_다이트_전환캠페인,(신)_일산_인플방문후기_밥빵면안당기는원장님(itsmeyuriwon)_260407,1861796100333057,2026-04-11,AGE_45_54,2036,99,1,1.01,0,0,0.0,0,98,KRW
2604_다이트_전환캠페인,(신)_일산_인플방문후기_밥빵면안당기는원장님(itsmeyuriwon)_260407,1861796100333057,2026-04-11,AGE_55_100,1051,57,1,1.75,0,0,0.0,0,54,KRW
2604_다이트_전환캠페인,(신)_일산_인플방문후기_밥빵면안당기는원장님(itsmeyuriwon)_260407,1861796100333057,2026-04-11,NONE,0,0,0,0.0,0,0,0.0,0,0,KRW
2604_다이트_전환캠페인,(신)_일산_인플방문후기_주사형비만치료제(the.hyunniverse)_260403,1861968797915602,2026-04-11,AGE_35_44,9874,1450,7,0.48,0,0,0.0,0,1347,KRW
2604_다이트_전환캠페인,(신)_일산_인플방문후기_주사형비만치료제(the.hyunniverse)_260403,1861968797915602,2026-04-11,AGE_45_54,21960,2280,21,0.92,2,10980,9.52,0,2050,KRW
2604_다이트_전환캠페인,(신)_일산_인플방문후기_주사형비만치료제(the.hyunniverse)_260403,1861968797915602,2026-04-11,AGE_55_100,16372,1763,15,0.85,1,16372,6.67,0,1575,KRW
2604_다이트_전환캠페인,(신)_일산_인플방문후기_주사형비만치료제(the.hyunniverse)_260403,1861968797915602,2026-04-11,NONE,9,4,0,0.0,0,0,0.0,0,0,KRW
2603_다이트_전환캠페인,(신)_창원_인플방문후기_더먹어야 다이어트 가능(더먹어유)_260313,1859538526785570,2026-04-11,NONE,0,0,0,0.0,0,0,0.0,0,0,KRW
2603_다이트_전환캠페인,(신)_창원_인플방문후기_먹을거 다먹으면서(미미)_260317,1859897624509618,2026-04-11,NONE,0,0,0,0.0,0,0,0.0,0,0,KRW
2604_다이트_전환캠페인,(신)_창원_인플방문후기_밥빵면안당기는원장님(itsmeyuriwon)_260407,1861796302859538,2026-04-11,AGE_35_44,5478,471,4,0.85,0,0,0.0,0,422,KRW
2604_다이트_전환캠페인,(신)_창원_인플방문후기_밥빵면안당기는원장님(itsmeyuriwon)_260407,1861796302859538,2026-04-11,AGE_45_54,9666,608,7,1.15,0,0,0.0,0,529,KRW
2604_다이트_전환캠페인,(신)_창원_인플방문후기_밥빵면안당기는원장님(itsmeyuriwon)_260407,1861796302859538,2026-04-11,AGE_55_100,5041,320,2,0.63,0,0,0.0,0,286,KRW
2604_다이트_전환캠페인,(신)_창원_인플방문후기_밥빵면안당기는원장님(itsmeyuriwon)_260407,1861796302859538,2026-04-11,NONE,10,1,0,0.0,0,0,0.0,0,0,KRW
2604_다이트_전환캠페인,(신)_창원_인플방문후기_주사형비만치료제(the.hyunniverse)_260403,1861427124084770,2026-04-11,AGE_35_44,4123,401,1,0.25,0,0,0.0,0,369,KRW
2604_다이트_전환캠페인,(신)_창원_인플방문후기_주사형비만치료제(the.hyunniverse)_260403,1861427124084770,2026-04-11,AGE_45_54,8757,674,2,0.3,0,0,0.0,0,614,KRW
2604_다이트_전환캠페인,(신)_창원_인플방문후기_주사형비만치료제(the.hyunniverse)_260403,1861427124084770,2026-04-11,AGE_55_100,5455,429,4,0.93,0,0,0.0,0,377,KRW
2604_다이트_전환캠페인,(신)_창원_인플방문후기_주사형비만치료제(the.hyunniverse)_260403,1861427124084770,2026-04-11,NONE,9,1,0,0.0,0,0,0.0,0,0,KRW
2604_다이트_전환캠페인,(신)_천안_의료진정보_주사형비만치료제 10년은_260116,1861279064396242,2026-04-11,AGE_35_44,420,34,0,0.0,0,0,0.0,0,34,KRW
2604_다이트_전환캠페인,(신)_천안_의료진정보_주사형비만치료제 10년은_260116,1861279064396242,2026-04-11,AGE_45_54,411,51,0,0.0,0,0,0.0,0,50,KRW
2604_다이트_전환캠페인,(신)_천안_의료진정보_주사형비만치료제 10년은_260116,1861279064396242,2026-04-11,AGE_55_100,1316,66,0,0.0,0,0,0.0,0,62,KRW
2604_다이트_전환캠페인,(신)_천안_의료진정보_주사형비만치료제 10년은_260116,1861279064396242,2026-04-11,NONE,0,0,0,0.0,0,0,0.0,0,0,KRW
2604_다이트_전환캠페인,(신)_천안_인플방문후기_밥빵면안당기는원장님(itsmeyuriwon)_260407,1861796395517250,2026-04-11,AGE_35_44,2578,153,1,0.65,0,0,0.0,0,144,KRW
2604_다이트_전환캠페인,(신)_천안_인플방문후기_밥빵면안당기는원장님(itsmeyuriwon)_260407,1861796395517250,2026-04-11,AGE_45_54,2348,139,2,1.44,0,0,0.0,0,132,KRW
2604_다이트_전환캠페인,(신)_천안_인플방문후기_밥빵면안당기는원장님(itsmeyuriwon)_260407,1861796395517250,2026-04-11,AGE_55_100,842,45,1,2.22,0,0,0.0,0,42,KRW
2604_다이트_전환캠페인,(신)_천안_인플방문후기_주사형비만치료제(the.hyunniverse)_260403,1861969033799841,2026-04-11,AGE_35_44,4527,675,2,0.3,0,0,0.0,0,615,KRW
2604_다이트_전환캠페인,(신)_천안_인플방문후기_주사형비만치료제(the.hyunniverse)_260403,1861969033799841,2026-04-11,AGE_45_54,7273,897,3,0.33,0,0,0.0,0,752,KRW
2604_다이트_전환캠페인,(신)_천안_인플방문후기_주사형비만치료제(the.hyunniverse)_260403,1861969033799841,2026-04-11,AGE_55_100,4525,516,6,1.16,0,0,0.0,0,431,KRW
2604_다이트_전환캠페인,(신)_천안_인플방문후기_주사형비만치료제(the.hyunniverse)_260403,1861969033799841,2026-04-11,NONE,0,0,0,0.0,0,0,0.0,0,0,KRW
2604_다이트_전환캠페인,(신)_천안_진료셀프캠_주사형 비만치료제보다 더중요한이것_260120,1861969112559697,2026-04-11,AGE_35_44,509,85,1,1.18,0,0,0.0,0,78,KRW
2604_다이트_전환캠페인,(신)_천안_진료셀프캠_주사형 비만치료제보다 더중요한이것_260120,1861969112559697,2026-04-11,AGE_45_54,880,110,1,0.91,0,0,0.0,0,105,KRW
2604_다이트_전환캠페인,(신)_천안_진료셀프캠_주사형 비만치료제보다 더중요한이것_260120,1861969112559697,2026-04-11,AGE_55_100,857,110,1,0.91,0,0,0.0,0,95,KRW
2604_다이트_전환캠페인,(신)_천안_진료셀프캠_주사형 비만치료제보다 더중요한이것_260120,1861969112559697,2026-04-11,NONE,0,0,0,0.0,0,0,0.0,0,0,KRW
2603_다이트_전환캠페인,(신)_천안_진료셀프캠_주사형 비만치료제보다 더중요한이것_260120,1858358889565697,2026-04-11,NONE,0,0,0,0.0,0,0,0.0,0,0,KRW
2604_다이트_전환캠페인,(재)_대구_의료진정보_무작정운동으로 팩폭_260406,1861709464313057,2026-04-11,AGE_35_44,622,72,0,0.0,0,0,0.0,0,70,KRW
2604_다이트_전환캠페인,(재)_대구_의료진정보_무작정운동으로 팩폭_260406,1861709464313057,2026-04-11,AGE_45_54,793,76,1,1.32,0,0,0.0,0,68,KRW
2604_다이트_전환캠페인,(재)_대구_의료진정보_무작정운동으로 팩폭_260406,1861709464313057,2026-04-11,AGE_55_100,632,74,0,0.0,0,0,0.0,0,72,KRW
2604_다이트_전환캠페인,(재)_대구_의료진정보_무작정운동으로 팩폭_260406,1861709464313057,2026-04-11,NONE,1,1,0,0.0,0,0,0.0,0,0,KRW
2603_다이트_전환캠페인,(재)_대구_의료진정보_비만주사 굶는다이어트_260320,1860263658516898,2026-04-11,NONE,0,0,0,0.0,0,0,0.0,0,0,KRW
2603_다이트_전환캠페인,(재)_대구_의료진정보_비만주사요요 탄수중독_260320,1860170996611154,2026-04-11,NONE,0,0,0,0.0,0,0,0.0,0,0,KRW
2604_다이트_전환캠페인,"(재)_대구_인플방문후기_건강한다이어트(대구,박고경)_260325",1861278128485793,2026-04-11,AGE_35_44,3413,337,3,0.89,0,0,0.0,0,325,KRW
2604_다이트_전환캠페인,"(재)_대구_인플방문후기_건강한다이어트(대구,박고경)_260325",1861278128485793,2026-04-11,AGE_45_54,2743,243,1,0.41,0,0,0.0,0,238,KRW
2604_다이트_전환캠페인,"(재)_대구_인플방문후기_건강한다이어트(대구,박고경)_260325",1861278128485793,2026-04-11,AGE_55_100,938,164,0,0.0,0,0,0.0,0,154,KRW
2603_다이트_전환캠페인,"(재)_대구_인플방문후기_건강한다이어트(대구,박고경)_260325",1860614125298753,2026-04-11,NONE,0,0,0,0.0,0,0,0.0,0,0,KRW
2604_다이트_전환캠페인,"(재)_대구_인플방문후기_건강한다이어트(대구,박고경)_260325",1861278128485793,2026-04-11,NONE,0,0,0,0.0,0,0,0.0,0,0,KRW
2603_다이트_전환캠페인,(재)_대구_인플방문후기_맘껏먹는 다이어트 한달후기_260306,1858833581846626,2026-04-11,NONE,0,0,0,0.0,0,0,0.0,0,0,KRW
2604_다이트_전환캠페인,(재)_대구_인플방문후기_먹고싶은거다먹는(수원잇츠)_260403,1861437815982145,2026-04-11,AGE_35_44,1400,150,1,0.67,0,0,0.0,0,140,KRW
2604_다이트_전환캠페인,(재)_대구_인플방문후기_먹고싶은거다먹는(수원잇츠)_260403,1861437815982145,2026-04-11,AGE_45_54,2542,241,1,0.41,0,0,0.0,0,210,KRW
2604_다이트_전환캠페인,(재)_대구_인플방문후기_먹고싶은거다먹는(수원잇츠)_260403,1861437815982145,2026-04-11,AGE_55_100,1643,180,1,0.56,0,0,0.0,0,160,KRW
2604_다이트_전환캠페인,(재)_대구_인플방문후기_먹고싶은거다먹는(수원잇츠)_260403,1861437815982145,2026-04-11,NONE,5,1,0,0.0,0,0,0.0,0,0,KRW
2603_다이트_전환캠페인,(재)_대구_인플방문후기_체지방만쏙빼는(부산잇츠)_260220,1858358889560241,2026-04-11,NONE,0,0,0,0.0,0,0,0.0,0,0,KRW
2603_다이트_전환캠페인,(재)_대구_진료셀프캠_50대 뱃살 체지방만_260317,1859896191187025,2026-04-11,NONE,0,0,0,0.0,0,0,0.0,0,0,KRW
2604_다이트_전환캠페인,(재)_대구_진료셀프캠_다이어트의적 밥빵면_260407,1861778669641809,2026-04-11,AGE_35_44,3857,294,2,0.68,0,0,0.0,0,275,KRW
2604_다이트_전환캠페인,(재)_대구_진료셀프캠_다이어트의적 밥빵면_260407,1861778669641809,2026-04-11,AGE_45_54,9165,480,7,1.46,1,9165,14.29,0,435,KRW
2604_다이트_전환캠페인,(재)_대구_진료셀프캠_다이어트의적 밥빵면_260407,1861778669641809,2026-04-11,AGE_55_100,6525,401,5,1.25,0,0,0.0,0,346,KRW
2604_다이트_전환캠페인,(재)_대구_진료셀프캠_다이어트의적 밥빵면_260407,1861778669641809,2026-04-11,NONE,11,2,0,0.0,0,0,0.0,0,0,KRW
2604_다이트_전환캠페인,(재)_대구_진료셀프캠_비만주사끊고15kg_260326,1861278293422097,2026-04-11,NONE,0,0,0,0.0,0,0,0.0,0,0,KRW
2603_다이트_전환캠페인,(재)_대구_진료셀프캠_비만주사끊고15kg_260326,1860714231170337,2026-04-11,NONE,0,0,0,0.0,0,0,0.0,0,0,KRW
2604_다이트_전환캠페인,(재)_대구_진료셀프캠_식욕억제주사실패 마지막_260407,1861779512219682,2026-04-11,AGE_35_44,3565,310,0,0.0,0,0,0.0,0,289,KRW
2604_다이트_전환캠페인,(재)_대구_진료셀프캠_식욕억제주사실패 마지막_260407,1861779512219682,2026-04-11,AGE_45_54,7138,430,7,1.63,1,7138,14.29,0,391,KRW
2604_다이트_전환캠페인,(재)_대구_진료셀프캠_식욕억제주사실패 마지막_260407,1861779512219682,2026-04-11,AGE_55_100,3399,279,3,1.08,1,3399,33.33,0,255,KRW
2604_다이트_전환캠페인,(재)_대구_진료셀프캠_식욕억제주사실패 마지막_260407,1861779512219682,2026-04-11,NONE,8,1,0,0.0,0,0,0.0,0,0,KRW
2604_다이트_전환캠페인,(재)_대구_진료셀프캠_주사형비만치료제 고민끝에 50대부부 -32kg_260225,1861278082187298,2026-04-11,AGE_35_44,5649,484,3,0.62,0,0,0.0,0,456,KRW
2604_다이트_전환캠페인,(재)_대구_진료셀프캠_주사형비만치료제 고민끝에 50대부부 -32kg_260225,1861278082187298,2026-04-11,AGE_45_54,11917,904,12,1.33,0,0,0.0,0,841,KRW
2604_다이트_전환캠페인,(재)_대구_진료셀프캠_주사형비만치료제 고민끝에 50대부부 -32kg_260225,1861278082187298,2026-04-11,AGE_55_100,12449,918,4,0.44,0,0,0.0,0,834,KRW
2604_다이트_전환캠페인,(재)_대구_진료셀프캠_주사형비만치료제 고민끝에 50대부부 -32kg_260225,1861278082187298,2026-04-11,NONE,9,2,0,0.0,0,0,0.0,0,0,KRW
2603_다이트_전환캠페인,(재)_대구_진료셀프캠_주사형비만치료제 고민끝에 50대부부 -32kg_260225,1860546064808049,2026-04-11,NONE,0,0,0,0.0,0,0,0.0,0,0,KRW
2604_다이트_전환캠페인,"(재)_대전_인플방문후기_건강한다이어트(대전, 박고경)_260406",1861709876075633,2026-04-11,NONE,0,0,0,0.0,0,0,0.0,0,0,KRW
2604_다이트_전환캠페인,(재)_대전_인플방문후기_맘껏먹는 다이어트 한달후기_260306,1861708302605361,2026-04-11,AGE_35_44,525,118,2,1.69,0,0,0.0,0,110,KRW
2604_다이트_전환캠페인,(재)_대전_인플방문후기_맘껏먹는 다이어트 한달후기_260306,1861708302605361,2026-04-11,AGE_45_54,1980,129,1,0.78,0,0,0.0,0,118,KRW
2604_다이트_전환캠페인,(재)_대전_인플방문후기_맘껏먹는 다이어트 한달후기_260306,1861708302605361,2026-04-11,AGE_55_100,785,94,1,1.06,0,0,0.0,0,90,KRW
2604_다이트_전환캠페인,(재)_대전_인플방문후기_맘껏먹는 다이어트 한달후기_260306,1861708302605361,2026-04-11,NONE,1,1,0,0.0,0,0,0.0,0,0,KRW
2604_다이트_전환캠페인,(재)_대전_진료셀프캠_다이어트의적 밥빵면_260407,1861776478109986,2026-04-11,AGE_35_44,7226,585,4,0.68,1,7226,25.0,0,554,KRW
2604_다이트_전환캠페인,(재)_대전_진료셀프캠_다이어트의적 밥빵면_260407,1861776478109986,2026-04-11,AGE_45_54,13020,777,10,1.29,0,0,0.0,0,685,KRW
2604_다이트_전환캠페인,(재)_대전_진료셀프캠_다이어트의적 밥빵면_260407,1861776478109986,2026-04-11,AGE_55_100,11221,547,8,1.46,0,0,0.0,0,473,KRW
2604_다이트_전환캠페인,(재)_대전_진료셀프캠_다이어트의적 밥빵면_260407,1861776478109986,2026-04-11,NONE,98,3,0,0.0,0,0,0.0,0,0,KRW
2604_다이트_전환캠페인,(재)_대전_진료셀프캠_식욕억제주사실패 마지막_260406,1861708051912898,2026-04-11,AGE_35_44,4112,319,2,0.63,0,0,0.0,0,308,KRW
2604_다이트_전환캠페인,(재)_대전_진료셀프캠_식욕억제주사실패 마지막_260406,1861708051912898,2026-04-11,AGE_45_54,6435,355,3,0.85,0,0,0.0,0,340,KRW
2604_다이트_전환캠페인,(재)_대전_진료셀프캠_식욕억제주사실패 마지막_260406,1861708051912898,2026-04-11,AGE_55_100,4172,188,6,3.19,1,4172,16.67,0,177,KRW
2604_다이트_전환캠페인,(재)_대전_진료셀프캠_식욕억제주사실패 마지막_260406,1861708051912898,2026-04-11,NONE,14,1,0,0.0,0,0,0.0,0,0,KRW
2604_다이트_전환캠페인,(재)_대전_진료셀프캠_주사형비만치료제 고민끝에 50대부부 -32kg_260225,1861708178989089,2026-04-11,AGE_35_44,2662,423,0,0.0,0,0,0.0,0,409,KRW
2604_다이트_전환캠페인,(재)_대전_진료셀프캠_주사형비만치료제 고민끝에 50대부부 -32kg_260225,1861708178989089,2026-04-11,AGE_45_54,5010,490,4,0.82,0,0,0.0,0,456,KRW
2604_다이트_전환캠페인,(재)_대전_진료셀프캠_주사형비만치료제 고민끝에 50대부부 -32kg_260225,1861708178989089,2026-04-11,AGE_55_100,6830,401,4,1.0,0,0,0.0,0,384,KRW
2604_다이트_전환캠페인,(재)_대전_진료셀프캠_주사형비만치료제 고민끝에 50대부부 -32kg_260225,1861708178989089,2026-04-11,NONE,29,3,0,0.0,0,0,0.0,0,0,KRW
2604_다이트_전환캠페인,(재)_부평_의료진정보_무작정운동으로 팩폭_260406,1861709708534065,2026-04-11,AGE_35_44,202,33,0,0.0,0,0,0.0,0,30,KRW
2604_다이트_전환캠페인,(재)_부평_의료진정보_무작정운동으로 팩폭_260406,1861709708534065,2026-04-11,AGE_45_54,1156,54,2,3.7,0,0,0.0,0,51,KRW
2604_다이트_전환캠페인,(재)_부평_의료진정보_무작정운동으로 팩폭_260406,1861709708534065,2026-04-11,AGE_55_100,1535,30,0,0.0,0,0,0.0,0,30,KRW
2603_다이트_전환캠페인,(재)_부평_의료진정보_비만주사 굶는다이어트_260320,1860170168891553,2026-04-11,NONE,0,0,0,0.0,0,0,0.0,0,0,KRW
2604_다이트_전환캠페인,(재)_부평_인플방문후기_먹고싶은거다먹는(수원잇츠)_260403,1861438021385394,2026-04-11,NONE,0,0,0,0.0,0,0,0.0,0,0,KRW
2603_다이트_전환캠페인,(재)_부평_진료셀프캠_비만주사끊고15kg_260326,1860713378682322,2026-04-11,NONE,0,0,0,0.0,0,0,0.0,0,0,KRW
2604_다이트_전환캠페인,(재)_부평_진료셀프캠_식욕억제주사실패 마지막_260407,1861779276638289,2026-04-11,AGE_35_44,1485,188,2,1.06,0,0,0.0,0,165,KRW
2604_다이트_전환캠페인,(재)_부평_진료셀프캠_식욕억제주사실패 마지막_260407,1861779276638289,2026-04-11,AGE_45_54,3740,310,7,2.26,0,0,0.0,0,259,KRW
2604_다이트_전환캠페인,(재)_부평_진료셀프캠_식욕억제주사실패 마지막_260407,1861779276638289,2026-04-11,AGE_55_100,2381,210,2,0.95,0,0,0.0,0,187,KRW
2604_다이트_전환캠페인,(재)_부평_진료셀프캠_식욕억제주사실패 마지막_260407,1861779276638289,2026-04-11,NONE,0,0,0,0.0,0,0,0.0,0,0,KRW
2604_다이트_전환캠페인,(재)_부평_진료셀프캠_주사형비만치료제 고민끝에 50대부부 -32kg_260225,1861276697497633,2026-04-11,AGE_35_44,2836,204,1,0.49,0,0,0.0,0,180,KRW
2604_다이트_전환캠페인,(재)_부평_진료셀프캠_주사형비만치료제 고민끝에 50대부부 -32kg_260225,1861276697497633,2026-04-11,AGE_45_54,5515,352,4,1.14,1,5515,25.0,0,334,KRW
2604_다이트_전환캠페인,(재)_부평_진료셀프캠_주사형비만치료제 고민끝에 50대부부 -32kg_260225,1861276697497633,2026-04-11,AGE_55_100,4906,318,2,0.63,0,0,0.0,0,293,KRW
2603_다이트_전환캠페인,(재)_부평_진료셀프캠_주사형비만치료제 고민끝에 50대부부 -32kg_260225,1858358875905138,2026-04-11,NONE,0,0,0,0.0,0,0,0.0,0,0,KRW
2604_다이트_전환캠페인,(재)_부평_진료셀프캠_주사형비만치료제 고민끝에 50대부부 -32kg_260225,1861276697497633,2026-04-11,NONE,86,1,0,0.0,0,0,0.0,0,0,KRW
2603_다이트_전환캠페인,(재)_서울_리얼모델후기_체지방만 14kg 먹으면서_260324,1860540120254785,2026-04-11,NONE,0,0,0,0.0,0,0,0.0,0,0,KRW
2604_다이트_전환캠페인,(재)_서울_의료진정보_무작정운동으로 팩폭_260406,1861709796228209,2026-04-11,AGE_35_44,164,36,0,0.0,0,0,0.0,0,36,KRW
2604_다이트_전환캠페인,(재)_서울_의료진정보_무작정운동으로 팩폭_260406,1861709796228209,2026-04-11,AGE_45_54,243,33,0,0.0,0,0,0.0,0,31,KRW
2604_다이트_전환캠페인,(재)_서울_의료진정보_무작정운동으로 팩폭_260406,1861709796228209,2026-04-11,AGE_55_100,279,30,0,0.0,0,0,0.0,0,29,KRW
2604_다이트_전환캠페인,(재)_서울_의료진정보_무작정운동으로 팩폭_260406,1861709796228209,2026-04-11,NONE,0,0,0,0.0,0,0,0.0,0,0,KRW
2603_다이트_전환캠페인,"(재)_서울_인플방문후기_건강한다이어트(서울,박고경)_260325",1860614178390386,2026-04-11,NONE,0,0,0,0.0,0,0,0.0,0,0,KRW
2604_다이트_전환캠페인,(재)_서울_인플방문후기_맘껏먹는 다이어트 한달후기_260306,1861276306937889,2026-04-11,AGE_35_44,260,24,0,0.0,0,0,0.0,0,23,KRW
2604_다이트_전환캠페인,(재)_서울_인플방문후기_맘껏먹는 다이어트 한달후기_260306,1861276306937889,2026-04-11,AGE_45_54,1046,40,0,0.0,0,0,0.0,0,40,KRW
2604_다이트_전환캠페인,(재)_서울_인플방문후기_맘껏먹는 다이어트 한달후기_260306,1861276306937889,2026-04-11,AGE_55_100,510,29,0,0.0,0,0,0.0,0,28,KRW
2603_다이트_전환캠페인,(재)_서울_인플방문후기_맘껏먹는 다이어트 한달후기_260306,1858832894864657,2026-04-11,NONE,0,0,0,0.0,0,0,0.0,0,0,KRW
2604_다이트_전환캠페인,(재)_서울_인플방문후기_먹고싶은거다먹는(수원잇츠)_260403,1861438096695922,2026-04-11,AGE_35_44,1231,36,0,0.0,0,0,0.0,0,34,KRW
2604_다이트_전환캠페인,(재)_서울_인플방문후기_먹고싶은거다먹는(수원잇츠)_260403,1861438096695922,2026-04-11,AGE_45_54,507,35,0,0.0,0,0,0.0,0,31,KRW
2604_다이트_전환캠페인,(재)_서울_인플방문후기_먹고싶은거다먹는(수원잇츠)_260403,1861438096695922,2026-04-11,AGE_55_100,282,38,0,0.0,0,0,0.0,0,37,KRW
2603_다이트_전환캠페인,(재)_서울_진료셀프캠_50대 뱃살 체지방만_260317,1859896310509633,2026-04-11,NONE,0,0,0,0.0,0,0,0.0,0,0,KRW
2603_다이트_전환캠페인,(재)_서울_진료셀프캠_비만주사없이 체질_260320,1860169742535905,2026-04-11,NONE,0,0,0,0.0,0,0,0.0,0,0,KRW
2604_다이트_전환캠페인,(재)_서울_진료셀프캠_식욕억제주사실패 마지막_260407,1861778815720546,2026-04-11,AGE_35_44,2175,196,4,2.04,0,0,0.0,0,175,KRW
2604_다이트_전환캠페인,(재)_서울_진료셀프캠_식욕억제주사실패 마지막_260407,1861778815720546,2026-04-11,AGE_45_54,4124,256,1,0.39,1,4124,100.0,0,235,KRW
2604_다이트_전환캠페인,(재)_서울_진료셀프캠_식욕억제주사실패 마지막_260407,1861778815720546,2026-04-11,AGE_55_100,2698,220,3,1.36,0,0,0.0,0,198,KRW
2604_다이트_전환캠페인,(재)_서울_진료셀프캠_식욕억제주사실패 마지막_260407,1861778815720546,2026-04-11,NONE,7,1,0,0.0,0,0,0.0,0,0,KRW
2604_다이트_전환캠페인,(재)_서울_진료셀프캠_주사형비만치료제 고민끝에 50대부부 -32kg_260225,1861276155386962,2026-04-11,AGE_35_44,1288,187,1,0.53,0,0,0.0,0,183,KRW
2604_다이트_전환캠페인,(재)_서울_진료셀프캠_주사형비만치료제 고민끝에 50대부부 -32kg_260225,1861276155386962,2026-04-11,AGE_45_54,7835,398,6,1.51,0,0,0.0,0,387,KRW
2604_다이트_전환캠페인,(재)_서울_진료셀프캠_주사형비만치료제 고민끝에 50대부부 -32kg_260225,1861276155386962,2026-04-11,AGE_55_100,6948,420,6,1.43,0,0,0.0,0,398,KRW
2604_다이트_전환캠페인,(재)_서울_진료셀프캠_주사형비만치료제 고민끝에 50대부부 -32kg_260225,1861276155386962,2026-04-11,NONE,0,0,0,0.0,0,0,0.0,0,0,KRW
2603_다이트_전환캠페인,(재)_서울_진료셀프캠_주사형비만치료제 고민끝에 50대부부 -32kg_260225,1859357641001154,2026-04-11,NONE,0,0,0,0.0,0,0,0.0,0,0,KRW
2604_다이트_전환캠페인,(재)_수원_의료진정보_4050나잇살 이유는 여기에_260410,1862064207732210,2026-04-11,AGE_25_34,2987,843,9,1.07,0,0,0.0,0,729,KRW
2604_다이트_전환캠페인,(재)_수원_의료진정보_4050나잇살 이유는 여기에_260410,1862064207732210,2026-04-11,AGE_35_44,6139,1290,1,0.08,0,0,0.0,0,1051,KRW
2604_다이트_전환캠페인,(재)_수원_의료진정보_4050나잇살 이유는 여기에_260410,1862064207732210,2026-04-11,AGE_45_54,13071,1940,4,0.21,0,0,0.0,0,1568,KRW
2604_다이트_전환캠페인,(재)_수원_의료진정보_4050나잇살 이유는 여기에_260410,1862064207732210,2026-04-11,AGE_55_100,11424,1900,5,0.26,0,0,0.0,0,1463,KRW
2604_다이트_전환캠페인,(재)_수원_의료진정보_4050나잇살 이유는 여기에_260410,1862064207732210,2026-04-11,NONE,8,4,0,0.0,0,0,0.0,0,0,KRW
2603_다이트_전환캠페인,(재)_수원_의료진정보_비만주사 굶는다이어트_260320,1860170429960209,2026-04-11,NONE,0,0,0,0.0,0,0,0.0,0,0,KRW
2604_다이트_전환캠페인,"(재)_수원_인플방문후기_건강한다이어트(수원,박고경)_260325",1861277190081841,2026-04-11,AGE_25_34,4844,762,4,0.52,0,0,0.0,0,734,KRW
2604_다이트_전환캠페인,"(재)_수원_인플방문후기_건강한다이어트(수원,박고경)_260325",1861277190081841,2026-04-11,AGE_35_44,6736,644,3,0.47,0,0,0.0,0,603,KRW
2604_다이트_전환캠페인,"(재)_수원_인플방문후기_건강한다이어트(수원,박고경)_260325",1861277190081841,2026-04-11,AGE_45_54,7296,550,2,0.36,0,0,0.0,0,503,KRW
2604_다이트_전환캠페인,"(재)_수원_인플방문후기_건강한다이어트(수원,박고경)_260325",1861277190081841,2026-04-11,AGE_55_100,3860,373,2,0.54,0,0,0.0,0,333,KRW
2604_다이트_전환캠페인,"(재)_수원_인플방문후기_건강한다이어트(수원,박고경)_260325",1861277190081841,2026-04-11,NONE,36,7,0,0.0,0,0,0.0,0,0,KRW
2603_다이트_전환캠페인,"(재)_수원_인플방문후기_건강한다이어트(수원,박고경)_260325",1860614554255474,2026-04-11,NONE,0,0,0,0.0,0,0,0.0,0,0,KRW
2604_다이트_전환캠페인,(재)_수원_인플방문후기_먹고싶은거다먹는(수원잇츠)_260403,1861437972025618,2026-04-11,AGE_25_34,2261,526,0,0.0,0,0,0.0,0,489,KRW
2604_다이트_전환캠페인,(재)_수원_인플방문후기_먹고싶은거다먹는(수원잇츠)_260403,1861437972025618,2026-04-11,AGE_35_44,3270,484,2,0.41,0,0,0.0,0,447,KRW
2604_다이트_전환캠페인,(재)_수원_인플방문후기_먹고싶은거다먹는(수원잇츠)_260403,1861437972025618,2026-04-11,AGE_45_54,4780,440,1,0.23,0,0,0.0,0,386,KRW
2604_다이트_전환캠페인,(재)_수원_인플방문후기_먹고싶은거다먹는(수원잇츠)_260403,1861437972025618,2026-04-11,AGE_55_100,3394,356,1,0.28,0,0,0.0,0,319,KRW
2604_다이트_전환캠페인,(재)_수원_인플방문후기_먹고싶은거다먹는(수원잇츠)_260403,1861437972025618,2026-04-11,NONE,34,1,0,0.0,0,0,0.0,0,0,KRW
2603_다이트_전환캠페인,(재)_수원_진료셀프캠_50대 20대처럼 체지방_260317,1859897183293617,2026-04-11,NONE,0,0,0,0.0,0,0,0.0,0,0,KRW
2603_다이트_전환캠페인,(재)_수원_진료셀프캠_비만주사없이 체질_260320,1860263832597618,2026-04-11,NONE,0,0,0,0.0,0,0,0.0,0,0,KRW
2604_다이트_전환캠페인,(재)_수원_진료셀프캠_비만주사없이 체질_260320,1861277107797025,2026-04-11,NONE,0,0,0,0.0,0,0,0.0,0,0,KRW
2604_다이트_전환캠페인,(재)_수원_진료셀프캠_식욕억제주사실패 마지막_260407,1861779341060274,2026-04-11,AGE_25_34,771,201,1,0.5,0,0,0.0,0,198,KRW
2604_다이트_전환캠페인,(재)_수원_진료셀프캠_식욕억제주사실패 마지막_260407,1861779341060274,2026-04-11,AGE_35_44,1372,203,0,0.0,0,0,0.0,0,190,KRW
2604_다이트_전환캠페인,(재)_수원_진료셀프캠_식욕억제주사실패 마지막_260407,1861779341060274,2026-04-11,AGE_45_54,1937,269,0,0.0,0,0,0.0,0,250,KRW
2604_다이트_전환캠페인,(재)_수원_진료셀프캠_식욕억제주사실패 마지막_260407,1861779341060274,2026-04-11,AGE_55_100,1860,220,2,0.91,1,1860,50.0,0,206,KRW
2604_다이트_전환캠페인,(재)_수원_진료셀프캠_식욕억제주사실패 마지막_260407,1861779341060274,2026-04-11,NONE,0,0,0,0.0,0,0,0.0,0,0,KRW
2604_다이트_전환캠페인,(재)_일산_의료진정보_무작정운동으로 팩폭_260406,1861709552021505,2026-04-11,AGE_55_100,0,0,0,0.0,0,0,0.0,0,0,KRW
2604_다이트_전환캠페인,(재)_일산_의료진정보_무작정운동으로 팩폭_260406,1861709552021505,2026-04-11,NONE,0,0,0,0.0,0,0,0.0,0,0,KRW
2604_다이트_전환캠페인,"(재)_일산_인플방문후기_건강한다이어트(일산, 박고경)_260325",1861277705679282,2026-04-11,AGE_35_44,142,25,0,0.0,0,0,0.0,0,25,KRW
2604_다이트_전환캠페인,"(재)_일산_인플방문후기_건강한다이어트(일산, 박고경)_260325",1861277705679282,2026-04-11,AGE_45_54,49,23,0,0.0,0,0,0.0,0,22,KRW
2604_다이트_전환캠페인,"(재)_일산_인플방문후기_건강한다이어트(일산, 박고경)_260325",1861277705679282,2026-04-11,AGE_55_100,124,32,0,0.0,0,0,0.0,0,32,KRW
2604_다이트_전환캠페인,"(재)_일산_인플방문후기_건강한다이어트(일산, 박고경)_260325",1861277705679282,2026-04-11,NONE,0,1,0,0.0,0,0,0.0,0,0,KRW
2604_다이트_전환캠페인,(재)_일산_인플방문후기_맘껏먹는 다이어트 한달후기_260306,1861277479159890,2026-04-11,AGE_35_44,1271,106,1,0.94,0,0,0.0,0,100,KRW
2604_다이트_전환캠페인,(재)_일산_인플방문후기_맘껏먹는 다이어트 한달후기_260306,1861277479159890,2026-04-11,AGE_45_54,2053,150,2,1.33,0,0,0.0,0,144,KRW
2604_다이트_전환캠페인,(재)_일산_인플방문후기_맘껏먹는 다이어트 한달후기_260306,1861277479159890,2026-04-11,AGE_55_100,1864,91,3,3.3,3,621,100.0,0,85,KRW
2604_다이트_전환캠페인,(재)_일산_인플방문후기_맘껏먹는 다이어트 한달후기_260306,1861277479159890,2026-04-11,NONE,0,0,0,0.0,0,0,0.0,0,0,KRW
2604_다이트_전환캠페인,(재)_일산_인플방문후기_먹고싶은거다먹는(수원잇츠)_260403,1861437881987106,2026-04-11,AGE_35_44,783,68,0,0.0,0,0,0.0,0,63,KRW
2604_다이트_전환캠페인,(재)_일산_인플방문후기_먹고싶은거다먹는(수원잇츠)_260403,1861437881987106,2026-04-11,AGE_45_54,1175,76,2,2.63,0,0,0.0,0,68,KRW
2604_다이트_전환캠페인,(재)_일산_인플방문후기_먹고싶은거다먹는(수원잇츠)_260403,1861437881987106,2026-04-11,AGE_55_100,830,57,0,0.0,0,0,0.0,0,53,KRW
2604_다이트_전환캠페인,(재)_일산_인플방문후기_먹고싶은거다먹는(수원잇츠)_260403,1861437881987106,2026-04-11,NONE,0,0,0,0.0,0,0,0.0,0,0,KRW
2603_다이트_전환캠페인,(재)_일산_진료셀프캠_50대 뱃살 체지방만_260317,1859895953149089,2026-04-11,NONE,0,0,0,0.0,0,0,0.0,0,0,KRW
2603_다이트_전환캠페인,(재)_일산_진료셀프캠_복부비만 50대 통짜몸매_260311,1859358483046450,2026-04-11,NONE,0,0,0,0.0,0,0,0.0,0,0,KRW
2604_다이트_전환캠페인,(재)_일산_진료셀프캠_비만주사 10년은 늙어보인대요_260326,1861277619225650,2026-04-11,AGE_35_44,41,12,0,0.0,0,0,0.0,0,11,KRW
2604_다이트_전환캠페인,(재)_일산_진료셀프캠_비만주사 10년은 늙어보인대요_260326,1861277619225650,2026-04-11,AGE_45_54,66,14,0,0.0,0,0,0.0,0,13,KRW
2604_다이트_전환캠페인,(재)_일산_진료셀프캠_비만주사 10년은 늙어보인대요_260326,1861277619225650,2026-04-11,AGE_55_100,128,22,0,0.0,0,0,0.0,0,22,KRW
2604_다이트_전환캠페인,(재)_일산_진료셀프캠_비만주사 10년은 늙어보인대요_260326,1861277619225650,2026-04-11,NONE,0,0,0,0.0,0,0,0.0,0,0,KRW
2603_다이트_전환캠페인,(재)_일산_진료셀프캠_비만주사 10년은 늙어보인대요_260326,1860714059403729,2026-04-11,NONE,0,0,0,0.0,0,0,0.0,0,0,KRW
2603_다이트_전환캠페인,(재)_일산_진료셀프캠_비만주사끊고15kg_260326,1860714059403745,2026-04-11,NONE,0,0,0,0.0,0,0,0.0,0,0,KRW
2603_다이트_전환캠페인,(재)_일산_진료셀프캠_비만주사없이 체질_260320,1860170767678546,2026-04-11,NONE,0,0,0,0.0,0,0,0.0,0,0,KRW
2604_다이트_전환캠페인,(재)_일산_진료셀프캠_식욕억제주사실패 마지막_260407,1861779422527666,2026-04-11,AGE_35_44,614,76,1,1.32,0,0,0.0,0,74,KRW
2604_다이트_전환캠페인,(재)_일산_진료셀프캠_식욕억제주사실패 마지막_260407,1861779422527666,2026-04-11,AGE_45_54,1021,127,3,2.36,0,0,0.0,0,121,KRW
2604_다이트_전환캠페인,(재)_일산_진료셀프캠_식욕억제주사실패 마지막_260407,1861779422527666,2026-04-11,AGE_55_100,1342,119,2,1.68,2,671,100.0,0,110,KRW
2604_다이트_전환캠페인,(재)_일산_진료셀프캠_식욕억제주사실패 마지막_260407,1861779422527666,2026-04-11,NONE,13,1,0,0.0,0,0,0.0,0,0,KRW
2604_다이트_전환캠페인,(재)_일산_진료셀프캠_주사형비만치료제 고민끝에 40대부부 -32kg_260225,1861277533224961,2026-04-11,AGE_55_100,0,0,0,0.0,0,0,0.0,0,0,KRW
2604_다이트_전환캠페인,(재)_일산_진료셀프캠_주사형비만치료제 고민끝에 40대부부 -32kg_260225,1861277533224961,2026-04-11,NONE,0,0,0,0.0,0,0,0.0,0,0,KRW
2603_다이트_전환캠페인,(재)_일산_진료셀프캠_주사형비만치료제 고민끝에 40대부부 -32kg_260225,1858358889558481,2026-04-11,NONE,0,0,0,0.0,0,0,0.0,0,0,KRW
2604_다이트_전환캠페인,(재)_창원_의료진정보_4050나잇살 이유는 여기에_260410,1862064114067810,2026-04-11,AGE_35_44,3114,498,2,0.4,0,0,0.0,0,454,KRW
2604_다이트_전환캠페인,(재)_창원_의료진정보_4050나잇살 이유는 여기에_260410,1862064114067810,2026-04-11,AGE_45_54,6378,791,5,0.63,0,0,0.0,0,699,KRW
2604_다이트_전환캠페인,(재)_창원_의료진정보_4050나잇살 이유는 여기에_260410,1862064114067810,2026-04-11,AGE_55_100,4872,687,2,0.29,0,0,0.0,0,602,KRW
2604_다이트_전환캠페인,(재)_창원_의료진정보_4050나잇살 이유는 여기에_260410,1862064114067810,2026-04-11,NONE,19,3,0,0.0,0,0,0.0,0,0,KRW
2604_다이트_전환캠페인,(재)_창원_의료진정보_무작정운동으로 팩폭_260406,1861709359069201,2026-04-11,NONE,0,0,0,0.0,0,0,0.0,0,0,KRW
2603_다이트_전환캠페인,(재)_창원_의료진정보_비만주사요요 탄수중독_260320,1860171178598913,2026-04-11,NONE,0,0,0,0.0,0,0,0.0,0,0,KRW
2604_다이트_전환캠페인,"(재)_창원_인플방문후기_건강한다이어트(창원,박고경)_260325",1861278731680866,2026-04-11,AGE_35_44,1858,179,2,1.12,0,0,0.0,0,169,KRW
2604_다이트_전환캠페인,"(재)_창원_인플방문후기_건강한다이어트(창원,박고경)_260325",1861278731680866,2026-04-11,AGE_45_54,3239,235,2,0.85,0,0,0.0,0,211,KRW
2604_다이트_전환캠페인,"(재)_창원_인플방문후기_건강한다이어트(창원,박고경)_260325",1861278731680866,2026-04-11,AGE_55_100,1862,218,0,0.0,0,0,0.0,0,192,KRW
2603_다이트_전환캠페인,"(재)_창원_인플방문후기_건강한다이어트(창원,박고경)_260325",1860614832883714,2026-04-11,NONE,0,0,0,0.0,0,0,0.0,0,0,KRW
2604_다이트_전환캠페인,"(재)_창원_인플방문후기_건강한다이어트(창원,박고경)_260325",1861278731680866,2026-04-11,NONE,2,1,0,0.0,0,0,0.0,0,0,KRW
2603_다이트_전환캠페인,(재)_창원_인플방문후기_맘껏먹는 다이어트 한달후기_260306,1858833707245617,2026-04-11,NONE,0,0,0,0.0,0,0,0.0,0,0,KRW
2604_다이트_전환캠페인,(재)_창원_인플방문후기_먹고싶은거다먹는(수원잇츠)_260403,1861437705571345,2026-04-11,AGE_35_44,1497,233,1,0.43,0,0,0.0,0,215,KRW
2604_다이트_전환캠페인,(재)_창원_인플방문후기_먹고싶은거다먹는(수원잇츠)_260403,1861437705571345,2026-04-11,AGE_45_54,2273,268,1,0.37,0,0,0.0,0,246,KRW
2604_다이트_전환캠페인,(재)_창원_인플방문후기_먹고싶은거다먹는(수원잇츠)_260403,1861437705571345,2026-04-11,AGE_55_100,2305,254,1,0.39,0,0,0.0,0,224,KRW
2603_다이트_전환캠페인,(재)_창원_진료셀프캠_50대 20대처럼 체지방_260317,1859897459766273,2026-04-11,NONE,0,0,0,0.0,0,0,0.0,0,0,KRW
2603_다이트_전환캠페인,(재)_창원_진료셀프캠_50대 뱃살 체지방만_260311,1859896365364290,2026-04-11,NONE,0,0,0,0.0,0,0,0.0,0,0,KRW
2604_다이트_전환캠페인,(재)_창원_진료셀프캠_식욕억제주사실패 마지막_260407,1861779402873057,2026-04-11,AGE_35_44,1774,131,1,0.76,0,0,0.0,0,119,KRW
2604_다이트_전환캠페인,(재)_창원_진료셀프캠_식욕억제주사실패 마지막_260407,1861779402873057,2026-04-11,AGE_45_54,1899,174,1,0.57,0,0,0.0,0,159,KRW
2604_다이트_전환캠페인,(재)_창원_진료셀프캠_식욕억제주사실패 마지막_260407,1861779402873057,2026-04-11,AGE_55_100,1969,166,2,1.2,0,0,0.0,0,147,KRW
2603_다이트_전환캠페인,(재)_창원_진료셀프캠_주사형비만치료제 고민끝에 50대부부 -32kg_260225,1860546141013361,2026-04-11,NONE,0,0,0,0.0,0,0,0.0,0,0,KRW
2604_다이트_전환캠페인,(재)_창원_진료셀프캠_주사형비만치료제 고민끝에 50대부부 -32kg_260225,1861278292523041,2026-04-11,NONE,0,0,0,0.0,0,0,0.0,0,0,KRW
2604_다이트_전환캠페인,(재)_천안_의료진정보_4050나잇살 이유는 여기에_260410,1862058676263265,2026-04-11,AGE_35_44,682,235,1,0.43,0,0,0.0,0,234,KRW
2604_다이트_전환캠페인,(재)_천안_의료진정보_4050나잇살 이유는 여기에_260410,1862058676263265,2026-04-11,AGE_45_54,809,203,1,0.49,0,0,0.0,0,192,KRW
2604_다이트_전환캠페인,(재)_천안_의료진정보_4050나잇살 이유는 여기에_260410,1862058676263265,2026-04-11,AGE_55_100,438,151,0,0.0,0,0,0.0,0,145,KRW
2604_다이트_전환캠페인,(재)_천안_의료진정보_4050나잇살 이유는 여기에_260410,1862058676263265,2026-04-11,NONE,0,0,0,0.0,0,0,0.0,0,0,KRW
2604_다이트_전환캠페인,(재)_천안_의료진정보_무작정운동으로 팩폭_260405,1861708807896498,2026-04-11,AGE_45_54,0,0,0,0.0,0,0,0.0,0,0,KRW
2604_다이트_전환캠페인,(재)_천안_의료진정보_무작정운동으로 팩폭_260405,1861708807896498,2026-04-11,NONE,0,0,0,0.0,0,0,0.0,0,0,KRW
2603_다이트_전환캠페인,(재)_천안_의료진정보_비만주사 굶는다이어트_260320,1860263432482913,2026-04-11,NONE,0,0,0,0.0,0,0,0.0,0,0,KRW
2604_다이트_전환캠페인,"(재)_천안_인플방문후기_건강한다이어트(천안, 박고경)_260325",1861278985311585,2026-04-11,AGE_35_44,1990,279,0,0.0,0,0,0.0,0,272,KRW
2604_다이트_전환캠페인,"(재)_천안_인플방문후기_건강한다이어트(천안, 박고경)_260325",1861278985311585,2026-04-11,AGE_45_54,1829,225,0,0.0,0,0,0.0,0,219,KRW
2604_다이트_전환캠페인,"(재)_천안_인플방문후기_건강한다이어트(천안, 박고경)_260325",1861278985311585,2026-04-11,AGE_55_100,973,141,1,0.71,0,0,0.0,0,137,KRW
2603_다이트_전환캠페인,"(재)_천안_인플방문후기_건강한다이어트(천안, 박고경)_260325",1860615057904689,2026-04-11,NONE,0,0,0,0.0,0,0,0.0,0,0,KRW
2604_다이트_전환캠페인,"(재)_천안_인플방문후기_건강한다이어트(천안, 박고경)_260325",1861278985311585,2026-04-11,NONE,7,1,0,0.0,0,0,0.0,0,0,KRW
2603_다이트_전환캠페인,(재)_천안_인플방문후기_맘껏먹는 다이어트 한달후기_260306,1858834125348929,2026-04-11,NONE,0,0,0,0.0,0,0,0.0,0,0,KRW
2604_다이트_전환캠페인,(재)_천안_진료QnA_지긋지긋 40대 뱃살 고생없이_260309,1861278873581714,2026-04-11,AGE_35_44,0,0,0,0.0,0,0,0.0,0,0,KRW
2603_다이트_전환캠페인,(재)_천안_진료셀프캠_50대 20대처럼 체지방_260317,1859897810343346,2026-04-11,NONE,0,0,0,0.0,0,0,0.0,0,0,KRW
2603_다이트_전환캠페인,(재)_천안_진료셀프캠_상체비만 40대 팔뚝살부터_260311,1859358567112033,2026-04-11,NONE,0,0,0,0.0,0,0,0.0,0,0,KRW
2604_다이트_전환캠페인,(재)_천안_진료셀프캠_식욕억제주사실패 마지막_260407,1861779883450610,2026-04-11,AGE_45_54,0,0,0,0.0,0,0,0.0,0,0,KRW
2604_다이트_전환캠페인,(재)_천안_진료셀프캠_식욕억제주사실패 마지막_260407,1861779883450610,2026-04-11,NONE,0,0,0,0.0,0,0,0.0,0,0,KRW
2604_다이트_전환캠페인,(재)_천안_진료셀프캠_주사형비만치료제 고민끝에 50대부부 -32kg_260225,1861968142031009,2026-04-11,AGE_35_44,8646,1165,5,0.43,0,0,0.0,0,1021,KRW
2604_다이트_전환캠페인,(재)_천안_진료셀프캠_주사형비만치료제 고민끝에 50대부부 -32kg_260225,1861968142031009,2026-04-11,AGE_45_54,18413,1738,4,0.23,1,18413,25.0,0,1485,KRW
2604_다이트_전환캠페인,(재)_천안_진료셀프캠_주사형비만치료제 고민끝에 50대부부 -32kg_260225,1861968142031009,2026-04-11,AGE_55_100,12212,1202,9,0.75,0,0,0.0,0,1020,KRW
2604_다이트_전환캠페인,(재)_천안_진료셀프캠_주사형비만치료제 고민끝에 50대부부 -32kg_260225,1861968142031009,2026-04-11,NONE,381,6,0,0.0,0,0,0.0,0,0,KRW
2603_다이트_전환캠페인,(신)_대구_의료진정보_주사형비만치료제 10년은_260116,1861074750911650,2026-04-12,NONE,0,0,0,0.00,0,0,0.00,0,0,KRW
2603_다이트_전환캠페인,(신)_대구_인플방문후기_50대엄마 혈당다이어트(햅삐)_260317,1859897365795954,2026-04-12,NONE,0,0,0,0.00,0,0,0.00,0,0,KRW
2603_다이트_전환캠페인,(신)_대구_인플방문후기_당뇨다이어트(대읽남)_260311,1859417671501954,2026-04-12,NONE,0,0,0,0.00,0,0,0.00,0,0,KRW
2603_다이트_전환캠페인,(신)_대구_인플방문후기_먹으면서 다이어트(대읽남)_251017,1858362316758178,2026-04-12,NONE,0,0,0,0.00,0,0,0.00,0,0,KRW
2604_다이트_전환캠페인,(신)_대구_인플방문후기_먹으면서 다이어트(대읽남)_251017,1861277850752146,2026-04-12,NONE,0,0,0,0.00,0,0,0.00,0,0,KRW
2604_다이트_전환캠페인,(신)_대구_인플방문후기_밥빵면안당기는원장님(itsmeyuriwon)_260407,1861796218051601,2026-04-12,AGE_35_44,803,31,1,3.23,0,0,0.00,0,30,KRW
2604_다이트_전환캠페인,(신)_대구_인플방문후기_밥빵면안당기는원장님(itsmeyuriwon)_260407,1861796218051601,2026-04-12,AGE_45_54,154,25,0,0.00,0,0,0.00,0,24,KRW
2604_다이트_전환캠페인,(신)_대구_인플방문후기_밥빵면안당기는원장님(itsmeyuriwon)_260407,1861796218051601,2026-04-12,AGE_55_100,143,23,0,0.00,0,0,0.00,0,22,KRW
2604_다이트_전환캠페인,(신)_대구_인플방문후기_밥빵면안당기는원장님(itsmeyuriwon)_260407,1861796218051601,2026-04-12,NONE,0,0,0,0.00,0,0,0.00,0,0,KRW
2604_다이트_전환캠페인,(신)_대구_인플방문후기_주사형비만치료제(the.hyunniverse)_260403,1861968872286353,2026-04-12,AGE_35_44,1230,182,0,0.00,0,0,0.00,0,179,KRW
2604_다이트_전환캠페인,(신)_대구_인플방문후기_주사형비만치료제(the.hyunniverse)_260403,1861968872286353,2026-04-12,AGE_45_54,1880,215,1,0.47,0,0,0.00,0,207,KRW
2604_다이트_전환캠페인,(신)_대구_인플방문후기_주사형비만치료제(the.hyunniverse)_260403,1861968872286353,2026-04-12,AGE_55_100,1977,186,2,1.08,0,0,0.00,0,182,KRW
2604_다이트_전환캠페인,(신)_대구_인플방문후기_주사형비만치료제(the.hyunniverse)_260403,1861968872286353,2026-04-12,NONE,11,1,0,0.00,0,0,0.00,0,0,KRW
2603_다이트_전환캠페인,(신)_대구_진료셀프캠_주사형 비만치료제보다 더중요한이것_260120,1858362316758162,2026-04-12,NONE,0,0,0,0.00,0,0,0.00,0,0,KRW
2604_다이트_전환캠페인,(신)_대전_인플방문후기_밥빵면못참는현대인(대전잇츠)_260410,1862064327619745,2026-04-12,AGE_35_44,269,63,0,0.00,0,0,0.00,0,63,KRW
2604_다이트_전환캠페인,(신)_대전_인플방문후기_밥빵면못참는현대인(대전잇츠)_260410,1862064327619745,2026-04-12,AGE_45_54,444,76,0,0.00,0,0,0.00,0,75,KRW
2604_다이트_전환캠페인,(신)_대전_인플방문후기_밥빵면못참는현대인(대전잇츠)_260410,1862064327619745,2026-04-12,AGE_55_100,576,52,0,0.00,0,0,0.00,0,52,KRW
2604_다이트_전환캠페인,(신)_대전_인플방문후기_밥빵면안당기는원장님(itsmeyuriwon)_260407,1861796462367905,2026-04-12,AGE_35_44,128,16,0,0.00,0,0,0.00,0,16,KRW
2604_다이트_전환캠페인,(신)_대전_인플방문후기_밥빵면안당기는원장님(itsmeyuriwon)_260407,1861796462367905,2026-04-12,AGE_45_54,196,15,0,0.00,0,0,0.00,0,15,KRW
2604_다이트_전환캠페인,(신)_대전_인플방문후기_밥빵면안당기는원장님(itsmeyuriwon)_260407,1861796462367905,2026-04-12,AGE_55_100,76,10,0,0.00,0,0,0.00,0,10,KRW
2604_다이트_전환캠페인,(신)_대전_인플방문후기_주사형비만치료제(the.hyunniverse)_260403,1861968952635729,2026-04-12,AGE_35_44,269,39,0,0.00,0,0,0.00,0,38,KRW
2604_다이트_전환캠페인,(신)_대전_인플방문후기_주사형비만치료제(the.hyunniverse)_260403,1861968952635729,2026-04-12,AGE_45_54,465,63,0,0.00,0,0,0.00,0,61,KRW
2604_다이트_전환캠페인,(신)_대전_인플방문후기_주사형비만치료제(the.hyunniverse)_260403,1861968952635729,2026-04-12,AGE_55_100,311,45,1,2.22,0,0,0.00,0,43,KRW
2604_다이트_전환캠페인,(신)_대전_인플방문후기_주사형비만치료제(the.hyunniverse)_260403,1861968952635729,2026-04-12,NONE,5,1,0,0.00,0,0,0.00,0,0,KRW
2604_다이트_전환캠페인,(신)_부평_의료진정보_주사형비만치료제 10년은_260116,1861276817166401,2026-04-12,AGE_35_44,371,29,2,6.90,0,0,0.00,0,22,KRW
2604_다이트_전환캠페인,(신)_부평_의료진정보_주사형비만치료제 10년은_260116,1861276817166401,2026-04-12,AGE_45_54,824,44,0,0.00,0,0,0.00,0,42,KRW
2604_다이트_전환캠페인,(신)_부평_의료진정보_주사형비만치료제 10년은_260116,1861276817166401,2026-04-12,AGE_55_100,687,43,1,2.33,0,0,0.00,0,42,KRW
2603_다이트_전환캠페인,(신)_부평_의료진정보_주사형비만치료제 10년은_260116,1860716092390562,2026-04-12,NONE,0,0,0,0.00,0,0,0.00,0,0,KRW
2604_다이트_전환캠페인,(신)_부평_의료진정보_주사형비만치료제 10년은_260116,1861276817166401,2026-04-12,NONE,0,0,0,0.00,0,0,0.00,0,0,KRW
2603_다이트_전환캠페인,(신)_부평_인플방문후기_50대엄마 혈당다이어트(햅삐)_260317,1859896796626130,2026-04-12,NONE,0,0,0,0.00,0,0,0.00,0,0,KRW
2604_다이트_전환캠페인,(신)_부평_인플방문후기_건강한다이어트(박고경)_260324,1861276881397074,2026-04-12,AGE_35_44,625,94,1,1.06,0,0,0.00,0,91,KRW
2604_다이트_전환캠페인,(신)_부평_인플방문후기_건강한다이어트(박고경)_260324,1861276881397074,2026-04-12,AGE_45_54,1430,119,1,0.84,0,0,0.00,0,113,KRW
2604_다이트_전환캠페인,(신)_부평_인플방문후기_건강한다이어트(박고경)_260324,1861276881397074,2026-04-12,AGE_55_100,535,70,0,0.00,0,0,0.00,0,67,KRW
2603_다이트_전환캠페인,(신)_부평_인플방문후기_건강한다이어트(박고경)_260324,1860541278478465,2026-04-12,NONE,0,0,0,0.00,0,0,0.00,0,0,KRW
2604_다이트_전환캠페인,(신)_부평_인플방문후기_건강한다이어트(박고경)_260324,1861276881397074,2026-04-12,NONE,0,0,0,0.00,0,0,0.00,0,0,KRW
2603_다이트_전환캠페인,(신)_부평_인플방문후기_더먹어야 다이어트 가능(더먹어유)_260313,1859538135129201,2026-04-12,NONE,0,0,0,0.00,0,0,0.00,0,0,KRW
2604_다이트_전환캠페인,(신)_부평_인플방문후기_밥빵면안당기는원장님(itsmeyuriwon)_260407,1861795578227042,2026-04-12,AGE_35_44,2364,142,1,0.70,0,0,0.00,0,139,KRW
2604_다이트_전환캠페인,(신)_부평_인플방문후기_밥빵면안당기는원장님(itsmeyuriwon)_260407,1861795578227042,2026-04-12,AGE_45_54,2952,147,3,2.04,0,0,0.00,0,142,KRW
2604_다이트_전환캠페인,(신)_부평_인플방문후기_밥빵면안당기는원장님(itsmeyuriwon)_260407,1861795578227042,2026-04-12,AGE_55_100,1089,53,0,0.00,0,0,0.00,0,49,KRW
2604_다이트_전환캠페인,(신)_부평_인플방문후기_밥빵면안당기는원장님(itsmeyuriwon)_260407,1861795578227042,2026-04-12,NONE,4,1,0,0.00,0,0,0.00,0,0,KRW
2604_다이트_전환캠페인,(신)_부평_인플방문후기_주사형비만치료제(the.hyunniverse)_260403,1861968247570690,2026-04-12,AGE_35_44,2898,422,0,0.00,0,0,0.00,0,408,KRW
2604_다이트_전환캠페인,(신)_부평_인플방문후기_주사형비만치료제(the.hyunniverse)_260403,1861968247570690,2026-04-12,AGE_45_54,4213,566,0,0.00,0,0,0.00,0,542,KRW
2604_다이트_전환캠페인,(신)_부평_인플방문후기_주사형비만치료제(the.hyunniverse)_260403,1861968247570690,2026-04-12,AGE_55_100,3911,359,2,0.56,0,0,0.00,0,341,KRW
2604_다이트_전환캠페인,(신)_부평_인플방문후기_주사형비만치료제(the.hyunniverse)_260403,1861968247570690,2026-04-12,NONE,17,2,0,0.00,0,0,0.00,0,0,KRW
2603_다이트_전환캠페인,(신)_부평_진료셀프캠_주사형 비만치료제보다 더중요한이것_260120,1858358889552897,2026-04-12,NONE,0,0,0,0.00,0,0,0.00,0,0,KRW
2603_다이트_전환캠페인,(신)_서울_인플방문후기_건강한다이어트(박고경)_260324,1860545998449873,2026-04-12,NONE,0,0,0,0.00,0,0,0.00,0,0,KRW
2604_다이트_전환캠페인,(신)_서울_인플방문후기_밥빵면안당기는원장님(itsmeyuriwon)_260407,1861792943047986,2026-04-12,AGE_35_44,843,49,1,2.04,0,0,0.00,0,49,KRW
2604_다이트_전환캠페인,(신)_서울_인플방문후기_밥빵면안당기는원장님(itsmeyuriwon)_260407,1861792943047986,2026-04-12,AGE_45_54,1122,38,1,2.63,0,0,0.00,0,37,KRW
2604_다이트_전환캠페인,(신)_서울_인플방문후기_밥빵면안당기는원장님(itsmeyuriwon)_260407,1861792943047986,2026-04-12,AGE_55_100,759,34,0,0.00,0,0,0.00,0,32,KRW
2604_다이트_전환캠페인,(신)_서울_인플방문후기_밥빵면안당기는원장님(itsmeyuriwon)_260407,1861792943047986,2026-04-12,NONE,0,0,0,0.00,0,0,0.00,0,0,KRW
2604_다이트_전환캠페인,(신)_서울_인플방문후기_주사형비만치료제(the.hyunniverse)_260403,1861968379365409,2026-04-12,AGE_35_44,1680,321,3,0.93,1,1680,33.33,0,309,KRW
2604_다이트_전환캠페인,(신)_서울_인플방문후기_주사형비만치료제(the.hyunniverse)_260403,1861968379365409,2026-04-12,AGE_45_54,3830,430,3,0.70,0,0,0.00,0,416,KRW
2604_다이트_전환캠페인,(신)_서울_인플방문후기_주사형비만치료제(the.hyunniverse)_260403,1861968379365409,2026-04-12,AGE_55_100,3178,315,0,0.00,1,3178,0.00,0,298,KRW
2604_다이트_전환캠페인,(신)_서울_인플방문후기_주사형비만치료제(the.hyunniverse)_260403,1861968379365409,2026-04-12,NONE,9,3,0,0.00,0,0,0.00,0,0,KRW
2603_다이트_전환캠페인,(신)_서울_진료셀프캠_주사형 비만치료제보다 더중요한이것_26120,1858361825289345,2026-04-12,NONE,0,0,0,0.00,0,0,0.00,0,0,KRW
2603_다이트_전환캠페인,(신)_수원_의료진정보_주사형비만치료제 10년은_260116,1861074626769138,2026-04-12,NONE,0,0,0,0.00,0,0,0.00,0,0,KRW
2603_다이트_전환캠페인,(신)_수원_인플방문후기_더먹어야 다이어트 가능(더먹어유)_260313,1859538405086241,2026-04-12,NONE,0,0,0,0.00,0,0,0.00,0,0,KRW
2603_다이트_전환캠페인,(신)_수원_인플방문후기_먹을거 다먹으면서(미미)_260317,1859897183294593,2026-04-12,NONE,0,0,0,0.00,0,0,0.00,0,0,KRW
2604_다이트_전환캠페인,(신)_수원_인플방문후기_밥빵면안당기는원장님(itsmeyuriwon)_260407,1861796026692689,2026-04-12,AGE_25_34,2680,551,2,0.36,0,0,0.00,0,533,KRW
2604_다이트_전환캠페인,(신)_수원_인플방문후기_밥빵면안당기는원장님(itsmeyuriwon)_260407,1861796026692689,2026-04-12,AGE_35_44,4932,460,0,0.00,0,0,0.00,0,448,KRW
2604_다이트_전환캠페인,(신)_수원_인플방문후기_밥빵면안당기는원장님(itsmeyuriwon)_260407,1861796026692689,2026-04-12,AGE_45_54,5481,409,3,0.73,0,0,0.00,0,402,KRW
2604_다이트_전환캠페인,(신)_수원_인플방문후기_밥빵면안당기는원장님(itsmeyuriwon)_260407,1861796026692689,2026-04-12,AGE_55_100,2640,178,2,1.12,0,0,0.00,0,171,KRW
2604_다이트_전환캠페인,(신)_수원_인플방문후기_밥빵면안당기는원장님(itsmeyuriwon)_260407,1861796026692689,2026-04-12,NONE,85,2,0,0.00,0,0,0.00,0,0,KRW
2604_다이트_전환캠페인,(신)_수원_인플방문후기_주사형비만치료제(the.hyunniverse)_260403,1861426333950193,2026-04-12,AGE_25_34,1584,333,1,0.30,0,0,0.00,0,329,KRW
2604_다이트_전환캠페인,(신)_수원_인플방문후기_주사형비만치료제(the.hyunniverse)_260403,1861426333950193,2026-04-12,AGE_35_44,2650,360,1,0.28,0,0,0.00,0,352,KRW
2604_다이트_전환캠페인,(신)_수원_인플방문후기_주사형비만치료제(the.hyunniverse)_260403,1861426333950193,2026-04-12,AGE_45_54,5432,451,1,0.22,0,0,0.00,0,436,KRW
2604_다이트_전환캠페인,(신)_수원_인플방문후기_주사형비만치료제(the.hyunniverse)_260403,1861426333950193,2026-04-12,AGE_55_100,2495,251,1,0.40,0,0,0.00,0,241,KRW
2604_다이트_전환캠페인,(신)_수원_인플방문후기_주사형비만치료제(the.hyunniverse)_260403,1861426333950193,2026-04-12,NONE,22,6,0,0.00,0,0,0.00,0,0,KRW
2604_다이트_전환캠페인,(신)_일산_인플방문후기_밥빵면안당기는원장님(itsmeyuriwon)_260407,1861796100333057,2026-04-12,AGE_35_44,291,23,0,0.00,0,0,0.00,0,21,KRW
2604_다이트_전환캠페인,(신)_일산_인플방문후기_밥빵면안당기는원장님(itsmeyuriwon)_260407,1861796100333057,2026-04-12,AGE_45_54,449,26,0,0.00,0,0,0.00,0,26,KRW
2604_다이트_전환캠페인,(신)_일산_인플방문후기_밥빵면안당기는원장님(itsmeyuriwon)_260407,1861796100333057,2026-04-12,AGE_55_100,27,6,0,0.00,0,0,0.00,0,6,KRW
2604_다이트_전환캠페인,(신)_일산_인플방문후기_밥빵면안당기는원장님(itsmeyuriwon)_260407,1861796100333057,2026-04-12,NONE,7,1,0,0.00,0,0,0.00,0,0,KRW
2604_다이트_전환캠페인,(신)_일산_인플방문후기_주사형비만치료제(the.hyunniverse)_260403,1861968797915602,2026-04-12,AGE_35_44,1853,363,0,0.00,0,0,0.00,0,361,KRW
2604_다이트_전환캠페인,(신)_일산_인플방문후기_주사형비만치료제(the.hyunniverse)_260403,1861968797915602,2026-04-12,AGE_45_54,5188,445,2,0.45,0,0,0.00,0,434,KRW
2604_다이트_전환캠페인,(신)_일산_인플방문후기_주사형비만치료제(the.hyunniverse)_260403,1861968797915602,2026-04-12,AGE_55_100,3902,342,2,0.58,0,0,0.00,0,336,KRW
2604_다이트_전환캠페인,(신)_일산_인플방문후기_주사형비만치료제(the.hyunniverse)_260403,1861968797915602,2026-04-12,NONE,14,1,0,0.00,0,0,0.00,0,0,KRW
2603_다이트_전환캠페인,(신)_창원_의료진정보_주사형비만치료제 10년은_260116,1861074964856914,2026-04-12,NONE,0,0,0,0.00,0,0,0.00,0,0,KRW
2603_다이트_전환캠페인,(신)_창원_인플방문후기_더먹어야 다이어트 가능(더먹어유)_260313,1859538526785570,2026-04-12,NONE,0,0,0,0.00,0,0,0.00,0,0,KRW
2603_다이트_전환캠페인,(신)_창원_인플방문후기_먹을거 다먹으면서(미미)_260317,1859897624509618,2026-04-12,NONE,0,0,0,0.00,0,0,0.00,0,0,KRW
2604_다이트_전환캠페인,(신)_창원_인플방문후기_밥빵면안당기는원장님(itsmeyuriwon)_260407,1861796302859538,2026-04-12,AGE_35_44,1247,158,2,1.27,0,0,0.00,0,152,KRW
2604_다이트_전환캠페인,(신)_창원_인플방문후기_밥빵면안당기는원장님(itsmeyuriwon)_260407,1861796302859538,2026-04-12,AGE_45_54,3096,200,1,0.50,0,0,0.00,0,193,KRW
2604_다이트_전환캠페인,(신)_창원_인플방문후기_밥빵면안당기는원장님(itsmeyuriwon)_260407,1861796302859538,2026-04-12,AGE_55_100,1355,98,0,0.00,0,0,0.00,0,95,KRW
2604_다이트_전환캠페인,(신)_창원_인플방문후기_밥빵면안당기는원장님(itsmeyuriwon)_260407,1861796302859538,2026-04-12,NONE,0,0,0,0.00,0,0,0.00,0,0,KRW
2604_다이트_전환캠페인,(신)_창원_인플방문후기_주사형비만치료제(the.hyunniverse)_260403,1861427124084770,2026-04-12,AGE_35_44,1591,191,0,0.00,0,0,0.00,0,182,KRW
2604_다이트_전환캠페인,(신)_창원_인플방문후기_주사형비만치료제(the.hyunniverse)_260403,1861427124084770,2026-04-12,AGE_45_54,3012,269,1,0.37,0,0,0.00,0,255,KRW
2604_다이트_전환캠페인,(신)_창원_인플방문후기_주사형비만치료제(the.hyunniverse)_260403,1861427124084770,2026-04-12,AGE_55_100,2722,197,2,1.02,0,0,0.00,0,186,KRW
2604_다이트_전환캠페인,(신)_창원_인플방문후기_주사형비만치료제(the.hyunniverse)_260403,1861427124084770,2026-04-12,NONE,14,3,0,0.00,0,0,0.00,0,0,KRW
2604_다이트_전환캠페인,(신)_천안_의료진정보_주사형비만치료제 10년은_260116,1861279064396242,2026-04-12,AGE_35_44,189,37,0,0.00,0,0,0.00,0,36,KRW
2604_다이트_전환캠페인,(신)_천안_의료진정보_주사형비만치료제 10년은_260116,1861279064396242,2026-04-12,AGE_45_54,258,34,1,2.94,0,0,0.00,0,33,KRW
2604_다이트_전환캠페인,(신)_천안_의료진정보_주사형비만치료제 10년은_260116,1861279064396242,2026-04-12,AGE_55_100,292,27,0,0.00,0,0,0.00,0,27,KRW
2604_다이트_전환캠페인,(신)_천안_인플방문후기_밥빵면안당기는원장님(itsmeyuriwon)_260407,1861796395517250,2026-04-12,AGE_35_44,1601,118,1,0.85,0,0,0.00,0,114,KRW
2604_다이트_전환캠페인,(신)_천안_인플방문후기_밥빵면안당기는원장님(itsmeyuriwon)_260407,1861796395517250,2026-04-12,AGE_45_54,1184,93,2,2.15,0,0,0.00,0,89,KRW
2604_다이트_전환캠페인,(신)_천안_인플방문후기_밥빵면안당기는원장님(itsmeyuriwon)_260407,1861796395517250,2026-04-12,AGE_55_100,213,36,2,5.56,0,0,0.00,0,35,KRW
2604_다이트_전환캠페인,(신)_천안_인플방문후기_주사형비만치료제(the.hyunniverse)_260403,1861969033799841,2026-04-12,AGE_35_44,1070,189,0,0.00,0,0,0.00,0,184,KRW
2604_다이트_전환캠페인,(신)_천안_인플방문후기_주사형비만치료제(the.hyunniverse)_260403,1861969033799841,2026-04-12,AGE_45_54,2513,188,0,0.00,0,0,0.00,0,179,KRW
2604_다이트_전환캠페인,(신)_천안_인플방문후기_주사형비만치료제(the.hyunniverse)_260403,1861969033799841,2026-04-12,AGE_55_100,1650,107,1,0.93,1,1650,100.00,0,99,KRW
2604_다이트_전환캠페인,(신)_천안_인플방문후기_주사형비만치료제(the.hyunniverse)_260403,1861969033799841,2026-04-12,NONE,6,3,0,0.00,0,0,0.00,0,0,KRW
2604_다이트_전환캠페인,(신)_천안_진료셀프캠_주사형 비만치료제보다 더중요한이것_260120,1861969112559697,2026-04-12,AGE_35_44,358,83,0,0.00,0,0,0.00,0,78,KRW
2604_다이트_전환캠페인,(신)_천안_진료셀프캠_주사형 비만치료제보다 더중요한이것_260120,1861969112559697,2026-04-12,AGE_45_54,846,91,0,0.00,0,0,0.00,0,87,KRW
2604_다이트_전환캠페인,(신)_천안_진료셀프캠_주사형 비만치료제보다 더중요한이것_260120,1861969112559697,2026-04-12,AGE_55_100,679,81,0,0.00,0,0,0.00,0,79,KRW
2604_다이트_전환캠페인,(신)_천안_진료셀프캠_주사형 비만치료제보다 더중요한이것_260120,1861969112559697,2026-04-12,NONE,0,0,0,0.00,0,0,0.00,0,0,KRW
2603_다이트_전환캠페인,(신)_천안_진료셀프캠_주사형 비만치료제보다 더중요한이것_260120,1858358889565697,2026-04-12,NONE,0,0,0,0.00,0,0,0.00,0,0,KRW
2603_다이트_전환캠페인,(재)_대구_리얼모델후기_체지방만 14kg 먹으면서_260324,1860540866227313,2026-04-12,NONE,0,0,0,0.00,0,0,0.00,0,0,KRW
2604_다이트_전환캠페인,(재)_대구_의료진정보_무작정운동으로 팩폭_260406,1861709464313057,2026-04-12,AGE_35_44,268,40,1,2.50,0,0,0.00,0,40,KRW
2604_다이트_전환캠페인,(재)_대구_의료진정보_무작정운동으로 팩폭_260406,1861709464313057,2026-04-12,AGE_45_54,514,25,0,0.00,0,0,0.00,0,25,KRW
2604_다이트_전환캠페인,(재)_대구_의료진정보_무작정운동으로 팩폭_260406,1861709464313057,2026-04-12,AGE_55_100,275,29,0,0.00,0,0,0.00,0,27,KRW
2604_다이트_전환캠페인,(재)_대구_의료진정보_무작정운동으로 팩폭_260406,1861709464313057,2026-04-12,NONE,61,1,0,0.00,0,0,0.00,0,0,KRW
2603_다이트_전환캠페인,(재)_대구_의료진정보_비만주사 굶는다이어트_260320,1860263658516898,2026-04-12,NONE,0,0,0,0.00,0,0,0.00,0,0,KRW
2604_다이트_전환캠페인,"(재)_대구_인플방문후기_건강한다이어트(대구,박고경)_260325",1861278128485793,2026-04-12,AGE_35_44,1740,95,0,0.00,0,0,0.00,0,94,KRW
2604_다이트_전환캠페인,"(재)_대구_인플방문후기_건강한다이어트(대구,박고경)_260325",1861278128485793,2026-04-12,AGE_45_54,355,55,0,0.00,0,0,0.00,0,54,KRW
2604_다이트_전환캠페인,"(재)_대구_인플방문후기_건강한다이어트(대구,박고경)_260325",1861278128485793,2026-04-12,AGE_55_100,223,49,0,0.00,0,0,0.00,0,49,KRW
2604_다이트_전환캠페인,"(재)_대구_인플방문후기_건강한다이어트(대구,박고경)_260325",1861278128485793,2026-04-12,NONE,0,0,0,0.00,0,0,0.00,0,0,KRW
2603_다이트_전환캠페인,"(재)_대구_인플방문후기_건강한다이어트(대구,박고경)_260325",1860614125298753,2026-04-12,NONE,0,0,0,0.00,0,0,0.00,0,0,KRW
2603_다이트_전환캠페인,(재)_대구_인플방문후기_맘껏먹는 다이어트 한달후기_260306,1858833581846626,2026-04-12,NONE,0,0,0,0.00,0,0,0.00,0,0,KRW
2604_다이트_전환캠페인,(재)_대구_인플방문후기_먹고싶은거다먹는(수원잇츠)_260403,1861437815982145,2026-04-12,AGE_35_44,583,78,0,0.00,0,0,0.00,0,77,KRW
2604_다이트_전환캠페인,(재)_대구_인플방문후기_먹고싶은거다먹는(수원잇츠)_260403,1861437815982145,2026-04-12,AGE_45_54,882,78,0,0.00,0,0,0.00,0,75,KRW
2604_다이트_전환캠페인,(재)_대구_인플방문후기_먹고싶은거다먹는(수원잇츠)_260403,1861437815982145,2026-04-12,AGE_55_100,278,45,0,0.00,0,0,0.00,0,45,KRW
2603_다이트_전환캠페인,(재)_대구_인플방문후기_체지방만쏙빼는(부산잇츠)_260220,1858358889560241,2026-04-12,NONE,0,0,0,0.00,0,0,0.00,0,0,KRW
2603_다이트_전환캠페인,(재)_대구_진료셀프캠_50대 뱃살 체지방만_260317,1859896191187025,2026-04-12,NONE,0,0,0,0.00,0,0,0.00,0,0,KRW
2604_다이트_전환캠페인,(재)_대구_진료셀프캠_다이어트의적 밥빵면_260407,1861778669641809,2026-04-12,AGE_35_44,960,103,0,0.00,0,0,0.00,0,103,KRW
2604_다이트_전환캠페인,(재)_대구_진료셀프캠_다이어트의적 밥빵면_260407,1861778669641809,2026-04-12,AGE_45_54,3130,139,3,2.16,0,0,0.00,0,139,KRW
2604_다이트_전환캠페인,(재)_대구_진료셀프캠_다이어트의적 밥빵면_260407,1861778669641809,2026-04-12,AGE_55_100,1342,116,1,0.86,0,0,0.00,0,112,KRW
2604_다이트_전환캠페인,(재)_대구_진료셀프캠_다이어트의적 밥빵면_260407,1861778669641809,2026-04-12,NONE,17,1,0,0.00,0,0,0.00,0,0,KRW
2603_다이트_전환캠페인,(재)_대구_진료셀프캠_비만주사 10년은 늙어보인대요_260326,1860714231170321,2026-04-12,NONE,0,0,0,0.00,0,0,0.00,0,0,KRW
2603_다이트_전환캠페인,(재)_대구_진료셀프캠_비만주사끊고15kg_260326,1860714231170337,2026-04-12,NONE,0,0,0,0.00,0,0,0.00,0,0,KRW
2604_다이트_전환캠페인,(재)_대구_진료셀프캠_식욕억제주사실패 마지막_260407,1861779512219682,2026-04-12,AGE_35_44,3641,311,3,0.96,1,3641,33.33,0,300,KRW
2604_다이트_전환캠페인,(재)_대구_진료셀프캠_식욕억제주사실패 마지막_260407,1861779512219682,2026-04-12,AGE_45_54,5814,411,3,0.73,0,0,0.00,0,390,KRW
2604_다이트_전환캠페인,(재)_대구_진료셀프캠_식욕억제주사실패 마지막_260407,1861779512219682,2026-04-12,AGE_55_100,2665,216,4,1.85,0,0,0.00,0,209,KRW
2604_다이트_전환캠페인,(재)_대구_진료셀프캠_식욕억제주사실패 마지막_260407,1861779512219682,2026-04-12,NONE,0,0,0,0.00,0,0,0.00,0,0,KRW
2604_다이트_전환캠페인,(재)_대구_진료셀프캠_주사형비만치료제 고민끝에 50대부부 -32kg_260225,1861278082187298,2026-04-12,AGE_35_44,1171,127,0,0.00,0,0,0.00,0,125,KRW
2604_다이트_전환캠페인,(재)_대구_진료셀프캠_주사형비만치료제 고민끝에 50대부부 -32kg_260225,1861278082187298,2026-04-12,AGE_45_54,3121,184,2,1.09,2,1560,100.00,0,179,KRW
2604_다이트_전환캠페인,(재)_대구_진료셀프캠_주사형비만치료제 고민끝에 50대부부 -32kg_260225,1861278082187298,2026-04-12,AGE_55_100,2755,199,2,1.01,0,0,0.00,0,192,KRW
2604_다이트_전환캠페인,(재)_대구_진료셀프캠_주사형비만치료제 고민끝에 50대부부 -32kg_260225,1861278082187298,2026-04-12,NONE,16,3,0,0.00,0,0,0.00,0,0,KRW
2603_다이트_전환캠페인,(재)_대구_진료셀프캠_주사형비만치료제 고민끝에 50대부부 -32kg_260225,1860546064808049,2026-04-12,NONE,0,0,0,0.00,0,0,0.00,0,0,KRW
2604_다이트_전환캠페인,"(재)_대전_인플방문후기_건강한다이어트(대전, 박고경)_260406",1861709876075633,2026-04-12,NONE,0,0,0,0.00,0,0,0.00,0,0,KRW
2604_다이트_전환캠페인,(재)_대전_인플방문후기_맘껏먹는 다이어트 한달후기_260306,1861708302605361,2026-04-12,AGE_35_44,123,23,0,0.00,0,0,0.00,0,23,KRW
2604_다이트_전환캠페인,(재)_대전_인플방문후기_맘껏먹는 다이어트 한달후기_260306,1861708302605361,2026-04-12,AGE_45_54,257,16,0,0.00,0,0,0.00,0,16,KRW
2604_다이트_전환캠페인,(재)_대전_인플방문후기_맘껏먹는 다이어트 한달후기_260306,1861708302605361,2026-04-12,AGE_55_100,180,7,0,0.00,0,0,0.00,0,7,KRW
2604_다이트_전환캠페인,(재)_대전_진료셀프캠_다이어트의적 밥빵면_260407,1861776478109986,2026-04-12,AGE_35_44,1467,98,0,0.00,0,0,0.00,0,92,KRW
2604_다이트_전환캠페인,(재)_대전_진료셀프캠_다이어트의적 밥빵면_260407,1861776478109986,2026-04-12,AGE_45_54,3827,172,3,1.74,0,0,0.00,0,157,KRW
2604_다이트_전환캠페인,(재)_대전_진료셀프캠_다이어트의적 밥빵면_260407,1861776478109986,2026-04-12,AGE_55_100,3128,129,3,2.33,0,0,0.00,0,121,KRW
2604_다이트_전환캠페인,(재)_대전_진료셀프캠_다이어트의적 밥빵면_260407,1861776478109986,2026-04-12,NONE,0,0,0,0.00,0,0,0.00,0,0,KRW
2604_다이트_전환캠페인,(재)_대전_진료셀프캠_식욕억제주사실패 마지막_260406,1861708051912898,2026-04-12,AGE_35_44,1573,120,2,1.67,0,0,0.00,0,120,KRW
2604_다이트_전환캠페인,(재)_대전_진료셀프캠_식욕억제주사실패 마지막_260406,1861708051912898,2026-04-12,AGE_45_54,2887,152,2,1.32,0,0,0.00,0,148,KRW
2604_다이트_전환캠페인,(재)_대전_진료셀프캠_식욕억제주사실패 마지막_260406,1861708051912898,2026-04-12,AGE_55_100,2341,99,2,2.02,0,0,0.00,0,97,KRW
2604_다이트_전환캠페인,(재)_대전_진료셀프캠_식욕억제주사실패 마지막_260406,1861708051912898,2026-04-12,NONE,6,1,0,0.00,0,0,0.00,0,0,KRW
2604_다이트_전환캠페인,(재)_대전_진료셀프캠_주사형비만치료제 고민끝에 50대부부 -32kg_260225,1861708178989089,2026-04-12,AGE_35_44,678,73,1,1.37,0,0,0.00,0,72,KRW
2604_다이트_전환캠페인,(재)_대전_진료셀프캠_주사형비만치료제 고민끝에 50대부부 -32kg_260225,1861708178989089,2026-04-12,AGE_45_54,735,92,0,0.00,0,0,0.00,0,91,KRW
2604_다이트_전환캠페인,(재)_대전_진료셀프캠_주사형비만치료제 고민끝에 50대부부 -32kg_260225,1861708178989089,2026-04-12,AGE_55_100,600,68,0,0.00,0,0,0.00,0,68,KRW
2604_다이트_전환캠페인,(재)_대전_진료셀프캠_주사형비만치료제 고민끝에 50대부부 -32kg_260225,1861708178989089,2026-04-12,NONE,3,1,0,0.00,0,0,0.00,0,0,KRW
2604_다이트_전환캠페인,(재)_부평_의료진정보_무작정운동으로 팩폭_260406,1861709708534065,2026-04-12,AGE_35_44,219,22,0,0.00,0,0,0.00,0,22,KRW
2604_다이트_전환캠페인,(재)_부평_의료진정보_무작정운동으로 팩폭_260406,1861709708534065,2026-04-12,AGE_45_54,346,36,1,2.78,0,0,0.00,0,35,KRW
2604_다이트_전환캠페인,(재)_부평_의료진정보_무작정운동으로 팩폭_260406,1861709708534065,2026-04-12,AGE_55_100,189,18,0,0.00,0,0,0.00,0,18,KRW
2604_다이트_전환캠페인,(재)_부평_의료진정보_무작정운동으로 팩폭_260406,1861709708534065,2026-04-12,NONE,0,0,0,0.00,0,0,0.00,0,0,KRW
2603_다이트_전환캠페인,(재)_부평_의료진정보_비만주사 굶는다이어트_260320,1860170168891553,2026-04-12,NONE,0,0,0,0.00,0,0,0.00,0,0,KRW
2603_다이트_전환캠페인,(재)_부평_의료진정보_비만주사요요 탄수중독_260320,1860170168891521,2026-04-12,NONE,0,0,0,0.00,0,0,0.00,0,0,KRW
2604_다이트_전환캠페인,(재)_부평_인플방문후기_먹고싶은거다먹는(수원잇츠)_260403,1861438021385394,2026-04-12,NONE,0,0,0,0.00,0,0,0.00,0,0,KRW
2603_다이트_전환캠페인,(재)_부평_진료셀프캠_비만주사끊고15kg_260326,1860713378682322,2026-04-12,NONE,0,0,0,0.00,0,0,0.00,0,0,KRW
2603_다이트_전환캠페인,(재)_부평_진료셀프캠_비만주사없이 체질_260320,1860263975141538,2026-04-12,NONE,0,0,0,0.00,0,0,0.00,0,0,KRW
2604_다이트_전환캠페인,(재)_부평_진료셀프캠_식욕억제주사실패 마지막_260407,1861779276638289,2026-04-12,AGE_35_44,1905,191,0,0.00,0,0,0.00,0,184,KRW
2604_다이트_전환캠페인,(재)_부평_진료셀프캠_식욕억제주사실패 마지막_260407,1861779276638289,2026-04-12,AGE_45_54,3324,274,2,0.73,0,0,0.00,0,259,KRW
2604_다이트_전환캠페인,(재)_부평_진료셀프캠_식욕억제주사실패 마지막_260407,1861779276638289,2026-04-12,AGE_55_100,2408,169,1,0.59,0,0,0.00,0,165,KRW
2604_다이트_전환캠페인,(재)_부평_진료셀프캠_주사형비만치료제 고민끝에 50대부부 -32kg_260225,1861276697497633,2026-04-12,AGE_35_44,1426,121,0,0.00,0,0,0.00,0,120,KRW
2604_다이트_전환캠페인,(재)_부평_진료셀프캠_주사형비만치료제 고민끝에 50대부부 -32kg_260225,1861276697497633,2026-04-12,AGE_45_54,2100,178,1,0.56,0,0,0.00,0,174,KRW
2604_다이트_전환캠페인,(재)_부평_진료셀프캠_주사형비만치료제 고민끝에 50대부부 -32kg_260225,1861276697497633,2026-04-12,AGE_55_100,2048,131,1,0.76,0,0,0.00,0,127,KRW
2603_다이트_전환캠페인,(재)_부평_진료셀프캠_주사형비만치료제 고민끝에 50대부부 -32kg_260225,1858358875905138,2026-04-12,NONE,0,0,0,0.00,0,0,0.00,0,0,KRW
2604_다이트_전환캠페인,(재)_부평_진료셀프캠_주사형비만치료제 고민끝에 50대부부 -32kg_260225,1861276697497633,2026-04-12,NONE,9,1,0,0.00,0,0,0.00,0,0,KRW
2604_다이트_전환캠페인,(재)_서울_의료진정보_무작정운동으로 팩폭_260406,1861709796228209,2026-04-12,AGE_35_44,177,12,0,0.00,0,0,0.00,0,12,KRW
2604_다이트_전환캠페인,(재)_서울_의료진정보_무작정운동으로 팩폭_260406,1861709796228209,2026-04-12,AGE_45_54,76,12,0,0.00,0,0,0.00,0,12,KRW
2604_다이트_전환캠페인,(재)_서울_의료진정보_무작정운동으로 팩폭_260406,1861709796228209,2026-04-12,AGE_55_100,96,8,0,0.00,0,0,0.00,0,8,KRW
2603_다이트_전환캠페인,(재)_서울_의료진정보_비만주사 굶는다이어트_260320,1860169742535889,2026-04-12,NONE,0,0,0,0.00,0,0,0.00,0,0,KRW
2603_다이트_전환캠페인,"(재)_서울_인플방문후기_건강한다이어트(서울,박고경)_260325",1860614178390386,2026-04-12,NONE,0,0,0,0.00,0,0,0.00,0,0,KRW
2604_다이트_전환캠페인,(재)_서울_인플방문후기_맘껏먹는 다이어트 한달후기_260306,1861276306937889,2026-04-12,AGE_35_44,40,9,0,0.00,0,0,0.00,0,9,KRW
2604_다이트_전환캠페인,(재)_서울_인플방문후기_맘껏먹는 다이어트 한달후기_260306,1861276306937889,2026-04-12,AGE_45_54,130,19,0,0.00,0,0,0.00,0,18,KRW
2604_다이트_전환캠페인,(재)_서울_인플방문후기_맘껏먹는 다이어트 한달후기_260306,1861276306937889,2026-04-12,AGE_55_100,68,11,0,0.00,0,0,0.00,0,11,KRW
2603_다이트_전환캠페인,(재)_서울_인플방문후기_맘껏먹는 다이어트 한달후기_260306,1858832894864657,2026-04-12,NONE,0,0,0,0.00,0,0,0.00,0,0,KRW
2604_다이트_전환캠페인,(재)_서울_인플방문후기_먹고싶은거다먹는(수원잇츠)_260403,1861438096695922,2026-04-12,AGE_35_44,44,13,0,0.00,0,0,0.00,0,13,KRW
2604_다이트_전환캠페인,(재)_서울_인플방문후기_먹고싶은거다먹는(수원잇츠)_260403,1861438096695922,2026-04-12,AGE_45_54,150,20,0,0.00,0,0,0.00,0,20,KRW
2604_다이트_전환캠페인,(재)_서울_인플방문후기_먹고싶은거다먹는(수원잇츠)_260403,1861438096695922,2026-04-12,AGE_55_100,91,14,0,0.00,0,0,0.00,0,14,KRW
2604_다이트_전환캠페인,(재)_서울_인플방문후기_먹고싶은거다먹는(수원잇츠)_260403,1861438096695922,2026-04-12,NONE,0,0,0,0.00,0,0,0.00,0,0,KRW
2603_다이트_전환캠페인,(재)_서울_진료셀프캠_비만주사 10년은 늙어보인대요_260326,1860713002800545,2026-04-12,NONE,0,0,0,0.00,0,0,0.00,0,0,KRW
2603_다이트_전환캠페인,(재)_서울_진료셀프캠_비만주사없이 체질_260320,1860169742535905,2026-04-12,NONE,0,0,0,0.00,0,0,0.00,0,0,KRW
2604_다이트_전환캠페인,(재)_서울_진료셀프캠_식욕억제주사실패 마지막_260407,1861778815720546,2026-04-12,AGE_35_44,2366,224,1,0.45,0,0,0.00,0,209,KRW
2604_다이트_전환캠페인,(재)_서울_진료셀프캠_식욕억제주사실패 마지막_260407,1861778815720546,2026-04-12,AGE_45_54,5119,308,4,1.30,0,0,0.00,0,288,KRW
2604_다이트_전환캠페인,(재)_서울_진료셀프캠_식욕억제주사실패 마지막_260407,1861778815720546,2026-04-12,AGE_55_100,2699,203,3,1.48,0,0,0.00,0,194,KRW
2604_다이트_전환캠페인,(재)_서울_진료셀프캠_식욕억제주사실패 마지막_260407,1861778815720546,2026-04-12,NONE,0,0,0,0.00,0,0,0.00,0,0,KRW
2604_다이트_전환캠페인,(재)_서울_진료셀프캠_주사형비만치료제 고민끝에 50대부부 -32kg_260225,1861276155386962,2026-04-12,AGE_35_44,634,65,0,0.00,0,0,0.00,0,64,KRW
2604_다이트_전환캠페인,(재)_서울_진료셀프캠_주사형비만치료제 고민끝에 50대부부 -32kg_260225,1861276155386962,2026-04-12,AGE_45_54,2635,141,3,2.13,0,0,0.00,0,141,KRW
2604_다이트_전환캠페인,(재)_서울_진료셀프캠_주사형비만치료제 고민끝에 50대부부 -32kg_260225,1861276155386962,2026-04-12,AGE_55_100,3716,158,3,1.90,1,3716,33.33,0,156,KRW
2603_다이트_전환캠페인,(재)_서울_진료셀프캠_주사형비만치료제 고민끝에 50대부부 -32kg_260225,1859357641001154,2026-04-12,NONE,0,0,0,0.00,0,0,0.00,0,0,KRW
2604_다이트_전환캠페인,(재)_서울_진료셀프캠_주사형비만치료제 고민끝에 50대부부 -32kg_260225,1861276155386962,2026-04-12,NONE,48,1,0,0.00,0,0,0.00,0,0,KRW
2604_다이트_전환캠페인,(재)_수원_의료진정보_4050나잇살 이유는 여기에_260410,1862064207732210,2026-04-12,AGE_25_34,917,259,1,0.39,0,0,0.00,0,254,KRW
2604_다이트_전환캠페인,(재)_수원_의료진정보_4050나잇살 이유는 여기에_260410,1862064207732210,2026-04-12,AGE_35_44,2109,410,0,0.00,0,0,0.00,0,393,KRW
2604_다이트_전환캠페인,(재)_수원_의료진정보_4050나잇살 이유는 여기에_260410,1862064207732210,2026-04-12,AGE_45_54,2748,595,1,0.17,0,0,0.00,0,563,KRW
2604_다이트_전환캠페인,(재)_수원_의료진정보_4050나잇살 이유는 여기에_260410,1862064207732210,2026-04-12,AGE_55_100,2319,489,1,0.20,0,0,0.00,0,442,KRW
2604_다이트_전환캠페인,(재)_수원_의료진정보_4050나잇살 이유는 여기에_260410,1862064207732210,2026-04-12,NONE,4,2,0,0.00,0,0,0.00,0,0,KRW
2603_다이트_전환캠페인,(재)_수원_의료진정보_비만주사 굶는다이어트_260320,1860170429960209,2026-04-12,NONE,0,0,0,0.00,0,0,0.00,0,0,KRW
2603_다이트_전환캠페인,(재)_수원_의료진정보_비만주사요요 탄수중독_260320,1860263832597602,2026-04-12,NONE,0,0,0,0.00,0,0,0.00,0,0,KRW
2604_다이트_전환캠페인,"(재)_수원_인플방문후기_건강한다이어트(수원,박고경)_260325",1861277190081841,2026-04-12,AGE_25_34,2123,371,2,0.54,0,0,0.00,0,365,KRW
2604_다이트_전환캠페인,"(재)_수원_인플방문후기_건강한다이어트(수원,박고경)_260325",1861277190081841,2026-04-12,AGE_35_44,2609,287,1,0.35,0,0,0.00,0,279,KRW
2604_다이트_전환캠페인,"(재)_수원_인플방문후기_건강한다이어트(수원,박고경)_260325",1861277190081841,2026-04-12,AGE_45_54,1912,218,2,0.92,0,0,0.00,0,215,KRW
2604_다이트_전환캠페인,"(재)_수원_인플방문후기_건강한다이어트(수원,박고경)_260325",1861277190081841,2026-04-12,AGE_55_100,1009,146,1,0.68,0,0,0.00,0,139,KRW
2603_다이트_전환캠페인,"(재)_수원_인플방문후기_건강한다이어트(수원,박고경)_260325",1860614554255474,2026-04-12,NONE,0,0,0,0.00,0,0,0.00,0,0,KRW
2604_다이트_전환캠페인,"(재)_수원_인플방문후기_건강한다이어트(수원,박고경)_260325",1861277190081841,2026-04-12,NONE,17,1,0,0.00,0,0,0.00,0,0,KRW
2604_다이트_전환캠페인,(재)_수원_인플방문후기_먹고싶은거다먹는(수원잇츠)_260403,1861437972025618,2026-04-12,AGE_25_34,1416,354,0,0.00,0,0,0.00,0,347,KRW
2604_다이트_전환캠페인,(재)_수원_인플방문후기_먹고싶은거다먹는(수원잇츠)_260403,1861437972025618,2026-04-12,AGE_35_44,1893,279,0,0.00,0,0,0.00,0,270,KRW
2604_다이트_전환캠페인,(재)_수원_인플방문후기_먹고싶은거다먹는(수원잇츠)_260403,1861437972025618,2026-04-12,AGE_45_54,1364,205,2,0.98,0,0,0.00,0,203,KRW
2604_다이트_전환캠페인,(재)_수원_인플방문후기_먹고싶은거다먹는(수원잇츠)_260403,1861437972025618,2026-04-12,AGE_55_100,1515,146,0,0.00,0,0,0.00,0,144,KRW
2604_다이트_전환캠페인,(재)_수원_인플방문후기_먹고싶은거다먹는(수원잇츠)_260403,1861437972025618,2026-04-12,NONE,9,3,0,0.00,0,0,0.00,0,0,KRW
2603_다이트_전환캠페인,(재)_수원_진료셀프캠_50대 20대처럼 체지방_260317,1859897183293617,2026-04-12,NONE,0,0,0,0.00,0,0,0.00,0,0,KRW
2603_다이트_전환캠페인,(재)_수원_진료셀프캠_50대 뱃살 체지방만_260317,1859896079113569,2026-04-12,NONE,0,0,0,0.00,0,0,0.00,0,0,KRW
2603_다이트_전환캠페인,(재)_수원_진료셀프캠_비만주사끊고15kg_260326,1860713698941138,2026-04-12,NONE,0,0,0,0.00,0,0,0.00,0,0,KRW
2603_다이트_전환캠페인,(재)_수원_진료셀프캠_비만주사없이 체질_260320,1860263832597618,2026-04-12,NONE,0,0,0,0.00,0,0,0.00,0,0,KRW
2604_다이트_전환캠페인,(재)_수원_진료셀프캠_비만주사없이 체질_260320,1861277107797025,2026-04-12,NONE,0,0,0,0.00,0,0,0.00,0,0,KRW
2604_다이트_전환캠페인,(재)_수원_진료셀프캠_식욕억제주사실패 마지막_260407,1861779341060274,2026-04-12,AGE_25_34,651,151,1,0.66,0,0,0.00,0,150,KRW
2604_다이트_전환캠페인,(재)_수원_진료셀프캠_식욕억제주사실패 마지막_260407,1861779341060274,2026-04-12,AGE_35_44,1586,190,2,1.05,0,0,0.00,0,182,KRW
2604_다이트_전환캠페인,(재)_수원_진료셀프캠_식욕억제주사실패 마지막_260407,1861779341060274,2026-04-12,AGE_45_54,1989,219,1,0.46,0,0,0.00,0,211,KRW
2604_다이트_전환캠페인,(재)_수원_진료셀프캠_식욕억제주사실패 마지막_260407,1861779341060274,2026-04-12,AGE_55_100,2235,190,1,0.53,0,0,0.00,0,183,KRW
2604_다이트_전환캠페인,(재)_수원_진료셀프캠_식욕억제주사실패 마지막_260407,1861779341060274,2026-04-12,NONE,0,0,0,0.00,0,0,0.00,0,0,KRW
2603_다이트_전환캠페인,(재)_수원_진료셀프캠_하체비만 40대 통짜바지_260311,1859358275806641,2026-04-12,NONE,0,0,0,0.00,0,0,0.00,0,0,KRW
2604_다이트_전환캠페인,(재)_일산_의료진정보_무작정운동으로 팩폭_260406,1861709552021505,2026-04-12,AGE_45_54,0,0,0,0.00,0,0,0.00,0,0,KRW
2604_다이트_전환캠페인,(재)_일산_의료진정보_무작정운동으로 팩폭_260406,1861709552021505,2026-04-12,NONE,0,0,0,0.00,0,0,0.00,0,0,KRW
2604_다이트_전환캠페인,"(재)_일산_인플방문후기_건강한다이어트(일산, 박고경)_260325",1861277705679282,2026-04-12,AGE_35_44,47,17,0,0.00,0,0,0.00,0,17,KRW
2604_다이트_전환캠페인,"(재)_일산_인플방문후기_건강한다이어트(일산, 박고경)_260325",1861277705679282,2026-04-12,AGE_45_54,31,9,0,0.00,0,0,0.00,0,9,KRW
2604_다이트_전환캠페인,"(재)_일산_인플방문후기_건강한다이어트(일산, 박고경)_260325",1861277705679282,2026-04-12,AGE_55_100,445,7,0,0.00,0,0,0.00,0,6,KRW
2604_다이트_전환캠페인,"(재)_일산_인플방문후기_건강한다이어트(일산, 박고경)_260325",1861277705679282,2026-04-12,NONE,0,0,0,0.00,0,0,0.00,0,0,KRW
2603_다이트_전환캠페인,"(재)_일산_인플방문후기_건강한다이어트(일산, 박고경)_260325",1860614623440978,2026-04-12,NONE,0,0,0,0.00,0,0,0.00,0,0,KRW
2604_다이트_전환캠페인,(재)_일산_인플방문후기_맘껏먹는 다이어트 한달후기_260306,1861277479159890,2026-04-12,AGE_35_44,886,69,0,0.00,0,0,0.00,0,67,KRW
2604_다이트_전환캠페인,(재)_일산_인플방문후기_맘껏먹는 다이어트 한달후기_260306,1861277479159890,2026-04-12,AGE_45_54,1605,73,1,1.37,1,1605,100.00,0,69,KRW
2604_다이트_전환캠페인,(재)_일산_인플방문후기_맘껏먹는 다이어트 한달후기_260306,1861277479159890,2026-04-12,AGE_55_100,1279,35,2,5.71,0,0,0.00,0,35,KRW
2603_다이트_전환캠페인,(재)_일산_인플방문후기_맘껏먹는 다이어트 한달후기_260306,1858833441334273,2026-04-12,NONE,0,0,0,0.00,0,0,0.00,0,0,KRW
2604_다이트_전환캠페인,(재)_일산_인플방문후기_맘껏먹는 다이어트 한달후기_260306,1861277479159890,2026-04-12,NONE,0,0,0,0.00,0,0,0.00,0,0,KRW
2604_다이트_전환캠페인,(재)_일산_인플방문후기_먹고싶은거다먹는(수원잇츠)_260403,1861437881987106,2026-04-12,AGE_35_44,208,29,0,0.00,0,0,0.00,0,29,KRW
2604_다이트_전환캠페인,(재)_일산_인플방문후기_먹고싶은거다먹는(수원잇츠)_260403,1861437881987106,2026-04-12,AGE_45_54,447,38,0,0.00,0,0,0.00,0,38,KRW
2604_다이트_전환캠페인,(재)_일산_인플방문후기_먹고싶은거다먹는(수원잇츠)_260403,1861437881987106,2026-04-12,AGE_55_100,232,20,0,0.00,0,0,0.00,0,20,KRW
2604_다이트_전환캠페인,(재)_일산_인플방문후기_먹고싶은거다먹는(수원잇츠)_260403,1861437881987106,2026-04-12,NONE,0,0,0,0.00,0,0,0.00,0,0,KRW
2604_다이트_전환캠페인,(재)_일산_진료셀프캠_비만주사 10년은 늙어보인대요_260326,1861277619225650,2026-04-12,AGE_35_44,42,4,0,0.00,0,0,0.00,0,4,KRW
2604_다이트_전환캠페인,(재)_일산_진료셀프캠_비만주사 10년은 늙어보인대요_260326,1861277619225650,2026-04-12,AGE_45_54,15,5,0,0.00,0,0,0.00,0,5,KRW
2604_다이트_전환캠페인,(재)_일산_진료셀프캠_비만주사 10년은 늙어보인대요_260326,1861277619225650,2026-04-12,AGE_55_100,8,3,0,0.00,0,0,0.00,0,3,KRW
2603_다이트_전환캠페인,(재)_일산_진료셀프캠_비만주사끊고15kg_260326,1860714059403745,2026-04-12,NONE,0,0,0,0.00,0,0,0.00,0,0,KRW
2603_다이트_전환캠페인,(재)_일산_진료셀프캠_비만주사없이 체질_260320,1860170767678546,2026-04-12,NONE,0,0,0,0.00,0,0,0.00,0,0,KRW
2604_다이트_전환캠페인,(재)_일산_진료셀프캠_식욕억제주사실패 마지막_260407,1861779422527666,2026-04-12,AGE_35_44,854,104,0,0.00,0,0,0.00,0,102,KRW
2604_다이트_전환캠페인,(재)_일산_진료셀프캠_식욕억제주사실패 마지막_260407,1861779422527666,2026-04-12,AGE_45_54,3008,191,2,1.05,0,0,0.00,0,189,KRW
2604_다이트_전환캠페인,(재)_일산_진료셀프캠_식욕억제주사실패 마지막_260407,1861779422527666,2026-04-12,AGE_55_100,2647,144,0,0.00,0,0,0.00,0,141,KRW
2604_다이트_전환캠페인,(재)_일산_진료셀프캠_식욕억제주사실패 마지막_260407,1861779422527666,2026-04-12,NONE,0,0,0,0.00,0,0,0.00,0,0,KRW
2603_다이트_전환캠페인,(재)_일산_진료셀프캠_주사형비만치료제 고민끝에 40대부부 -32kg_260225,1858358889558481,2026-04-12,NONE,0,0,0,0.00,0,0,0.00,0,0,KRW
2604_다이트_전환캠페인,(재)_창원_의료진정보_4050나잇살 이유는 여기에_260410,1862064114067810,2026-04-12,AGE_35_44,1521,250,2,0.80,0,0,0.00,0,241,KRW
2604_다이트_전환캠페인,(재)_창원_의료진정보_4050나잇살 이유는 여기에_260410,1862064114067810,2026-04-12,AGE_45_54,3315,333,5,1.50,0,0,0.00,0,323,KRW
2604_다이트_전환캠페인,(재)_창원_의료진정보_4050나잇살 이유는 여기에_260410,1862064114067810,2026-04-12,AGE_55_100,1826,284,0,0.00,0,0,0.00,0,269,KRW
2604_다이트_전환캠페인,(재)_창원_의료진정보_4050나잇살 이유는 여기에_260410,1862064114067810,2026-04-12,NONE,2,1,0,0.00,0,0,0.00,0,0,KRW
2604_다이트_전환캠페인,"(재)_창원_인플방문후기_건강한다이어트(창원,박고경)_260325",1861278731680866,2026-04-12,AGE_35_44,813,71,0,0.00,0,0,0.00,0,66,KRW
2604_다이트_전환캠페인,"(재)_창원_인플방문후기_건강한다이어트(창원,박고경)_260325",1861278731680866,2026-04-12,AGE_45_54,711,84,0,0.00,0,0,0.00,0,81,KRW
2604_다이트_전환캠페인,"(재)_창원_인플방문후기_건강한다이어트(창원,박고경)_260325",1861278731680866,2026-04-12,AGE_55_100,495,67,0,0.00,0,0,0.00,0,65,KRW
2603_다이트_전환캠페인,"(재)_창원_인플방문후기_건강한다이어트(창원,박고경)_260325",1860614832883714,2026-04-12,NONE,0,0,0,0.00,0,0,0.00,0,0,KRW
2604_다이트_전환캠페인,"(재)_창원_인플방문후기_건강한다이어트(창원,박고경)_260325",1861278731680866,2026-04-12,NONE,5,1,0,0.00,0,0,0.00,0,0,KRW
2604_다이트_전환캠페인,(재)_창원_인플방문후기_먹고싶은거다먹는(수원잇츠)_260403,1861437705571345,2026-04-12,AGE_35_44,418,69,0,0.00,0,0,0.00,0,67,KRW
2604_다이트_전환캠페인,(재)_창원_인플방문후기_먹고싶은거다먹는(수원잇츠)_260403,1861437705571345,2026-04-12,AGE_45_54,653,94,0,0.00,0,0,0.00,0,91,KRW
2604_다이트_전환캠페인,(재)_창원_인플방문후기_먹고싶은거다먹는(수원잇츠)_260403,1861437705571345,2026-04-12,AGE_55_100,354,55,0,0.00,0,0,0.00,0,49,KRW
2604_다이트_전환캠페인,(재)_창원_인플방문후기_먹고싶은거다먹는(수원잇츠)_260403,1861437705571345,2026-04-12,NONE,37,2,0,0.00,0,0,0.00,0,0,KRW
2603_다이트_전환캠페인,(재)_창원_진료셀프캠_50대 20대처럼 체지방_260317,1859897459766273,2026-04-12,NONE,0,0,0,0.00,0,0,0.00,0,0,KRW
2603_다이트_전환캠페인,(재)_창원_진료셀프캠_50대 뱃살 체지방만_260311,1859896365364290,2026-04-12,NONE,0,0,0,0.00,0,0,0.00,0,0,KRW
2603_다이트_전환캠페인,(재)_창원_진료셀프캠_비만주사없이 체질_260320,1860171178598945,2026-04-12,NONE,0,0,0,0.00,0,0,0.00,0,0,KRW
2604_다이트_전환캠페인,(재)_창원_진료셀프캠_식욕억제주사실패 마지막_260407,1861779402873057,2026-04-12,AGE_35_44,887,146,0,0.00,0,0,0.00,0,136,KRW
2604_다이트_전환캠페인,(재)_창원_진료셀프캠_식욕억제주사실패 마지막_260407,1861779402873057,2026-04-12,AGE_45_54,2343,198,2,1.01,0,0,0.00,0,186,KRW
2604_다이트_전환캠페인,(재)_창원_진료셀프캠_식욕억제주사실패 마지막_260407,1861779402873057,2026-04-12,AGE_55_100,2288,134,2,1.49,0,0,0.00,0,126,KRW
2603_다이트_전환캠페인,(재)_창원_진료셀프캠_주사형비만치료제 고민끝에 50대부부 -32kg_260225,1860546141013361,2026-04-12,NONE,0,0,0,0.00,0,0,0.00,0,0,KRW
2604_다이트_전환캠페인,(재)_창원_진료셀프캠_주사형비만치료제 고민끝에 50대부부 -32kg_260225,1861278292523041,2026-04-12,NONE,0,0,0,0.00,0,0,0.00,0,0,KRW
2604_다이트_전환캠페인,(재)_천안_의료진정보_4050나잇살 이유는 여기에_260410,1862058676263265,2026-04-12,AGE_35_44,346,79,0,0.00,0,0,0.00,0,78,KRW
2604_다이트_전환캠페인,(재)_천안_의료진정보_4050나잇살 이유는 여기에_260410,1862058676263265,2026-04-12,AGE_45_54,485,84,0,0.00,0,0,0.00,0,83,KRW
2604_다이트_전환캠페인,(재)_천안_의료진정보_4050나잇살 이유는 여기에_260410,1862058676263265,2026-04-12,AGE_55_100,220,49,1,2.04,0,0,0.00,0,46,KRW
2603_다이트_전환캠페인,(재)_천안_의료진정보_비만주사요요 탄수중독_260320,1860171393987826,2026-04-12,NONE,0,0,0,0.00,0,0,0.00,0,0,KRW
2604_다이트_전환캠페인,"(재)_천안_인플방문후기_건강한다이어트(천안, 박고경)_260325",1861278985311585,2026-04-12,AGE_35_44,945,199,0,0.00,0,0,0.00,0,196,KRW
2604_다이트_전환캠페인,"(재)_천안_인플방문후기_건강한다이어트(천안, 박고경)_260325",1861278985311585,2026-04-12,AGE_45_54,1294,133,0,0.00,0,0,0.00,0,128,KRW
2604_다이트_전환캠페인,"(재)_천안_인플방문후기_건강한다이어트(천안, 박고경)_260325",1861278985311585,2026-04-12,AGE_55_100,735,81,0,0.00,0,0,0.00,0,78,KRW
2603_다이트_전환캠페인,"(재)_천안_인플방문후기_건강한다이어트(천안, 박고경)_260325",1860615057904689,2026-04-12,NONE,0,0,0,0.00,0,0,0.00,0,0,KRW
2603_다이트_전환캠페인,(재)_천안_인플방문후기_맘껏먹는 다이어트 한달후기_260306,1858834125348929,2026-04-12,NONE,0,0,0,0.00,0,0,0.00,0,0,KRW
2604_다이트_전환캠페인,(재)_천안_진료QnA_지긋지긋 40대 뱃살 고생없이_260309,1861278873581714,2026-04-12,NONE,0,0,0,0.00,0,0,0.00,0,0,KRW
2603_다이트_전환캠페인,(재)_천안_진료셀프캠_50대 20대처럼 체지방_260317,1859897810343346,2026-04-12,NONE,0,0,0,0.00,0,0,0.00,0,0,KRW
2604_다이트_전환캠페인,(재)_천안_진료셀프캠_비만주사 10년은 늙어보인대요_260326,1861279133802561,2026-04-12,NONE,0,0,0,0.00,0,0,0.00,0,0,KRW
2603_다이트_전환캠페인,(재)_천안_진료셀프캠_비만주사끊고15kg_260326,1860714711311361,2026-04-12,NONE,0,0,0,0.00,0,0,0.00,0,0,KRW
2604_다이트_전환캠페인,(재)_천안_진료셀프캠_주사형비만치료제 고민끝에 50대부부 -32kg_260225,1861968142031009,2026-04-12,AGE_35_44,2665,394,2,0.51,0,0,0.00,0,374,KRW
2604_다이트_전환캠페인,(재)_천안_진료셀프캠_주사형비만치료제 고민끝에 50대부부 -32kg_260225,1861968142031009,2026-04-12,AGE_45_54,5906,450,4,0.89,1,5906,25.00,0,427,KRW
2604_다이트_전환캠페인,(재)_천안_진료셀프캠_주사형비만치료제 고민끝에 50대부부 -32kg_260225,1861968142031009,2026-04-12,AGE_55_100,2630,257,0,0.00,0,0,0.00,0,250,KRW
2604_다이트_전환캠페인,(재)_천안_진료셀프캠_주사형비만치료제 고민끝에 50대부부 -32kg_260225,1861968142031009,2026-04-12,NONE,63,6,0,0.00,0,0,0.00,0,0,KRW
2601_다이트_전환캠페인,서울_진료셀프캠_밥빵면 안먹는데 요요_260101,1853173894615154,2026-04-12,NONE,0,0,0,0.00,0,0,0.00,0,0,KRW
2603_다이트_전환캠페인,(신)_대구_의료진정보_주사형비만치료제 10년은_260116,1861074750911650,2026-04-13,NONE,0,0,0,0.00,0,0,0.00,0,0,KRW
2603_다이트_전환캠페인,(신)_대구_인플방문후기_50대엄마 혈당다이어트(햅삐)_260317,1859897365795954,2026-04-13,NONE,0,0,0,0.00,0,0,0.00,0,0,KRW
2603_다이트_전환캠페인,(신)_대구_인플방문후기_당뇨다이어트(대읽남)_260311,1859417671501954,2026-04-13,NONE,0,0,0,0.00,0,0,0.00,0,0,KRW
2603_다이트_전환캠페인,(신)_대구_인플방문후기_먹으면서 다이어트(대읽남)_251017,1858362316758178,2026-04-13,NONE,0,0,0,0.00,0,0,0.00,0,0,KRW
2604_다이트_전환캠페인,(신)_대구_인플방문후기_먹으면서 다이어트(대읽남)_251017,1861277850752146,2026-04-13,NONE,0,0,0,0.00,0,0,0.00,0,0,KRW
2604_다이트_전환캠페인,(신)_대구_인플방문후기_밥빵면안당기는원장님(itsmeyuriwon)_260407,1861796218051601,2026-04-13,AGE_35_44,4593,256,1,0.39,0,0,0.00,0,246,KRW
2604_다이트_전환캠페인,(신)_대구_인플방문후기_밥빵면안당기는원장님(itsmeyuriwon)_260407,1861796218051601,2026-04-13,AGE_45_54,5681,290,5,1.72,0,0,0.00,0,280,KRW
2604_다이트_전환캠페인,(신)_대구_인플방문후기_밥빵면안당기는원장님(itsmeyuriwon)_260407,1861796218051601,2026-04-13,AGE_55_100,3020,172,5,2.91,1,3020,20.00,0,158,KRW
2604_다이트_전환캠페인,(신)_대구_인플방문후기_밥빵면안당기는원장님(itsmeyuriwon)_260407,1861796218051601,2026-04-13,NONE,0,0,0,0.00,0,0,0.00,0,0,KRW
2604_다이트_전환캠페인,(신)_대구_인플방문후기_주사형비만치료제(the.hyunniverse)_260403,1861968872286353,2026-04-13,AGE_35_44,2289,301,1,0.33,0,0,0.00,0,278,KRW
2604_다이트_전환캠페인,(신)_대구_인플방문후기_주사형비만치료제(the.hyunniverse)_260403,1861968872286353,2026-04-13,AGE_45_54,4743,395,2,0.51,0,0,0.00,0,354,KRW
2604_다이트_전환캠페인,(신)_대구_인플방문후기_주사형비만치료제(the.hyunniverse)_260403,1861968872286353,2026-04-13,AGE_55_100,3330,296,1,0.34,0,0,0.00,0,263,KRW
2604_다이트_전환캠페인,(신)_대구_인플방문후기_주사형비만치료제(the.hyunniverse)_260403,1861968872286353,2026-04-13,NONE,0,0,0,0.00,0,0,0.00,0,0,KRW
2603_다이트_전환캠페인,(신)_대구_진료셀프캠_주사형 비만치료제보다 더중요한이것_260120,1858362316758162,2026-04-13,NONE,0,0,0,0.00,0,0,0.00,0,0,KRW
2604_다이트_전환캠페인,(신)_대전_인플방문후기_밥빵면못참는현대인(대전잇츠)_260410,1862064327619745,2026-04-13,AGE_35_44,1760,361,1,0.28,0,0,0.00,0,358,KRW
2604_다이트_전환캠페인,(신)_대전_인플방문후기_밥빵면못참는현대인(대전잇츠)_260410,1862064327619745,2026-04-13,AGE_45_54,3111,376,2,0.53,0,0,0.00,0,369,KRW
2604_다이트_전환캠페인,(신)_대전_인플방문후기_밥빵면못참는현대인(대전잇츠)_260410,1862064327619745,2026-04-13,AGE_55_100,1307,268,0,0.00,0,0,0.00,0,260,KRW
2604_다이트_전환캠페인,(신)_대전_인플방문후기_밥빵면못참는현대인(대전잇츠)_260410,1862064327619745,2026-04-13,NONE,0,1,0,0.00,0,0,0.00,0,0,KRW
2604_다이트_전환캠페인,(신)_대전_인플방문후기_밥빵면안당기는원장님(itsmeyuriwon)_260407,1861796462367905,2026-04-13,AGE_35_44,921,75,1,1.33,1,921,100.00,0,71,KRW
2604_다이트_전환캠페인,(신)_대전_인플방문후기_밥빵면안당기는원장님(itsmeyuriwon)_260407,1861796462367905,2026-04-13,AGE_45_54,2381,93,1,1.08,0,0,0.00,0,87,KRW
2604_다이트_전환캠페인,(신)_대전_인플방문후기_밥빵면안당기는원장님(itsmeyuriwon)_260407,1861796462367905,2026-04-13,AGE_55_100,652,42,0,0.00,0,0,0.00,0,40,KRW
2604_다이트_전환캠페인,(신)_대전_인플방문후기_밥빵면안당기는원장님(itsmeyuriwon)_260407,1861796462367905,2026-04-13,NONE,0,0,0,0.00,0,0,0.00,0,0,KRW
2604_다이트_전환캠페인,(신)_대전_인플방문후기_주사형비만치료제(the.hyunniverse)_260403,1861968952635729,2026-04-13,AGE_35_44,733,94,1,1.06,0,0,0.00,0,90,KRW
2604_다이트_전환캠페인,(신)_대전_인플방문후기_주사형비만치료제(the.hyunniverse)_260403,1861968952635729,2026-04-13,AGE_45_54,2884,143,1,0.70,0,0,0.00,0,133,KRW
2604_다이트_전환캠페인,(신)_대전_인플방문후기_주사형비만치료제(the.hyunniverse)_260403,1861968952635729,2026-04-13,AGE_55_100,2016,90,1,1.11,0,0,0.00,0,81,KRW
2604_다이트_전환캠페인,(신)_부평_의료진정보_주사형비만치료제 10년은_260116,1861276817166401,2026-04-13,AGE_35_44,879,99,1,1.01,0,0,0.00,0,93,KRW
2604_다이트_전환캠페인,(신)_부평_의료진정보_주사형비만치료제 10년은_260116,1861276817166401,2026-04-13,AGE_45_54,1729,149,0,0.00,0,0,0.00,0,135,KRW
2604_다이트_전환캠페인,(신)_부평_의료진정보_주사형비만치료제 10년은_260116,1861276817166401,2026-04-13,AGE_55_100,1923,141,1,0.71,0,0,0.00,0,123,KRW
2604_다이트_전환캠페인,(신)_부평_의료진정보_주사형비만치료제 10년은_260116,1861276817166401,2026-04-13,NONE,0,0,0,0.00,0,0,0.00,0,0,KRW
2603_다이트_전환캠페인,(신)_부평_의료진정보_주사형비만치료제 10년은_260116,1860716092390562,2026-04-13,NONE,0,0,0,0.00,0,0,0.00,0,0,KRW
2603_다이트_전환캠페인,(신)_부평_인플방문후기_50대엄마 혈당다이어트(햅삐)_260317,1859896796626130,2026-04-13,NONE,0,0,0,0.00,0,0,0.00,0,0,KRW
2604_다이트_전환캠페인,(신)_부평_인플방문후기_건강한다이어트(박고경)_260324,1861276881397074,2026-04-13,AGE_35_44,4248,470,7,1.49,0,0,0.00,0,442,KRW
2604_다이트_전환캠페인,(신)_부평_인플방문후기_건강한다이어트(박고경)_260324,1861276881397074,2026-04-13,AGE_45_54,5909,438,2,0.46,0,0,0.00,0,418,KRW
2604_다이트_전환캠페인,(신)_부평_인플방문후기_건강한다이어트(박고경)_260324,1861276881397074,2026-04-13,AGE_55_100,2646,253,0,0.00,0,0,0.00,0,235,KRW
2604_다이트_전환캠페인,(신)_부평_인플방문후기_건강한다이어트(박고경)_260324,1861276881397074,2026-04-13,NONE,0,0,0,0.00,0,0,0.00,0,0,KRW
2603_다이트_전환캠페인,(신)_부평_인플방문후기_더먹어야 다이어트 가능(더먹어유)_260313,1859538135129201,2026-04-13,NONE,0,0,0,0.00,0,0,0.00,0,0,KRW
2604_다이트_전환캠페인,(신)_부평_인플방문후기_밥빵면안당기는원장님(itsmeyuriwon)_260407,1861795578227042,2026-04-13,AGE_35_44,9470,635,4,0.63,1,9470,25.00,0,586,KRW
2604_다이트_전환캠페인,(신)_부평_인플방문후기_밥빵면안당기는원장님(itsmeyuriwon)_260407,1861795578227042,2026-04-13,AGE_45_54,14790,668,6,0.90,0,0,0.00,0,613,KRW
2604_다이트_전환캠페인,(신)_부평_인플방문후기_밥빵면안당기는원장님(itsmeyuriwon)_260407,1861795578227042,2026-04-13,AGE_55_100,6653,321,6,1.87,0,0,0.00,0,288,KRW
2604_다이트_전환캠페인,(신)_부평_인플방문후기_밥빵면안당기는원장님(itsmeyuriwon)_260407,1861795578227042,2026-04-13,NONE,0,0,0,0.00,0,0,0.00,0,0,KRW
2604_다이트_전환캠페인,(신)_부평_인플방문후기_주사형비만치료제(the.hyunniverse)_260403,1861968247570690,2026-04-13,AGE_35_44,6973,896,5,0.56,0,0,0.00,0,811,KRW
2604_다이트_전환캠페인,(신)_부평_인플방문후기_주사형비만치료제(the.hyunniverse)_260403,1861968247570690,2026-04-13,AGE_45_54,12283,1126,10,0.89,1,12283,10.00,0,1007,KRW
2604_다이트_전환캠페인,(신)_부평_인플방문후기_주사형비만치료제(the.hyunniverse)_260403,1861968247570690,2026-04-13,AGE_55_100,10712,762,6,0.79,1,10712,16.67,0,663,KRW
2604_다이트_전환캠페인,(신)_부평_인플방문후기_주사형비만치료제(the.hyunniverse)_260403,1861968247570690,2026-04-13,NONE,21,5,0,0.00,0,0,0.00,0,0,KRW
2603_다이트_전환캠페인,(신)_부평_진료셀프캠_주사형 비만치료제보다 더중요한이것_260120,1858358889552897,2026-04-13,NONE,0,0,0,0.00,0,0,0.00,0,0,KRW
2603_다이트_전환캠페인,(신)_서울_인플방문후기_건강한다이어트(박고경)_260324,1860545998449873,2026-04-13,NONE,0,0,0,0.00,0,0,0.00,0,0,KRW
2604_다이트_전환캠페인,(신)_서울_인플방문후기_밥빵면안당기는원장님(itsmeyuriwon)_260407,1861792943047986,2026-04-13,AGE_35_44,4759,434,2,0.46,0,0,0.00,0,426,KRW
2604_다이트_전환캠페인,(신)_서울_인플방문후기_밥빵면안당기는원장님(itsmeyuriwon)_260407,1861792943047986,2026-04-13,AGE_45_54,9358,422,8,1.90,1,9358,12.50,0,413,KRW
2604_다이트_전환캠페인,(신)_서울_인플방문후기_밥빵면안당기는원장님(itsmeyuriwon)_260407,1861792943047986,2026-04-13,AGE_55_100,3771,214,5,2.34,1,3771,20.00,0,210,KRW
2604_다이트_전환캠페인,(신)_서울_인플방문후기_밥빵면안당기는원장님(itsmeyuriwon)_260407,1861792943047986,2026-04-13,NONE,0,0,0,0.00,0,0,0.00,0,0,KRW
2604_다이트_전환캠페인,(신)_서울_인플방문후기_주사형비만치료제(the.hyunniverse)_260403,1861968379365409,2026-04-13,AGE_35_44,5933,748,2,0.27,0,0,0.00,0,722,KRW
2604_다이트_전환캠페인,(신)_서울_인플방문후기_주사형비만치료제(the.hyunniverse)_260403,1861968379365409,2026-04-13,AGE_45_54,7858,750,4,0.53,0,0,0.00,0,712,KRW
2604_다이트_전환캠페인,(신)_서울_인플방문후기_주사형비만치료제(the.hyunniverse)_260403,1861968379365409,2026-04-13,AGE_55_100,6355,553,2,0.36,0,0,0.00,0,532,KRW
2604_다이트_전환캠페인,(신)_서울_인플방문후기_주사형비만치료제(the.hyunniverse)_260403,1861968379365409,2026-04-13,NONE,6,2,0,0.00,0,0,0.00,0,0,KRW
2603_다이트_전환캠페인,(신)_서울_진료셀프캠_주사형 비만치료제보다 더중요한이것_26120,1858361825289345,2026-04-13,NONE,0,0,0,0.00,0,0,0.00,0,0,KRW
2603_다이트_전환캠페인,(신)_수원_인플방문후기_먹을거 다먹으면서(미미)_260317,1859897183294593,2026-04-13,NONE,0,0,0,0.00,0,0,0.00,0,0,KRW
2604_다이트_전환캠페인,(신)_수원_인플방문후기_밥빵면안당기는원장님(itsmeyuriwon)_260407,1861796026692689,2026-04-13,AGE_25_34,8210,1571,3,0.19,0,0,0.00,0,1488,KRW
2604_다이트_전환캠페인,(신)_수원_인플방문후기_밥빵면안당기는원장님(itsmeyuriwon)_260407,1861796026692689,2026-04-13,AGE_35_44,12167,1264,8,0.63,0,0,0.00,0,1171,KRW
2604_다이트_전환캠페인,(신)_수원_인플방문후기_밥빵면안당기는원장님(itsmeyuriwon)_260407,1861796026692689,2026-04-13,AGE_45_54,20189,1308,6,0.46,0,0,0.00,0,1215,KRW
2604_다이트_전환캠페인,(신)_수원_인플방문후기_밥빵면안당기는원장님(itsmeyuriwon)_260407,1861796026692689,2026-04-13,AGE_55_100,8574,657,3,0.46,0,0,0.00,0,598,KRW
2604_다이트_전환캠페인,(신)_수원_인플방문후기_밥빵면안당기는원장님(itsmeyuriwon)_260407,1861796026692689,2026-04-13,NONE,0,0,0,0.00,0,0,0.00,0,0,KRW
2604_다이트_전환캠페인,(신)_수원_인플방문후기_주사형비만치료제(the.hyunniverse)_260403,1861426333950193,2026-04-13,AGE_25_34,5398,1080,1,0.09,0,0,0.00,0,1034,KRW
2604_다이트_전환캠페인,(신)_수원_인플방문후기_주사형비만치료제(the.hyunniverse)_260403,1861426333950193,2026-04-13,AGE_35_44,7306,964,1,0.10,0,0,0.00,0,905,KRW
2604_다이트_전환캠페인,(신)_수원_인플방문후기_주사형비만치료제(the.hyunniverse)_260403,1861426333950193,2026-04-13,AGE_45_54,15275,1134,1,0.09,1,15275,100.00,0,1031,KRW
2604_다이트_전환캠페인,(신)_수원_인플방문후기_주사형비만치료제(the.hyunniverse)_260403,1861426333950193,2026-04-13,AGE_55_100,7403,712,5,0.70,0,0,0.00,0,660,KRW
2604_다이트_전환캠페인,(신)_수원_인플방문후기_주사형비만치료제(the.hyunniverse)_260403,1861426333950193,2026-04-13,NONE,19,4,0,0.00,0,0,0.00,0,0,KRW
2604_다이트_전환캠페인,(신)_일산_인플방문후기_밥빵면안당기는원장님(itsmeyuriwon)_260407,1861796100333057,2026-04-13,AGE_35_44,2350,191,0,0.00,0,0,0.00,0,176,KRW
2604_다이트_전환캠페인,(신)_일산_인플방문후기_밥빵면안당기는원장님(itsmeyuriwon)_260407,1861796100333057,2026-04-13,AGE_45_54,4826,227,1,0.44,0,0,0.00,0,215,KRW
2604_다이트_전환캠페인,(신)_일산_인플방문후기_밥빵면안당기는원장님(itsmeyuriwon)_260407,1861796100333057,2026-04-13,AGE_55_100,1488,116,3,2.59,0,0,0.00,0,99,KRW
2604_다이트_전환캠페인,(신)_일산_인플방문후기_밥빵면안당기는원장님(itsmeyuriwon)_260407,1861796100333057,2026-04-13,NONE,13,2,0,0.00,0,0,0.00,0,0,KRW
2604_다이트_전환캠페인,(신)_일산_인플방문후기_주사형비만치료제(the.hyunniverse)_260403,1861968797915602,2026-04-13,AGE_35_44,3064,459,0,0.00,0,0,0.00,0,442,KRW
2604_다이트_전환캠페인,(신)_일산_인플방문후기_주사형비만치료제(the.hyunniverse)_260403,1861968797915602,2026-04-13,AGE_45_54,7248,649,6,0.92,0,0,0.00,0,607,KRW
2604_다이트_전환캠페인,(신)_일산_인플방문후기_주사형비만치료제(the.hyunniverse)_260403,1861968797915602,2026-04-13,AGE_55_100,4773,419,4,0.95,0,0,0.00,0,390,KRW
2604_다이트_전환캠페인,(신)_일산_인플방문후기_주사형비만치료제(the.hyunniverse)_260403,1861968797915602,2026-04-13,NONE,7,1,0,0.00,0,0,0.00,0,0,KRW
2603_다이트_전환캠페인,(신)_창원_인플방문후기_건강한다이어트(박고경)_260324,1860542105384274,2026-04-13,NONE,0,0,0,0.00,0,0,0.00,0,0,KRW
2603_다이트_전환캠페인,(신)_창원_인플방문후기_더먹어야 다이어트 가능(더먹어유)_260313,1859538526785570,2026-04-13,NONE,0,0,0,0.00,0,0,0.00,0,0,KRW
2604_다이트_전환캠페인,(신)_창원_인플방문후기_밥빵면안당기는원장님(itsmeyuriwon)_260407,1861796302859538,2026-04-13,AGE_35_44,9410,760,4,0.53,0,0,0.00,0,668,KRW
2604_다이트_전환캠페인,(신)_창원_인플방문후기_밥빵면안당기는원장님(itsmeyuriwon)_260407,1861796302859538,2026-04-13,AGE_45_54,15009,913,8,0.88,1,15009,12.50,0,817,KRW
2604_다이트_전환캠페인,(신)_창원_인플방문후기_밥빵면안당기는원장님(itsmeyuriwon)_260407,1861796302859538,2026-04-13,AGE_55_100,7145,485,5,1.03,0,0,0.00,0,421,KRW
2604_다이트_전환캠페인,(신)_창원_인플방문후기_밥빵면안당기는원장님(itsmeyuriwon)_260407,1861796302859538,2026-04-13,NONE,0,0,0,0.00,0,0,0.00,0,0,KRW
2604_다이트_전환캠페인,(신)_창원_인플방문후기_주사형비만치료제(the.hyunniverse)_260403,1861427124084770,2026-04-13,AGE_35_44,5392,658,1,0.15,0,0,0.00,0,585,KRW
2604_다이트_전환캠페인,(신)_창원_인플방문후기_주사형비만치료제(the.hyunniverse)_260403,1861427124084770,2026-04-13,AGE_45_54,9498,876,1,0.11,0,0,0.00,0,777,KRW
2604_다이트_전환캠페인,(신)_창원_인플방문후기_주사형비만치료제(the.hyunniverse)_260403,1861427124084770,2026-04-13,AGE_55_100,7180,613,4,0.65,0,0,0.00,0,548,KRW
2604_다이트_전환캠페인,(신)_창원_인플방문후기_주사형비만치료제(the.hyunniverse)_260403,1861427124084770,2026-04-13,NONE,7,2,0,0.00,0,0,0.00,0,0,KRW
2604_다이트_전환캠페인,(신)_천안_의료진정보_주사형비만치료제 10년은_260116,1861279064396242,2026-04-13,AGE_35_44,384,72,0,0.00,0,0,0.00,0,68,KRW
2604_다이트_전환캠페인,(신)_천안_의료진정보_주사형비만치료제 10년은_260116,1861279064396242,2026-04-13,AGE_45_54,983,92,1,1.09,0,0,0.00,0,85,KRW
2604_다이트_전환캠페인,(신)_천안_의료진정보_주사형비만치료제 10년은_260116,1861279064396242,2026-04-13,AGE_55_100,1244,102,0,0.00,0,0,0.00,0,89,KRW
2603_다이트_전환캠페인,(신)_천안_의료진정보_주사형비만치료제 10년은_260116,1861074704982066,2026-04-13,NONE,0,0,0,0.00,0,0,0.00,0,0,KRW
2604_다이트_전환캠페인,(신)_천안_의료진정보_주사형비만치료제 10년은_260116,1861279064396242,2026-04-13,NONE,0,0,0,0.00,0,0,0.00,0,0,KRW
2603_다이트_전환캠페인,(신)_천안_인플방문후기_건강한다이어트(박고경)_260324,1860542345890177,2026-04-13,NONE,0,0,0,0.00,0,0,0.00,0,0,KRW
2604_다이트_전환캠페인,(신)_천안_인플방문후기_밥빵면안당기는원장님(itsmeyuriwon)_260407,1861796395517250,2026-04-13,AGE_35_44,6957,565,3,0.53,0,0,0.00,0,508,KRW
2604_다이트_전환캠페인,(신)_천안_인플방문후기_밥빵면안당기는원장님(itsmeyuriwon)_260407,1861796395517250,2026-04-13,AGE_45_54,8219,551,8,1.45,1,8219,12.50,0,497,KRW
2604_다이트_전환캠페인,(신)_천안_인플방문후기_밥빵면안당기는원장님(itsmeyuriwon)_260407,1861796395517250,2026-04-13,AGE_55_100,2635,182,1,0.55,1,2635,100.00,0,166,KRW
2604_다이트_전환캠페인,(신)_천안_인플방문후기_밥빵면안당기는원장님(itsmeyuriwon)_260407,1861796395517250,2026-04-13,NONE,0,0,0,0.00,0,0,0.00,0,0,KRW
2604_다이트_전환캠페인,(신)_천안_인플방문후기_주사형비만치료제(the.hyunniverse)_260403,1861969033799841,2026-04-13,AGE_35_44,3098,465,6,1.29,1,3098,16.67,0,428,KRW
2604_다이트_전환캠페인,(신)_천안_인플방문후기_주사형비만치료제(the.hyunniverse)_260403,1861969033799841,2026-04-13,AGE_45_54,6481,541,2,0.37,0,0,0.00,0,474,KRW
2604_다이트_전환캠페인,(신)_천안_인플방문후기_주사형비만치료제(the.hyunniverse)_260403,1861969033799841,2026-04-13,AGE_55_100,3172,245,0,0.00,0,0,0.00,0,222,KRW
2604_다이트_전환캠페인,(신)_천안_인플방문후기_주사형비만치료제(the.hyunniverse)_260403,1861969033799841,2026-04-13,NONE,0,0,0,0.00,0,0,0.00,0,0,KRW
2604_다이트_전환캠페인,(신)_천안_진료셀프캠_주사형 비만치료제보다 더중요한이것_260120,1861969112559697,2026-04-13,AGE_35_44,3794,483,2,0.41,0,0,0.00,0,432,KRW
2604_다이트_전환캠페인,(신)_천안_진료셀프캠_주사형 비만치료제보다 더중요한이것_260120,1861969112559697,2026-04-13,AGE_45_54,5750,557,3,0.54,0,0,0.00,0,480,KRW
2604_다이트_전환캠페인,(신)_천안_진료셀프캠_주사형 비만치료제보다 더중요한이것_260120,1861969112559697,2026-04-13,AGE_55_100,4060,479,4,0.84,0,0,0.00,0,406,KRW
2603_다이트_전환캠페인,(신)_천안_진료셀프캠_주사형 비만치료제보다 더중요한이것_260120,1858358889565697,2026-04-13,NONE,0,0,0,0.00,0,0,0.00,0,0,KRW
2604_다이트_전환캠페인,(신)_천안_진료셀프캠_주사형 비만치료제보다 더중요한이것_260120,1861969112559697,2026-04-13,NONE,7,2,0,0.00,0,0,0.00,0,0,KRW
2604_다이트_전환캠페인,(재)_대구_의료진정보_무작정운동으로 팩폭_260406,1861709464313057,2026-04-13,AGE_35_44,795,115,0,0.00,0,0,0.00,0,108,KRW
2604_다이트_전환캠페인,(재)_대구_의료진정보_무작정운동으로 팩폭_260406,1861709464313057,2026-04-13,AGE_45_54,2959,154,2,1.30,0,0,0.00,0,139,KRW
2604_다이트_전환캠페인,(재)_대구_의료진정보_무작정운동으로 팩폭_260406,1861709464313057,2026-04-13,AGE_55_100,1528,122,0,0.00,0,0,0.00,0,117,KRW
2603_다이트_전환캠페인,(재)_대구_의료진정보_비만주사 굶는다이어트_260320,1860263658516898,2026-04-13,NONE,0,0,0,0.00,0,0,0.00,0,0,KRW
2603_다이트_전환캠페인,(재)_대구_의료진정보_비만주사요요 탄수중독_260320,1860170996611154,2026-04-13,NONE,0,0,0,0.00,0,0,0.00,0,0,KRW
2604_다이트_전환캠페인,"(재)_대구_인플방문후기_건강한다이어트(대구,박고경)_260325",1861278128485793,2026-04-13,AGE_35_44,2102,280,2,0.71,0,0,0.00,0,261,KRW
2604_다이트_전환캠페인,"(재)_대구_인플방문후기_건강한다이어트(대구,박고경)_260325",1861278128485793,2026-04-13,AGE_45_54,4126,213,1,0.47,0,0,0.00,0,199,KRW
2604_다이트_전환캠페인,"(재)_대구_인플방문후기_건강한다이어트(대구,박고경)_260325",1861278128485793,2026-04-13,AGE_55_100,805,143,0,0.00,0,0,0.00,0,126,KRW
2604_다이트_전환캠페인,"(재)_대구_인플방문후기_건강한다이어트(대구,박고경)_260325",1861278128485793,2026-04-13,NONE,0,0,0,0.00,0,0,0.00,0,0,KRW
2603_다이트_전환캠페인,"(재)_대구_인플방문후기_건강한다이어트(대구,박고경)_260325",1860614125298753,2026-04-13,NONE,0,0,0,0.00,0,0,0.00,0,0,KRW
2604_다이트_전환캠페인,(재)_대구_인플방문후기_먹고싶은거다먹는(수원잇츠)_260403,1861437815982145,2026-04-13,AGE_35_44,1457,190,1,0.53,0,0,0.00,0,175,KRW
2604_다이트_전환캠페인,(재)_대구_인플방문후기_먹고싶은거다먹는(수원잇츠)_260403,1861437815982145,2026-04-13,AGE_45_54,2887,257,3,1.17,0,0,0.00,0,221,KRW
2604_다이트_전환캠페인,(재)_대구_인플방문후기_먹고싶은거다먹는(수원잇츠)_260403,1861437815982145,2026-04-13,AGE_55_100,1534,173,0,0.00,0,0,0.00,0,156,KRW
2604_다이트_전환캠페인,(재)_대구_인플방문후기_먹고싶은거다먹는(수원잇츠)_260403,1861437815982145,2026-04-13,NONE,4,1,0,0.00,0,0,0.00,0,0,KRW
2603_다이트_전환캠페인,(재)_대구_인플방문후기_체지방만쏙빼는(부산잇츠)_260220,1858358889560241,2026-04-13,NONE,0,0,0,0.00,0,0,0.00,0,0,KRW
2603_다이트_전환캠페인,(재)_대구_진료셀프캠_50대 뱃살 체지방만_260317,1859896191187025,2026-04-13,NONE,0,0,0,0.00,0,0,0.00,0,0,KRW
2604_다이트_전환캠페인,(재)_대구_진료셀프캠_다이어트의적 밥빵면_260407,1861778669641809,2026-04-13,AGE_35_44,8928,575,5,0.87,0,0,0.00,0,535,KRW
2604_다이트_전환캠페인,(재)_대구_진료셀프캠_다이어트의적 밥빵면_260407,1861778669641809,2026-04-13,AGE_45_54,23192,1046,15,1.43,2,11596,13.33,0,950,KRW
2604_다이트_전환캠페인,(재)_대구_진료셀프캠_다이어트의적 밥빵면_260407,1861778669641809,2026-04-13,AGE_55_100,17400,849,13,1.53,1,17400,7.69,0,748,KRW
2604_다이트_전환캠페인,(재)_대구_진료셀프캠_다이어트의적 밥빵면_260407,1861778669641809,2026-04-13,NONE,12,2,0,0.00,2,6,0.00,0,0,KRW
2603_다이트_전환캠페인,(재)_대구_진료셀프캠_비만주사 10년은 늙어보인대요_260326,1860714231170321,2026-04-13,NONE,0,0,0,0.00,0,0,0.00,0,0,KRW
2604_다이트_전환캠페인,(재)_대구_진료셀프캠_식욕억제주사실패 마지막_260407,1861779512219682,2026-04-13,AGE_35_44,5189,424,2,0.47,0,0,0.00,0,399,KRW
2604_다이트_전환캠페인,(재)_대구_진료셀프캠_식욕억제주사실패 마지막_260407,1861779512219682,2026-04-13,AGE_45_54,8476,608,6,0.99,0,0,0.00,0,547,KRW
2604_다이트_전환캠페인,(재)_대구_진료셀프캠_식욕억제주사실패 마지막_260407,1861779512219682,2026-04-13,AGE_55_100,4277,333,3,0.90,0,0,0.00,0,296,KRW
2604_다이트_전환캠페인,(재)_대구_진료셀프캠_식욕억제주사실패 마지막_260407,1861779512219682,2026-04-13,NONE,0,0,0,0.00,0,0,0.00,0,0,KRW
2604_다이트_전환캠페인,(재)_대구_진료셀프캠_주사형비만치료제 고민끝에 50대부부 -32kg_260225,1861278082187298,2026-04-13,AGE_35_44,2846,326,1,0.31,0,0,0.00,0,314,KRW
2604_다이트_전환캠페인,(재)_대구_진료셀프캠_주사형비만치료제 고민끝에 50대부부 -32kg_260225,1861278082187298,2026-04-13,AGE_45_54,7457,545,2,0.37,0,0,0.00,0,505,KRW
2604_다이트_전환캠페인,(재)_대구_진료셀프캠_주사형비만치료제 고민끝에 50대부부 -32kg_260225,1861278082187298,2026-04-13,AGE_55_100,7935,520,2,0.38,0,0,0.00,0,470,KRW
2603_다이트_전환캠페인,(재)_대구_진료셀프캠_주사형비만치료제 고민끝에 50대부부 -32kg_260225,1860546064808049,2026-04-13,NONE,0,0,0,0.00,0,0,0.00,0,0,KRW
2604_다이트_전환캠페인,(재)_대구_진료셀프캠_주사형비만치료제 고민끝에 50대부부 -32kg_260225,1861278082187298,2026-04-13,NONE,1,1,0,0.00,0,0,0.00,0,0,KRW
2604_다이트_전환캠페인,"(재)_대전_인플방문후기_건강한다이어트(대전, 박고경)_260406",1861709876075633,2026-04-13,AGE_35_44,0,0,0,0.00,0,0,0.00,0,0,KRW
2604_다이트_전환캠페인,"(재)_대전_인플방문후기_건강한다이어트(대전, 박고경)_260406",1861709876075633,2026-04-13,NONE,0,0,0,0.00,0,0,0.00,0,0,KRW
2604_다이트_전환캠페인,(재)_대전_인플방문후기_맘껏먹는 다이어트 한달후기_260306,1861708302605361,2026-04-13,AGE_35_44,663,82,0,0.00,0,0,0.00,0,75,KRW
2604_다이트_전환캠페인,(재)_대전_인플방문후기_맘껏먹는 다이어트 한달후기_260306,1861708302605361,2026-04-13,AGE_45_54,1839,90,0,0.00,0,0,0.00,0,86,KRW
2604_다이트_전환캠페인,(재)_대전_인플방문후기_맘껏먹는 다이어트 한달후기_260306,1861708302605361,2026-04-13,AGE_55_100,785,48,3,6.25,0,0,0.00,0,43,KRW
2604_다이트_전환캠페인,(재)_대전_인플방문후기_먹으면서(대읽남)_260306,1861710694184002,2026-04-13,AGE_35_44,0,0,0,0.00,0,0,0.00,0,0,KRW
2604_다이트_전환캠페인,(재)_대전_진료셀프캠_다이어트의적 밥빵면_260407,1861776478109986,2026-04-13,AGE_35_44,7359,437,1,0.23,0,0,0.00,0,383,KRW
2604_다이트_전환캠페인,(재)_대전_진료셀프캠_다이어트의적 밥빵면_260407,1861776478109986,2026-04-13,AGE_45_54,17266,718,7,0.97,0,0,0.00,0,611,KRW
2604_다이트_전환캠페인,(재)_대전_진료셀프캠_다이어트의적 밥빵면_260407,1861776478109986,2026-04-13,AGE_55_100,12924,547,10,1.83,0,0,0.00,0,434,KRW
2604_다이트_전환캠페인,(재)_대전_진료셀프캠_다이어트의적 밥빵면_260407,1861776478109986,2026-04-13,NONE,10,1,0,0.00,0,0,0.00,0,0,KRW
2604_다이트_전환캠페인,(재)_대전_진료셀프캠_식욕억제주사실패 마지막_260406,1861708051912898,2026-04-13,AGE_35_44,8604,615,5,0.81,1,8604,20.00,0,568,KRW
2604_다이트_전환캠페인,(재)_대전_진료셀프캠_식욕억제주사실패 마지막_260406,1861708051912898,2026-04-13,AGE_45_54,16518,834,7,0.84,0,0,0.00,0,773,KRW
2604_다이트_전환캠페인,(재)_대전_진료셀프캠_식욕억제주사실패 마지막_260406,1861708051912898,2026-04-13,AGE_55_100,7032,376,5,1.33,0,0,0.00,0,338,KRW
2604_다이트_전환캠페인,(재)_대전_진료셀프캠_식욕억제주사실패 마지막_260406,1861708051912898,2026-04-13,NONE,3,1,0,0.00,0,0,0.00,0,0,KRW
2604_다이트_전환캠페인,(재)_대전_진료셀프캠_주사형비만치료제 고민끝에 50대부부 -32kg_260225,1861708178989089,2026-04-13,AGE_35_44,2260,234,2,0.85,0,0,0.00,0,220,KRW
2604_다이트_전환캠페인,(재)_대전_진료셀프캠_주사형비만치료제 고민끝에 50대부부 -32kg_260225,1861708178989089,2026-04-13,AGE_45_54,5265,392,1,0.26,0,0,0.00,0,373,KRW
2604_다이트_전환캠페인,(재)_대전_진료셀프캠_주사형비만치료제 고민끝에 50대부부 -32kg_260225,1861708178989089,2026-04-13,AGE_55_100,4479,335,5,1.49,0,0,0.00,0,300,KRW
2604_다이트_전환캠페인,(재)_대전_진료셀프캠_주사형비만치료제 고민끝에 50대부부 -32kg_260225,1861708178989089,2026-04-13,NONE,0,0,0,0.00,0,0,0.00,0,0,KRW
2604_다이트_전환캠페인,(재)_부평_의료진정보_무작정운동으로 팩폭_260406,1861709708534065,2026-04-13,AGE_35_44,1128,114,0,0.00,0,0,0.00,0,109,KRW
2604_다이트_전환캠페인,(재)_부평_의료진정보_무작정운동으로 팩폭_260406,1861709708534065,2026-04-13,AGE_45_54,2910,146,1,0.68,0,0,0.00,0,141,KRW
2604_다이트_전환캠페인,(재)_부평_의료진정보_무작정운동으로 팩폭_260406,1861709708534065,2026-04-13,AGE_55_100,1742,81,2,2.47,0,0,0.00,0,73,KRW
2603_다이트_전환캠페인,(재)_부평_의료진정보_비만주사 굶는다이어트_260320,1860170168891553,2026-04-13,NONE,0,0,0,0.00,0,0,0.00,0,0,KRW
2603_다이트_전환캠페인,(재)_부평_진료셀프캠_비만주사 10년은 늙어보인대요_260326,1860713378682306,2026-04-13,NONE,0,0,0,0.00,0,0,0.00,0,0,KRW
2603_다이트_전환캠페인,(재)_부평_진료셀프캠_비만주사없이 체질_260320,1860263975141538,2026-04-13,NONE,0,0,0,0.00,0,0,0.00,0,0,KRW
2604_다이트_전환캠페인,(재)_부평_진료셀프캠_식욕억제주사실패 마지막_260407,1861779276638289,2026-04-13,AGE_35_44,7454,639,2,0.31,0,0,0.00,0,547,KRW
2604_다이트_전환캠페인,(재)_부평_진료셀프캠_식욕억제주사실패 마지막_260407,1861779276638289,2026-04-13,AGE_45_54,18344,965,9,0.93,2,9172,22.22,0,815,KRW
2604_다이트_전환캠페인,(재)_부평_진료셀프캠_식욕억제주사실패 마지막_260407,1861779276638289,2026-04-13,AGE_55_100,9921,565,4,0.71,0,0,0.00,0,490,KRW
2604_다이트_전환캠페인,(재)_부평_진료셀프캠_식욕억제주사실패 마지막_260407,1861779276638289,2026-04-13,NONE,139,2,0,0.00,0,0,0.00,0,0,KRW
2604_다이트_전환캠페인,(재)_부평_진료셀프캠_주사형비만치료제 고민끝에 50대부부 -32kg_260225,1861276697497633,2026-04-13,AGE_35_44,2920,276,1,0.36,0,0,0.00,0,259,KRW
2604_다이트_전환캠페인,(재)_부평_진료셀프캠_주사형비만치료제 고민끝에 50대부부 -32kg_260225,1861276697497633,2026-04-13,AGE_45_54,7291,506,4,0.79,1,7291,25.00,0,472,KRW
2604_다이트_전환캠페인,(재)_부평_진료셀프캠_주사형비만치료제 고민끝에 50대부부 -32kg_260225,1861276697497633,2026-04-13,AGE_55_100,4915,322,6,1.86,0,0,0.00,0,297,KRW
2603_다이트_전환캠페인,(재)_부평_진료셀프캠_주사형비만치료제 고민끝에 50대부부 -32kg_260225,1858358875905138,2026-04-13,NONE,0,0,0,0.00,0,0,0.00,0,0,KRW
2604_다이트_전환캠페인,(재)_부평_진료셀프캠_주사형비만치료제 고민끝에 50대부부 -32kg_260225,1861276697497633,2026-04-13,NONE,0,0,0,0.00,0,0,0.00,0,0,KRW
2604_다이트_전환캠페인,(재)_서울_의료진정보_무작정운동으로 팩폭_260406,1861709796228209,2026-04-13,AGE_35_44,781,152,0,0.00,0,0,0.00,0,148,KRW
2604_다이트_전환캠페인,(재)_서울_의료진정보_무작정운동으로 팩폭_260406,1861709796228209,2026-04-13,AGE_45_54,1062,139,0,0.00,0,0,0.00,0,137,KRW
2604_다이트_전환캠페인,(재)_서울_의료진정보_무작정운동으로 팩폭_260406,1861709796228209,2026-04-13,AGE_55_100,832,119,1,0.84,0,0,0.00,0,116,KRW
2604_다이트_전환캠페인,(재)_서울_의료진정보_무작정운동으로 팩폭_260406,1861709796228209,2026-04-13,NONE,0,0,0,0.00,0,0,0.00,0,0,KRW
2603_다이트_전환캠페인,(재)_서울_의료진정보_비만주사 굶는다이어트_260320,1860169742535889,2026-04-13,NONE,0,0,0,0.00,0,0,0.00,0,0,KRW
2603_다이트_전환캠페인,"(재)_서울_인플방문후기_건강한다이어트(서울,박고경)_260325",1860614178390386,2026-04-13,NONE,0,0,0,0.00,0,0,0.00,0,0,KRW
2604_다이트_전환캠페인,(재)_서울_인플방문후기_맘껏먹는 다이어트 한달후기_260306,1861276306937889,2026-04-13,AGE_35_44,542,70,0,0.00,0,0,0.00,0,69,KRW
2604_다이트_전환캠페인,(재)_서울_인플방문후기_맘껏먹는 다이어트 한달후기_260306,1861276306937889,2026-04-13,AGE_45_54,629,61,0,0.00,0,0,0.00,0,61,KRW
2604_다이트_전환캠페인,(재)_서울_인플방문후기_맘껏먹는 다이어트 한달후기_260306,1861276306937889,2026-04-13,AGE_55_100,290,32,0,0.00,0,0,0.00,0,31,KRW
2604_다이트_전환캠페인,(재)_서울_인플방문후기_맘껏먹는 다이어트 한달후기_260306,1861276306937889,2026-04-13,NONE,0,0,0,0.00,0,0,0.00,0,0,KRW
2603_다이트_전환캠페인,(재)_서울_인플방문후기_맘껏먹는 다이어트 한달후기_260306,1858832894864657,2026-04-13,NONE,0,0,0,0.00,0,0,0.00,0,0,KRW
2604_다이트_전환캠페인,(재)_서울_인플방문후기_먹고싶은거다먹는(수원잇츠)_260403,1861438096695922,2026-04-13,AGE_35_44,741,151,2,1.32,0,0,0.00,0,149,KRW
2604_다이트_전환캠페인,(재)_서울_인플방문후기_먹고싶은거다먹는(수원잇츠)_260403,1861438096695922,2026-04-13,AGE_45_54,1077,141,0,0.00,0,0,0.00,0,136,KRW
2604_다이트_전환캠페인,(재)_서울_인플방문후기_먹고싶은거다먹는(수원잇츠)_260403,1861438096695922,2026-04-13,AGE_55_100,664,91,0,0.00,0,0,0.00,0,88,KRW
2604_다이트_전환캠페인,(재)_서울_인플방문후기_먹고싶은거다먹는(수원잇츠)_260403,1861438096695922,2026-04-13,NONE,150,1,0,0.00,0,0,0.00,0,0,KRW
2603_다이트_전환캠페인,(재)_서울_진료셀프캠_50대 뱃살 체지방만_260317,1859896310509633,2026-04-13,NONE,0,0,0,0.00,0,0,0.00,0,0,KRW
2603_다이트_전환캠페인,(재)_서울_진료셀프캠_비만주사없이 체질_260320,1860169742535905,2026-04-13,NONE,0,0,0,0.00,0,0,0.00,0,0,KRW
2604_다이트_전환캠페인,(재)_서울_진료셀프캠_식욕억제주사실패 마지막_260407,1861778815720546,2026-04-13,AGE_35_44,4580,409,4,0.98,0,0,0.00,0,385,KRW
2604_다이트_전환캠페인,(재)_서울_진료셀프캠_식욕억제주사실패 마지막_260407,1861778815720546,2026-04-13,AGE_45_54,10056,524,4,0.76,0,0,0.00,0,479,KRW
2604_다이트_전환캠페인,(재)_서울_진료셀프캠_식욕억제주사실패 마지막_260407,1861778815720546,2026-04-13,AGE_55_100,5995,299,3,1.00,1,5995,33.33,0,276,KRW
2604_다이트_전환캠페인,(재)_서울_진료셀프캠_식욕억제주사실패 마지막_260407,1861778815720546,2026-04-13,NONE,0,0,0,0.00,2,0,0.00,0,0,KRW
2604_다이트_전환캠페인,(재)_서울_진료셀프캠_주사형비만치료제 고민끝에 50대부부 -32kg_260225,1861276155386962,2026-04-13,AGE_35_44,5050,567,5,0.88,0,0,0.00,0,556,KRW
2604_다이트_전환캠페인,(재)_서울_진료셀프캠_주사형비만치료제 고민끝에 50대부부 -32kg_260225,1861276155386962,2026-04-13,AGE_45_54,9623,695,4,0.58,1,9623,25.00,0,673,KRW
2604_다이트_전환캠페인,(재)_서울_진료셀프캠_주사형비만치료제 고민끝에 50대부부 -32kg_260225,1861276155386962,2026-04-13,AGE_55_100,9870,584,5,0.86,0,0,0.00,0,562,KRW
2604_다이트_전환캠페인,(재)_서울_진료셀프캠_주사형비만치료제 고민끝에 50대부부 -32kg_260225,1861276155386962,2026-04-13,NONE,18,2,0,0.00,0,0,0.00,0,0,KRW
2603_다이트_전환캠페인,(재)_서울_진료셀프캠_주사형비만치료제 고민끝에 50대부부 -32kg_260225,1859357641001154,2026-04-13,NONE,0,0,0,0.00,0,0,0.00,0,0,KRW
2604_다이트_전환캠페인,(재)_수원_의료진정보_4050나잇살 이유는 여기에_260410,1862064207732210,2026-04-13,AGE_25_34,2455,734,1,0.14,0,0,0.00,0,692,KRW
2604_다이트_전환캠페인,(재)_수원_의료진정보_4050나잇살 이유는 여기에_260410,1862064207732210,2026-04-13,AGE_35_44,4610,882,1,0.11,0,0,0.00,0,826,KRW
2604_다이트_전환캠페인,(재)_수원_의료진정보_4050나잇살 이유는 여기에_260410,1862064207732210,2026-04-13,AGE_45_54,6652,1191,4,0.34,0,0,0.00,0,1056,KRW
2604_다이트_전환캠페인,(재)_수원_의료진정보_4050나잇살 이유는 여기에_260410,1862064207732210,2026-04-13,AGE_55_100,7883,1025,4,0.39,0,0,0.00,0,866,KRW
2604_다이트_전환캠페인,(재)_수원_의료진정보_4050나잇살 이유는 여기에_260410,1862064207732210,2026-04-13,NONE,5,5,0,0.00,0,0,0.00,0,0,KRW
2603_다이트_전환캠페인,(재)_수원_의료진정보_비만주사요요 탄수중독_260320,1860263832597602,2026-04-13,NONE,0,0,0,0.00,0,0,0.00,0,0,KRW
2604_다이트_전환캠페인,"(재)_수원_인플방문후기_건강한다이어트(수원,박고경)_260325",1861277190081841,2026-04-13,AGE_25_34,7775,1100,3,0.27,0,0,0.00,0,1061,KRW
2604_다이트_전환캠페인,"(재)_수원_인플방문후기_건강한다이어트(수원,박고경)_260325",1861277190081841,2026-04-13,AGE_35_44,8061,794,5,0.63,0,0,0.00,0,750,KRW
2604_다이트_전환캠페인,"(재)_수원_인플방문후기_건강한다이어트(수원,박고경)_260325",1861277190081841,2026-04-13,AGE_45_54,8102,626,3,0.48,0,0,0.00,0,590,KRW
2604_다이트_전환캠페인,"(재)_수원_인플방문후기_건강한다이어트(수원,박고경)_260325",1861277190081841,2026-04-13,AGE_55_100,2399,375,2,0.53,0,0,0.00,0,349,KRW
2603_다이트_전환캠페인,"(재)_수원_인플방문후기_건강한다이어트(수원,박고경)_260325",1860614554255474,2026-04-13,NONE,0,0,0,0.00,0,0,0.00,0,0,KRW
2604_다이트_전환캠페인,"(재)_수원_인플방문후기_건강한다이어트(수원,박고경)_260325",1861277190081841,2026-04-13,NONE,8,1,0,0.00,0,0,0.00,0,0,KRW
2604_다이트_전환캠페인,(재)_수원_인플방문후기_먹고싶은거다먹는(수원잇츠)_260403,1861437972025618,2026-04-13,AGE_25_34,4543,1273,5,0.39,0,0,0.00,0,1212,KRW
2604_다이트_전환캠페인,(재)_수원_인플방문후기_먹고싶은거다먹는(수원잇츠)_260403,1861437972025618,2026-04-13,AGE_35_44,8049,1121,7,0.62,0,0,0.00,0,1007,KRW
2604_다이트_전환캠페인,(재)_수원_인플방문후기_먹고싶은거다먹는(수원잇츠)_260403,1861437972025618,2026-04-13,AGE_45_54,9362,977,4,0.41,0,0,0.00,0,881,KRW
2604_다이트_전환캠페인,(재)_수원_인플방문후기_먹고싶은거다먹는(수원잇츠)_260403,1861437972025618,2026-04-13,AGE_55_100,4011,590,2,0.34,0,0,0.00,0,515,KRW
2604_다이트_전환캠페인,(재)_수원_인플방문후기_먹고싶은거다먹는(수원잇츠)_260403,1861437972025618,2026-04-13,NONE,3,1,0,0.00,0,0,0.00,0,0,KRW
2603_다이트_전환캠페인,(재)_수원_진료셀프캠_50대 뱃살 체지방만_260317,1859896079113569,2026-04-13,NONE,0,0,0,0.00,0,0,0.00,0,0,KRW
2603_다이트_전환캠페인,(재)_수원_진료셀프캠_비만주사끊고15kg_260326,1860713698941138,2026-04-13,NONE,0,0,0,0.00,0,0,0.00,0,0,KRW
2603_다이트_전환캠페인,(재)_수원_진료셀프캠_비만주사없이 체질_260320,1860263832597618,2026-04-13,NONE,0,0,0,0.00,0,0,0.00,0,0,KRW
2604_다이트_전환캠페인,(재)_수원_진료셀프캠_비만주사없이 체질_260320,1861277107797025,2026-04-13,NONE,0,0,0,0.00,0,0,0.00,0,0,KRW
2604_다이트_전환캠페인,(재)_수원_진료셀프캠_식욕억제주사실패 마지막_260407,1861779341060274,2026-04-13,AGE_25_34,2928,507,1,0.20,0,0,0.00,0,489,KRW
2604_다이트_전환캠페인,(재)_수원_진료셀프캠_식욕억제주사실패 마지막_260407,1861779341060274,2026-04-13,AGE_35_44,4359,612,1,0.16,0,0,0.00,0,556,KRW
2604_다이트_전환캠페인,(재)_수원_진료셀프캠_식욕억제주사실패 마지막_260407,1861779341060274,2026-04-13,AGE_45_54,9319,711,4,0.56,0,0,0.00,0,633,KRW
2604_다이트_전환캠페인,(재)_수원_진료셀프캠_식욕억제주사실패 마지막_260407,1861779341060274,2026-04-13,AGE_55_100,6182,491,4,0.81,1,6182,25.00,0,437,KRW
2604_다이트_전환캠페인,(재)_수원_진료셀프캠_식욕억제주사실패 마지막_260407,1861779341060274,2026-04-13,NONE,3,1,0,0.00,0,0,0.00,0,0,KRW
2603_다이트_전환캠페인,(재)_수원_진료셀프캠_하체비만 40대 통짜바지_260311,1859358275806641,2026-04-13,NONE,0,0,0,0.00,0,0,0.00,0,0,KRW
2604_다이트_전환캠페인,(재)_일산_의료진정보_무작정운동으로 팩폭_260406,1861709552021505,2026-04-13,AGE_35_44,0,0,0,0.00,0,0,0.00,0,0,KRW
2604_다이트_전환캠페인,(재)_일산_의료진정보_무작정운동으로 팩폭_260406,1861709552021505,2026-04-13,AGE_45_54,0,0,0,0.00,0,0,0.00,0,0,KRW
2604_다이트_전환캠페인,"(재)_일산_인플방문후기_건강한다이어트(일산, 박고경)_260325",1861277705679282,2026-04-13,AGE_35_44,257,49,0,0.00,0,0,0.00,0,46,KRW
2604_다이트_전환캠페인,"(재)_일산_인플방문후기_건강한다이어트(일산, 박고경)_260325",1861277705679282,2026-04-13,AGE_45_54,440,47,0,0.00,0,0,0.00,0,46,KRW
2604_다이트_전환캠페인,"(재)_일산_인플방문후기_건강한다이어트(일산, 박고경)_260325",1861277705679282,2026-04-13,AGE_55_100,489,47,0,0.00,0,0,0.00,0,42,KRW
2604_다이트_전환캠페인,"(재)_일산_인플방문후기_건강한다이어트(일산, 박고경)_260325",1861277705679282,2026-04-13,NONE,0,0,0,0.00,0,0,0.00,0,0,KRW
2604_다이트_전환캠페인,(재)_일산_인플방문후기_맘껏먹는 다이어트 한달후기_260306,1861277479159890,2026-04-13,AGE_35_44,5025,401,7,1.75,1,5025,14.29,0,370,KRW
2604_다이트_전환캠페인,(재)_일산_인플방문후기_맘껏먹는 다이어트 한달후기_260306,1861277479159890,2026-04-13,AGE_45_54,7090,406,3,0.74,0,0,0.00,0,382,KRW
2604_다이트_전환캠페인,(재)_일산_인플방문후기_맘껏먹는 다이어트 한달후기_260306,1861277479159890,2026-04-13,AGE_55_100,2615,179,3,1.68,0,0,0.00,0,173,KRW
2604_다이트_전환캠페인,(재)_일산_인플방문후기_맘껏먹는 다이어트 한달후기_260306,1861277479159890,2026-04-13,NONE,4,1,0,0.00,0,0,0.00,0,0,KRW
2604_다이트_전환캠페인,(재)_일산_인플방문후기_먹고싶은거다먹는(수원잇츠)_260403,1861437881987106,2026-04-13,AGE_35_44,840,118,0,0.00,0,0,0.00,0,111,KRW
2604_다이트_전환캠페인,(재)_일산_인플방문후기_먹고싶은거다먹는(수원잇츠)_260403,1861437881987106,2026-04-13,AGE_45_54,1618,147,2,1.36,0,0,0.00,0,136,KRW
2604_다이트_전환캠페인,(재)_일산_인플방문후기_먹고싶은거다먹는(수원잇츠)_260403,1861437881987106,2026-04-13,AGE_55_100,1665,98,0,0.00,0,0,0.00,0,84,KRW
2604_다이트_전환캠페인,(재)_일산_인플방문후기_먹고싶은거다먹는(수원잇츠)_260403,1861437881987106,2026-04-13,NONE,0,0,0,0.00,0,0,0.00,0,0,KRW
2604_다이트_전환캠페인,(재)_일산_진료셀프캠_비만주사 10년은 늙어보인대요_260326,1861277619225650,2026-04-13,AGE_35_44,109,24,0,0.00,0,0,0.00,0,24,KRW
2604_다이트_전환캠페인,(재)_일산_진료셀프캠_비만주사 10년은 늙어보인대요_260326,1861277619225650,2026-04-13,AGE_45_54,271,21,0,0.00,0,0,0.00,0,20,KRW
2604_다이트_전환캠페인,(재)_일산_진료셀프캠_비만주사 10년은 늙어보인대요_260326,1861277619225650,2026-04-13,AGE_55_100,153,14,0,0.00,0,0,0.00,0,14,KRW
2604_다이트_전환캠페인,(재)_일산_진료셀프캠_비만주사 10년은 늙어보인대요_260326,1861277619225650,2026-04-13,NONE,0,0,0,0.00,0,0,0.00,0,0,KRW
2603_다이트_전환캠페인,(재)_일산_진료셀프캠_비만주사끊고15kg_260326,1860714059403745,2026-04-13,NONE,0,0,0,0.00,0,0,0.00,0,0,KRW
2603_다이트_전환캠페인,(재)_일산_진료셀프캠_비만주사없이 체질_260320,1860170767678546,2026-04-13,NONE,0,0,0,0.00,0,0,0.00,0,0,KRW
2604_다이트_전환캠페인,(재)_일산_진료셀프캠_식욕억제주사실패 마지막_260407,1861779422527666,2026-04-13,AGE_35_44,6380,714,8,1.12,1,6380,12.50,0,662,KRW
2604_다이트_전환캠페인,(재)_일산_진료셀프캠_식욕억제주사실패 마지막_260407,1861779422527666,2026-04-13,AGE_45_54,18593,1363,15,1.10,0,0,0.00,0,1217,KRW
2604_다이트_전환캠페인,(재)_일산_진료셀프캠_식욕억제주사실패 마지막_260407,1861779422527666,2026-04-13,AGE_55_100,14029,946,15,1.59,0,0,0.00,0,809,KRW
2604_다이트_전환캠페인,(재)_일산_진료셀프캠_식욕억제주사실패 마지막_260407,1861779422527666,2026-04-13,NONE,0,0,0,0.00,0,0,0.00,0,0,KRW
2604_다이트_전환캠페인,(재)_일산_진료셀프캠_주사형비만치료제 고민끝에 40대부부 -32kg_260225,1861277533224961,2026-04-13,NONE,0,0,0,0.00,0,0,0.00,0,0,KRW
2604_다이트_전환캠페인,(재)_창원_의료진정보_4050나잇살 이유는 여기에_260410,1862064114067810,2026-04-13,AGE_35_44,1750,302,1,0.33,0,0,0.00,0,287,KRW
2604_다이트_전환캠페인,(재)_창원_의료진정보_4050나잇살 이유는 여기에_260410,1862064114067810,2026-04-13,AGE_45_54,2276,333,3,0.90,0,0,0.00,0,321,KRW
2604_다이트_전환캠페인,(재)_창원_의료진정보_4050나잇살 이유는 여기에_260410,1862064114067810,2026-04-13,AGE_55_100,1964,301,1,0.33,0,0,0.00,0,275,KRW
2604_다이트_전환캠페인,(재)_창원_의료진정보_4050나잇살 이유는 여기에_260410,1862064114067810,2026-04-13,NONE,3,1,0,0.00,0,0,0.00,0,0,KRW
2604_다이트_전환캠페인,"(재)_창원_인플방문후기_건강한다이어트(창원,박고경)_260325",1861278731680866,2026-04-13,AGE_35_44,1191,164,2,1.22,0,0,0.00,0,154,KRW
2604_다이트_전환캠페인,"(재)_창원_인플방문후기_건강한다이어트(창원,박고경)_260325",1861278731680866,2026-04-13,AGE_45_54,2423,201,1,0.50,2,1211,200.00,0,187,KRW
2604_다이트_전환캠페인,"(재)_창원_인플방문후기_건강한다이어트(창원,박고경)_260325",1861278731680866,2026-04-13,AGE_55_100,1029,127,0,0.00,0,0,0.00,0,118,KRW
2604_다이트_전환캠페인,"(재)_창원_인플방문후기_건강한다이어트(창원,박고경)_260325",1861278731680866,2026-04-13,NONE,0,0,0,0.00,0,0,0.00,0,0,KRW
2603_다이트_전환캠페인,"(재)_창원_인플방문후기_건강한다이어트(창원,박고경)_260325",1860614832883714,2026-04-13,NONE,0,0,0,0.00,0,0,0.00,0,0,KRW
2603_다이트_전환캠페인,(재)_창원_인플방문후기_맘껏먹는 다이어트 한달후기_260306,1858833707245617,2026-04-13,NONE,0,0,0,0.00,0,0,0.00,0,0,KRW
2604_다이트_전환캠페인,(재)_창원_인플방문후기_먹고싶은거다먹는(수원잇츠)_260403,1861437705571345,2026-04-13,AGE_35_44,2925,340,0,0.00,0,0,0.00,0,321,KRW
2604_다이트_전환캠페인,(재)_창원_인플방문후기_먹고싶은거다먹는(수원잇츠)_260403,1861437705571345,2026-04-13,AGE_45_54,4710,383,4,1.04,0,0,0.00,0,340,KRW
2604_다이트_전환캠페인,(재)_창원_인플방문후기_먹고싶은거다먹는(수원잇츠)_260403,1861437705571345,2026-04-13,AGE_55_100,2356,217,1,0.46,0,0,0.00,0,195,KRW
2604_다이트_전환캠페인,(재)_창원_인플방문후기_먹고싶은거다먹는(수원잇츠)_260403,1861437705571345,2026-04-13,NONE,10,1,0,0.00,0,0,0.00,0,0,KRW
2603_다이트_전환캠페인,(재)_창원_진료셀프캠_50대 20대처럼 체지방_260317,1859897459766273,2026-04-13,NONE,0,0,0,0.00,0,0,0.00,0,0,KRW
2603_다이트_전환캠페인,(재)_창원_진료셀프캠_비만주사없이 체질_260320,1860171178598945,2026-04-13,NONE,0,0,0,0.00,0,0,0.00,0,0,KRW
2604_다이트_전환캠페인,(재)_창원_진료셀프캠_식욕억제주사실패 마지막_260407,1861779402873057,2026-04-13,AGE_35_44,3029,312,0,0.00,0,0,0.00,0,286,KRW
2604_다이트_전환캠페인,(재)_창원_진료셀프캠_식욕억제주사실패 마지막_260407,1861779402873057,2026-04-13,AGE_45_54,6440,505,8,1.58,0,0,0.00,0,441,KRW
2604_다이트_전환캠페인,(재)_창원_진료셀프캠_식욕억제주사실패 마지막_260407,1861779402873057,2026-04-13,AGE_55_100,6253,391,1,0.26,0,0,0.00,0,332,KRW
2604_다이트_전환캠페인,(재)_창원_진료셀프캠_주사형비만치료제 고민끝에 50대부부 -32kg_260225,1861278292523041,2026-04-13,NONE,0,0,0,0.00,0,0,0.00,0,0,KRW
2603_다이트_전환캠페인,(재)_창원_진료셀프캠_주사형비만치료제 고민끝에 50대부부 -32kg_260225,1860546141013361,2026-04-13,NONE,0,0,0,0.00,0,0,0.00,0,0,KRW
2604_다이트_전환캠페인,(재)_천안_의료진정보_4050나잇살 이유는 여기에_260410,1862058676263265,2026-04-13,AGE_35_44,680,275,0,0.00,0,0,0.00,0,266,KRW
2604_다이트_전환캠페인,(재)_천안_의료진정보_4050나잇살 이유는 여기에_260410,1862058676263265,2026-04-13,AGE_45_54,1008,241,0,0.00,0,0,0.00,0,237,KRW
2604_다이트_전환캠페인,(재)_천안_의료진정보_4050나잇살 이유는 여기에_260410,1862058676263265,2026-04-13,AGE_55_100,618,131,2,1.53,0,0,0.00,0,124,KRW
2604_다이트_전환캠페인,(재)_천안_의료진정보_무작정운동으로 팩폭_260405,1861708807896498,2026-04-13,NONE,0,0,0,0.00,0,0,0.00,0,0,KRW
2603_다이트_전환캠페인,(재)_천안_의료진정보_비만주사 굶는다이어트_260320,1860263432482913,2026-04-13,NONE,0,0,0,0.00,0,0,0.00,0,0,KRW
2603_다이트_전환캠페인,(재)_천안_의료진정보_비만주사요요 탄수중독_260320,1860171393987826,2026-04-13,NONE,0,0,0,0.00,0,0,0.00,0,0,KRW
2604_다이트_전환캠페인,"(재)_천안_인플방문후기_건강한다이어트(천안, 박고경)_260325",1861278985311585,2026-04-13,AGE_35_44,3594,648,2,0.31,0,0,0.00,0,628,KRW
2604_다이트_전환캠페인,"(재)_천안_인플방문후기_건강한다이어트(천안, 박고경)_260325",1861278985311585,2026-04-13,AGE_45_54,3665,504,3,0.60,0,0,0.00,0,493,KRW
2604_다이트_전환캠페인,"(재)_천안_인플방문후기_건강한다이어트(천안, 박고경)_260325",1861278985311585,2026-04-13,AGE_55_100,1478,299,1,0.33,0,0,0.00,0,286,KRW
2604_다이트_전환캠페인,"(재)_천안_인플방문후기_건강한다이어트(천안, 박고경)_260325",1861278985311585,2026-04-13,NONE,15,2,0,0.00,0,0,0.00,0,0,KRW
2603_다이트_전환캠페인,(재)_천안_인플방문후기_맘껏먹는 다이어트 한달후기_260306,1858834125348929,2026-04-13,NONE,0,0,0,0.00,0,0,0.00,0,0,KRW
2603_다이트_전환캠페인,(재)_천안_진료셀프캠_50대 20대처럼 체지방_260317,1859897810343346,2026-04-13,NONE,0,0,0,0.00,0,0,0.00,0,0,KRW
2603_다이트_전환캠페인,(재)_천안_진료셀프캠_비만주사끊고15kg_260326,1860714711311361,2026-04-13,NONE,0,0,0,0.00,0,0,0.00,0,0,KRW
2603_다이트_전환캠페인,(재)_천안_진료셀프캠_상체비만 40대 팔뚝살부터_260311,1859358567112033,2026-04-13,NONE,0,0,0,0.00,0,0,0.00,0,0,KRW
2604_다이트_전환캠페인,(재)_천안_진료셀프캠_주사형비만치료제 고민끝에 50대부부 -32kg_260225,1861968142031009,2026-04-13,AGE_35_44,6203,827,2,0.24,0,0,0.00,0,777,KRW
2604_다이트_전환캠페인,(재)_천안_진료셀프캠_주사형비만치료제 고민끝에 50대부부 -32kg_260225,1861968142031009,2026-04-13,AGE_45_54,12154,1009,1,0.10,0,0,0.00,0,914,KRW
2604_다이트_전환캠페인,(재)_천안_진료셀프캠_주사형비만치료제 고민끝에 50대부부 -32kg_260225,1861968142031009,2026-04-13,AGE_55_100,7344,612,3,0.49,0,0,0.00,0,544,KRW
2604_다이트_전환캠페인,(재)_천안_진료셀프캠_주사형비만치료제 고민끝에 50대부부 -32kg_260225,1861968142031009,2026-04-13,NONE,10,3,0,0.00,0,0,0.00,0,0,KRW
2604_다이트_전환캠페인,(신)_대구_의료진정보_주사형비만치료제 10년은_260116,1861278242108689,2026-04-14,NONE,0,0,0,0.00,0,0,0.00,0,0,KRW
2603_다이트_전환캠페인,(신)_대구_인플방문후기_50대엄마 혈당다이어트(햅삐)_260317,1859897365795954,2026-04-14,NONE,0,0,0,0.00,0,0,0.00,0,0,KRW
2603_다이트_전환캠페인,(신)_대구_인플방문후기_당뇨다이어트(대읽남)_260311,1859417671501954,2026-04-14,NONE,0,0,0,0.00,0,0,0.00,0,0,KRW
2603_다이트_전환캠페인,(신)_대구_인플방문후기_먹으면서 다이어트(대읽남)_251017,1858362316758178,2026-04-14,NONE,0,0,0,0.00,0,0,0.00,0,0,KRW
2604_다이트_전환캠페인,(신)_대구_인플방문후기_먹으면서 다이어트(대읽남)_251017,1861277850752146,2026-04-14,NONE,0,0,0,0.00,0,0,0.00,0,0,KRW
2604_다이트_전환캠페인,(신)_대구_인플방문후기_밥빵면안당기는원장님(itsmeyuriwon)_260407,1861796218051601,2026-04-14,AGE_35_44,740,103,0,0.00,0,0,0.00,0,102,KRW
2604_다이트_전환캠페인,(신)_대구_인플방문후기_밥빵면안당기는원장님(itsmeyuriwon)_260407,1861796218051601,2026-04-14,AGE_45_54,2240,119,0,0.00,0,0,0.00,0,118,KRW
2604_다이트_전환캠페인,(신)_대구_인플방문후기_밥빵면안당기는원장님(itsmeyuriwon)_260407,1861796218051601,2026-04-14,AGE_55_100,1211,127,1,0.79,0,0,0.00,0,115,KRW
2604_다이트_전환캠페인,(신)_대구_인플방문후기_밥빵면안당기는원장님(itsmeyuriwon)_260407,1861796218051601,2026-04-14,NONE,0,0,0,0.00,0,0,0.00,0,0,KRW
2604_다이트_전환캠페인,(신)_대구_인플방문후기_주사형비만치료제(the.hyunniverse)_260403,1861968872286353,2026-04-14,AGE_35_44,1427,152,0,0.00,0,0,0.00,0,145,KRW
2604_다이트_전환캠페인,(신)_대구_인플방문후기_주사형비만치료제(the.hyunniverse)_260403,1861968872286353,2026-04-14,AGE_45_54,1933,176,0,0.00,0,0,0.00,0,158,KRW
2604_다이트_전환캠페인,(신)_대구_인플방문후기_주사형비만치료제(the.hyunniverse)_260403,1861968872286353,2026-04-14,AGE_55_100,1992,164,2,1.22,0,0,0.00,0,149,KRW
2604_다이트_전환캠페인,(신)_대구_인플방문후기_주사형비만치료제(the.hyunniverse)_260403,1861968872286353,2026-04-14,NONE,27,1,0,0.00,0,0,0.00,0,0,KRW
2604_다이트_전환캠페인,(신)_대전_인플방문후기_밥빵면못참는현대인(대전잇츠)_260410,1862064327619745,2026-04-14,AGE_35_44,645,64,0,0.00,0,0,0.00,0,62,KRW
2604_다이트_전환캠페인,(신)_대전_인플방문후기_밥빵면못참는현대인(대전잇츠)_260410,1862064327619745,2026-04-14,AGE_45_54,630,47,0,0.00,0,0,0.00,0,47,KRW
2604_다이트_전환캠페인,(신)_대전_인플방문후기_밥빵면못참는현대인(대전잇츠)_260410,1862064327619745,2026-04-14,AGE_55_100,405,59,0,0.00,0,0,0.00,0,57,KRW
2604_다이트_전환캠페인,(신)_대전_인플방문후기_밥빵면못참는현대인(대전잇츠)_260410,1862064327619745,2026-04-14,NONE,0,0,0,0.00,0,0,0.00,0,0,KRW
2604_다이트_전환캠페인,(신)_대전_인플방문후기_밥빵면안당기는원장님(itsmeyuriwon)_260407,1861796462367905,2026-04-14,AGE_35_44,424,48,0,0.00,0,0,0.00,0,47,KRW
2604_다이트_전환캠페인,(신)_대전_인플방문후기_밥빵면안당기는원장님(itsmeyuriwon)_260407,1861796462367905,2026-04-14,AGE_45_54,286,48,1,2.08,0,0,0.00,0,48,KRW
2604_다이트_전환캠페인,(신)_대전_인플방문후기_밥빵면안당기는원장님(itsmeyuriwon)_260407,1861796462367905,2026-04-14,AGE_55_100,440,42,0,0.00,0,0,0.00,0,41,KRW
2604_다이트_전환캠페인,(신)_대전_인플방문후기_밥빵면안당기는원장님(itsmeyuriwon)_260407,1861796462367905,2026-04-14,NONE,3,1,0,0.00,0,0,0.00,0,0,KRW
2604_다이트_전환캠페인,(신)_대전_인플방문후기_주사형비만치료제(the.hyunniverse)_260403,1861968952635729,2026-04-14,AGE_35_44,777,82,0,0.00,0,0,0.00,0,81,KRW
2604_다이트_전환캠페인,(신)_대전_인플방문후기_주사형비만치료제(the.hyunniverse)_260403,1861968952635729,2026-04-14,AGE_45_54,956,84,0,0.00,0,0,0.00,0,78,KRW
2604_다이트_전환캠페인,(신)_대전_인플방문후기_주사형비만치료제(the.hyunniverse)_260403,1861968952635729,2026-04-14,AGE_55_100,503,55,0,0.00,0,0,0.00,0,53,KRW
2604_다이트_전환캠페인,(신)_대전_인플방문후기_주사형비만치료제(the.hyunniverse)_260403,1861968952635729,2026-04-14,NONE,0,0,0,0.00,0,0,0.00,0,0,KRW
2604_다이트_전환캠페인,(신)_대전_진료셀프캠_주사형 비만치료제보다 더중요한이것_260120,1861781961742465,2026-04-14,NONE,0,0,0,0.00,0,0,0.00,0,0,KRW
2604_다이트_전환캠페인,(신)_부평_의료진정보_주사형비만치료제 10년은_260116,1861276817166401,2026-04-14,AGE_35_44,385,50,0,0.00,0,0,0.00,0,50,KRW
2604_다이트_전환캠페인,(신)_부평_의료진정보_주사형비만치료제 10년은_260116,1861276817166401,2026-04-14,AGE_45_54,940,85,1,1.18,0,0,0.00,0,82,KRW
2604_다이트_전환캠페인,(신)_부평_의료진정보_주사형비만치료제 10년은_260116,1861276817166401,2026-04-14,AGE_55_100,1022,99,0,0.00,0,0,0.00,0,96,KRW
2604_다이트_전환캠페인,(신)_부평_의료진정보_주사형비만치료제 10년은_260116,1861276817166401,2026-04-14,NONE,0,0,0,0.00,0,0,0.00,0,0,KRW
2603_다이트_전환캠페인,(신)_부평_의료진정보_주사형비만치료제 10년은_260116,1860716092390562,2026-04-14,NONE,0,0,0,0.00,0,0,0.00,0,0,KRW
2603_다이트_전환캠페인,(신)_부평_인플방문후기_50대엄마 혈당다이어트(햅삐)_260317,1859896796626130,2026-04-14,NONE,0,0,0,0.00,0,0,0.00,0,0,KRW
2604_다이트_전환캠페인,(신)_부평_인플방문후기_건강한다이어트(박고경)_260324,1861276881397074,2026-04-14,AGE_35_44,4223,364,2,0.55,0,0,0.00,0,349,KRW
2604_다이트_전환캠페인,(신)_부평_인플방문후기_건강한다이어트(박고경)_260324,1861276881397074,2026-04-14,AGE_45_54,3019,299,0,0.00,0,0,0.00,0,283,KRW
2604_다이트_전환캠페인,(신)_부평_인플방문후기_건강한다이어트(박고경)_260324,1861276881397074,2026-04-14,AGE_55_100,1873,225,0,0.00,0,0,0.00,0,209,KRW
2603_다이트_전환캠페인,(신)_부평_인플방문후기_건강한다이어트(박고경)_260324,1860541278478465,2026-04-14,NONE,0,0,0,0.00,0,0,0.00,0,0,KRW
2604_다이트_전환캠페인,(신)_부평_인플방문후기_건강한다이어트(박고경)_260324,1861276881397074,2026-04-14,NONE,0,0,0,0.00,0,0,0.00,0,0,KRW
2603_다이트_전환캠페인,(신)_부평_인플방문후기_더먹어야 다이어트 가능(더먹어유)_260313,1859538135129201,2026-04-14,NONE,0,0,0,0.00,0,0,0.00,0,0,KRW
2604_다이트_전환캠페인,(신)_부평_인플방문후기_밥빵면안당기는원장님(itsmeyuriwon)_260407,1861795578227042,2026-04-14,AGE_35_44,4190,345,0,0.00,0,0,0.00,0,329,KRW
2604_다이트_전환캠페인,(신)_부평_인플방문후기_밥빵면안당기는원장님(itsmeyuriwon)_260407,1861795578227042,2026-04-14,AGE_45_54,4845,351,3,0.85,0,0,0.00,0,336,KRW
2604_다이트_전환캠페인,(신)_부평_인플방문후기_밥빵면안당기는원장님(itsmeyuriwon)_260407,1861795578227042,2026-04-14,AGE_55_100,2618,210,1,0.48,0,0,0.00,0,199,KRW
2604_다이트_전환캠페인,(신)_부평_인플방문후기_주사형비만치료제(the.hyunniverse)_260403,1861968247570690,2026-04-14,AGE_35_44,4024,549,3,0.55,0,0,0.00,0,523,KRW
2604_다이트_전환캠페인,(신)_부평_인플방문후기_주사형비만치료제(the.hyunniverse)_260403,1861968247570690,2026-04-14,AGE_45_54,6856,623,1,0.16,2,3428,200.00,0,580,KRW
2604_다이트_전환캠페인,(신)_부평_인플방문후기_주사형비만치료제(the.hyunniverse)_260403,1861968247570690,2026-04-14,AGE_55_100,5665,428,1,0.23,0,0,0.00,0,396,KRW
2604_다이트_전환캠페인,(신)_부평_인플방문후기_주사형비만치료제(the.hyunniverse)_260403,1861968247570690,2026-04-14,NONE,17,1,0,0.00,0,0,0.00,0,0,KRW
2603_다이트_전환캠페인,(신)_부평_진료셀프캠_주사형 비만치료제보다 더중요한이것_260120,1858358889552897,2026-04-14,NONE,0,0,0,0.00,0,0,0.00,0,0,KRW
2604_다이트_전환캠페인,(신)_서울_인플방문후기_밥빵면안당기는원장님(itsmeyuriwon)_260407,1861792943047986,2026-04-14,AGE_35_44,3075,163,1,0.61,0,0,0.00,0,161,KRW
2604_다이트_전환캠페인,(신)_서울_인플방문후기_밥빵면안당기는원장님(itsmeyuriwon)_260407,1861792943047986,2026-04-14,AGE_45_54,3615,204,1,0.49,0,0,0.00,0,198,KRW
2604_다이트_전환캠페인,(신)_서울_인플방문후기_밥빵면안당기는원장님(itsmeyuriwon)_260407,1861792943047986,2026-04-14,AGE_55_100,2791,123,0,0.00,0,0,0.00,0,119,KRW
2604_다이트_전환캠페인,(신)_서울_인플방문후기_밥빵면안당기는원장님(itsmeyuriwon)_260407,1861792943047986,2026-04-14,NONE,48,2,0,0.00,0,0,0.00,0,0,KRW
2604_다이트_전환캠페인,(신)_서울_인플방문후기_주사형비만치료제(the.hyunniverse)_260403,1861968379365409,2026-04-14,AGE_35_44,2417,255,0,0.00,0,0,0.00,0,237,KRW
2604_다이트_전환캠페인,(신)_서울_인플방문후기_주사형비만치료제(the.hyunniverse)_260403,1861968379365409,2026-04-14,AGE_45_54,3236,319,1,0.31,0,0,0.00,0,301,KRW
2604_다이트_전환캠페인,(신)_서울_인플방문후기_주사형비만치료제(the.hyunniverse)_260403,1861968379365409,2026-04-14,AGE_55_100,2733,215,1,0.47,3,911,300.00,0,208,KRW
2604_다이트_전환캠페인,(신)_서울_인플방문후기_주사형비만치료제(the.hyunniverse)_260403,1861968379365409,2026-04-14,NONE,0,0,0,0.00,0,0,0.00,0,0,KRW
2603_다이트_전환캠페인,(신)_수원_인플방문후기_더먹어야 다이어트 가능(더먹어유)_260313,1859538405086241,2026-04-14,NONE,0,0,0,0.00,0,0,0.00,0,0,KRW
2603_다이트_전환캠페인,(신)_수원_인플방문후기_먹을거 다먹으면서(미미)_260317,1859897183294593,2026-04-14,NONE,0,0,0,0.00,0,0,0.00,0,0,KRW
2604_다이트_전환캠페인,(신)_수원_인플방문후기_밥빵면안당기는원장님(itsmeyuriwon)_260407,1861796026692689,2026-04-14,AGE_25_34,5684,939,5,0.53,0,0,0.00,0,912,KRW
2604_다이트_전환캠페인,(신)_수원_인플방문후기_밥빵면안당기는원장님(itsmeyuriwon)_260407,1861796026692689,2026-04-14,AGE_35_44,6757,780,2,0.26,0,0,0.00,0,741,KRW
2604_다이트_전환캠페인,(신)_수원_인플방문후기_밥빵면안당기는원장님(itsmeyuriwon)_260407,1861796026692689,2026-04-14,AGE_45_54,9771,742,5,0.67,0,0,0.00,0,712,KRW
2604_다이트_전환캠페인,(신)_수원_인플방문후기_밥빵면안당기는원장님(itsmeyuriwon)_260407,1861796026692689,2026-04-14,AGE_55_100,3257,427,4,0.94,0,0,0.00,0,400,KRW
2604_다이트_전환캠페인,(신)_수원_인플방문후기_밥빵면안당기는원장님(itsmeyuriwon)_260407,1861796026692689,2026-04-14,NONE,30,6,0,0.00,0,0,0.00,0,0,KRW
2604_다이트_전환캠페인,(신)_수원_인플방문후기_주사형비만치료제(the.hyunniverse)_260403,1861426333950193,2026-04-14,AGE_25_34,2314,528,4,0.76,0,0,0.00,0,511,KRW
2604_다이트_전환캠페인,(신)_수원_인플방문후기_주사형비만치료제(the.hyunniverse)_260403,1861426333950193,2026-04-14,AGE_35_44,4273,490,1,0.20,0,0,0.00,0,466,KRW
2604_다이트_전환캠페인,(신)_수원_인플방문후기_주사형비만치료제(the.hyunniverse)_260403,1861426333950193,2026-04-14,AGE_45_54,5366,497,0,0.00,0,0,0.00,0,475,KRW
2604_다이트_전환캠페인,(신)_수원_인플방문후기_주사형비만치료제(the.hyunniverse)_260403,1861426333950193,2026-04-14,AGE_55_100,3783,348,4,1.15,0,0,0.00,0,333,KRW
2604_다이트_전환캠페인,(신)_수원_인플방문후기_주사형비만치료제(the.hyunniverse)_260403,1861426333950193,2026-04-14,NONE,105,4,0,0.00,0,0,0.00,0,0,KRW
2604_다이트_전환캠페인,(신)_일산_인플방문후기_밥빵면안당기는원장님(itsmeyuriwon)_260407,1861796100333057,2026-04-14,AGE_35_44,1673,111,0,0.00,0,0,0.00,0,107,KRW
2604_다이트_전환캠페인,(신)_일산_인플방문후기_밥빵면안당기는원장님(itsmeyuriwon)_260407,1861796100333057,2026-04-14,AGE_45_54,884,102,0,0.00,0,0,0.00,0,99,KRW
2604_다이트_전환캠페인,(신)_일산_인플방문후기_밥빵면안당기는원장님(itsmeyuriwon)_260407,1861796100333057,2026-04-14,AGE_55_100,756,54,1,1.85,0,0,0.00,0,52,KRW
2604_다이트_전환캠페인,(신)_일산_인플방문후기_밥빵면안당기는원장님(itsmeyuriwon)_260407,1861796100333057,2026-04-14,NONE,0,0,0,0.00,0,0,0.00,0,0,KRW
2604_다이트_전환캠페인,(신)_일산_인플방문후기_주사형비만치료제(the.hyunniverse)_260403,1861968797915602,2026-04-14,AGE_35_44,1515,233,0,0.00,0,0,0.00,0,226,KRW
2604_다이트_전환캠페인,(신)_일산_인플방문후기_주사형비만치료제(the.hyunniverse)_260403,1861968797915602,2026-04-14,AGE_45_54,3045,280,1,0.36,0,0,0.00,0,269,KRW
2604_다이트_전환캠페인,(신)_일산_인플방문후기_주사형비만치료제(the.hyunniverse)_260403,1861968797915602,2026-04-14,AGE_55_100,2026,163,2,1.23,0,0,0.00,0,160,KRW
2604_다이트_전환캠페인,(신)_일산_인플방문후기_주사형비만치료제(the.hyunniverse)_260403,1861968797915602,2026-04-14,NONE,2,1,0,0.00,0,0,0.00,0,0,KRW
2603_다이트_전환캠페인,(신)_창원_인플방문후기_먹을거 다먹으면서(미미)_260317,1859897624509618,2026-04-14,NONE,0,0,0,0.00,0,0,0.00,0,0,KRW
2604_다이트_전환캠페인,(신)_창원_인플방문후기_밥빵면안당기는원장님(itsmeyuriwon)_260407,1861796302859538,2026-04-14,AGE_35_44,5156,503,3,0.60,0,0,0.00,0,457,KRW
2604_다이트_전환캠페인,(신)_창원_인플방문후기_밥빵면안당기는원장님(itsmeyuriwon)_260407,1861796302859538,2026-04-14,AGE_45_54,7427,579,5,0.86,0,0,0.00,0,533,KRW
2604_다이트_전환캠페인,(신)_창원_인플방문후기_밥빵면안당기는원장님(itsmeyuriwon)_260407,1861796302859538,2026-04-14,AGE_55_100,3962,345,4,1.16,0,0,0.00,0,324,KRW
2604_다이트_전환캠페인,(신)_창원_인플방문후기_밥빵면안당기는원장님(itsmeyuriwon)_260407,1861796302859538,2026-04-14,NONE,4,1,0,0.00,0,0,0.00,0,0,KRW
2604_다이트_전환캠페인,(신)_창원_인플방문후기_주사형비만치료제(the.hyunniverse)_260403,1861427124084770,2026-04-14,AGE_35_44,1623,253,2,0.79,0,0,0.00,0,245,KRW
2604_다이트_전환캠페인,(신)_창원_인플방문후기_주사형비만치료제(the.hyunniverse)_260403,1861427124084770,2026-04-14,AGE_45_54,4152,367,1,0.27,0,0,0.00,0,345,KRW
2604_다이트_전환캠페인,(신)_창원_인플방문후기_주사형비만치료제(the.hyunniverse)_260403,1861427124084770,2026-04-14,AGE_55_100,2590,240,1,0.42,0,0,0.00,0,216,KRW
2604_다이트_전환캠페인,(신)_창원_인플방문후기_주사형비만치료제(the.hyunniverse)_260403,1861427124084770,2026-04-14,NONE,14,2,0,0.00,0,0,0.00,0,0,KRW
2604_다이트_전환캠페인,(신)_천안_의료진정보_주사형비만치료제 10년은_260116,1861279064396242,2026-04-14,AGE_35_44,520,71,0,0.00,0,0,0.00,0,66,KRW
2604_다이트_전환캠페인,(신)_천안_의료진정보_주사형비만치료제 10년은_260116,1861279064396242,2026-04-14,AGE_45_54,536,79,1,1.27,0,0,0.00,0,73,KRW
2604_다이트_전환캠페인,(신)_천안_의료진정보_주사형비만치료제 10년은_260116,1861279064396242,2026-04-14,AGE_55_100,1378,70,0,0.00,0,0,0.00,0,67,KRW
2603_다이트_전환캠페인,(신)_천안_의료진정보_주사형비만치료제 10년은_260116,1861074704982066,2026-04-14,NONE,0,0,0,0.00,0,0,0.00,0,0,KRW
2604_다이트_전환캠페인,(신)_천안_인플방문후기_밥빵면안당기는원장님(itsmeyuriwon)_260407,1861796395517250,2026-04-14,AGE_35_44,2427,264,0,0.00,0,0,0.00,0,246,KRW
2604_다이트_전환캠페인,(신)_천안_인플방문후기_밥빵면안당기는원장님(itsmeyuriwon)_260407,1861796395517250,2026-04-14,AGE_45_54,3975,255,3,1.18,0,0,0.00,0,248,KRW
2604_다이트_전환캠페인,(신)_천안_인플방문후기_밥빵면안당기는원장님(itsmeyuriwon)_260407,1861796395517250,2026-04-14,AGE_55_100,981,107,2,1.87,0,0,0.00,0,102,KRW
2604_다이트_전환캠페인,(신)_천안_인플방문후기_주사형비만치료제(the.hyunniverse)_260403,1861969033799841,2026-04-14,AGE_35_44,1810,249,0,0.00,0,0,0.00,0,241,KRW
2604_다이트_전환캠페인,(신)_천안_인플방문후기_주사형비만치료제(the.hyunniverse)_260403,1861969033799841,2026-04-14,AGE_45_54,2872,249,2,0.80,0,0,0.00,0,230,KRW
2604_다이트_전환캠페인,(신)_천안_인플방문후기_주사형비만치료제(the.hyunniverse)_260403,1861969033799841,2026-04-14,AGE_55_100,1502,127,0,0.00,0,0,0.00,0,119,KRW
2604_다이트_전환캠페인,(신)_천안_인플방문후기_주사형비만치료제(the.hyunniverse)_260403,1861969033799841,2026-04-14,NONE,0,0,0,0.00,0,0,0.00,0,0,KRW
2604_다이트_전환캠페인,(신)_천안_진료셀프캠_주사형 비만치료제보다 더중요한이것_260120,1861969112559697,2026-04-14,AGE_35_44,6542,684,4,0.58,0,0,0.00,0,620,KRW
2604_다이트_전환캠페인,(신)_천안_진료셀프캠_주사형 비만치료제보다 더중요한이것_260120,1861969112559697,2026-04-14,AGE_45_54,10969,806,8,0.99,1,10969,12.50,0,729,KRW
2604_다이트_전환캠페인,(신)_천안_진료셀프캠_주사형 비만치료제보다 더중요한이것_260120,1861969112559697,2026-04-14,AGE_55_100,6071,478,5,1.05,0,0,0.00,0,428,KRW
2604_다이트_전환캠페인,(신)_천안_진료셀프캠_주사형 비만치료제보다 더중요한이것_260120,1861969112559697,2026-04-14,NONE,0,0,0,0.00,0,0,0.00,0,0,KRW
2603_다이트_전환캠페인,(신)_천안_진료셀프캠_주사형 비만치료제보다 더중요한이것_260120,1858358889565697,2026-04-14,NONE,0,0,0,0.00,0,0,0.00,0,0,KRW
2604_다이트_전환캠페인,(재)_대구_의료진정보_무작정운동으로 팩폭_260406,1861709464313057,2026-04-14,AGE_35_44,1950,119,0,0.00,0,0,0.00,0,111,KRW
2604_다이트_전환캠페인,(재)_대구_의료진정보_무작정운동으로 팩폭_260406,1861709464313057,2026-04-14,AGE_45_54,4960,172,2,1.16,0,0,0.00,0,163,KRW
2604_다이트_전환캠페인,(재)_대구_의료진정보_무작정운동으로 팩폭_260406,1861709464313057,2026-04-14,AGE_55_100,2411,125,2,1.60,0,0,0.00,0,121,KRW
2604_다이트_전환캠페인,(재)_대구_의료진정보_무작정운동으로 팩폭_260406,1861709464313057,2026-04-14,NONE,4,1,0,0.00,0,0,0.00,0,0,KRW
2603_다이트_전환캠페인,(재)_대구_의료진정보_비만주사 굶는다이어트_260320,1860263658516898,2026-04-14,NONE,0,0,0,0.00,0,0,0.00,0,0,KRW
2603_다이트_전환캠페인,(재)_대구_의료진정보_비만주사요요 탄수중독_260320,1860170996611154,2026-04-14,NONE,0,0,0,0.00,0,0,0.00,0,0,KRW
2604_다이트_전환캠페인,"(재)_대구_인플방문후기_건강한다이어트(대구,박고경)_260325",1861278128485793,2026-04-14,AGE_35_44,1335,187,2,1.07,0,0,0.00,0,177,KRW
2604_다이트_전환캠페인,"(재)_대구_인플방문후기_건강한다이어트(대구,박고경)_260325",1861278128485793,2026-04-14,AGE_45_54,1358,98,2,2.04,0,0,0.00,0,95,KRW
2604_다이트_전환캠페인,"(재)_대구_인플방문후기_건강한다이어트(대구,박고경)_260325",1861278128485793,2026-04-14,AGE_55_100,575,83,0,0.00,0,0,0.00,0,78,KRW
2604_다이트_전환캠페인,"(재)_대구_인플방문후기_건강한다이어트(대구,박고경)_260325",1861278128485793,2026-04-14,NONE,17,2,0,0.00,0,0,0.00,0,0,KRW
2603_다이트_전환캠페인,"(재)_대구_인플방문후기_건강한다이어트(대구,박고경)_260325",1860614125298753,2026-04-14,NONE,0,0,0,0.00,0,0,0.00,0,0,KRW
2603_다이트_전환캠페인,(재)_대구_인플방문후기_맘껏먹는 다이어트 한달후기_260306,1858833581846626,2026-04-14,NONE,0,0,0,0.00,0,0,0.00,0,0,KRW
2604_다이트_전환캠페인,(재)_대구_인플방문후기_먹고싶은거다먹는(수원잇츠)_260403,1861437815982145,2026-04-14,AGE_35_44,1308,115,1,0.87,0,0,0.00,0,108,KRW
2604_다이트_전환캠페인,(재)_대구_인플방문후기_먹고싶은거다먹는(수원잇츠)_260403,1861437815982145,2026-04-14,AGE_45_54,1300,133,3,2.26,0,0,0.00,0,125,KRW
2604_다이트_전환캠페인,(재)_대구_인플방문후기_먹고싶은거다먹는(수원잇츠)_260403,1861437815982145,2026-04-14,AGE_55_100,909,84,1,1.19,0,0,0.00,0,77,KRW
2604_다이트_전환캠페인,(재)_대구_인플방문후기_먹고싶은거다먹는(수원잇츠)_260403,1861437815982145,2026-04-14,NONE,0,0,0,0.00,0,0,0.00,0,0,KRW
2603_다이트_전환캠페인,(재)_대구_인플방문후기_체지방만쏙빼는(부산잇츠)_260220,1858358889560241,2026-04-14,NONE,0,0,0,0.00,0,0,0.00,0,0,KRW
2603_다이트_전환캠페인,(재)_대구_진료셀프캠_50대 뱃살 체지방만_260317,1859896191187025,2026-04-14,NONE,0,0,0,0.00,0,0,0.00,0,0,KRW
2604_다이트_전환캠페인,(재)_대구_진료셀프캠_다이어트의적 밥빵면_260407,1861778669641809,2026-04-14,AGE_35_44,2628,207,0,0.00,0,0,0.00,0,198,KRW
2604_다이트_전환캠페인,(재)_대구_진료셀프캠_다이어트의적 밥빵면_260407,1861778669641809,2026-04-14,AGE_45_54,7837,384,3,0.78,0,0,0.00,0,365,KRW
2604_다이트_전환캠페인,(재)_대구_진료셀프캠_다이어트의적 밥빵면_260407,1861778669641809,2026-04-14,AGE_55_100,5213,329,3,0.91,0,0,0.00,0,311,KRW
2604_다이트_전환캠페인,(재)_대구_진료셀프캠_다이어트의적 밥빵면_260407,1861778669641809,2026-04-14,NONE,5,2,0,0.00,0,0,0.00,0,0,KRW
2603_다이트_전환캠페인,(재)_대구_진료셀프캠_비만주사 10년은 늙어보인대요_260326,1860714231170321,2026-04-14,NONE,0,0,0,0.00,0,0,0.00,0,0,KRW
2604_다이트_전환캠페인,(재)_대구_진료셀프캠_비만주사가놓친것_260414,1862452759074146,2026-04-14,AGE_35_44,33,4,0,0.00,0,0,0.00,0,4,KRW
2604_다이트_전환캠페인,(재)_대구_진료셀프캠_비만주사가놓친것_260414,1862452759074146,2026-04-14,AGE_45_54,59,8,0,0.00,0,0,0.00,0,6,KRW
2604_다이트_전환캠페인,(재)_대구_진료셀프캠_비만주사가놓친것_260414,1862452759074146,2026-04-14,AGE_55_100,41,5,0,0.00,0,0,0.00,0,5,KRW
2603_다이트_전환캠페인,(재)_대구_진료셀프캠_비만주사끊고15kg_260326,1860714231170337,2026-04-14,NONE,0,0,0,0.00,0,0,0.00,0,0,KRW
2604_다이트_전환캠페인,(재)_대구_진료셀프캠_식욕억제주사실패 마지막_260407,1861779512219682,2026-04-14,AGE_35_44,4606,505,5,0.99,0,0,0.00,0,475,KRW
2604_다이트_전환캠페인,(재)_대구_진료셀프캠_식욕억제주사실패 마지막_260407,1861779512219682,2026-04-14,AGE_45_54,9647,598,10,1.67,2,4823,20.00,0,564,KRW
2604_다이트_전환캠페인,(재)_대구_진료셀프캠_식욕억제주사실패 마지막_260407,1861779512219682,2026-04-14,AGE_55_100,5339,310,3,0.97,1,5339,33.33,0,297,KRW
2604_다이트_전환캠페인,(재)_대구_진료셀프캠_식욕억제주사실패 마지막_260407,1861779512219682,2026-04-14,NONE,80,1,0,0.00,0,0,0.00,0,0,KRW
2604_다이트_전환캠페인,(재)_대구_진료셀프캠_주사형비만치료제 고민끝에 50대부부 -32kg_260225,1861278082187298,2026-04-14,AGE_35_44,2432,158,1,0.63,0,0,0.00,0,155,KRW
2604_다이트_전환캠페인,(재)_대구_진료셀프캠_주사형비만치료제 고민끝에 50대부부 -32kg_260225,1861278082187298,2026-04-14,AGE_45_54,2978,257,2,0.78,0,0,0.00,0,248,KRW
2604_다이트_전환캠페인,(재)_대구_진료셀프캠_주사형비만치료제 고민끝에 50대부부 -32kg_260225,1861278082187298,2026-04-14,AGE_55_100,2826,214,1,0.47,0,0,0.00,0,205,KRW
2604_다이트_전환캠페인,(재)_대구_진료셀프캠_주사형비만치료제 고민끝에 50대부부 -32kg_260225,1861278082187298,2026-04-14,NONE,291,1,0,0.00,0,0,0.00,0,0,KRW
2603_다이트_전환캠페인,(재)_대구_진료셀프캠_주사형비만치료제 고민끝에 50대부부 -32kg_260225,1860546064808049,2026-04-14,NONE,0,0,0,0.00,0,0,0.00,0,0,KRW
2604_다이트_전환캠페인,(재)_대전_인플방문후기_맘껏먹는 다이어트 한달후기_260306,1861708302605361,2026-04-14,AGE_35_44,911,56,1,1.79,0,0,0.00,0,56,KRW
2604_다이트_전환캠페인,(재)_대전_인플방문후기_맘껏먹는 다이어트 한달후기_260306,1861708302605361,2026-04-14,AGE_45_54,1290,55,1,1.82,0,0,0.00,0,52,KRW
2604_다이트_전환캠페인,(재)_대전_인플방문후기_맘껏먹는 다이어트 한달후기_260306,1861708302605361,2026-04-14,AGE_55_100,586,41,0,0.00,0,0,0.00,0,40,KRW
2604_다이트_전환캠페인,(재)_대전_진료셀프캠_다이어트의적 밥빵면_260407,1861776478109986,2026-04-14,AGE_35_44,3666,229,1,0.44,0,0,0.00,0,218,KRW
2604_다이트_전환캠페인,(재)_대전_진료셀프캠_다이어트의적 밥빵면_260407,1861776478109986,2026-04-14,AGE_45_54,5670,293,3,1.02,0,0,0.00,0,278,KRW
2604_다이트_전환캠페인,(재)_대전_진료셀프캠_다이어트의적 밥빵면_260407,1861776478109986,2026-04-14,AGE_55_100,2848,202,4,1.98,0,0,0.00,0,186,KRW
2604_다이트_전환캠페인,(재)_대전_진료셀프캠_다이어트의적 밥빵면_260407,1861776478109986,2026-04-14,NONE,11,1,0,0.00,0,0,0.00,0,0,KRW
2604_다이트_전환캠페인,(재)_대전_진료셀프캠_비만주사가놓친것_260414,1862452993099026,2026-04-14,AGE_35_44,22,1,0,0.00,0,0,0.00,0,1,KRW
2604_다이트_전환캠페인,(재)_대전_진료셀프캠_비만주사가놓친것_260414,1862452993099026,2026-04-14,AGE_45_54,45,2,0,0.00,0,0,0.00,0,2,KRW
2604_다이트_전환캠페인,(재)_대전_진료셀프캠_비만주사가놓친것_260414,1862452993099026,2026-04-14,AGE_55_100,8,2,0,0.00,0,0,0.00,0,2,KRW
2604_다이트_전환캠페인,(재)_대전_진료셀프캠_식욕억제주사실패 마지막_260406,1861708051912898,2026-04-14,AGE_35_44,7718,398,2,0.50,0,0,0.00,0,382,KRW
2604_다이트_전환캠페인,(재)_대전_진료셀프캠_식욕억제주사실패 마지막_260406,1861708051912898,2026-04-14,AGE_45_54,9778,442,8,1.81,7,1396,87.50,0,417,KRW
2604_다이트_전환캠페인,(재)_대전_진료셀프캠_식욕억제주사실패 마지막_260406,1861708051912898,2026-04-14,AGE_55_100,4630,208,0,0.00,0,0,0.00,0,202,KRW
2604_다이트_전환캠페인,(재)_대전_진료셀프캠_식욕억제주사실패 마지막_260406,1861708051912898,2026-04-14,NONE,76,2,0,0.00,0,0,0.00,0,0,KRW
2604_다이트_전환캠페인,(재)_대전_진료셀프캠_식욕억제주사실패 마지막_260407,1861779986019442,2026-04-14,AGE_55_100,0,0,0,0.00,0,0,0.00,0,0,KRW
2604_다이트_전환캠페인,(재)_대전_진료셀프캠_주사형비만치료제 고민끝에 50대부부 -32kg_260225,1861708178989089,2026-04-14,AGE_35_44,2247,153,0,0.00,0,0,0.00,0,146,KRW
2604_다이트_전환캠페인,(재)_대전_진료셀프캠_주사형비만치료제 고민끝에 50대부부 -32kg_260225,1861708178989089,2026-04-14,AGE_45_54,3326,200,1,0.50,0,0,0.00,0,187,KRW
2604_다이트_전환캠페인,(재)_대전_진료셀프캠_주사형비만치료제 고민끝에 50대부부 -32kg_260225,1861708178989089,2026-04-14,AGE_55_100,3748,173,1,0.58,1,3748,100.00,0,163,KRW
2604_다이트_전환캠페인,(재)_대전_진료셀프캠_주사형비만치료제 고민끝에 50대부부 -32kg_260225,1861708178989089,2026-04-14,NONE,2,1,0,0.00,0,0,0.00,0,0,KRW
2603_다이트_전환캠페인,(재)_부평_리얼모델후기_체지방만 14kg 먹으면서_260324,1860540316833154,2026-04-14,NONE,0,0,0,0.00,0,0,0.00,0,0,KRW
2604_다이트_전환캠페인,(재)_부평_의료진정보_무작정운동으로 팩폭_260406,1861709708534065,2026-04-14,AGE_35_44,1698,93,0,0.00,0,0,0.00,0,89,KRW
2604_다이트_전환캠페인,(재)_부평_의료진정보_무작정운동으로 팩폭_260406,1861709708534065,2026-04-14,AGE_45_54,1454,96,1,1.04,0,0,0.00,0,94,KRW
2604_다이트_전환캠페인,(재)_부평_의료진정보_무작정운동으로 팩폭_260406,1861709708534065,2026-04-14,AGE_55_100,2075,72,1,1.39,0,0,0.00,0,66,KRW
2604_다이트_전환캠페인,(재)_부평_의료진정보_무작정운동으로 팩폭_260406,1861709708534065,2026-04-14,NONE,0,0,0,0.00,0,0,0.00,0,0,KRW
2603_다이트_전환캠페인,(재)_부평_의료진정보_비만주사 굶는다이어트_260320,1860170168891553,2026-04-14,NONE,0,0,0,0.00,0,0,0.00,0,0,KRW
2603_다이트_전환캠페인,(재)_부평_의료진정보_비만주사요요 탄수중독_260320,1860170168891521,2026-04-14,NONE,0,0,0,0.00,0,0,0.00,0,0,KRW
2604_다이트_전환캠페인,(재)_부평_인플방문후기_먹고싶은거다먹는(수원잇츠)_260403,1861438021385394,2026-04-14,NONE,0,0,0,0.00,0,0,0.00,0,0,KRW
2604_다이트_전환캠페인,(재)_부평_진료셀프캠_비만주사가놓친것_260414,1862452531926049,2026-04-14,AGE_35_44,249,12,0,0.00,0,0,0.00,0,12,KRW
2604_다이트_전환캠페인,(재)_부평_진료셀프캠_비만주사가놓친것_260414,1862452531926049,2026-04-14,AGE_45_54,78,10,0,0.00,0,0,0.00,0,10,KRW
2604_다이트_전환캠페인,(재)_부평_진료셀프캠_비만주사가놓친것_260414,1862452531926049,2026-04-14,AGE_55_100,102,8,0,0.00,0,0,0.00,0,8,KRW
2603_다이트_전환캠페인,(재)_부평_진료셀프캠_비만주사끊고15kg_260326,1860713378682322,2026-04-14,NONE,0,0,0,0.00,0,0,0.00,0,0,KRW
2603_다이트_전환캠페인,(재)_부평_진료셀프캠_비만주사없이 체질_260320,1860263975141538,2026-04-14,NONE,0,0,0,0.00,0,0,0.00,0,0,KRW
2604_다이트_전환캠페인,(재)_부평_진료셀프캠_식욕억제주사실패 마지막_260407,1861779276638289,2026-04-14,AGE_35_44,4932,516,0,0.00,0,0,0.00,0,474,KRW
2604_다이트_전환캠페인,(재)_부평_진료셀프캠_식욕억제주사실패 마지막_260407,1861779276638289,2026-04-14,AGE_45_54,10230,685,7,1.02,0,0,0.00,0,615,KRW
2604_다이트_전환캠페인,(재)_부평_진료셀프캠_식욕억제주사실패 마지막_260407,1861779276638289,2026-04-14,AGE_55_100,7620,402,7,1.74,0,0,0.00,0,373,KRW
2604_다이트_전환캠페인,(재)_부평_진료셀프캠_식욕억제주사실패 마지막_260407,1861779276638289,2026-04-14,NONE,24,1,0,0.00,0,0,0.00,0,0,KRW
2604_다이트_전환캠페인,(재)_부평_진료셀프캠_주사형비만치료제 고민끝에 50대부부 -32kg_260225,1861276697497633,2026-04-14,AGE_35_44,1212,142,0,0.00,0,0,0.00,0,139,KRW
2604_다이트_전환캠페인,(재)_부평_진료셀프캠_주사형비만치료제 고민끝에 50대부부 -32kg_260225,1861276697497633,2026-04-14,AGE_45_54,2386,161,0,0.00,0,0,0.00,0,160,KRW
2604_다이트_전환캠페인,(재)_부평_진료셀프캠_주사형비만치료제 고민끝에 50대부부 -32kg_260225,1861276697497633,2026-04-14,AGE_55_100,1827,132,1,0.76,1,1827,100.00,0,130,KRW
2603_다이트_전환캠페인,(재)_부평_진료셀프캠_주사형비만치료제 고민끝에 50대부부 -32kg_260225,1858358875905138,2026-04-14,NONE,0,0,0,0.00,0,0,0.00,0,0,KRW
2604_다이트_전환캠페인,(재)_부평_진료셀프캠_주사형비만치료제 고민끝에 50대부부 -32kg_260225,1861276697497633,2026-04-14,NONE,14,1,0,0.00,0,0,0.00,0,0,KRW
2604_다이트_전환캠페인,(재)_서울_의료진정보_무작정운동으로 팩폭_260406,1861709796228209,2026-04-14,AGE_35_44,98,29,0,0.00,0,0,0.00,0,29,KRW
2604_다이트_전환캠페인,(재)_서울_의료진정보_무작정운동으로 팩폭_260406,1861709796228209,2026-04-14,AGE_45_54,699,42,0,0.00,0,0,0.00,0,42,KRW
2604_다이트_전환캠페인,(재)_서울_의료진정보_무작정운동으로 팩폭_260406,1861709796228209,2026-04-14,AGE_55_100,711,57,0,0.00,0,0,0.00,0,54,KRW
2604_다이트_전환캠페인,(재)_서울_의료진정보_무작정운동으로 팩폭_260406,1861709796228209,2026-04-14,NONE,0,0,0,0.00,0,0,0.00,0,0,KRW
2603_다이트_전환캠페인,(재)_서울_의료진정보_비만주사 굶는다이어트_260320,1860169742535889,2026-04-14,NONE,0,0,0,0.00,0,0,0.00,0,0,KRW
2604_다이트_전환캠페인,(재)_서울_인플방문후기_맘껏먹는 다이어트 한달후기_260306,1861276306937889,2026-04-14,AGE_35_44,416,32,0,0.00,0,0,0.00,0,32,KRW
2604_다이트_전환캠페인,(재)_서울_인플방문후기_맘껏먹는 다이어트 한달후기_260306,1861276306937889,2026-04-14,AGE_45_54,584,36,1,2.78,0,0,0.00,0,35,KRW
2604_다이트_전환캠페인,(재)_서울_인플방문후기_맘껏먹는 다이어트 한달후기_260306,1861276306937889,2026-04-14,AGE_55_100,194,20,1,5.00,0,0,0.00,0,19,KRW
2603_다이트_전환캠페인,(재)_서울_인플방문후기_맘껏먹는 다이어트 한달후기_260306,1858832894864657,2026-04-14,NONE,0,0,0,0.00,0,0,0.00,0,0,KRW
2604_다이트_전환캠페인,(재)_서울_인플방문후기_먹고싶은거다먹는(수원잇츠)_260403,1861438096695922,2026-04-14,AGE_35_44,217,30,0,0.00,0,0,0.00,0,30,KRW
2604_다이트_전환캠페인,(재)_서울_인플방문후기_먹고싶은거다먹는(수원잇츠)_260403,1861438096695922,2026-04-14,AGE_45_54,603,39,0,0.00,0,0,0.00,0,38,KRW
2604_다이트_전환캠페인,(재)_서울_인플방문후기_먹고싶은거다먹는(수원잇츠)_260403,1861438096695922,2026-04-14,AGE_55_100,275,41,0,0.00,0,0,0.00,0,41,KRW
2604_다이트_전환캠페인,(재)_서울_인플방문후기_먹고싶은거다먹는(수원잇츠)_260403,1861438096695922,2026-04-14,NONE,0,0,0,0.00,0,0,0.00,0,0,KRW
2603_다이트_전환캠페인,(재)_서울_진료셀프캠_50대 뱃살 체지방만_260317,1859896310509633,2026-04-14,NONE,0,0,0,0.00,0,0,0.00,0,0,KRW
2604_다이트_전환캠페인,(재)_서울_진료셀프캠_비만주사가놓친것_260414,1862427431553298,2026-04-14,AGE_35_44,1689,316,2,0.63,0,0,0.00,0,308,KRW
2604_다이트_전환캠페인,(재)_서울_진료셀프캠_비만주사가놓친것_260414,1862427431553298,2026-04-14,AGE_45_54,4288,434,5,1.15,2,2144,40.00,0,428,KRW
2604_다이트_전환캠페인,(재)_서울_진료셀프캠_비만주사가놓친것_260414,1862427431553298,2026-04-14,AGE_55_100,2826,264,2,0.76,0,0,0.00,0,253,KRW
2604_다이트_전환캠페인,(재)_서울_진료셀프캠_비만주사가놓친것_260414,1862427431553298,2026-04-14,NONE,4,2,0,0.00,0,0,0.00,0,0,KRW
2603_다이트_전환캠페인,(재)_서울_진료셀프캠_비만주사끊고15kg_260326,1860713002800561,2026-04-14,NONE,0,0,0,0.00,0,0,0.00,0,0,KRW
2603_다이트_전환캠페인,(재)_서울_진료셀프캠_비만주사없이 체질_260320,1860169742535905,2026-04-14,NONE,0,0,0,0.00,0,0,0.00,0,0,KRW
2604_다이트_전환캠페인,(재)_서울_진료셀프캠_식욕억제주사실패 마지막_260407,1861778815720546,2026-04-14,AGE_35_44,3943,271,1,0.37,0,0,0.00,0,259,KRW
2604_다이트_전환캠페인,(재)_서울_진료셀프캠_식욕억제주사실패 마지막_260407,1861778815720546,2026-04-14,AGE_45_54,4885,309,4,1.29,0,0,0.00,0,286,KRW
2604_다이트_전환캠페인,(재)_서울_진료셀프캠_식욕억제주사실패 마지막_260407,1861778815720546,2026-04-14,AGE_55_100,3011,217,6,2.76,0,0,0.00,0,206,KRW
2604_다이트_전환캠페인,(재)_서울_진료셀프캠_식욕억제주사실패 마지막_260407,1861778815720546,2026-04-14,NONE,0,0,0,0.00,0,0,0.00,0,0,KRW
2604_다이트_전환캠페인,(재)_서울_진료셀프캠_의사가권하지않는4050_260414,1862453122462113,2026-04-14,AGE_35_44,6,1,0,0.00,0,0,0.00,0,1,KRW
2604_다이트_전환캠페인,(재)_서울_진료셀프캠_의사가권하지않는4050_260414,1862453122462113,2026-04-14,AGE_45_54,2,1,0,0.00,0,0,0.00,0,1,KRW
2604_다이트_전환캠페인,(재)_서울_진료셀프캠_의사가권하지않는4050_260414,1862453122462113,2026-04-14,AGE_55_100,9,1,0,0.00,0,0,0.00,0,1,KRW
2604_다이트_전환캠페인,(재)_서울_진료셀프캠_주사형비만치료제 고민끝에 50대부부 -32kg_260225,1861276155386962,2026-04-14,AGE_35_44,2031,144,2,1.39,0,0,0.00,0,141,KRW
2604_다이트_전환캠페인,(재)_서울_진료셀프캠_주사형비만치료제 고민끝에 50대부부 -32kg_260225,1861276155386962,2026-04-14,AGE_45_54,4535,229,1,0.44,0,0,0.00,0,224,KRW
2604_다이트_전환캠페인,(재)_서울_진료셀프캠_주사형비만치료제 고민끝에 50대부부 -32kg_260225,1861276155386962,2026-04-14,AGE_55_100,3984,242,3,1.24,0,0,0.00,0,232,KRW
2604_다이트_전환캠페인,(재)_서울_진료셀프캠_주사형비만치료제 고민끝에 50대부부 -32kg_260225,1861276155386962,2026-04-14,NONE,12,2,0,0.00,0,0,0.00,0,0,KRW
2603_다이트_전환캠페인,(재)_서울_진료셀프캠_주사형비만치료제 고민끝에 50대부부 -32kg_260225,1859357641001154,2026-04-14,NONE,0,0,0,0.00,0,0,0.00,0,0,KRW
2603_다이트_전환캠페인,(재)_수원_리얼모델후기_16kg 충격적인 아이들 반응_260324,1860541618998401,2026-04-14,NONE,0,0,0,0.00,0,0,0.00,0,0,KRW
2604_다이트_전환캠페인,(재)_수원_의료진정보_4050나잇살 이유는 여기에_260410,1862064207732210,2026-04-14,AGE_25_34,739,153,1,0.65,0,0,0.00,0,149,KRW
2604_다이트_전환캠페인,(재)_수원_의료진정보_4050나잇살 이유는 여기에_260410,1862064207732210,2026-04-14,AGE_35_44,618,133,0,0.00,0,0,0.00,0,127,KRW
2604_다이트_전환캠페인,(재)_수원_의료진정보_4050나잇살 이유는 여기에_260410,1862064207732210,2026-04-14,AGE_45_54,1126,196,1,0.51,0,0,0.00,0,181,KRW
2604_다이트_전환캠페인,(재)_수원_의료진정보_4050나잇살 이유는 여기에_260410,1862064207732210,2026-04-14,AGE_55_100,1188,150,0,0.00,0,0,0.00,0,143,KRW
2604_다이트_전환캠페인,(재)_수원_의료진정보_4050나잇살 이유는 여기에_260410,1862064207732210,2026-04-14,NONE,10,1,0,0.00,0,0,0.00,0,0,KRW
2604_다이트_전환캠페인,(재)_수원_의료진정보_무작정운동으로 팩폭_260406,1861709615890674,2026-04-14,NONE,0,0,0,0.00,0,0,0.00,0,0,KRW
2603_다이트_전환캠페인,(재)_수원_의료진정보_비만주사 굶는다이어트_260320,1860170429960209,2026-04-14,NONE,0,0,0,0.00,0,0,0.00,0,0,KRW
2603_다이트_전환캠페인,(재)_수원_의료진정보_비만주사요요 탄수중독_260320,1860263832597602,2026-04-14,NONE,0,0,0,0.00,0,0,0.00,0,0,KRW
2604_다이트_전환캠페인,"(재)_수원_인플방문후기_건강한다이어트(수원,박고경)_260325",1861277190081841,2026-04-14,AGE_25_34,3085,473,3,0.63,0,0,0.00,0,459,KRW
2604_다이트_전환캠페인,"(재)_수원_인플방문후기_건강한다이어트(수원,박고경)_260325",1861277190081841,2026-04-14,AGE_35_44,4280,356,2,0.56,0,0,0.00,0,346,KRW
2604_다이트_전환캠페인,"(재)_수원_인플방문후기_건강한다이어트(수원,박고경)_260325",1861277190081841,2026-04-14,AGE_45_54,3262,305,4,1.31,0,0,0.00,0,290,KRW
2604_다이트_전환캠페인,"(재)_수원_인플방문후기_건강한다이어트(수원,박고경)_260325",1861277190081841,2026-04-14,AGE_55_100,2064,209,1,0.48,0,0,0.00,0,192,KRW
2603_다이트_전환캠페인,"(재)_수원_인플방문후기_건강한다이어트(수원,박고경)_260325",1860614554255474,2026-04-14,NONE,0,0,0,0.00,0,0,0.00,0,0,KRW
2604_다이트_전환캠페인,"(재)_수원_인플방문후기_건강한다이어트(수원,박고경)_260325",1861277190081841,2026-04-14,NONE,13,3,0,0.00,0,0,0.00,0,0,KRW
2604_다이트_전환캠페인,(재)_수원_인플방문후기_먹고싶은거다먹는(수원잇츠)_260403,1861437972025618,2026-04-14,AGE_25_34,2673,537,5,0.93,0,0,0.00,0,532,KRW
2604_다이트_전환캠페인,(재)_수원_인플방문후기_먹고싶은거다먹는(수원잇츠)_260403,1861437972025618,2026-04-14,AGE_35_44,2896,346,0,0.00,0,0,0.00,0,337,KRW
2604_다이트_전환캠페인,(재)_수원_인플방문후기_먹고싶은거다먹는(수원잇츠)_260403,1861437972025618,2026-04-14,AGE_45_54,2468,293,0,0.00,0,0,0.00,0,281,KRW
2604_다이트_전환캠페인,(재)_수원_인플방문후기_먹고싶은거다먹는(수원잇츠)_260403,1861437972025618,2026-04-14,AGE_55_100,1380,159,0,0.00,0,0,0.00,0,156,KRW
2604_다이트_전환캠페인,(재)_수원_인플방문후기_먹고싶은거다먹는(수원잇츠)_260403,1861437972025618,2026-04-14,NONE,66,2,0,0.00,0,0,0.00,0,0,KRW
2603_다이트_전환캠페인,(재)_수원_진료셀프캠_50대 20대처럼 체지방_260317,1859897183293617,2026-04-14,NONE,0,0,0,0.00,0,0,0.00,0,0,KRW
2603_다이트_전환캠페인,(재)_수원_진료셀프캠_50대 뱃살 체지방만_260317,1859896079113569,2026-04-14,NONE,0,0,0,0.00,0,0,0.00,0,0,KRW
2604_다이트_전환캠페인,(재)_수원_진료셀프캠_비만주사가놓친것_260414,1862452610512897,2026-04-14,AGE_25_34,88,23,0,0.00,0,0,0.00,0,23,KRW
2604_다이트_전환캠페인,(재)_수원_진료셀프캠_비만주사가놓친것_260414,1862452610512897,2026-04-14,AGE_35_44,187,26,0,0.00,0,0,0.00,0,26,KRW
2604_다이트_전환캠페인,(재)_수원_진료셀프캠_비만주사가놓친것_260414,1862452610512897,2026-04-14,AGE_45_54,193,20,0,0.00,0,0,0.00,0,20,KRW
2604_다이트_전환캠페인,(재)_수원_진료셀프캠_비만주사가놓친것_260414,1862452610512897,2026-04-14,AGE_55_100,67,7,0,0.00,0,0,0.00,0,7,KRW
2603_다이트_전환캠페인,(재)_수원_진료셀프캠_비만주사없이 체질_260320,1860263832597618,2026-04-14,NONE,0,0,0,0.00,0,0,0.00,0,0,KRW
2604_다이트_전환캠페인,(재)_수원_진료셀프캠_비만주사없이 체질_260320,1861277107797025,2026-04-14,NONE,0,0,0,0.00,0,0,0.00,0,0,KRW
2604_다이트_전환캠페인,(재)_수원_진료셀프캠_식욕억제주사실패 마지막_260407,1861779341060274,2026-04-14,AGE_25_34,3670,509,5,0.98,0,0,0.00,0,473,KRW
2604_다이트_전환캠페인,(재)_수원_진료셀프캠_식욕억제주사실패 마지막_260407,1861779341060274,2026-04-14,AGE_35_44,6560,622,2,0.32,0,0,0.00,0,571,KRW
2604_다이트_전환캠페인,(재)_수원_진료셀프캠_식욕억제주사실패 마지막_260407,1861779341060274,2026-04-14,AGE_45_54,11506,781,6,0.77,0,0,0.00,0,713,KRW
2604_다이트_전환캠페인,(재)_수원_진료셀프캠_식욕억제주사실패 마지막_260407,1861779341060274,2026-04-14,AGE_55_100,7804,462,5,1.08,0,0,0.00,0,413,KRW
2604_다이트_전환캠페인,(재)_수원_진료셀프캠_식욕억제주사실패 마지막_260407,1861779341060274,2026-04-14,NONE,0,0,0,0.00,0,0,0.00,0,0,KRW
2604_다이트_전환캠페인,(재)_수원_진료셀프캠_의사가권하지않는4050_260414,1862453880112178,2026-04-14,AGE_25_34,57,15,0,0.00,0,0,0.00,0,15,KRW
2604_다이트_전환캠페인,(재)_수원_진료셀프캠_의사가권하지않는4050_260414,1862453880112178,2026-04-14,AGE_35_44,61,11,0,0.00,0,0,0.00,0,11,KRW
2604_다이트_전환캠페인,(재)_수원_진료셀프캠_의사가권하지않는4050_260414,1862453880112178,2026-04-14,AGE_45_54,330,17,0,0.00,0,0,0.00,0,17,KRW
2604_다이트_전환캠페인,(재)_수원_진료셀프캠_의사가권하지않는4050_260414,1862453880112178,2026-04-14,AGE_55_100,24,6,0,0.00,0,0,0.00,0,6,KRW
2603_다이트_전환캠페인,(재)_수원_진료셀프캠_하체비만 40대 통짜바지_260311,1859358275806641,2026-04-14,NONE,0,0,0,0.00,0,0,0.00,0,0,KRW
2604_다이트_전환캠페인,(재)_일산_의료진정보_무작정운동으로 팩폭_260406,1861709552021505,2026-04-14,NONE,0,0,0,0.00,0,0,0.00,0,0,KRW
2604_다이트_전환캠페인,"(재)_일산_인플방문후기_건강한다이어트(일산, 박고경)_260325",1861277705679282,2026-04-14,AGE_35_44,122,16,0,0.00,0,0,0.00,0,16,KRW
2604_다이트_전환캠페인,"(재)_일산_인플방문후기_건강한다이어트(일산, 박고경)_260325",1861277705679282,2026-04-14,AGE_45_54,91,19,0,0.00,0,0,0.00,0,19,KRW
2604_다이트_전환캠페인,"(재)_일산_인플방문후기_건강한다이어트(일산, 박고경)_260325",1861277705679282,2026-04-14,AGE_55_100,128,26,0,0.00,0,0,0.00,0,26,KRW
2604_다이트_전환캠페인,(재)_일산_인플방문후기_맘껏먹는 다이어트 한달후기_260306,1861277479159890,2026-04-14,AGE_35_44,3639,285,1,0.35,0,0,0.00,0,277,KRW
2604_다이트_전환캠페인,(재)_일산_인플방문후기_맘껏먹는 다이어트 한달후기_260306,1861277479159890,2026-04-14,AGE_45_54,3273,230,2,0.87,0,0,0.00,0,224,KRW
2604_다이트_전환캠페인,(재)_일산_인플방문후기_맘껏먹는 다이어트 한달후기_260306,1861277479159890,2026-04-14,AGE_55_100,2103,112,1,0.89,0,0,0.00,0,104,KRW
2604_다이트_전환캠페인,(재)_일산_인플방문후기_맘껏먹는 다이어트 한달후기_260306,1861277479159890,2026-04-14,NONE,0,0,0,0.00,0,0,0.00,0,0,KRW
2604_다이트_전환캠페인,(재)_일산_인플방문후기_먹고싶은거다먹는(수원잇츠)_260403,1861437881987106,2026-04-14,AGE_35_44,625,84,0,0.00,0,0,0.00,0,82,KRW
2604_다이트_전환캠페인,(재)_일산_인플방문후기_먹고싶은거다먹는(수원잇츠)_260403,1861437881987106,2026-04-14,AGE_45_54,793,70,0,0.00,0,0,0.00,0,69,KRW
2604_다이트_전환캠페인,(재)_일산_인플방문후기_먹고싶은거다먹는(수원잇츠)_260403,1861437881987106,2026-04-14,AGE_55_100,406,55,0,0.00,0,0,0.00,0,53,KRW
2604_다이트_전환캠페인,(재)_일산_인플방문후기_먹고싶은거다먹는(수원잇츠)_260403,1861437881987106,2026-04-14,NONE,10,1,0,0.00,0,0,0.00,0,0,KRW
2603_다이트_전환캠페인,(재)_일산_진료셀프캠_50대 뱃살 체지방만_260317,1859895953149089,2026-04-14,NONE,0,0,0,0.00,0,0,0.00,0,0,KRW
2604_다이트_전환캠페인,(재)_일산_진료셀프캠_비만주사 10년은 늙어보인대요_260326,1861277619225650,2026-04-14,AGE_35_44,67,18,0,0.00,0,0,0.00,0,18,KRW
2604_다이트_전환캠페인,(재)_일산_진료셀프캠_비만주사 10년은 늙어보인대요_260326,1861277619225650,2026-04-14,AGE_45_54,46,13,0,0.00,0,0,0.00,0,13,KRW
2604_다이트_전환캠페인,(재)_일산_진료셀프캠_비만주사 10년은 늙어보인대요_260326,1861277619225650,2026-04-14,AGE_55_100,56,13,0,0.00,0,0,0.00,0,13,KRW
2604_다이트_전환캠페인,(재)_일산_진료셀프캠_비만주사가놓친것_260414,1862452684235121,2026-04-14,AGE_35_44,91,13,0,0.00,0,0,0.00,0,13,KRW
2604_다이트_전환캠페인,(재)_일산_진료셀프캠_비만주사가놓친것_260414,1862452684235121,2026-04-14,AGE_45_54,82,9,0,0.00,0,0,0.00,0,9,KRW
2604_다이트_전환캠페인,(재)_일산_진료셀프캠_비만주사가놓친것_260414,1862452684235121,2026-04-14,AGE_55_100,26,4,0,0.00,0,0,0.00,0,4,KRW
2603_다이트_전환캠페인,(재)_일산_진료셀프캠_비만주사끊고15kg_260326,1860714059403745,2026-04-14,NONE,0,0,0,0.00,0,0,0.00,0,0,KRW
2603_다이트_전환캠페인,(재)_일산_진료셀프캠_비만주사없이 체질_260320,1860170767678546,2026-04-14,NONE,0,0,0,0.00,0,0,0.00,0,0,KRW
2604_다이트_전환캠페인,(재)_일산_진료셀프캠_식욕억제주사실패 마지막_260407,1861779422527666,2026-04-14,AGE_35_44,6135,501,5,1.00,0,0,0.00,0,487,KRW
2604_다이트_전환캠페인,(재)_일산_진료셀프캠_식욕억제주사실패 마지막_260407,1861779422527666,2026-04-14,AGE_45_54,13630,978,10,1.02,0,0,0.00,0,937,KRW
2604_다이트_전환캠페인,(재)_일산_진료셀프캠_식욕억제주사실패 마지막_260407,1861779422527666,2026-04-14,AGE_55_100,11764,590,14,2.37,0,0,0.00,0,563,KRW
2604_다이트_전환캠페인,(재)_일산_진료셀프캠_식욕억제주사실패 마지막_260407,1861779422527666,2026-04-14,NONE,62,4,0,0.00,0,0,0.00,0,0,KRW
2604_다이트_전환캠페인,(재)_일산_진료셀프캠_의사가권하지않는4050_260414,1862453943180450,2026-04-14,AGE_35_44,19,5,0,0.00,0,0,0.00,0,5,KRW
2604_다이트_전환캠페인,(재)_일산_진료셀프캠_의사가권하지않는4050_260414,1862453943180450,2026-04-14,AGE_45_54,39,8,0,0.00,0,0,0.00,0,8,KRW
2604_다이트_전환캠페인,(재)_일산_진료셀프캠_의사가권하지않는4050_260414,1862453943180450,2026-04-14,AGE_55_100,17,3,0,0.00,0,0,0.00,0,3,KRW
2604_다이트_전환캠페인,(재)_일산_진료셀프캠_주사형비만치료제 고민끝에 40대부부 -32kg_260225,1861277533224961,2026-04-14,AGE_55_100,0,0,0,0.00,0,0,0.00,0,0,KRW
2604_다이트_전환캠페인,(재)_일산_진료셀프캠_주사형비만치료제 고민끝에 40대부부 -32kg_260225,1861277533224961,2026-04-14,NONE,0,0,0,0.00,0,0,0.00,0,0,KRW
2603_다이트_전환캠페인,(재)_일산_진료셀프캠_주사형비만치료제 고민끝에 40대부부 -32kg_260225,1858358889558481,2026-04-14,NONE,0,0,0,0.00,0,0,0.00,0,0,KRW
2604_다이트_전환캠페인,(재)_창원_의료진정보_4050나잇살 이유는 여기에_260410,1862064114067810,2026-04-14,AGE_35_44,506,56,0,0.00,0,0,0.00,0,56,KRW
2604_다이트_전환캠페인,(재)_창원_의료진정보_4050나잇살 이유는 여기에_260410,1862064114067810,2026-04-14,AGE_45_54,489,71,0,0.00,0,0,0.00,0,71,KRW
2604_다이트_전환캠페인,(재)_창원_의료진정보_4050나잇살 이유는 여기에_260410,1862064114067810,2026-04-14,AGE_55_100,607,61,0,0.00,0,0,0.00,0,60,KRW
2604_다이트_전환캠페인,(재)_창원_의료진정보_4050나잇살 이유는 여기에_260410,1862064114067810,2026-04-14,NONE,0,0,0,0.00,0,0,0.00,0,0,KRW
2604_다이트_전환캠페인,(재)_창원_의료진정보_무작정운동으로 팩폭_260406,1861709359069201,2026-04-14,AGE_45_54,0,0,0,0.00,0,0,0.00,0,0,KRW
2604_다이트_전환캠페인,"(재)_창원_인플방문후기_건강한다이어트(창원,박고경)_260325",1861278731680866,2026-04-14,AGE_35_44,557,70,0,0.00,0,0,0.00,0,69,KRW
2604_다이트_전환캠페인,"(재)_창원_인플방문후기_건강한다이어트(창원,박고경)_260325",1861278731680866,2026-04-14,AGE_45_54,1088,100,0,0.00,0,0,0.00,0,92,KRW
2604_다이트_전환캠페인,"(재)_창원_인플방문후기_건강한다이어트(창원,박고경)_260325",1861278731680866,2026-04-14,AGE_55_100,536,64,0,0.00,0,0,0.00,0,59,KRW
2604_다이트_전환캠페인,"(재)_창원_인플방문후기_건강한다이어트(창원,박고경)_260325",1861278731680866,2026-04-14,NONE,0,0,0,0.00,0,0,0.00,0,0,KRW
2603_다이트_전환캠페인,(재)_창원_인플방문후기_맘껏먹는 다이어트 한달후기_260306,1858833707245617,2026-04-14,NONE,0,0,0,0.00,0,0,0.00,0,0,KRW
2604_다이트_전환캠페인,(재)_창원_인플방문후기_먹고싶은거다먹는(수원잇츠)_260403,1861437705571345,2026-04-14,AGE_35_44,908,122,0,0.00,0,0,0.00,0,116,KRW
2604_다이트_전환캠페인,(재)_창원_인플방문후기_먹고싶은거다먹는(수원잇츠)_260403,1861437705571345,2026-04-14,AGE_45_54,1928,194,1,0.52,0,0,0.00,0,186,KRW
2604_다이트_전환캠페인,(재)_창원_인플방문후기_먹고싶은거다먹는(수원잇츠)_260403,1861437705571345,2026-04-14,AGE_55_100,1062,109,0,0.00,0,0,0.00,0,106,KRW
2604_다이트_전환캠페인,(재)_창원_인플방문후기_먹고싶은거다먹는(수원잇츠)_260403,1861437705571345,2026-04-14,NONE,0,0,0,0.00,0,0,0.00,0,0,KRW
2603_다이트_전환캠페인,(재)_창원_진료셀프캠_50대 뱃살 체지방만_260311,1859896365364290,2026-04-14,NONE,0,0,0,0.00,0,0,0.00,0,0,KRW
2604_다이트_전환캠페인,(재)_창원_진료셀프캠_비만주사가놓친것_260414,1862452830171329,2026-04-14,AGE_35_44,158,16,0,0.00,0,0,0.00,0,16,KRW
2604_다이트_전환캠페인,(재)_창원_진료셀프캠_비만주사가놓친것_260414,1862452830171329,2026-04-14,AGE_45_54,196,22,0,0.00,0,0,0.00,0,22,KRW
2604_다이트_전환캠페인,(재)_창원_진료셀프캠_비만주사가놓친것_260414,1862452830171329,2026-04-14,AGE_55_100,104,15,0,0.00,0,0,0.00,0,14,KRW
2604_다이트_전환캠페인,(재)_창원_진료셀프캠_식욕억제주사실패 마지막_260407,1861779402873057,2026-04-14,AGE_35_44,4263,400,6,1.50,1,4263,16.67,0,368,KRW
2604_다이트_전환캠페인,(재)_창원_진료셀프캠_식욕억제주사실패 마지막_260407,1861779402873057,2026-04-14,AGE_45_54,7630,595,7,1.18,2,3815,28.57,0,549,KRW
2604_다이트_전환캠페인,(재)_창원_진료셀프캠_식욕억제주사실패 마지막_260407,1861779402873057,2026-04-14,AGE_55_100,6735,378,6,1.59,1,6735,16.67,0,348,KRW
2604_다이트_전환캠페인,(재)_창원_진료셀프캠_식욕억제주사실패 마지막_260407,1861779402873057,2026-04-14,NONE,0,0,0,0.00,0,0,0.00,0,0,KRW
2604_다이트_전환캠페인,(재)_창원_진료셀프캠_의사가권하지않는4050_260414,1862454032569618,2026-04-14,AGE_35_44,3,1,0,0.00,0,0,0.00,0,1,KRW
2604_다이트_전환캠페인,(재)_창원_진료셀프캠_의사가권하지않는4050_260414,1862454032569618,2026-04-14,AGE_45_54,8,2,0,0.00,0,0,0.00,0,2,KRW
2604_다이트_전환캠페인,(재)_창원_진료셀프캠_의사가권하지않는4050_260414,1862454032569618,2026-04-14,AGE_55_100,0,0,0,0.00,0,0,0.00,0,0,KRW
2604_다이트_전환캠페인,(재)_창원_진료셀프캠_주사형비만치료제 고민끝에 50대부부 -32kg_260225,1861278292523041,2026-04-14,AGE_55_100,0,0,0,0.00,0,0,0.00,0,0,KRW
2604_다이트_전환캠페인,(재)_창원_진료셀프캠_주사형비만치료제 고민끝에 50대부부 -32kg_260225,1861278292523041,2026-04-14,NONE,0,0,0,0.00,0,0,0.00,0,0,KRW
2603_다이트_전환캠페인,(재)_창원_진료셀프캠_주사형비만치료제 고민끝에 50대부부 -32kg_260225,1860546141013361,2026-04-14,NONE,0,0,0,0.00,0,0,0.00,0,0,KRW
2604_다이트_전환캠페인,(재)_천안_의료진정보_4050나잇살 이유는 여기에_260410,1862058676263265,2026-04-14,AGE_35_44,151,19,0,0.00,0,0,0.00,0,18,KRW
2604_다이트_전환캠페인,(재)_천안_의료진정보_4050나잇살 이유는 여기에_260410,1862058676263265,2026-04-14,AGE_45_54,180,22,0,0.00,0,0,0.00,0,20,KRW
2604_다이트_전환캠페인,(재)_천안_의료진정보_4050나잇살 이유는 여기에_260410,1862058676263265,2026-04-14,AGE_55_100,46,12,0,0.00,0,0,0.00,0,12,KRW
2604_다이트_전환캠페인,(재)_천안_의료진정보_무작정운동으로 팩폭_260405,1861708807896498,2026-04-14,NONE,0,0,0,0.00,0,0,0.00,0,0,KRW
2603_다이트_전환캠페인,(재)_천안_의료진정보_비만주사 굶는다이어트_260320,1860263432482913,2026-04-14,NONE,0,0,0,0.00,0,0,0.00,0,0,KRW
2604_다이트_전환캠페인,"(재)_천안_인플방문후기_건강한다이어트(천안, 박고경)_260325",1861278985311585,2026-04-14,AGE_35_44,2674,364,1,0.27,0,0,0.00,0,356,KRW
2604_다이트_전환캠페인,"(재)_천안_인플방문후기_건강한다이어트(천안, 박고경)_260325",1861278985311585,2026-04-14,AGE_45_54,2590,229,1,0.44,0,0,0.00,0,221,KRW
2604_다이트_전환캠페인,"(재)_천안_인플방문후기_건강한다이어트(천안, 박고경)_260325",1861278985311585,2026-04-14,AGE_55_100,1383,165,1,0.61,0,0,0.00,0,161,KRW
2604_다이트_전환캠페인,"(재)_천안_인플방문후기_건강한다이어트(천안, 박고경)_260325",1861278985311585,2026-04-14,NONE,5,2,0,0.00,0,0,0.00,0,0,KRW
2603_다이트_전환캠페인,"(재)_천안_인플방문후기_건강한다이어트(천안, 박고경)_260325",1860615057904689,2026-04-14,NONE,0,0,0,0.00,0,0,0.00,0,0,KRW
2603_다이트_전환캠페인,(재)_천안_인플방문후기_맘껏먹는 다이어트 한달후기_260306,1858834125348929,2026-04-14,NONE,0,0,0,0.00,0,0,0.00,0,0,KRW
2604_다이트_전환캠페인,(재)_천안_인플방문후기_먹고싶은거다먹는(수원잇츠)_260403,1861433575335186,2026-04-14,NONE,0,0,0,0.00,0,0,0.00,0,0,KRW
2603_다이트_전환캠페인,(재)_천안_진료셀프캠_50대 20대처럼 체지방_260317,1859897810343346,2026-04-14,NONE,0,0,0,0.00,0,0,0.00,0,0,KRW
2604_다이트_전환캠페인,(재)_천안_진료셀프캠_비만주사 10년은 늙어보인대요_260326,1861279133802561,2026-04-14,NONE,0,0,0,0.00,0,0,0.00,0,0,KRW
2604_다이트_전환캠페인,(재)_천안_진료셀프캠_비만주사가놓친것_260414,1862452895498482,2026-04-14,AGE_35_44,30,5,0,0.00,0,0,0.00,0,5,KRW
2604_다이트_전환캠페인,(재)_천안_진료셀프캠_비만주사가놓친것_260414,1862452895498482,2026-04-14,AGE_45_54,106,6,0,0.00,0,0,0.00,0,6,KRW
2604_다이트_전환캠페인,(재)_천안_진료셀프캠_비만주사가놓친것_260414,1862452895498482,2026-04-14,AGE_55_100,3,1,0,0.00,0,0,0.00,0,1,KRW
2603_다이트_전환캠페인,(재)_천안_진료셀프캠_상체비만 40대 팔뚝살부터_260311,1859358567112033,2026-04-14,NONE,0,0,0,0.00,0,0,0.00,0,0,KRW
2604_다이트_전환캠페인,(재)_천안_진료셀프캠_의사가권하지않는4050_260414,1862454115509297,2026-04-14,AGE_35_44,7,2,0,0.00,0,0,0.00,0,2,KRW
2604_다이트_전환캠페인,(재)_천안_진료셀프캠_의사가권하지않는4050_260414,1862454115509297,2026-04-14,AGE_45_54,22,3,0,0.00,0,0,0.00,0,3,KRW
2604_다이트_전환캠페인,(재)_천안_진료셀프캠_의사가권하지않는4050_260414,1862454115509297,2026-04-14,AGE_55_100,2,1,0,0.00,0,0,0.00,0,1,KRW
2604_다이트_전환캠페인,(재)_천안_진료셀프캠_주사형비만치료제 고민끝에 50대부부 -32kg_260225,1861968142031009,2026-04-14,AGE_35_44,2031,221,1,0.45,0,0,0.00,0,215,KRW
2604_다이트_전환캠페인,(재)_천안_진료셀프캠_주사형비만치료제 고민끝에 50대부부 -32kg_260225,1861968142031009,2026-04-14,AGE_45_54,2699,243,1,0.41,0,0,0.00,0,240,KRW
2604_다이트_전환캠페인,(재)_천안_진료셀프캠_주사형비만치료제 고민끝에 50대부부 -32kg_260225,1861968142031009,2026-04-14,AGE_55_100,1803,153,1,0.65,0,0,0.00,0,147,KRW
2604_다이트_전환캠페인,(재)_천안_진료셀프캠_주사형비만치료제 고민끝에 50대부부 -32kg_260225,1861968142031009,2026-04-14,NONE,0,0,0,0.00,0,0,0.00,0,0,KRW
2603_다이트_전환캠페인,(신)_대구_인플방문후기_50대엄마 혈당다이어트(햅삐)_260317,1859897365795954,2026-04-15,NONE,0,0,0,0.00,0,0,0.00,0,0,KRW
2603_다이트_전환캠페인,(신)_대구_인플방문후기_먹으면서 다이어트(대읽남)_251017,1858362316758178,2026-04-15,NONE,0,0,0,0.00,0,0,0.00,0,0,KRW
2604_다이트_전환캠페인,(신)_대구_인플방문후기_먹으면서 다이어트(대읽남)_251017,1861277850752146,2026-04-15,NONE,0,0,0,0.00,0,0,0.00,0,0,KRW
2604_다이트_전환캠페인,(신)_대구_인플방문후기_밥빵면안당기는원장님(itsmeyuriwon)_260407,1861796218051601,2026-04-15,AGE_35_44,1264,145,1,0.69,0,0,0.00,0,139,KRW
2604_다이트_전환캠페인,(신)_대구_인플방문후기_밥빵면안당기는원장님(itsmeyuriwon)_260407,1861796218051601,2026-04-15,AGE_45_54,1849,153,2,1.31,0,0,0.00,0,147,KRW
2604_다이트_전환캠페인,(신)_대구_인플방문후기_밥빵면안당기는원장님(itsmeyuriwon)_260407,1861796218051601,2026-04-15,AGE_55_100,1002,98,1,1.02,0,0,0.00,0,94,KRW
2604_다이트_전환캠페인,(신)_대구_인플방문후기_밥빵면안당기는원장님(itsmeyuriwon)_260407,1861796218051601,2026-04-15,NONE,32,1,0,0.00,0,0,0.00,0,0,KRW
2604_다이트_전환캠페인,(신)_대구_인플방문후기_주사형비만치료제(the.hyunniverse)_260403,1861968872286353,2026-04-15,AGE_35_44,1281,185,1,0.54,0,0,0.00,0,179,KRW
2604_다이트_전환캠페인,(신)_대구_인플방문후기_주사형비만치료제(the.hyunniverse)_260403,1861968872286353,2026-04-15,AGE_45_54,2509,231,0,0.00,0,0,0.00,0,214,KRW
2604_다이트_전환캠페인,(신)_대구_인플방문후기_주사형비만치료제(the.hyunniverse)_260403,1861968872286353,2026-04-15,AGE_55_100,1780,173,0,0.00,0,0,0.00,0,158,KRW
2604_다이트_전환캠페인,(신)_대구_인플방문후기_주사형비만치료제(the.hyunniverse)_260403,1861968872286353,2026-04-15,NONE,0,0,0,0.00,0,0,0.00,0,0,KRW
2604_다이트_전환캠페인,(신)_대전_인플방문후기_밥빵면못참는현대인(대전잇츠)_260410,1862064327619745,2026-04-15,AGE_35_44,1093,87,0,0.00,0,0,0.00,0,87,KRW
2604_다이트_전환캠페인,(신)_대전_인플방문후기_밥빵면못참는현대인(대전잇츠)_260410,1862064327619745,2026-04-15,AGE_45_54,1784,122,0,0.00,0,0,0.00,0,121,KRW
2604_다이트_전환캠페인,(신)_대전_인플방문후기_밥빵면못참는현대인(대전잇츠)_260410,1862064327619745,2026-04-15,AGE_55_100,746,90,0,0.00,0,0,0.00,0,89,KRW
2604_다이트_전환캠페인,(신)_대전_인플방문후기_밥빵면못참는현대인(대전잇츠)_260410,1862064327619745,2026-04-15,NONE,0,0,0,0.00,0,0,0.00,0,0,KRW
2604_다이트_전환캠페인,(신)_대전_인플방문후기_밥빵면안당기는원장님(itsmeyuriwon)_260407,1861796462367905,2026-04-15,AGE_35_44,632,93,0,0.00,0,0,0.00,0,92,KRW
2604_다이트_전환캠페인,(신)_대전_인플방문후기_밥빵면안당기는원장님(itsmeyuriwon)_260407,1861796462367905,2026-04-15,AGE_45_54,723,99,0,0.00,0,0,0.00,0,94,KRW
2604_다이트_전환캠페인,(신)_대전_인플방문후기_밥빵면안당기는원장님(itsmeyuriwon)_260407,1861796462367905,2026-04-15,AGE_55_100,469,69,0,0.00,0,0,0.00,0,69,KRW
2604_다이트_전환캠페인,(신)_대전_인플방문후기_밥빵면안당기는원장님(itsmeyuriwon)_260407,1861796462367905,2026-04-15,NONE,58,1,0,0.00,0,0,0.00,0,0,KRW
2604_다이트_전환캠페인,(신)_대전_인플방문후기_주사형비만치료제(the.hyunniverse)_260403,1861968952635729,2026-04-15,AGE_35_44,2201,206,0,0.00,0,0,0.00,0,200,KRW
2604_다이트_전환캠페인,(신)_대전_인플방문후기_주사형비만치료제(the.hyunniverse)_260403,1861968952635729,2026-04-15,AGE_45_54,2453,207,0,0.00,1,2453,0.00,0,193,KRW
2604_다이트_전환캠페인,(신)_대전_인플방문후기_주사형비만치료제(the.hyunniverse)_260403,1861968952635729,2026-04-15,AGE_55_100,1942,143,1,0.70,1,1942,100.00,0,133,KRW
2604_다이트_전환캠페인,(신)_대전_인플방문후기_주사형비만치료제(the.hyunniverse)_260403,1861968952635729,2026-04-15,NONE,0,0,0,0.00,0,0,0.00,0,0,KRW
2604_다이트_전환캠페인,(신)_대전_진료셀프캠_주사형 비만치료제보다 더중요한이것_260120,1861781961742465,2026-04-15,AGE_55_100,0,0,0,0.00,0,0,0.00,0,0,KRW
2604_다이트_전환캠페인,(신)_부평_의료진정보_주사형비만치료제 10년은_260116,1861276817166401,2026-04-15,NONE,0,0,0,0.00,0,0,0.00,0,0,KRW
2603_다이트_전환캠페인,(신)_부평_의료진정보_주사형비만치료제 10년은_260116,1860716092390562,2026-04-15,NONE,0,0,0,0.00,0,0,0.00,0,0,KRW
2604_다이트_전환캠페인,(신)_부평_인플방문후기_건강한다이어트(박고경)_260324,1861276881397074,2026-04-15,AGE_35_44,3471,355,2,0.56,0,0,0.00,0,333,KRW
2604_다이트_전환캠페인,(신)_부평_인플방문후기_건강한다이어트(박고경)_260324,1861276881397074,2026-04-15,AGE_45_54,3526,333,4,1.20,0,0,0.00,0,319,KRW
2604_다이트_전환캠페인,(신)_부평_인플방문후기_건강한다이어트(박고경)_260324,1861276881397074,2026-04-15,AGE_55_100,1545,223,1,0.45,0,0,0.00,0,202,KRW
2604_다이트_전환캠페인,(신)_부평_인플방문후기_건강한다이어트(박고경)_260324,1861276881397074,2026-04-15,NONE,0,0,0,0.00,0,0,0.00,0,0,KRW
2603_다이트_전환캠페인,(신)_부평_인플방문후기_건강한다이어트(박고경)_260324,1860541278478465,2026-04-15,NONE,0,0,0,0.00,0,0,0.00,0,0,KRW
2603_다이트_전환캠페인,(신)_부평_인플방문후기_더먹어야 다이어트 가능(더먹어유)_260313,1859538135129201,2026-04-15,NONE,0,0,0,0.00,0,0,0.00,0,0,KRW
2604_다이트_전환캠페인,(신)_부평_인플방문후기_밥빵면안당기는원장님(itsmeyuriwon)_260407,1861795578227042,2026-04-15,AGE_35_44,4919,451,5,1.11,2,2459,40.00,0,414,KRW
2604_다이트_전환캠페인,(신)_부평_인플방문후기_밥빵면안당기는원장님(itsmeyuriwon)_260407,1861795578227042,2026-04-15,AGE_45_54,5898,437,6,1.37,1,5898,16.67,0,391,KRW
2604_다이트_전환캠페인,(신)_부평_인플방문후기_밥빵면안당기는원장님(itsmeyuriwon)_260407,1861795578227042,2026-04-15,AGE_55_100,2618,249,0,0.00,0,0,0.00,0,230,KRW
2604_다이트_전환캠페인,(신)_부평_인플방문후기_밥빵면안당기는원장님(itsmeyuriwon)_260407,1861795578227042,2026-04-15,NONE,0,0,0,0.00,0,0,0.00,0,0,KRW
2604_다이트_전환캠페인,(신)_부평_인플방문후기_주사형비만치료제(the.hyunniverse)_260403,1861968247570690,2026-04-15,AGE_35_44,3937,597,1,0.17,0,0,0.00,0,549,KRW
2604_다이트_전환캠페인,(신)_부평_인플방문후기_주사형비만치료제(the.hyunniverse)_260403,1861968247570690,2026-04-15,AGE_45_54,6608,602,3,0.50,0,0,0.00,0,558,KRW
2604_다이트_전환캠페인,(신)_부평_인플방문후기_주사형비만치료제(the.hyunniverse)_260403,1861968247570690,2026-04-15,AGE_55_100,5292,417,0,0.00,0,0,0.00,0,372,KRW
2604_다이트_전환캠페인,(신)_부평_인플방문후기_주사형비만치료제(the.hyunniverse)_260403,1861968247570690,2026-04-15,NONE,48,3,0,0.00,0,0,0.00,0,0,KRW
2603_다이트_전환캠페인,(신)_서울_의료진정보_주사형비만치료제 10년은_260116,1861074376185921,2026-04-15,NONE,0,0,0,0.00,0,0,0.00,0,0,KRW
2604_다이트_전환캠페인,(신)_서울_인플방문후기_밥빵면안당기는원장님(itsmeyuriwon)_260407,1861792943047986,2026-04-15,AGE_35_44,958,64,2,3.13,0,0,0.00,0,63,KRW
2604_다이트_전환캠페인,(신)_서울_인플방문후기_밥빵면안당기는원장님(itsmeyuriwon)_260407,1861792943047986,2026-04-15,AGE_45_54,2432,68,0,0.00,0,0,0.00,0,68,KRW
2604_다이트_전환캠페인,(신)_서울_인플방문후기_밥빵면안당기는원장님(itsmeyuriwon)_260407,1861792943047986,2026-04-15,AGE_55_100,468,44,0,0.00,0,0,0.00,0,44,KRW
2604_다이트_전환캠페인,(신)_서울_인플방문후기_밥빵면안당기는원장님(itsmeyuriwon)_260407,1861792943047986,2026-04-15,NONE,6,2,0,0.00,0,0,0.00,0,0,KRW
2604_다이트_전환캠페인,(신)_서울_인플방문후기_주사형비만치료제(the.hyunniverse)_260403,1861968379365409,2026-04-15,AGE_35_44,1524,196,0,0.00,0,0,0.00,0,189,KRW
2604_다이트_전환캠페인,(신)_서울_인플방문후기_주사형비만치료제(the.hyunniverse)_260403,1861968379365409,2026-04-15,AGE_45_54,3032,294,3,1.02,0,0,0.00,0,271,KRW
2604_다이트_전환캠페인,(신)_서울_인플방문후기_주사형비만치료제(the.hyunniverse)_260403,1861968379365409,2026-04-15,AGE_55_100,1556,170,0,0.00,0,0,0.00,0,161,KRW
2604_다이트_전환캠페인,(신)_서울_인플방문후기_주사형비만치료제(the.hyunniverse)_260403,1861968379365409,2026-04-15,NONE,0,0,0,0.00,0,0,0.00,0,0,KRW
2603_다이트_전환캠페인,(신)_수원_의료진정보_주사형비만치료제 10년은_260116,1861074626769138,2026-04-15,NONE,0,0,0,0.00,0,0,0.00,0,0,KRW
2603_다이트_전환캠페인,(신)_수원_인플방문후기_먹을거 다먹으면서(미미)_260317,1859897183294593,2026-04-15,NONE,0,0,0,0.00,0,0,0.00,0,0,KRW
2604_다이트_전환캠페인,(신)_수원_인플방문후기_밥빵면안당기는원장님(itsmeyuriwon)_260407,1861796026692689,2026-04-15,AGE_25_34,3101,592,1,0.17,0,0,0.00,0,565,KRW
2604_다이트_전환캠페인,(신)_수원_인플방문후기_밥빵면안당기는원장님(itsmeyuriwon)_260407,1861796026692689,2026-04-15,AGE_35_44,4729,489,0,0.00,0,0,0.00,0,465,KRW
2604_다이트_전환캠페인,(신)_수원_인플방문후기_밥빵면안당기는원장님(itsmeyuriwon)_260407,1861796026692689,2026-04-15,AGE_45_54,5704,487,3,0.62,0,0,0.00,0,465,KRW
2604_다이트_전환캠페인,(신)_수원_인플방문후기_밥빵면안당기는원장님(itsmeyuriwon)_260407,1861796026692689,2026-04-15,AGE_55_100,2008,236,4,1.69,0,0,0.00,0,222,KRW
2604_다이트_전환캠페인,(신)_수원_인플방문후기_밥빵면안당기는원장님(itsmeyuriwon)_260407,1861796026692689,2026-04-15,NONE,11,3,0,0.00,0,0,0.00,0,0,KRW
2604_다이트_전환캠페인,(신)_수원_인플방문후기_주사형비만치료제(the.hyunniverse)_260403,1861426333950193,2026-04-15,AGE_25_34,1611,351,2,0.57,0,0,0.00,0,343,KRW
2604_다이트_전환캠페인,(신)_수원_인플방문후기_주사형비만치료제(the.hyunniverse)_260403,1861426333950193,2026-04-15,AGE_35_44,2912,371,0,0.00,0,0,0.00,0,351,KRW
2604_다이트_전환캠페인,(신)_수원_인플방문후기_주사형비만치료제(the.hyunniverse)_260403,1861426333950193,2026-04-15,AGE_45_54,5024,389,1,0.26,1,5024,100.00,0,364,KRW
2604_다이트_전환캠페인,(신)_수원_인플방문후기_주사형비만치료제(the.hyunniverse)_260403,1861426333950193,2026-04-15,AGE_55_100,3600,227,1,0.44,0,0,0.00,0,211,KRW
2604_다이트_전환캠페인,(신)_수원_인플방문후기_주사형비만치료제(the.hyunniverse)_260403,1861426333950193,2026-04-15,NONE,90,6,0,0.00,0,0,0.00,0,0,KRW
2604_다이트_전환캠페인,(신)_일산_인플방문후기_밥빵면안당기는원장님(itsmeyuriwon)_260407,1861796100333057,2026-04-15,AGE_35_44,799,64,1,1.56,0,0,0.00,0,62,KRW
2604_다이트_전환캠페인,(신)_일산_인플방문후기_밥빵면안당기는원장님(itsmeyuriwon)_260407,1861796100333057,2026-04-15,AGE_45_54,1461,72,0,0.00,0,0,0.00,0,71,KRW
2604_다이트_전환캠페인,(신)_일산_인플방문후기_밥빵면안당기는원장님(itsmeyuriwon)_260407,1861796100333057,2026-04-15,AGE_55_100,191,36,0,0.00,0,0,0.00,0,35,KRW
2604_다이트_전환캠페인,(신)_일산_인플방문후기_밥빵면안당기는원장님(itsmeyuriwon)_260407,1861796100333057,2026-04-15,NONE,0,0,0,0.00,0,0,0.00,0,0,KRW
2604_다이트_전환캠페인,(신)_일산_인플방문후기_주사형비만치료제(the.hyunniverse)_260403,1861968797915602,2026-04-15,AGE_35_44,2237,202,1,0.50,0,0,0.00,0,198,KRW
2604_다이트_전환캠페인,(신)_일산_인플방문후기_주사형비만치료제(the.hyunniverse)_260403,1861968797915602,2026-04-15,AGE_45_54,2174,228,2,0.88,0,0,0.00,0,223,KRW
2604_다이트_전환캠페인,(신)_일산_인플방문후기_주사형비만치료제(the.hyunniverse)_260403,1861968797915602,2026-04-15,AGE_55_100,2617,134,0,0.00,0,0,0.00,0,130,KRW
2604_다이트_전환캠페인,(신)_일산_인플방문후기_주사형비만치료제(the.hyunniverse)_260403,1861968797915602,2026-04-15,NONE,9,1,0,0.00,0,0,0.00,0,0,KRW
2603_다이트_전환캠페인,(신)_창원_인플방문후기_더먹어야 다이어트 가능(더먹어유)_260313,1859538526785570,2026-04-15,NONE,0,0,0,0.00,0,0,0.00,0,0,KRW
2604_다이트_전환캠페인,(신)_창원_인플방문후기_밥빵면안당기는원장님(itsmeyuriwon)_260407,1861796302859538,2026-04-15,AGE_35_44,3972,418,1,0.24,0,0,0.00,0,388,KRW
2604_다이트_전환캠페인,(신)_창원_인플방문후기_밥빵면안당기는원장님(itsmeyuriwon)_260407,1861796302859538,2026-04-15,AGE_45_54,7641,539,5,0.93,0,0,0.00,0,490,KRW
2604_다이트_전환캠페인,(신)_창원_인플방문후기_밥빵면안당기는원장님(itsmeyuriwon)_260407,1861796302859538,2026-04-15,AGE_55_100,2568,306,4,1.31,0,0,0.00,0,289,KRW
2604_다이트_전환캠페인,(신)_창원_인플방문후기_밥빵면안당기는원장님(itsmeyuriwon)_260407,1861796302859538,2026-04-15,NONE,21,2,0,0.00,0,0,0.00,0,0,KRW
2604_다이트_전환캠페인,(신)_창원_인플방문후기_주사형비만치료제(the.hyunniverse)_260403,1861427124084770,2026-04-15,AGE_55_100,0,0,0,0.00,0,0,0.00,0,0,KRW
2604_다이트_전환캠페인,(신)_창원_인플방문후기_주사형비만치료제(the.hyunniverse)_260403,1861427124084770,2026-04-15,NONE,0,0,0,0.00,0,0,0.00,0,0,KRW
2604_다이트_전환캠페인,(신)_천안_의료진정보_주사형비만치료제 10년은_260116,1861279064396242,2026-04-15,AGE_35_44,394,63,1,1.59,0,0,0.00,0,61,KRW
2604_다이트_전환캠페인,(신)_천안_의료진정보_주사형비만치료제 10년은_260116,1861279064396242,2026-04-15,AGE_45_54,802,57,0,0.00,0,0,0.00,0,54,KRW
2604_다이트_전환캠페인,(신)_천안_의료진정보_주사형비만치료제 10년은_260116,1861279064396242,2026-04-15,AGE_55_100,1096,68,0,0.00,0,0,0.00,0,67,KRW
2604_다이트_전환캠페인,(신)_천안_의료진정보_주사형비만치료제 10년은_260116,1861279064396242,2026-04-15,NONE,0,0,0,0.00,0,0,0.00,0,0,KRW
2604_다이트_전환캠페인,(신)_천안_인플방문후기_밥빵면안당기는원장님(itsmeyuriwon)_260407,1861796395517250,2026-04-15,AGE_35_44,4028,223,4,1.79,0,0,0.00,0,201,KRW
2604_다이트_전환캠페인,(신)_천안_인플방문후기_밥빵면안당기는원장님(itsmeyuriwon)_260407,1861796395517250,2026-04-15,AGE_45_54,3348,203,2,0.99,0,0,0.00,0,188,KRW
2604_다이트_전환캠페인,(신)_천안_인플방문후기_밥빵면안당기는원장님(itsmeyuriwon)_260407,1861796395517250,2026-04-15,AGE_55_100,1917,85,1,1.18,0,0,0.00,0,75,KRW
2604_다이트_전환캠페인,(신)_천안_인플방문후기_밥빵면안당기는원장님(itsmeyuriwon)_260407,1861796395517250,2026-04-15,NONE,4,1,0,0.00,0,0,0.00,0,0,KRW
2604_다이트_전환캠페인,(신)_천안_인플방문후기_주사형비만치료제(the.hyunniverse)_260403,1861969033799841,2026-04-15,AGE_35_44,1963,272,3,1.10,0,0,0.00,0,249,KRW
2604_다이트_전환캠페인,(신)_천안_인플방문후기_주사형비만치료제(the.hyunniverse)_260403,1861969033799841,2026-04-15,AGE_45_54,3345,211,2,0.95,0,0,0.00,0,195,KRW
2604_다이트_전환캠페인,(신)_천안_인플방문후기_주사형비만치료제(the.hyunniverse)_260403,1861969033799841,2026-04-15,AGE_55_100,1596,115,2,1.74,0,0,0.00,0,105,KRW
2604_다이트_전환캠페인,(신)_천안_인플방문후기_주사형비만치료제(the.hyunniverse)_260403,1861969033799841,2026-04-15,NONE,3,1,0,0.00,2,1,0.00,0,0,KRW
2604_다이트_전환캠페인,(신)_천안_진료셀프캠_주사형 비만치료제보다 더중요한이것_260120,1861969112559697,2026-04-15,AGE_35_44,8564,834,3,0.36,0,0,0.00,0,733,KRW
2604_다이트_전환캠페인,(신)_천안_진료셀프캠_주사형 비만치료제보다 더중요한이것_260120,1861969112559697,2026-04-15,AGE_45_54,13715,882,2,0.23,0,0,0.00,0,758,KRW
2604_다이트_전환캠페인,(신)_천안_진료셀프캠_주사형 비만치료제보다 더중요한이것_260120,1861969112559697,2026-04-15,AGE_55_100,10599,721,8,1.11,0,0,0.00,0,607,KRW
2604_다이트_전환캠페인,(신)_천안_진료셀프캠_주사형 비만치료제보다 더중요한이것_260120,1861969112559697,2026-04-15,NONE,9,2,0,0.00,0,0,0.00,0,0,KRW
2604_다이트_전환캠페인,(재)_대구_의료진정보_무작정운동으로 팩폭_260406,1861709464313057,2026-04-15,NONE,0,0,0,0.00,0,0,0.00,0,0,KRW
2603_다이트_전환캠페인,(재)_대구_의료진정보_비만주사 굶는다이어트_260320,1860263658516898,2026-04-15,NONE,0,0,0,0.00,0,0,0.00,0,0,KRW
2603_다이트_전환캠페인,(재)_대구_의료진정보_비만주사요요 탄수중독_260320,1860170996611154,2026-04-15,NONE,0,0,0,0.00,0,0,0.00,0,0,KRW
2604_다이트_전환캠페인,"(재)_대구_인플방문후기_건강한다이어트(대구,박고경)_260325",1861278128485793,2026-04-15,AGE_35_44,3116,318,5,1.57,0,0,0.00,0,312,KRW
2604_다이트_전환캠페인,"(재)_대구_인플방문후기_건강한다이어트(대구,박고경)_260325",1861278128485793,2026-04-15,AGE_45_54,1321,157,1,0.64,0,0,0.00,0,150,KRW
2604_다이트_전환캠페인,"(재)_대구_인플방문후기_건강한다이어트(대구,박고경)_260325",1861278128485793,2026-04-15,AGE_55_100,786,145,0,0.00,0,0,0.00,0,135,KRW
2604_다이트_전환캠페인,"(재)_대구_인플방문후기_건강한다이어트(대구,박고경)_260325",1861278128485793,2026-04-15,NONE,18,2,0,0.00,0,0,0.00,0,0,KRW
2603_다이트_전환캠페인,"(재)_대구_인플방문후기_건강한다이어트(대구,박고경)_260325",1860614125298753,2026-04-15,NONE,0,0,0,0.00,0,0,0.00,0,0,KRW
2604_다이트_전환캠페인,(재)_대구_인플방문후기_먹고싶은거다먹는(수원잇츠)_260403,1861437815982145,2026-04-15,AGE_45_54,0,0,0,0.00,0,0,0.00,0,0,KRW
2604_다이트_전환캠페인,(재)_대구_인플방문후기_먹고싶은거다먹는(수원잇츠)_260403,1861437815982145,2026-04-15,AGE_55_100,0,0,0,0.00,0,0,0.00,0,0,KRW
2604_다이트_전환캠페인,(재)_대구_인플방문후기_먹고싶은거다먹는(수원잇츠)_260403,1861437815982145,2026-04-15,NONE,0,0,0,0.00,0,0,0.00,0,0,KRW
2603_다이트_전환캠페인,(재)_대구_인플방문후기_체지방만쏙빼는(부산잇츠)_260220,1858358889560241,2026-04-15,NONE,0,0,0,0.00,0,0,0.00,0,0,KRW
2603_다이트_전환캠페인,(재)_대구_진료셀프캠_50대 뱃살 체지방만_260317,1859896191187025,2026-04-15,NONE,0,0,0,0.00,0,0,0.00,0,0,KRW
2604_다이트_전환캠페인,(재)_대구_진료셀프캠_다이어트의적 밥빵면_260407,1861778669641809,2026-04-15,AGE_35_44,4743,385,4,1.04,0,0,0.00,0,364,KRW
2604_다이트_전환캠페인,(재)_대구_진료셀프캠_다이어트의적 밥빵면_260407,1861778669641809,2026-04-15,AGE_45_54,10755,564,5,0.89,0,0,0.00,0,530,KRW
2604_다이트_전환캠페인,(재)_대구_진료셀프캠_다이어트의적 밥빵면_260407,1861778669641809,2026-04-15,AGE_55_100,10896,571,8,1.40,1,10896,12.50,0,539,KRW
2604_다이트_전환캠페인,(재)_대구_진료셀프캠_다이어트의적 밥빵면_260407,1861778669641809,2026-04-15,NONE,6,1,0,0.00,0,0,0.00,0,0,KRW
2603_다이트_전환캠페인,(재)_대구_진료셀프캠_비만주사 10년은 늙어보인대요_260326,1860714231170321,2026-04-15,NONE,0,0,0,0.00,0,0,0.00,0,0,KRW
2604_다이트_전환캠페인,(재)_대구_진료셀프캠_비만주사가놓친것_260414,1862452759074146,2026-04-15,AGE_35_44,3896,616,2,0.32,0,0,0.00,0,566,KRW
2604_다이트_전환캠페인,(재)_대구_진료셀프캠_비만주사가놓친것_260414,1862452759074146,2026-04-15,AGE_45_54,4700,622,2,0.32,0,0,0.00,0,549,KRW
2604_다이트_전환캠페인,(재)_대구_진료셀프캠_비만주사가놓친것_260414,1862452759074146,2026-04-15,AGE_55_100,4410,638,4,0.63,0,0,0.00,0,544,KRW
2604_다이트_전환캠페인,(재)_대구_진료셀프캠_비만주사가놓친것_260414,1862452759074146,2026-04-15,NONE,0,0,0,0.00,0,0,0.00,0,0,KRW
2603_다이트_전환캠페인,(재)_대구_진료셀프캠_비만주사끊고15kg_260326,1860714231170337,2026-04-15,NONE,0,0,0,0.00,0,0,0.00,0,0,KRW
2604_다이트_전환캠페인,(재)_대구_진료셀프캠_식욕억제주사실패 마지막_260407,1861779512219682,2026-04-15,AGE_35_44,9402,797,4,0.50,0,0,0.00,0,690,KRW
2604_다이트_전환캠페인,(재)_대구_진료셀프캠_식욕억제주사실패 마지막_260407,1861779512219682,2026-04-15,AGE_45_54,19732,1112,7,0.63,1,19732,14.29,0,962,KRW
2604_다이트_전환캠페인,(재)_대구_진료셀프캠_식욕억제주사실패 마지막_260407,1861779512219682,2026-04-15,AGE_55_100,10260,622,6,0.96,0,0,0.00,0,553,KRW
2604_다이트_전환캠페인,(재)_대구_진료셀프캠_식욕억제주사실패 마지막_260407,1861779512219682,2026-04-15,NONE,14,1,0,0.00,0,0,0.00,0,0,KRW
2604_다이트_전환캠페인,(재)_대구_진료셀프캠_주사형비만치료제 고민끝에 50대부부 -32kg_260225,1861278082187298,2026-04-15,AGE_35_44,5186,419,7,1.67,3,1728,42.86,0,412,KRW
2604_다이트_전환캠페인,(재)_대구_진료셀프캠_주사형비만치료제 고민끝에 50대부부 -32kg_260225,1861278082187298,2026-04-15,AGE_45_54,9132,611,6,0.98,2,4566,33.33,0,580,KRW
2604_다이트_전환캠페인,(재)_대구_진료셀프캠_주사형비만치료제 고민끝에 50대부부 -32kg_260225,1861278082187298,2026-04-15,AGE_55_100,6911,611,4,0.65,0,0,0.00,0,567,KRW
2604_다이트_전환캠페인,(재)_대구_진료셀프캠_주사형비만치료제 고민끝에 50대부부 -32kg_260225,1861278082187298,2026-04-15,NONE,0,0,0,0.00,0,0,0.00,0,0,KRW
2603_다이트_전환캠페인,(재)_대구_진료셀프캠_주사형비만치료제 고민끝에 50대부부 -32kg_260225,1860546064808049,2026-04-15,NONE,0,0,0,0.00,0,0,0.00,0,0,KRW
2604_다이트_전환캠페인,"(재)_대전_인플방문후기_건강한다이어트(대전, 박고경)_260406",1861709876075633,2026-04-15,AGE_45_54,0,0,0,0.00,0,0,0.00,0,0,KRW
2604_다이트_전환캠페인,(재)_대전_진료셀프캠_다이어트의적 밥빵면_260407,1861776478109986,2026-04-15,AGE_35_44,5464,515,3,0.58,0,0,0.00,0,493,KRW
2604_다이트_전환캠페인,(재)_대전_진료셀프캠_다이어트의적 밥빵면_260407,1861776478109986,2026-04-15,AGE_45_54,9508,556,3,0.54,1,9508,33.33,0,524,KRW
2604_다이트_전환캠페인,(재)_대전_진료셀프캠_다이어트의적 밥빵면_260407,1861776478109986,2026-04-15,AGE_55_100,5671,399,4,1.00,0,0,0.00,0,361,KRW
2604_다이트_전환캠페인,(재)_대전_진료셀프캠_다이어트의적 밥빵면_260407,1861776478109986,2026-04-15,NONE,41,2,0,0.00,0,0,0.00,0,0,KRW
2604_다이트_전환캠페인,(재)_대전_진료셀프캠_비만주사가놓친것_260414,1862452993099026,2026-04-15,AGE_35_44,802,313,1,0.32,0,0,0.00,0,310,KRW
2604_다이트_전환캠페인,(재)_대전_진료셀프캠_비만주사가놓친것_260414,1862452993099026,2026-04-15,AGE_45_54,1527,276,0,0.00,0,0,0.00,0,271,KRW
2604_다이트_전환캠페인,(재)_대전_진료셀프캠_비만주사가놓친것_260414,1862452993099026,2026-04-15,AGE_55_100,716,251,1,0.40,0,0,0.00,0,239,KRW
2604_다이트_전환캠페인,(재)_대전_진료셀프캠_비만주사가놓친것_260414,1862452993099026,2026-04-15,NONE,0,0,0,0.00,0,0,0.00,0,0,KRW
2604_다이트_전환캠페인,(재)_대전_진료셀프캠_식욕억제주사실패 마지막_260406,1861708051912898,2026-04-15,AGE_35_44,10760,771,5,0.65,0,0,0.00,0,734,KRW
2604_다이트_전환캠페인,(재)_대전_진료셀프캠_식욕억제주사실패 마지막_260406,1861708051912898,2026-04-15,AGE_45_54,17237,945,9,0.95,1,17237,11.11,0,873,KRW
2604_다이트_전환캠페인,(재)_대전_진료셀프캠_식욕억제주사실패 마지막_260406,1861708051912898,2026-04-15,AGE_55_100,8083,450,4,0.89,0,0,0.00,0,414,KRW
2604_다이트_전환캠페인,(재)_대전_진료셀프캠_식욕억제주사실패 마지막_260406,1861708051912898,2026-04-15,NONE,3,1,0,0.00,0,0,0.00,0,0,KRW
2604_다이트_전환캠페인,(재)_대전_진료셀프캠_주사형비만치료제 고민끝에 50대부부 -32kg_260225,1861708178989089,2026-04-15,AGE_35_44,3752,260,4,1.54,0,0,0.00,0,257,KRW
2604_다이트_전환캠페인,(재)_대전_진료셀프캠_주사형비만치료제 고민끝에 50대부부 -32kg_260225,1861708178989089,2026-04-15,AGE_45_54,6018,355,1,0.28,0,0,0.00,0,344,KRW
2604_다이트_전환캠페인,(재)_대전_진료셀프캠_주사형비만치료제 고민끝에 50대부부 -32kg_260225,1861708178989089,2026-04-15,AGE_55_100,3450,227,0,0.00,0,0,0.00,0,219,KRW
2604_다이트_전환캠페인,(재)_대전_진료셀프캠_주사형비만치료제 고민끝에 50대부부 -32kg_260225,1861708178989089,2026-04-15,NONE,2,1,0,0.00,0,0,0.00,0,0,KRW
2604_다이트_전환캠페인,(재)_부평_의료진정보_무작정운동으로 팩폭_260406,1861709708534065,2026-04-15,AGE_55_100,0,0,0,0.00,0,0,0.00,0,0,KRW
2603_다이트_전환캠페인,(재)_부평_의료진정보_비만주사 굶는다이어트_260320,1860170168891553,2026-04-15,NONE,0,0,0,0.00,0,0,0.00,0,0,KRW
2603_다이트_전환캠페인,(재)_부평_의료진정보_비만주사요요 탄수중독_260320,1860170168891521,2026-04-15,NONE,0,0,0,0.00,0,0,0.00,0,0,KRW
2604_다이트_전환캠페인,(재)_부평_진료셀프캠_비만주사가놓친것_260414,1862452531926049,2026-04-15,AGE_35_44,7694,1562,1,0.06,0,0,0.00,0,1366,KRW
2604_다이트_전환캠페인,(재)_부평_진료셀프캠_비만주사가놓친것_260414,1862452531926049,2026-04-15,AGE_45_54,15179,1911,5,0.26,1,15179,20.00,0,1621,KRW
2604_다이트_전환캠페인,(재)_부평_진료셀프캠_비만주사가놓친것_260414,1862452531926049,2026-04-15,AGE_55_100,11073,1459,7,0.48,0,0,0.00,0,1255,KRW
2604_다이트_전환캠페인,(재)_부평_진료셀프캠_비만주사가놓친것_260414,1862452531926049,2026-04-15,NONE,0,0,0,0.00,0,0,0.00,0,0,KRW
2603_다이트_전환캠페인,(재)_부평_진료셀프캠_비만주사끊고15kg_260326,1860713378682322,2026-04-15,NONE,0,0,0,0.00,0,0,0.00,0,0,KRW
2603_다이트_전환캠페인,(재)_부평_진료셀프캠_비만주사없이 체질_260320,1860263975141538,2026-04-15,NONE,0,0,0,0.00,0,0,0.00,0,0,KRW
2604_다이트_전환캠페인,(재)_부평_진료셀프캠_식욕억제주사실패 마지막_260407,1861779276638289,2026-04-15,AGE_35_44,6973,561,7,1.25,0,0,0.00,0,509,KRW
2604_다이트_전환캠페인,(재)_부평_진료셀프캠_식욕억제주사실패 마지막_260407,1861779276638289,2026-04-15,AGE_45_54,22529,908,13,1.43,1,22529,7.69,0,796,KRW
2604_다이트_전환캠페인,(재)_부평_진료셀프캠_식욕억제주사실패 마지막_260407,1861779276638289,2026-04-15,AGE_55_100,13035,566,10,1.77,0,0,0.00,0,496,KRW
2604_다이트_전환캠페인,(재)_부평_진료셀프캠_식욕억제주사실패 마지막_260407,1861779276638289,2026-04-15,NONE,13,4,0,0.00,0,0,0.00,0,0,KRW
2604_다이트_전환캠페인,(재)_부평_진료셀프캠_주사형비만치료제 고민끝에 50대부부 -32kg_260225,1861276697497633,2026-04-15,AGE_45_54,0,0,0,0.00,0,0,0.00,0,0,KRW
2603_다이트_전환캠페인,(재)_부평_진료셀프캠_주사형비만치료제 고민끝에 50대부부 -32kg_260225,1858358875905138,2026-04-15,NONE,0,0,0,0.00,0,0,0.00,0,0,KRW
2604_다이트_전환캠페인,(재)_부평_진료셀프캠_주사형비만치료제 고민끝에 50대부부 -32kg_260225,1861276697497633,2026-04-15,NONE,0,0,0,0.00,0,0,0.00,0,0,KRW
2604_다이트_전환캠페인,(재)_서울_의료진정보_무작정운동으로 팩폭_260406,1861709796228209,2026-04-15,AGE_35_44,0,0,0,0.00,0,0,0.00,0,0,KRW
2604_다이트_전환캠페인,(재)_서울_의료진정보_무작정운동으로 팩폭_260406,1861709796228209,2026-04-15,AGE_55_100,0,0,0,0.00,0,0,0.00,0,0,KRW
2603_다이트_전환캠페인,"(재)_서울_인플방문후기_건강한다이어트(서울,박고경)_260325",1860614178390386,2026-04-15,NONE,0,0,0,0.00,0,0,0.00,0,0,KRW
2604_다이트_전환캠페인,(재)_서울_인플방문후기_맘껏먹는 다이어트 한달후기_260306,1861276306937889,2026-04-15,AGE_55_100,0,0,0,0.00,0,0,0.00,0,0,KRW
2604_다이트_전환캠페인,(재)_서울_인플방문후기_맘껏먹는 다이어트 한달후기_260306,1861276306937889,2026-04-15,NONE,0,0,0,0.00,0,0,0.00,0,0,KRW
2604_다이트_전환캠페인,(재)_서울_인플방문후기_먹고싶은거다먹는(수원잇츠)_260403,1861438096695922,2026-04-15,AGE_35_44,214,32,0,0.00,0,0,0.00,0,32,KRW
2604_다이트_전환캠페인,(재)_서울_인플방문후기_먹고싶은거다먹는(수원잇츠)_260403,1861438096695922,2026-04-15,AGE_45_54,320,38,0,0.00,0,0,0.00,0,37,KRW
2604_다이트_전환캠페인,(재)_서울_인플방문후기_먹고싶은거다먹는(수원잇츠)_260403,1861438096695922,2026-04-15,AGE_55_100,168,21,0,0.00,0,0,0.00,0,21,KRW
2604_다이트_전환캠페인,(재)_서울_인플방문후기_먹고싶은거다먹는(수원잇츠)_260403,1861438096695922,2026-04-15,NONE,0,0,0,0.00,0,0,0.00,0,0,KRW
2603_다이트_전환캠페인,(재)_서울_진료셀프캠_50대 뱃살 체지방만_260317,1859896310509633,2026-04-15,NONE,0,0,0,0.00,0,0,0.00,0,0,KRW
2604_다이트_전환캠페인,(재)_서울_진료셀프캠_비만주사가놓친것_260414,1862427431553298,2026-04-15,AGE_35_44,1422,509,0,0.00,0,0,0.00,0,482,KRW
2604_다이트_전환캠페인,(재)_서울_진료셀프캠_비만주사가놓친것_260414,1862427431553298,2026-04-15,AGE_45_54,2831,622,5,0.80,0,0,0.00,0,599,KRW
2604_다이트_전환캠페인,(재)_서울_진료셀프캠_비만주사가놓친것_260414,1862427431553298,2026-04-15,AGE_55_100,2887,509,0,0.00,1,2887,0.00,0,486,KRW
2604_다이트_전환캠페인,(재)_서울_진료셀프캠_비만주사가놓친것_260414,1862427431553298,2026-04-15,NONE,0,0,0,0.00,0,0,0.00,0,0,KRW
2603_다이트_전환캠페인,(재)_서울_진료셀프캠_비만주사없이 체질_260320,1860169742535905,2026-04-15,NONE,0,0,0,0.00,0,0,0.00,0,0,KRW
2604_다이트_전환캠페인,(재)_서울_진료셀프캠_식욕억제주사실패 마지막_260407,1861778815720546,2026-04-15,AGE_35_44,4317,304,4,1.32,0,0,0.00,0,281,KRW
2604_다이트_전환캠페인,(재)_서울_진료셀프캠_식욕억제주사실패 마지막_260407,1861778815720546,2026-04-15,AGE_45_54,9382,453,5,1.10,0,0,0.00,0,395,KRW
2604_다이트_전환캠페인,(재)_서울_진료셀프캠_식욕억제주사실패 마지막_260407,1861778815720546,2026-04-15,AGE_55_100,4904,267,8,3.00,0,0,0.00,0,245,KRW
2604_다이트_전환캠페인,(재)_서울_진료셀프캠_식욕억제주사실패 마지막_260407,1861778815720546,2026-04-15,NONE,7,1,0,0.00,0,0,0.00,0,0,KRW
2604_다이트_전환캠페인,(재)_서울_진료셀프캠_의사가권하지않는4050_260414,1862453122462113,2026-04-15,AGE_35_44,6165,1383,6,0.43,0,0,0.00,0,1276,KRW
2604_다이트_전환캠페인,(재)_서울_진료셀프캠_의사가권하지않는4050_260414,1862453122462113,2026-04-15,AGE_45_54,12416,1727,11,0.64,0,0,0.00,0,1569,KRW
2604_다이트_전환캠페인,(재)_서울_진료셀프캠_의사가권하지않는4050_260414,1862453122462113,2026-04-15,AGE_55_100,10557,1854,10,0.54,4,2639,40.00,0,1701,KRW
2604_다이트_전환캠페인,(재)_서울_진료셀프캠_의사가권하지않는4050_260414,1862453122462113,2026-04-15,NONE,4,4,0,0.00,0,0,0.00,0,0,KRW
2604_다이트_전환캠페인,(재)_서울_진료셀프캠_주사형비만치료제 고민끝에 50대부부 -32kg_260225,1861276155386962,2026-04-15,AGE_35_44,1638,121,2,1.65,0,0,0.00,0,120,KRW
2604_다이트_전환캠페인,(재)_서울_진료셀프캠_주사형비만치료제 고민끝에 50대부부 -32kg_260225,1861276155386962,2026-04-15,AGE_45_54,4588,237,4,1.69,0,0,0.00,0,229,KRW
2604_다이트_전환캠페인,(재)_서울_진료셀프캠_주사형비만치료제 고민끝에 50대부부 -32kg_260225,1861276155386962,2026-04-15,AGE_55_100,3438,221,3,1.36,0,0,0.00,0,209,KRW
2603_다이트_전환캠페인,(재)_서울_진료셀프캠_주사형비만치료제 고민끝에 50대부부 -32kg_260225,1859357641001154,2026-04-15,NONE,0,0,0,0.00,0,0,0.00,0,0,KRW
2604_다이트_전환캠페인,(재)_서울_진료셀프캠_주사형비만치료제 고민끝에 50대부부 -32kg_260225,1861276155386962,2026-04-15,NONE,0,0,0,0.00,0,0,0.00,0,0,KRW
2604_다이트_전환캠페인,(재)_수원_의료진정보_4050나잇살 이유는 여기에_260410,1862064207732210,2026-04-15,AGE_25_34,526,123,0,0.00,0,0,0.00,0,116,KRW
2604_다이트_전환캠페인,(재)_수원_의료진정보_4050나잇살 이유는 여기에_260410,1862064207732210,2026-04-15,AGE_35_44,521,113,0,0.00,0,0,0.00,0,109,KRW
2604_다이트_전환캠페인,(재)_수원_의료진정보_4050나잇살 이유는 여기에_260410,1862064207732210,2026-04-15,AGE_45_54,629,97,0,0.00,0,0,0.00,0,93,KRW
2604_다이트_전환캠페인,(재)_수원_의료진정보_4050나잇살 이유는 여기에_260410,1862064207732210,2026-04-15,AGE_55_100,760,113,0,0.00,0,0,0.00,0,105,KRW
2604_다이트_전환캠페인,(재)_수원_의료진정보_4050나잇살 이유는 여기에_260410,1862064207732210,2026-04-15,NONE,0,0,0,0.00,0,0,0.00,0,0,KRW
2603_다이트_전환캠페인,(재)_수원_의료진정보_비만주사 굶는다이어트_260320,1860170429960209,2026-04-15,NONE,0,0,0,0.00,0,0,0.00,0,0,KRW
2604_다이트_전환캠페인,"(재)_수원_인플방문후기_건강한다이어트(수원,박고경)_260325",1861277190081841,2026-04-15,NONE,0,0,0,0.00,0,0,0.00,0,0,KRW
2603_다이트_전환캠페인,"(재)_수원_인플방문후기_건강한다이어트(수원,박고경)_260325",1860614554255474,2026-04-15,NONE,0,0,0,0.00,0,0,0.00,0,0,KRW
2604_다이트_전환캠페인,(재)_수원_인플방문후기_먹고싶은거다먹는(수원잇츠)_260403,1861437972025618,2026-04-15,NONE,0,0,0,0.00,0,0,0.00,0,0,KRW
2603_다이트_전환캠페인,(재)_수원_진료셀프캠_50대 20대처럼 체지방_260317,1859897183293617,2026-04-15,NONE,0,0,0,0.00,0,0,0.00,0,0,KRW
2604_다이트_전환캠페인,(재)_수원_진료셀프캠_비만주사가놓친것_260414,1862452610512897,2026-04-15,AGE_25_34,1793,590,2,0.34,0,0,0.00,0,565,KRW
2604_다이트_전환캠페인,(재)_수원_진료셀프캠_비만주사가놓친것_260414,1862452610512897,2026-04-15,AGE_35_44,3258,668,1,0.15,0,0,0.00,0,614,KRW
2604_다이트_전환캠페인,(재)_수원_진료셀프캠_비만주사가놓친것_260414,1862452610512897,2026-04-15,AGE_45_54,4971,737,1,0.14,0,0,0.00,0,680,KRW
2604_다이트_전환캠페인,(재)_수원_진료셀프캠_비만주사가놓친것_260414,1862452610512897,2026-04-15,AGE_55_100,3903,561,2,0.36,0,0,0.00,0,508,KRW
2604_다이트_전환캠페인,(재)_수원_진료셀프캠_비만주사가놓친것_260414,1862452610512897,2026-04-15,NONE,4,3,0,0.00,0,0,0.00,0,0,KRW
2603_다이트_전환캠페인,(재)_수원_진료셀프캠_비만주사없이 체질_260320,1860263832597618,2026-04-15,NONE,0,0,0,0.00,0,0,0.00,0,0,KRW
2604_다이트_전환캠페인,(재)_수원_진료셀프캠_비만주사없이 체질_260320,1861277107797025,2026-04-15,NONE,0,0,0,0.00,0,0,0.00,0,0,KRW
2604_다이트_전환캠페인,(재)_수원_진료셀프캠_식욕억제주사실패 마지막_260407,1861779341060274,2026-04-15,AGE_25_34,3323,297,1,0.34,0,0,0.00,0,283,KRW
2604_다이트_전환캠페인,(재)_수원_진료셀프캠_식욕억제주사실패 마지막_260407,1861779341060274,2026-04-15,AGE_35_44,7972,518,3,0.58,0,0,0.00,0,456,KRW
2604_다이트_전환캠페인,(재)_수원_진료셀프캠_식욕억제주사실패 마지막_260407,1861779341060274,2026-04-15,AGE_45_54,18241,789,5,0.63,0,0,0.00,0,690,KRW
2604_다이트_전환캠페인,(재)_수원_진료셀프캠_식욕억제주사실패 마지막_260407,1861779341060274,2026-04-15,AGE_55_100,13573,522,7,1.34,0,0,0.00,0,460,KRW
2604_다이트_전환캠페인,(재)_수원_진료셀프캠_식욕억제주사실패 마지막_260407,1861779341060274,2026-04-15,NONE,504,2,0,0.00,0,0,0.00,0,0,KRW
2604_다이트_전환캠페인,(재)_수원_진료셀프캠_의사가권하지않는4050_260414,1862453880112178,2026-04-15,AGE_25_34,6580,1170,3,0.26,0,0,0.00,0,1009,KRW
2604_다이트_전환캠페인,(재)_수원_진료셀프캠_의사가권하지않는4050_260414,1862453880112178,2026-04-15,AGE_35_44,15457,1925,3,0.16,0,0,0.00,0,1519,KRW
2604_다이트_전환캠페인,(재)_수원_진료셀프캠_의사가권하지않는4050_260414,1862453880112178,2026-04-15,AGE_45_54,23097,2309,9,0.39,2,11548,22.22,0,1881,KRW
2604_다이트_전환캠페인,(재)_수원_진료셀프캠_의사가권하지않는4050_260414,1862453880112178,2026-04-15,AGE_55_100,17112,1674,8,0.48,0,0,0.00,0,1341,KRW
2604_다이트_전환캠페인,(재)_수원_진료셀프캠_의사가권하지않는4050_260414,1862453880112178,2026-04-15,NONE,18,6,0,0.00,0,0,0.00,0,0,KRW
2604_다이트_전환캠페인,(재)_일산_의료진정보_무작정운동으로 팩폭_260406,1861709552021505,2026-04-15,NONE,0,0,0,0.00,0,0,0.00,0,0,KRW
2604_다이트_전환캠페인,(재)_일산_인플방문후기_맘껏먹는 다이어트 한달후기_260306,1861277479159890,2026-04-15,AGE_35_44,2158,192,3,1.56,0,0,0.00,0,191,KRW
2604_다이트_전환캠페인,(재)_일산_인플방문후기_맘껏먹는 다이어트 한달후기_260306,1861277479159890,2026-04-15,AGE_45_54,2279,167,2,1.20,0,0,0.00,0,162,KRW
2604_다이트_전환캠페인,(재)_일산_인플방문후기_맘껏먹는 다이어트 한달후기_260306,1861277479159890,2026-04-15,AGE_55_100,805,66,0,0.00,0,0,0.00,0,66,KRW
2603_다이트_전환캠페인,(재)_일산_인플방문후기_맘껏먹는 다이어트 한달후기_260306,1858833441334273,2026-04-15,NONE,0,0,0,0.00,0,0,0.00,0,0,KRW
2604_다이트_전환캠페인,(재)_일산_인플방문후기_맘껏먹는 다이어트 한달후기_260306,1861277479159890,2026-04-15,NONE,0,0,0,0.00,0,0,0.00,0,0,KRW
2604_다이트_전환캠페인,(재)_일산_인플방문후기_먹고싶은거다먹는(수원잇츠)_260403,1861437881987106,2026-04-15,AGE_35_44,971,74,0,0.00,0,0,0.00,0,70,KRW
2604_다이트_전환캠페인,(재)_일산_인플방문후기_먹고싶은거다먹는(수원잇츠)_260403,1861437881987106,2026-04-15,AGE_45_54,664,78,1,1.28,0,0,0.00,0,78,KRW
2604_다이트_전환캠페인,(재)_일산_인플방문후기_먹고싶은거다먹는(수원잇츠)_260403,1861437881987106,2026-04-15,AGE_55_100,534,33,1,3.03,0,0,0.00,0,33,KRW
2604_다이트_전환캠페인,(재)_일산_인플방문후기_먹고싶은거다먹는(수원잇츠)_260403,1861437881987106,2026-04-15,NONE,11,1,0,0.00,0,0,0.00,0,0,KRW
2604_다이트_전환캠페인,(재)_일산_진료셀프캠_비만주사가놓친것_260414,1862452684235121,2026-04-15,AGE_35_44,2109,822,4,0.49,0,0,0.00,0,787,KRW
2604_다이트_전환캠페인,(재)_일산_진료셀프캠_비만주사가놓친것_260414,1862452684235121,2026-04-15,AGE_45_54,3785,912,1,0.11,0,0,0.00,0,871,KRW
2604_다이트_전환캠페인,(재)_일산_진료셀프캠_비만주사가놓친것_260414,1862452684235121,2026-04-15,AGE_55_100,3160,771,3,0.39,0,0,0.00,0,746,KRW
2604_다이트_전환캠페인,(재)_일산_진료셀프캠_비만주사가놓친것_260414,1862452684235121,2026-04-15,NONE,0,0,0,0.00,0,0,0.00,0,0,KRW
2604_다이트_전환캠페인,(재)_일산_진료셀프캠_식욕억제주사실패 마지막_260407,1861779422527666,2026-04-15,AGE_35_44,5217,498,5,1.00,0,0,0.00,0,480,KRW
2604_다이트_전환캠페인,(재)_일산_진료셀프캠_식욕억제주사실패 마지막_260407,1861779422527666,2026-04-15,AGE_45_54,16657,1029,13,1.26,0,0,0.00,0,985,KRW
2604_다이트_전환캠페인,(재)_일산_진료셀프캠_식욕억제주사실패 마지막_260407,1861779422527666,2026-04-15,AGE_55_100,15248,746,12,1.61,0,0,0.00,0,689,KRW
2604_다이트_전환캠페인,(재)_일산_진료셀프캠_식욕억제주사실패 마지막_260407,1861779422527666,2026-04-15,NONE,46,6,0,0.00,0,0,0.00,0,0,KRW
2604_다이트_전환캠페인,(재)_일산_진료셀프캠_의사가권하지않는4050_260414,1862453943180450,2026-04-15,AGE_35_44,3484,1154,4,0.35,0,0,0.00,0,1101,KRW
2604_다이트_전환캠페인,(재)_일산_진료셀프캠_의사가권하지않는4050_260414,1862453943180450,2026-04-15,AGE_45_54,5324,1142,1,0.09,0,0,0.00,0,1079,KRW
2604_다이트_전환캠페인,(재)_일산_진료셀프캠_의사가권하지않는4050_260414,1862453943180450,2026-04-15,AGE_55_100,3184,887,1,0.11,0,0,0.00,0,861,KRW
2604_다이트_전환캠페인,(재)_일산_진료셀프캠_의사가권하지않는4050_260414,1862453943180450,2026-04-15,NONE,9,1,0,0.00,0,0,0.00,0,0,KRW
2603_다이트_전환캠페인,(재)_일산_진료셀프캠_주사형비만치료제 고민끝에 40대부부 -32kg_260225,1858358889558481,2026-04-15,NONE,0,0,0,0.00,0,0,0.00,0,0,KRW
2604_다이트_전환캠페인,(재)_창원_의료진정보_4050나잇살 이유는 여기에_260410,1862064114067810,2026-04-15,NONE,0,0,0,0.00,0,0,0.00,0,0,KRW
2603_다이트_전환캠페인,(재)_창원_의료진정보_비만주사요요 탄수중독_260320,1860171178598913,2026-04-15,NONE,0,0,0,0.00,0,0,0.00,0,0,KRW
2604_다이트_전환캠페인,"(재)_창원_인플방문후기_건강한다이어트(창원,박고경)_260325",1861278731680866,2026-04-15,NONE,0,0,0,0.00,0,0,0.00,0,0,KRW
2603_다이트_전환캠페인,"(재)_창원_인플방문후기_건강한다이어트(창원,박고경)_260325",1860614832883714,2026-04-15,NONE,0,0,0,0.00,0,0,0.00,0,0,KRW
2603_다이트_전환캠페인,(재)_창원_인플방문후기_맘껏먹는 다이어트 한달후기_260306,1858833707245617,2026-04-15,NONE,0,0,0,0.00,0,0,0.00,0,0,KRW
2604_다이트_전환캠페인,(재)_창원_인플방문후기_먹고싶은거다먹는(수원잇츠)_260403,1861437705571345,2026-04-15,AGE_35_44,780,144,0,0.00,0,0,0.00,0,140,KRW
2604_다이트_전환캠페인,(재)_창원_인플방문후기_먹고싶은거다먹는(수원잇츠)_260403,1861437705571345,2026-04-15,AGE_45_54,1479,197,0,0.00,0,0,0.00,0,183,KRW
2604_다이트_전환캠페인,(재)_창원_인플방문후기_먹고싶은거다먹는(수원잇츠)_260403,1861437705571345,2026-04-15,AGE_55_100,683,95,0,0.00,0,0,0.00,0,93,KRW
2604_다이트_전환캠페인,(재)_창원_인플방문후기_먹고싶은거다먹는(수원잇츠)_260403,1861437705571345,2026-04-15,NONE,0,0,0,0.00,0,0,0.00,0,0,KRW
2603_다이트_전환캠페인,(재)_창원_진료셀프캠_50대 20대처럼 체지방_260317,1859897459766273,2026-04-15,NONE,0,0,0,0.00,0,0,0.00,0,0,KRW
2604_다이트_전환캠페인,(재)_창원_진료셀프캠_비만주사가놓친것_260414,1862452830171329,2026-04-15,AGE_35_44,2408,448,0,0.00,0,0,0.00,0,398,KRW
2604_다이트_전환캠페인,(재)_창원_진료셀프캠_비만주사가놓친것_260414,1862452830171329,2026-04-15,AGE_45_54,4322,686,0,0.00,0,0,0.00,0,594,KRW
2604_다이트_전환캠페인,(재)_창원_진료셀프캠_비만주사가놓친것_260414,1862452830171329,2026-04-15,AGE_55_100,3483,579,3,0.52,0,0,0.00,0,505,KRW
2604_다이트_전환캠페인,(재)_창원_진료셀프캠_비만주사가놓친것_260414,1862452830171329,2026-04-15,NONE,9,1,0,0.00,0,0,0.00,0,0,KRW
2604_다이트_전환캠페인,(재)_창원_진료셀프캠_식욕억제주사실패 마지막_260407,1861779402873057,2026-04-15,AGE_35_44,7410,571,2,0.35,0,0,0.00,0,482,KRW
2604_다이트_전환캠페인,(재)_창원_진료셀프캠_식욕억제주사실패 마지막_260407,1861779402873057,2026-04-15,AGE_45_54,17757,1071,18,1.68,2,8878,11.11,0,863,KRW
2604_다이트_전환캠페인,(재)_창원_진료셀프캠_식욕억제주사실패 마지막_260407,1861779402873057,2026-04-15,AGE_55_100,14203,711,11,1.55,0,0,0.00,0,567,KRW
2604_다이트_전환캠페인,(재)_창원_진료셀프캠_식욕억제주사실패 마지막_260407,1861779402873057,2026-04-15,NONE,1,1,0,0.00,0,0,0.00,0,0,KRW
2604_다이트_전환캠페인,(재)_창원_진료셀프캠_의사가권하지않는4050_260414,1862454032569618,2026-04-15,AGE_35_44,1985,483,0,0.00,0,0,0.00,0,424,KRW
2604_다이트_전환캠페인,(재)_창원_진료셀프캠_의사가권하지않는4050_260414,1862454032569618,2026-04-15,AGE_45_54,3688,674,2,0.30,0,0,0.00,0,573,KRW
2604_다이트_전환캠페인,(재)_창원_진료셀프캠_의사가권하지않는4050_260414,1862454032569618,2026-04-15,AGE_55_100,2885,548,0,0.00,0,0,0.00,0,466,KRW
2604_다이트_전환캠페인,(재)_창원_진료셀프캠_의사가권하지않는4050_260414,1862454032569618,2026-04-15,NONE,0,0,0,0.00,0,0,0.00,0,0,KRW
2604_다이트_전환캠페인,(재)_창원_진료셀프캠_주사형비만치료제 고민끝에 50대부부 -32kg_260225,1861278292523041,2026-04-15,NONE,0,0,0,0.00,0,0,0.00,0,0,KRW
2603_다이트_전환캠페인,(재)_천안_리얼모델후기_체지방만 14kg 먹으면서_260324,1860541057046561,2026-04-15,NONE,0,0,0,0.00,0,0,0.00,0,0,KRW
2604_다이트_전환캠페인,(재)_천안_의료진정보_4050나잇살 이유는 여기에_260410,1862058676263265,2026-04-15,AGE_55_100,0,0,0,0.00,0,0,0.00,0,0,KRW
2604_다이트_전환캠페인,"(재)_천안_인플방문후기_건강한다이어트(천안, 박고경)_260325",1861278985311585,2026-04-15,AGE_35_44,3099,388,1,0.26,0,0,0.00,0,375,KRW
2604_다이트_전환캠페인,"(재)_천안_인플방문후기_건강한다이어트(천안, 박고경)_260325",1861278985311585,2026-04-15,AGE_45_54,3337,254,3,1.18,0,0,0.00,0,250,KRW
2604_다이트_전환캠페인,"(재)_천안_인플방문후기_건강한다이어트(천안, 박고경)_260325",1861278985311585,2026-04-15,AGE_55_100,919,145,2,1.38,0,0,0.00,0,141,KRW
2603_다이트_전환캠페인,"(재)_천안_인플방문후기_건강한다이어트(천안, 박고경)_260325",1860615057904689,2026-04-15,NONE,0,0,0,0.00,0,0,0.00,0,0,KRW
2604_다이트_전환캠페인,"(재)_천안_인플방문후기_건강한다이어트(천안, 박고경)_260325",1861278985311585,2026-04-15,NONE,4,1,0,0.00,0,0,0.00,0,0,KRW
2604_다이트_전환캠페인,(재)_천안_인플방문후기_먹고싶은거다먹는(수원잇츠)_260403,1861433575335186,2026-04-15,NONE,0,0,0,0.00,0,0,0.00,0,0,KRW
2603_다이트_전환캠페인,(재)_천안_진료셀프캠_50대 20대처럼 체지방_260317,1859897810343346,2026-04-15,NONE,0,0,0,0.00,0,0,0.00,0,0,KRW
2604_다이트_전환캠페인,(재)_천안_진료셀프캠_비만주사가놓친것_260414,1862452895498482,2026-04-15,AGE_35_44,4333,730,3,0.41,0,0,0.00,0,645,KRW
2604_다이트_전환캠페인,(재)_천안_진료셀프캠_비만주사가놓친것_260414,1862452895498482,2026-04-15,AGE_45_54,5868,673,1,0.15,0,0,0.00,0,591,KRW
2604_다이트_전환캠페인,(재)_천안_진료셀프캠_비만주사가놓친것_260414,1862452895498482,2026-04-15,AGE_55_100,3000,413,3,0.73,0,0,0.00,0,380,KRW
2604_다이트_전환캠페인,(재)_천안_진료셀프캠_비만주사가놓친것_260414,1862452895498482,2026-04-15,NONE,0,1,0,0.00,0,0,0.00,0,0,KRW
2603_다이트_전환캠페인,(재)_천안_진료셀프캠_비만주사끊고15kg_260326,1860714711311361,2026-04-15,NONE,0,0,0,0.00,0,0,0.00,0,0,KRW
2603_다이트_전환캠페인,(재)_천안_진료셀프캠_상체비만 40대 팔뚝살부터_260311,1859358567112033,2026-04-15,NONE,0,0,0,0.00,0,0,0.00,0,0,KRW
2604_다이트_전환캠페인,(재)_천안_진료셀프캠_의사가권하지않는4050_260414,1862454115509297,2026-04-15,AGE_35_44,1775,481,0,0.00,0,0,0.00,0,446,KRW
2604_다이트_전환캠페인,(재)_천안_진료셀프캠_의사가권하지않는4050_260414,1862454115509297,2026-04-15,AGE_45_54,2323,413,0,0.00,0,0,0.00,0,368,KRW
2604_다이트_전환캠페인,(재)_천안_진료셀프캠_의사가권하지않는4050_260414,1862454115509297,2026-04-15,AGE_55_100,1175,245,0,0.00,0,0,0.00,0,226,KRW
2604_다이트_전환캠페인,(재)_천안_진료셀프캠_주사형비만치료제 고민끝에 50대부부 -32kg_260225,1861968142031009,2026-04-15,AGE_35_44,0,0,0,0.00,0,0,0.00,0,0,KRW
2604_다이트_전환캠페인,(재)_천안_진료셀프캠_주사형비만치료제 고민끝에 50대부부 -32kg_260225,1861968142031009,2026-04-15,AGE_55_100,0,0,0,0.00,0,0,0.00,0,0,KRW
2604_다이트_전환캠페인,(재)_천안_진료셀프캠_주사형비만치료제 고민끝에 50대부부 -32kg_260225,1861968142031009,2026-04-15,NONE,0,0,0,0.00,0,0,0.00,0,0,KRW
2604_다이트_전환캠페인,(신)_대구_인플방문후기_먹으면서 다이어트(대읽남)_251017,1861277850752146,2026-04-16,NONE,0,0,0,0.00,0,0,0.00,0,0,KRW
2603_다이트_전환캠페인,(신)_대구_인플방문후기_먹으면서 다이어트(대읽남)_251017,1858362316758178,2026-04-16,NONE,0,0,0,0.00,0,0,0.00,0,0,KRW
2604_다이트_전환캠페인,(신)_대구_인플방문후기_밥빵면안당기는원장님(itsmeyuriwon)_260407,1861796218051601,2026-04-16,AGE_35_44,2223,178,3,1.69,1,2223,33.33,0,175,KRW
2604_다이트_전환캠페인,(신)_대구_인플방문후기_밥빵면안당기는원장님(itsmeyuriwon)_260407,1861796218051601,2026-04-16,AGE_45_54,1858,123,0,0.00,0,0,0.00,0,119,KRW
2604_다이트_전환캠페인,(신)_대구_인플방문후기_밥빵면안당기는원장님(itsmeyuriwon)_260407,1861796218051601,2026-04-16,AGE_55_100,962,104,1,0.96,0,0,0.00,0,99,KRW
2604_다이트_전환캠페인,(신)_대구_인플방문후기_밥빵면안당기는원장님(itsmeyuriwon)_260407,1861796218051601,2026-04-16,NONE,0,0,0,0.00,0,0,0.00,0,0,KRW
2604_다이트_전환캠페인,(신)_대구_인플방문후기_주사형비만치료제(the.hyunniverse)_260403,1861968872286353,2026-04-16,AGE_35_44,2045,282,1,0.35,0,0,0.00,0,274,KRW
2604_다이트_전환캠페인,(신)_대구_인플방문후기_주사형비만치료제(the.hyunniverse)_260403,1861968872286353,2026-04-16,AGE_45_54,2428,236,1,0.42,0,0,0.00,0,230,KRW
2604_다이트_전환캠페인,(신)_대구_인플방문후기_주사형비만치료제(the.hyunniverse)_260403,1861968872286353,2026-04-16,AGE_55_100,2615,201,1,0.50,0,0,0.00,0,192,KRW
2604_다이트_전환캠페인,(신)_대구_인플방문후기_주사형비만치료제(the.hyunniverse)_260403,1861968872286353,2026-04-16,NONE,13,3,0,0.00,0,0,0.00,0,0,KRW
2604_다이트_전환캠페인,(신)_대전_인플방문후기_밥빵면못참는현대인(대전잇츠)_260410,1862064327619745,2026-04-16,AGE_35_44,694,74,0,0.00,0,0,0.00,0,72,KRW
2604_다이트_전환캠페인,(신)_대전_인플방문후기_밥빵면못참는현대인(대전잇츠)_260410,1862064327619745,2026-04-16,AGE_45_54,912,73,0,0.00,0,0,0.00,0,70,KRW
2604_다이트_전환캠페인,(신)_대전_인플방문후기_밥빵면못참는현대인(대전잇츠)_260410,1862064327619745,2026-04-16,AGE_55_100,448,56,0,0.00,0,0,0.00,0,56,KRW
2604_다이트_전환캠페인,(신)_대전_인플방문후기_밥빵면못참는현대인(대전잇츠)_260410,1862064327619745,2026-04-16,NONE,4,1,0,0.00,0,0,0.00,0,0,KRW
2604_다이트_전환캠페인,(신)_대전_인플방문후기_밥빵면안당기는원장님(itsmeyuriwon)_260407,1861796462367905,2026-04-16,AGE_35_44,601,64,2,3.13,0,0,0.00,0,64,KRW
2604_다이트_전환캠페인,(신)_대전_인플방문후기_밥빵면안당기는원장님(itsmeyuriwon)_260407,1861796462367905,2026-04-16,AGE_45_54,1131,77,0,0.00,0,0,0.00,0,72,KRW
2604_다이트_전환캠페인,(신)_대전_인플방문후기_밥빵면안당기는원장님(itsmeyuriwon)_260407,1861796462367905,2026-04-16,AGE_55_100,222,43,0,0.00,0,0,0.00,0,43,KRW
2604_다이트_전환캠페인,(신)_대전_인플방문후기_주사형비만치료제(the.hyunniverse)_260403,1861968952635729,2026-04-16,AGE_35_44,1011,138,2,1.45,0,0,0.00,0,133,KRW
2604_다이트_전환캠페인,(신)_대전_인플방문후기_주사형비만치료제(the.hyunniverse)_260403,1861968952635729,2026-04-16,AGE_45_54,1346,166,0,0.00,0,0,0.00,0,157,KRW
2604_다이트_전환캠페인,(신)_대전_인플방문후기_주사형비만치료제(the.hyunniverse)_260403,1861968952635729,2026-04-16,AGE_55_100,834,104,0,0.00,0,0,0.00,0,101,KRW
2604_다이트_전환캠페인,(신)_대전_인플방문후기_주사형비만치료제(the.hyunniverse)_260403,1861968952635729,2026-04-16,NONE,1,1,0,0.00,0,0,0.00,0,0,KRW
2603_다이트_전환캠페인,(신)_부평_의료진정보_주사형비만치료제 10년은_260116,1860716092390562,2026-04-16,NONE,0,0,0,0.00,0,0,0.00,0,0,KRW
2603_다이트_전환캠페인,(신)_부평_인플방문후기_50대엄마 혈당다이어트(햅삐)_260317,1859896796626130,2026-04-16,NONE,0,0,0,0.00,0,0,0.00,0,0,KRW
2604_다이트_전환캠페인,(신)_부평_인플방문후기_건강한다이어트(박고경)_260324,1861276881397074,2026-04-16,AGE_35_44,1563,184,2,1.09,0,0,0.00,0,180,KRW
2604_다이트_전환캠페인,(신)_부평_인플방문후기_건강한다이어트(박고경)_260324,1861276881397074,2026-04-16,AGE_45_54,1660,174,0,0.00,0,0,0.00,0,169,KRW
2604_다이트_전환캠페인,(신)_부평_인플방문후기_건강한다이어트(박고경)_260324,1861276881397074,2026-04-16,AGE_55_100,1012,103,0,0.00,0,0,0.00,0,100,KRW
2603_다이트_전환캠페인,(신)_부평_인플방문후기_건강한다이어트(박고경)_260324,1860541278478465,2026-04-16,NONE,0,0,0,0.00,0,0,0.00,0,0,KRW
2604_다이트_전환캠페인,(신)_부평_인플방문후기_건강한다이어트(박고경)_260324,1861276881397074,2026-04-16,NONE,11,2,0,0.00,0,0,0.00,0,0,KRW
2603_다이트_전환캠페인,(신)_부평_인플방문후기_더먹어야 다이어트 가능(더먹어유)_260313,1859538135129201,2026-04-16,NONE,0,0,0,0.00,0,0,0.00,0,0,KRW
2604_다이트_전환캠페인,(신)_부평_인플방문후기_밥빵면안당기는원장님(itsmeyuriwon)_260407,1861795578227042,2026-04-16,AGE_35_44,4385,297,2,0.67,0,0,0.00,0,283,KRW
2604_다이트_전환캠페인,(신)_부평_인플방문후기_밥빵면안당기는원장님(itsmeyuriwon)_260407,1861795578227042,2026-04-16,AGE_45_54,5235,309,2,0.65,0,0,0.00,0,289,KRW
2604_다이트_전환캠페인,(신)_부평_인플방문후기_밥빵면안당기는원장님(itsmeyuriwon)_260407,1861795578227042,2026-04-16,AGE_55_100,3212,172,2,1.16,0,0,0.00,0,161,KRW
2604_다이트_전환캠페인,(신)_부평_인플방문후기_밥빵면안당기는원장님(itsmeyuriwon)_260407,1861795578227042,2026-04-16,NONE,0,0,0,0.00,0,0,0.00,0,0,KRW
2604_다이트_전환캠페인,(신)_부평_인플방문후기_주사형비만치료제(the.hyunniverse)_260403,1861968247570690,2026-04-16,AGE_35_44,3059,380,1,0.26,0,0,0.00,0,362,KRW
2604_다이트_전환캠페인,(신)_부평_인플방문후기_주사형비만치료제(the.hyunniverse)_260403,1861968247570690,2026-04-16,AGE_45_54,4320,458,2,0.44,0,0,0.00,0,431,KRW
2604_다이트_전환캠페인,(신)_부평_인플방문후기_주사형비만치료제(the.hyunniverse)_260403,1861968247570690,2026-04-16,AGE_55_100,4179,358,0,0.00,0,0,0.00,0,323,KRW
2604_다이트_전환캠페인,(신)_부평_인플방문후기_주사형비만치료제(the.hyunniverse)_260403,1861968247570690,2026-04-16,NONE,15,3,0,0.00,0,0,0.00,0,0,KRW
2604_다이트_전환캠페인,(신)_서울_인플방문후기_밥빵면안당기는원장님(itsmeyuriwon)_260407,1861792943047986,2026-04-16,AGE_35_44,1348,80,0,0.00,1,1348,0.00,0,78,KRW
2604_다이트_전환캠페인,(신)_서울_인플방문후기_밥빵면안당기는원장님(itsmeyuriwon)_260407,1861792943047986,2026-04-16,AGE_45_54,2079,107,2,1.87,0,0,0.00,0,104,KRW
2604_다이트_전환캠페인,(신)_서울_인플방문후기_밥빵면안당기는원장님(itsmeyuriwon)_260407,1861792943047986,2026-04-16,AGE_55_100,863,49,1,2.04,0,0,0.00,0,49,KRW
2604_다이트_전환캠페인,(신)_서울_인플방문후기_밥빵면안당기는원장님(itsmeyuriwon)_260407,1861792943047986,2026-04-16,NONE,5,1,0,0.00,0,0,0.00,0,0,KRW
2604_다이트_전환캠페인,(신)_서울_인플방문후기_주사형비만치료제(the.hyunniverse)_260403,1861968379365409,2026-04-16,AGE_35_44,1423,130,0,0.00,0,0,0.00,0,123,KRW
2604_다이트_전환캠페인,(신)_서울_인플방문후기_주사형비만치료제(the.hyunniverse)_260403,1861968379365409,2026-04-16,AGE_45_54,2056,202,0,0.00,0,0,0.00,0,190,KRW
2604_다이트_전환캠페인,(신)_서울_인플방문후기_주사형비만치료제(the.hyunniverse)_260403,1861968379365409,2026-04-16,AGE_55_100,1644,152,0,0.00,0,0,0.00,0,144,KRW
2604_다이트_전환캠페인,(신)_서울_인플방문후기_주사형비만치료제(the.hyunniverse)_260403,1861968379365409,2026-04-16,NONE,0,0,0,0.00,0,0,0.00,0,0,KRW
2604_다이트_전환캠페인,(신)_수원_인플방문후기_밥빵면안당기는원장님(itsmeyuriwon)_260407,1861796026692689,2026-04-16,AGE_25_34,6517,1152,8,0.69,0,0,0.00,0,1126,KRW
2604_다이트_전환캠페인,(신)_수원_인플방문후기_밥빵면안당기는원장님(itsmeyuriwon)_260407,1861796026692689,2026-04-16,AGE_35_44,7444,753,1,0.13,0,0,0.00,0,727,KRW
2604_다이트_전환캠페인,(신)_수원_인플방문후기_밥빵면안당기는원장님(itsmeyuriwon)_260407,1861796026692689,2026-04-16,AGE_45_54,6734,615,4,0.65,0,0,0.00,0,596,KRW
2604_다이트_전환캠페인,(신)_수원_인플방문후기_밥빵면안당기는원장님(itsmeyuriwon)_260407,1861796026692689,2026-04-16,AGE_55_100,4633,407,6,1.47,0,0,0.00,0,387,KRW
2604_다이트_전환캠페인,(신)_수원_인플방문후기_밥빵면안당기는원장님(itsmeyuriwon)_260407,1861796026692689,2026-04-16,NONE,8,1,0,0.00,0,0,0.00,0,0,KRW
2604_다이트_전환캠페인,(신)_수원_인플방문후기_주사형비만치료제(the.hyunniverse)_260403,1861426333950193,2026-04-16,AGE_25_34,2919,838,1,0.12,0,0,0.00,0,822,KRW
2604_다이트_전환캠페인,(신)_수원_인플방문후기_주사형비만치료제(the.hyunniverse)_260403,1861426333950193,2026-04-16,AGE_35_44,4809,579,2,0.35,0,0,0.00,0,568,KRW
2604_다이트_전환캠페인,(신)_수원_인플방문후기_주사형비만치료제(the.hyunniverse)_260403,1861426333950193,2026-04-16,AGE_45_54,5655,579,3,0.52,0,0,0.00,0,563,KRW
2604_다이트_전환캠페인,(신)_수원_인플방문후기_주사형비만치료제(the.hyunniverse)_260403,1861426333950193,2026-04-16,AGE_55_100,4472,376,2,0.53,0,0,0.00,0,366,KRW
2604_다이트_전환캠페인,(신)_수원_인플방문후기_주사형비만치료제(the.hyunniverse)_260403,1861426333950193,2026-04-16,NONE,27,1,0,0.00,0,0,0.00,0,0,KRW
2604_다이트_전환캠페인,(신)_일산_인플방문후기_밥빵면안당기는원장님(itsmeyuriwon)_260407,1861796100333057,2026-04-16,AGE_35_44,1336,51,0,0.00,0,0,0.00,0,48,KRW
2604_다이트_전환캠페인,(신)_일산_인플방문후기_밥빵면안당기는원장님(itsmeyuriwon)_260407,1861796100333057,2026-04-16,AGE_45_54,939,57,0,0.00,0,0,0.00,0,55,KRW
2604_다이트_전환캠페인,(신)_일산_인플방문후기_밥빵면안당기는원장님(itsmeyuriwon)_260407,1861796100333057,2026-04-16,AGE_55_100,590,39,1,2.56,0,0,0.00,0,38,KRW
2604_다이트_전환캠페인,(신)_일산_인플방문후기_밥빵면안당기는원장님(itsmeyuriwon)_260407,1861796100333057,2026-04-16,NONE,0,0,0,0.00,0,0,0.00,0,0,KRW
2604_다이트_전환캠페인,(신)_일산_인플방문후기_주사형비만치료제(the.hyunniverse)_260403,1861968797915602,2026-04-16,AGE_35_44,1592,231,0,0.00,0,0,0.00,0,227,KRW
2604_다이트_전환캠페인,(신)_일산_인플방문후기_주사형비만치료제(the.hyunniverse)_260403,1861968797915602,2026-04-16,AGE_45_54,2336,264,3,1.14,0,0,0.00,0,252,KRW
2604_다이트_전환캠페인,(신)_일산_인플방문후기_주사형비만치료제(the.hyunniverse)_260403,1861968797915602,2026-04-16,AGE_55_100,1887,189,1,0.53,1,1887,100.00,0,182,KRW
2604_다이트_전환캠페인,(신)_일산_인플방문후기_주사형비만치료제(the.hyunniverse)_260403,1861968797915602,2026-04-16,NONE,2,1,0,0.00,0,0,0.00,0,0,KRW
2604_다이트_전환캠페인,(신)_창원_인플방문후기_밥빵면안당기는원장님(itsmeyuriwon)_260407,1861796302859538,2026-04-16,AGE_35_44,2946,304,2,0.66,0,0,0.00,0,296,KRW
2604_다이트_전환캠페인,(신)_창원_인플방문후기_밥빵면안당기는원장님(itsmeyuriwon)_260407,1861796302859538,2026-04-16,AGE_45_54,4912,376,2,0.53,0,0,0.00,0,344,KRW
2604_다이트_전환캠페인,(신)_창원_인플방문후기_밥빵면안당기는원장님(itsmeyuriwon)_260407,1861796302859538,2026-04-16,AGE_55_100,3407,223,4,1.79,0,0,0.00,0,213,KRW
2604_다이트_전환캠페인,(신)_창원_인플방문후기_밥빵면안당기는원장님(itsmeyuriwon)_260407,1861796302859538,2026-04-16,NONE,0,0,0,0.00,0,0,0.00,0,0,KRW
2604_다이트_전환캠페인,(신)_창원_인플방문후기_주사형비만치료제(the.hyunniverse)_260403,1861427124084770,2026-04-16,NONE,0,0,0,0.00,0,0,0.00,0,0,KRW
2604_다이트_전환캠페인,(신)_천안_의료진정보_주사형비만치료제 10년은_260116,1861279064396242,2026-04-16,AGE_35_44,440,73,0,0.00,0,0,0.00,0,70,KRW
2604_다이트_전환캠페인,(신)_천안_의료진정보_주사형비만치료제 10년은_260116,1861279064396242,2026-04-16,AGE_45_54,729,70,2,2.86,0,0,0.00,0,67,KRW
2604_다이트_전환캠페인,(신)_천안_의료진정보_주사형비만치료제 10년은_260116,1861279064396242,2026-04-16,AGE_55_100,571,73,2,2.74,0,0,0.00,0,67,KRW
2604_다이트_전환캠페인,(신)_천안_의료진정보_주사형비만치료제 10년은_260116,1861279064396242,2026-04-16,NONE,0,0,0,0.00,0,0,0.00,0,0,KRW
2604_다이트_전환캠페인,(신)_천안_인플방문후기_밥빵면안당기는원장님(itsmeyuriwon)_260407,1861796395517250,2026-04-16,AGE_35_44,3243,256,1,0.39,1,3243,100.00,0,241,KRW
2604_다이트_전환캠페인,(신)_천안_인플방문후기_밥빵면안당기는원장님(itsmeyuriwon)_260407,1861796395517250,2026-04-16,AGE_45_54,3890,246,3,1.22,0,0,0.00,0,222,KRW
2604_다이트_전환캠페인,(신)_천안_인플방문후기_밥빵면안당기는원장님(itsmeyuriwon)_260407,1861796395517250,2026-04-16,AGE_55_100,1309,99,0,0.00,0,0,0.00,0,94,KRW
2604_다이트_전환캠페인,(신)_천안_인플방문후기_밥빵면안당기는원장님(itsmeyuriwon)_260407,1861796395517250,2026-04-16,NONE,15,1,0,0.00,0,0,0.00,0,0,KRW
2604_다이트_전환캠페인,(신)_천안_인플방문후기_주사형비만치료제(the.hyunniverse)_260403,1861969033799841,2026-04-16,AGE_35_44,1757,237,1,0.42,0,0,0.00,0,224,KRW
2604_다이트_전환캠페인,(신)_천안_인플방문후기_주사형비만치료제(the.hyunniverse)_260403,1861969033799841,2026-04-16,AGE_45_54,2825,244,1,0.41,0,0,0.00,0,226,KRW
2604_다이트_전환캠페인,(신)_천안_인플방문후기_주사형비만치료제(the.hyunniverse)_260403,1861969033799841,2026-04-16,AGE_55_100,1487,125,2,1.60,0,0,0.00,0,117,KRW
2604_다이트_전환캠페인,(신)_천안_진료셀프캠_주사형 비만치료제보다 더중요한이것_260120,1861969112559697,2026-04-16,AGE_35_44,6542,791,1,0.13,0,0,0.00,0,728,KRW
2604_다이트_전환캠페인,(신)_천안_진료셀프캠_주사형 비만치료제보다 더중요한이것_260120,1861969112559697,2026-04-16,AGE_45_54,10736,806,4,0.50,0,0,0.00,0,734,KRW
2604_다이트_전환캠페인,(신)_천안_진료셀프캠_주사형 비만치료제보다 더중요한이것_260120,1861969112559697,2026-04-16,AGE_55_100,10559,715,6,0.84,1,10559,16.67,0,642,KRW
2604_다이트_전환캠페인,(신)_천안_진료셀프캠_주사형 비만치료제보다 더중요한이것_260120,1861969112559697,2026-04-16,NONE,91,4,0,0.00,0,0,0.00,0,0,KRW
2603_다이트_전환캠페인,(재)_대구_의료진정보_비만주사 굶는다이어트_260320,1860263658516898,2026-04-16,NONE,0,0,0,0.00,0,0,0.00,0,0,KRW
2603_다이트_전환캠페인,(재)_대구_의료진정보_비만주사요요 탄수중독_260320,1860170996611154,2026-04-16,NONE,0,0,0,0.00,0,0,0.00,0,0,KRW
2604_다이트_전환캠페인,"(재)_대구_인플방문후기_건강한다이어트(대구,박고경)_260325",1861278128485793,2026-04-16,AGE_35_44,2856,415,2,0.48,0,0,0.00,0,407,KRW
2604_다이트_전환캠페인,"(재)_대구_인플방문후기_건강한다이어트(대구,박고경)_260325",1861278128485793,2026-04-16,AGE_45_54,2850,242,2,0.83,0,0,0.00,0,235,KRW
2604_다이트_전환캠페인,"(재)_대구_인플방문후기_건강한다이어트(대구,박고경)_260325",1861278128485793,2026-04-16,AGE_55_100,1091,196,0,0.00,0,0,0.00,0,194,KRW
2604_다이트_전환캠페인,"(재)_대구_인플방문후기_건강한다이어트(대구,박고경)_260325",1861278128485793,2026-04-16,NONE,0,0,0,0.00,0,0,0.00,0,0,KRW
2603_다이트_전환캠페인,"(재)_대구_인플방문후기_건강한다이어트(대구,박고경)_260325",1860614125298753,2026-04-16,NONE,0,0,0,0.00,0,0,0.00,0,0,KRW
2603_다이트_전환캠페인,(재)_대구_인플방문후기_맘껏먹는 다이어트 한달후기_260306,1858833581846626,2026-04-16,NONE,0,0,0,0.00,0,0,0.00,0,0,KRW
2604_다이트_전환캠페인,(재)_대구_인플방문후기_연예인다이어트(플랜비)_260416,1862614242718769,2026-04-16,AGE_35_44,179,34,0,0.00,0,0,0.00,0,34,KRW
2604_다이트_전환캠페인,(재)_대구_인플방문후기_연예인다이어트(플랜비)_260416,1862614242718769,2026-04-16,AGE_45_54,278,41,1,2.44,0,0,0.00,0,41,KRW
2604_다이트_전환캠페인,(재)_대구_인플방문후기_연예인다이어트(플랜비)_260416,1862614242718769,2026-04-16,AGE_55_100,103,24,0,0.00,0,0,0.00,0,24,KRW
2603_다이트_전환캠페인,(재)_대구_인플방문후기_체지방만쏙빼는(부산잇츠)_260220,1858358889560241,2026-04-16,NONE,0,0,0,0.00,0,0,0.00,0,0,KRW
2604_다이트_전환캠페인,(재)_대구_진료셀프캠_다이어트의적 밥빵면_260407,1861778669641809,2026-04-16,AGE_35_44,4009,337,1,0.30,1,4009,100.00,0,331,KRW
2604_다이트_전환캠페인,(재)_대구_진료셀프캠_다이어트의적 밥빵면_260407,1861778669641809,2026-04-16,AGE_45_54,9211,438,3,0.68,1,9211,33.33,0,429,KRW
2604_다이트_전환캠페인,(재)_대구_진료셀프캠_다이어트의적 밥빵면_260407,1861778669641809,2026-04-16,AGE_55_100,8587,376,4,1.06,0,0,0.00,0,360,KRW
2604_다이트_전환캠페인,(재)_대구_진료셀프캠_다이어트의적 밥빵면_260407,1861778669641809,2026-04-16,NONE,40,3,0,0.00,0,0,0.00,0,0,KRW
2603_다이트_전환캠페인,(재)_대구_진료셀프캠_비만주사 10년은 늙어보인대요_260326,1860714231170321,2026-04-16,NONE,0,0,0,0.00,0,0,0.00,0,0,KRW
2604_다이트_전환캠페인,(재)_대구_진료셀프캠_비만주사가놓친것_260414,1862452759074146,2026-04-16,AGE_35_44,1430,383,0,0.00,0,0,0.00,0,371,KRW
2604_다이트_전환캠페인,(재)_대구_진료셀프캠_비만주사가놓친것_260414,1862452759074146,2026-04-16,AGE_45_54,2146,371,1,0.27,0,0,0.00,0,355,KRW
2604_다이트_전환캠페인,(재)_대구_진료셀프캠_비만주사가놓친것_260414,1862452759074146,2026-04-16,AGE_55_100,1892,405,0,0.00,0,0,0.00,0,383,KRW
2604_다이트_전환캠페인,(재)_대구_진료셀프캠_비만주사가놓친것_260414,1862452759074146,2026-04-16,NONE,17,2,0,0.00,0,0,0.00,0,0,KRW
2603_다이트_전환캠페인,(재)_대구_진료셀프캠_비만주사끊고15kg_260326,1860714231170337,2026-04-16,NONE,0,0,0,0.00,0,0,0.00,0,0,KRW
2604_다이트_전환캠페인,(재)_대구_진료셀프캠_식욕억제주사실패 마지막_260407,1861779512219682,2026-04-16,AGE_35_44,6651,565,3,0.53,0,0,0.00,0,550,KRW
2604_다이트_전환캠페인,(재)_대구_진료셀프캠_식욕억제주사실패 마지막_260407,1861779512219682,2026-04-16,AGE_45_54,9257,644,5,0.78,1,9257,20.00,0,617,KRW
2604_다이트_전환캠페인,(재)_대구_진료셀프캠_식욕억제주사실패 마지막_260407,1861779512219682,2026-04-16,AGE_55_100,4881,421,2,0.48,0,0,0.00,0,409,KRW
2604_다이트_전환캠페인,(재)_대구_진료셀프캠_운동안해도되는_260416,1862612192785601,2026-04-16,AGE_35_44,136,49,1,2.04,0,0,0.00,0,49,KRW
2604_다이트_전환캠페인,(재)_대구_진료셀프캠_운동안해도되는_260416,1862612192785601,2026-04-16,AGE_45_54,53,26,0,0.00,0,0,0.00,0,26,KRW
2604_다이트_전환캠페인,(재)_대구_진료셀프캠_운동안해도되는_260416,1862612192785601,2026-04-16,AGE_55_100,124,25,0,0.00,0,0,0.00,0,25,KRW
2604_다이트_전환캠페인,(재)_대구_진료셀프캠_운동안해도되는_260416,1862612192785601,2026-04-16,NONE,5,1,0,0.00,0,0,0.00,0,0,KRW
2604_다이트_전환캠페인,(재)_대구_진료셀프캠_주사형비만치료제 고민끝에 50대부부 -32kg_260225,1861278082187298,2026-04-16,AGE_35_44,4264,527,2,0.38,1,4264,50.00,0,517,KRW
2604_다이트_전환캠페인,(재)_대구_진료셀프캠_주사형비만치료제 고민끝에 50대부부 -32kg_260225,1861278082187298,2026-04-16,AGE_45_54,9958,649,3,0.46,0,0,0.00,0,634,KRW
2604_다이트_전환캠페인,(재)_대구_진료셀프캠_주사형비만치료제 고민끝에 50대부부 -32kg_260225,1861278082187298,2026-04-16,AGE_55_100,7618,513,4,0.78,0,0,0.00,0,494,KRW
2603_다이트_전환캠페인,(재)_대구_진료셀프캠_주사형비만치료제 고민끝에 50대부부 -32kg_260225,1860546064808049,2026-04-16,NONE,0,0,0,0.00,0,0,0.00,0,0,KRW
2604_다이트_전환캠페인,(재)_대구_진료셀프캠_주사형비만치료제 고민끝에 50대부부 -32kg_260225,1861278082187298,2026-04-16,NONE,31,3,0,0.00,0,0,0.00,0,0,KRW
2604_다이트_전환캠페인,"(재)_대전_인플방문후기_건강한다이어트(대전, 박고경)_260406",1861709876075633,2026-04-16,NONE,0,0,0,0.00,0,0,0.00,0,0,KRW
2604_다이트_전환캠페인,(재)_대전_진료셀프캠_다이어트의적 밥빵면_260407,1861776478109986,2026-04-16,AGE_35_44,5504,306,1,0.33,0,0,0.00,0,300,KRW
2604_다이트_전환캠페인,(재)_대전_진료셀프캠_다이어트의적 밥빵면_260407,1861776478109986,2026-04-16,AGE_45_54,7541,413,3,0.73,0,0,0.00,0,397,KRW
2604_다이트_전환캠페인,(재)_대전_진료셀프캠_다이어트의적 밥빵면_260407,1861776478109986,2026-04-16,AGE_55_100,4314,291,0,0.00,0,0,0.00,0,282,KRW
2604_다이트_전환캠페인,(재)_대전_진료셀프캠_다이어트의적 밥빵면_260407,1861776478109986,2026-04-16,NONE,8,3,0,0.00,0,0,0.00,0,0,KRW
2604_다이트_전환캠페인,(재)_대전_진료셀프캠_비만주사가놓친것_260414,1862452993099026,2026-04-16,AGE_35_44,583,200,0,0.00,0,0,0.00,0,198,KRW
2604_다이트_전환캠페인,(재)_대전_진료셀프캠_비만주사가놓친것_260414,1862452993099026,2026-04-16,AGE_45_54,380,177,1,0.56,0,0,0.00,0,175,KRW
2604_다이트_전환캠페인,(재)_대전_진료셀프캠_비만주사가놓친것_260414,1862452993099026,2026-04-16,AGE_55_100,444,149,0,0.00,0,0,0.00,0,146,KRW
2604_다이트_전환캠페인,(재)_대전_진료셀프캠_비만주사가놓친것_260414,1862452993099026,2026-04-16,NONE,0,1,0,0.00,0,0,0.00,0,0,KRW
2604_다이트_전환캠페인,(재)_대전_진료셀프캠_식욕억제주사실패 마지막_260406,1861708051912898,2026-04-16,AGE_35_44,10046,617,0,0.00,0,0,0.00,0,585,KRW
2604_다이트_전환캠페인,(재)_대전_진료셀프캠_식욕억제주사실패 마지막_260406,1861708051912898,2026-04-16,AGE_45_54,14736,733,6,0.82,0,0,0.00,0,691,KRW
2604_다이트_전환캠페인,(재)_대전_진료셀프캠_식욕억제주사실패 마지막_260406,1861708051912898,2026-04-16,AGE_55_100,8774,414,3,0.72,0,0,0.00,0,392,KRW
2604_다이트_전환캠페인,(재)_대전_진료셀프캠_식욕억제주사실패 마지막_260406,1861708051912898,2026-04-16,NONE,11,2,0,0.00,0,0,0.00,0,0,KRW
2604_다이트_전환캠페인,(재)_대전_진료셀프캠_주사형비만치료제 고민끝에 50대부부 -32kg_260225,1861708178989089,2026-04-16,AGE_35_44,2821,231,1,0.43,0,0,0.00,0,225,KRW
2604_다이트_전환캠페인,(재)_대전_진료셀프캠_주사형비만치료제 고민끝에 50대부부 -32kg_260225,1861708178989089,2026-04-16,AGE_45_54,4128,304,0,0.00,0,0,0.00,0,294,KRW
2604_다이트_전환캠페인,(재)_대전_진료셀프캠_주사형비만치료제 고민끝에 50대부부 -32kg_260225,1861708178989089,2026-04-16,AGE_55_100,1919,212,0,0.00,0,0,0.00,0,203,KRW
2604_다이트_전환캠페인,(재)_대전_진료셀프캠_주사형비만치료제 고민끝에 50대부부 -32kg_260225,1861708178989089,2026-04-16,NONE,22,4,0,0.00,0,0,0.00,0,0,KRW
2603_다이트_전환캠페인,(재)_부평_의료진정보_비만주사 굶는다이어트_260320,1860170168891553,2026-04-16,NONE,0,0,0,0.00,0,0,0.00,0,0,KRW
2603_다이트_전환캠페인,(재)_부평_의료진정보_비만주사요요 탄수중독_260320,1860170168891521,2026-04-16,NONE,0,0,0,0.00,0,0,0.00,0,0,KRW
2604_다이트_전환캠페인,(재)_부평_인플방문후기_연예인다이어트(플랜비)_260416,1862613882586418,2026-04-16,AGE_35_44,127,15,0,0.00,0,0,0.00,0,15,KRW
2604_다이트_전환캠페인,(재)_부평_인플방문후기_연예인다이어트(플랜비)_260416,1862613882586418,2026-04-16,AGE_45_54,85,19,0,0.00,0,0,0.00,0,19,KRW
2604_다이트_전환캠페인,(재)_부평_인플방문후기_연예인다이어트(플랜비)_260416,1862613882586418,2026-04-16,AGE_55_100,249,25,0,0.00,0,0,0.00,0,25,KRW
2604_다이트_전환캠페인,(재)_부평_진료셀프캠_4050다이어트비밀_260414,1862453369868354,2026-04-16,AGE_35_44,5563,1268,3,0.24,0,0,0.00,0,1145,KRW
2604_다이트_전환캠페인,(재)_부평_진료셀프캠_4050다이어트비밀_260414,1862453369868354,2026-04-16,AGE_45_54,8755,1578,3,0.19,0,0,0.00,0,1400,KRW
2604_다이트_전환캠페인,(재)_부평_진료셀프캠_4050다이어트비밀_260414,1862453369868354,2026-04-16,AGE_55_100,7370,1429,1,0.07,0,0,0.00,0,1247,KRW
2604_다이트_전환캠페인,(재)_부평_진료셀프캠_4050다이어트비밀_260414,1862453369868354,2026-04-16,NONE,19,7,0,0.00,0,0,0.00,0,0,KRW
2603_다이트_전환캠페인,(재)_부평_진료셀프캠_50대 뱃살 체지방만_260317,1859896270778561,2026-04-16,NONE,0,0,0,0.00,0,0,0.00,0,0,KRW
2604_다이트_전환캠페인,(재)_부평_진료셀프캠_비만주사가놓친것_260414,1862452531926049,2026-04-16,AGE_35_44,3080,538,2,0.37,0,0,0.00,0,503,KRW
2604_다이트_전환캠페인,(재)_부평_진료셀프캠_비만주사가놓친것_260414,1862452531926049,2026-04-16,AGE_45_54,5709,664,0,0.00,0,0,0.00,0,618,KRW
2604_다이트_전환캠페인,(재)_부평_진료셀프캠_비만주사가놓친것_260414,1862452531926049,2026-04-16,AGE_55_100,4052,537,3,0.56,1,4052,33.33,0,485,KRW
2604_다이트_전환캠페인,(재)_부평_진료셀프캠_비만주사가놓친것_260414,1862452531926049,2026-04-16,NONE,7,4,0,0.00,0,0,0.00,0,0,KRW
2604_다이트_전환캠페인,(재)_부평_진료셀프캠_식욕억제주사실패 마지막_260407,1861779276638289,2026-04-16,AGE_35_44,4128,325,2,0.62,1,4128,50.00,0,308,KRW
2604_다이트_전환캠페인,(재)_부평_진료셀프캠_식욕억제주사실패 마지막_260407,1861779276638289,2026-04-16,AGE_45_54,15987,612,8,1.31,0,0,0.00,0,568,KRW
2604_다이트_전환캠페인,(재)_부평_진료셀프캠_식욕억제주사실패 마지막_260407,1861779276638289,2026-04-16,AGE_55_100,8268,347,4,1.15,0,0,0.00,0,330,KRW
2604_다이트_전환캠페인,(재)_부평_진료셀프캠_식욕억제주사실패 마지막_260407,1861779276638289,2026-04-16,NONE,9,2,0,0.00,0,0,0.00,0,0,KRW
2604_다이트_전환캠페인,(재)_부평_진료셀프캠_운동안해도되는_260416,1862612072337410,2026-04-16,AGE_35_44,20,6,0,0.00,0,0,0.00,0,6,KRW
2604_다이트_전환캠페인,(재)_부평_진료셀프캠_운동안해도되는_260416,1862612072337410,2026-04-16,AGE_45_54,29,6,0,0.00,0,0,0.00,0,6,KRW
2604_다이트_전환캠페인,(재)_부평_진료셀프캠_운동안해도되는_260416,1862612072337410,2026-04-16,AGE_55_100,10,2,0,0.00,0,0,0.00,0,2,KRW
2603_다이트_전환캠페인,(재)_부평_진료셀프캠_주사형비만치료제 고민끝에 50대부부 -32kg_260225,1858358875905138,2026-04-16,NONE,0,0,0,0.00,0,0,0.00,0,0,KRW
2604_다이트_전환캠페인,(재)_부평_진료셀프캠_주사형비만치료제 고민끝에 50대부부 -32kg_260225,1861276697497633,2026-04-16,NONE,0,0,0,0.00,0,0,0.00,0,0,KRW
2604_다이트_전환캠페인,(재)_서울_의료진정보_무작정운동으로 팩폭_260406,1861709796228209,2026-04-16,NONE,0,0,0,0.00,0,0,0.00,0,0,KRW
2604_다이트_전환캠페인,(재)_서울_인플방문후기_맘껏먹는 다이어트 한달후기_260306,1861276306937889,2026-04-16,NONE,0,0,0,0.00,0,0,0.00,0,0,KRW
2603_다이트_전환캠페인,(재)_서울_인플방문후기_맘껏먹는 다이어트 한달후기_260306,1858832894864657,2026-04-16,NONE,0,0,0,0.00,0,0,0.00,0,0,KRW
2604_다이트_전환캠페인,(재)_서울_인플방문후기_먹고싶은거다먹는(수원잇츠)_260403,1861438096695922,2026-04-16,AGE_35_44,269,42,0,0.00,0,0,0.00,0,42,KRW
2604_다이트_전환캠페인,(재)_서울_인플방문후기_먹고싶은거다먹는(수원잇츠)_260403,1861438096695922,2026-04-16,AGE_45_54,438,55,1,1.82,0,0,0.00,0,52,KRW
2604_다이트_전환캠페인,(재)_서울_인플방문후기_먹고싶은거다먹는(수원잇츠)_260403,1861438096695922,2026-04-16,AGE_55_100,272,40,0,0.00,0,0,0.00,0,39,KRW
2604_다이트_전환캠페인,(재)_서울_인플방문후기_먹고싶은거다먹는(수원잇츠)_260403,1861438096695922,2026-04-16,NONE,0,0,0,0.00,0,0,0.00,0,0,KRW
2604_다이트_전환캠페인,(재)_서울_인플방문후기_연예인다이어트(플랜비)_260416,1862611925509122,2026-04-16,AGE_35_44,66,15,0,0.00,0,0,0.00,0,15,KRW
2604_다이트_전환캠페인,(재)_서울_인플방문후기_연예인다이어트(플랜비)_260416,1862611925509122,2026-04-16,AGE_45_54,101,26,0,0.00,0,0,0.00,0,25,KRW
2604_다이트_전환캠페인,(재)_서울_인플방문후기_연예인다이어트(플랜비)_260416,1862611925509122,2026-04-16,AGE_55_100,69,16,0,0.00,0,0,0.00,0,16,KRW
2603_다이트_전환캠페인,(재)_서울_진료셀프캠_비만주사 10년은 늙어보인대요_260326,1860713002800545,2026-04-16,NONE,0,0,0,0.00,0,0,0.00,0,0,KRW
2604_다이트_전환캠페인,(재)_서울_진료셀프캠_비만주사가놓친것_260414,1862427431553298,2026-04-16,AGE_35_44,928,223,1,0.45,0,0,0.00,0,209,KRW
2604_다이트_전환캠페인,(재)_서울_진료셀프캠_비만주사가놓친것_260414,1862427431553298,2026-04-16,AGE_45_54,1977,346,0,0.00,0,0,0.00,0,329,KRW
2604_다이트_전환캠페인,(재)_서울_진료셀프캠_비만주사가놓친것_260414,1862427431553298,2026-04-16,AGE_55_100,2105,425,0,0.00,0,0,0.00,0,396,KRW
2604_다이트_전환캠페인,(재)_서울_진료셀프캠_비만주사가놓친것_260414,1862427431553298,2026-04-16,NONE,4,1,0,0.00,0,0,0.00,0,0,KRW
2603_다이트_전환캠페인,(재)_서울_진료셀프캠_비만주사없이 체질_260320,1860169742535905,2026-04-16,NONE,0,0,0,0.00,0,0,0.00,0,0,KRW
2604_다이트_전환캠페인,(재)_서울_진료셀프캠_식욕억제주사실패 마지막_260407,1861778815720546,2026-04-16,AGE_35_44,2006,139,0,0.00,0,0,0.00,0,136,KRW
2604_다이트_전환캠페인,(재)_서울_진료셀프캠_식욕억제주사실패 마지막_260407,1861778815720546,2026-04-16,AGE_45_54,5737,266,5,1.88,0,0,0.00,0,258,KRW
2604_다이트_전환캠페인,(재)_서울_진료셀프캠_식욕억제주사실패 마지막_260407,1861778815720546,2026-04-16,AGE_55_100,4531,207,3,1.45,0,0,0.00,0,198,KRW
2604_다이트_전환캠페인,(재)_서울_진료셀프캠_운동안해도되는_260416,1862607904464929,2026-04-16,AGE_35_44,47,10,0,0.00,0,0,0.00,0,10,KRW
2604_다이트_전환캠페인,(재)_서울_진료셀프캠_운동안해도되는_260416,1862607904464929,2026-04-16,AGE_45_54,84,15,0,0.00,0,0,0.00,0,15,KRW
2604_다이트_전환캠페인,(재)_서울_진료셀프캠_운동안해도되는_260416,1862607904464929,2026-04-16,AGE_55_100,68,16,0,0.00,0,0,0.00,0,16,KRW
2604_다이트_전환캠페인,(재)_서울_진료셀프캠_의사가권하지않는4050_260414,1862453122462113,2026-04-16,AGE_35_44,3596,567,3,0.53,0,0,0.00,0,523,KRW
2604_다이트_전환캠페인,(재)_서울_진료셀프캠_의사가권하지않는4050_260414,1862453122462113,2026-04-16,AGE_45_54,6072,742,3,0.40,0,0,0.00,0,677,KRW
2604_다이트_전환캠페인,(재)_서울_진료셀프캠_의사가권하지않는4050_260414,1862453122462113,2026-04-16,AGE_55_100,7855,830,2,0.24,1,7855,50.00,0,748,KRW
2604_다이트_전환캠페인,(재)_서울_진료셀프캠_의사가권하지않는4050_260414,1862453122462113,2026-04-16,NONE,0,0,0,0.00,0,0,0.00,0,0,KRW
2604_다이트_전환캠페인,(재)_서울_진료셀프캠_주사형비만치료제 고민끝에 50대부부 -32kg_260225,1861276155386962,2026-04-16,AGE_35_44,2622,109,1,0.92,0,0,0.00,0,108,KRW
2604_다이트_전환캠페인,(재)_서울_진료셀프캠_주사형비만치료제 고민끝에 50대부부 -32kg_260225,1861276155386962,2026-04-16,AGE_45_54,3600,204,3,1.47,0,0,0.00,0,201,KRW
2604_다이트_전환캠페인,(재)_서울_진료셀프캠_주사형비만치료제 고민끝에 50대부부 -32kg_260225,1861276155386962,2026-04-16,AGE_55_100,4139,196,3,1.53,0,0,0.00,0,191,KRW
2603_다이트_전환캠페인,(재)_서울_진료셀프캠_주사형비만치료제 고민끝에 50대부부 -32kg_260225,1859357641001154,2026-04-16,NONE,0,0,0,0.00,0,0,0.00,0,0,KRW
2604_다이트_전환캠페인,(재)_서울_진료셀프캠_주사형비만치료제 고민끝에 50대부부 -32kg_260225,1861276155386962,2026-04-16,NONE,0,0,0,0.00,0,0,0.00,0,0,KRW
2604_다이트_전환캠페인,(재)_수원_의료진정보_4050나잇살 이유는 여기에_260410,1862064207732210,2026-04-16,AGE_25_34,803,227,2,0.88,0,0,0.00,0,226,KRW
2604_다이트_전환캠페인,(재)_수원_의료진정보_4050나잇살 이유는 여기에_260410,1862064207732210,2026-04-16,AGE_35_44,765,176,2,1.14,0,0,0.00,0,171,KRW
2604_다이트_전환캠페인,(재)_수원_의료진정보_4050나잇살 이유는 여기에_260410,1862064207732210,2026-04-16,AGE_45_54,1679,217,0,0.00,0,0,0.00,0,211,KRW
2604_다이트_전환캠페인,(재)_수원_의료진정보_4050나잇살 이유는 여기에_260410,1862064207732210,2026-04-16,AGE_55_100,1052,158,1,0.63,0,0,0.00,0,150,KRW
2604_다이트_전환캠페인,(재)_수원_의료진정보_4050나잇살 이유는 여기에_260410,1862064207732210,2026-04-16,NONE,3,1,0,0.00,0,0,0.00,0,0,KRW
2604_다이트_전환캠페인,(재)_수원_의료진정보_무작정운동으로 팩폭_260406,1861709615890674,2026-04-16,NONE,0,0,0,0.00,0,0,0.00,0,0,KRW
2604_다이트_전환캠페인,"(재)_수원_인플방문후기_건강한다이어트(수원,박고경)_260325",1861277190081841,2026-04-16,AGE_35_44,0,0,0,0.00,0,0,0.00,0,0,KRW
2603_다이트_전환캠페인,"(재)_수원_인플방문후기_건강한다이어트(수원,박고경)_260325",1860614554255474,2026-04-16,NONE,0,0,0,0.00,0,0,0.00,0,0,KRW
2604_다이트_전환캠페인,"(재)_수원_인플방문후기_건강한다이어트(수원,박고경)_260325",1861277190081841,2026-04-16,NONE,0,0,0,0.00,0,0,0.00,0,0,KRW
2604_다이트_전환캠페인,(재)_수원_인플방문후기_먹고싶은거다먹는(수원잇츠)_260403,1861437972025618,2026-04-16,NONE,0,0,0,0.00,0,0,0.00,0,0,KRW
2604_다이트_전환캠페인,(재)_수원_인플방문후기_연예인다이어트(플랜비)_260416,1862613961447426,2026-04-16,AGE_25_34,4,1,0,0.00,0,0,0.00,0,1,KRW
2604_다이트_전환캠페인,(재)_수원_인플방문후기_연예인다이어트(플랜비)_260416,1862613961447426,2026-04-16,AGE_35_44,5,2,0,0.00,0,0,0.00,0,2,KRW
2604_다이트_전환캠페인,(재)_수원_인플방문후기_연예인다이어트(플랜비)_260416,1862613961447426,2026-04-16,AGE_45_54,1,1,0,0.00,0,0,0.00,0,1,KRW
2604_다이트_전환캠페인,(재)_수원_인플방문후기_연예인다이어트(플랜비)_260416,1862613961447426,2026-04-16,AGE_55_100,0,0,0,0.00,0,0,0.00,0,0,KRW
2603_다이트_전환캠페인,(재)_수원_진료셀프캠_50대 20대처럼 체지방_260317,1859897183293617,2026-04-16,NONE,0,0,0,0.00,0,0,0.00,0,0,KRW
2603_다이트_전환캠페인,(재)_수원_진료셀프캠_50대 뱃살 체지방만_260317,1859896079113569,2026-04-16,NONE,0,0,0,0.00,0,0,0.00,0,0,KRW
2604_다이트_전환캠페인,(재)_수원_진료셀프캠_비만주사가놓친것_260414,1862452610512897,2026-04-16,AGE_25_34,1761,446,0,0.00,0,0,0.00,0,437,KRW
2604_다이트_전환캠페인,(재)_수원_진료셀프캠_비만주사가놓친것_260414,1862452610512897,2026-04-16,AGE_35_44,3145,526,0,0.00,0,0,0.00,0,498,KRW
2604_다이트_전환캠페인,(재)_수원_진료셀프캠_비만주사가놓친것_260414,1862452610512897,2026-04-16,AGE_45_54,4024,611,0,0.00,0,0,0.00,0,587,KRW
2604_다이트_전환캠페인,(재)_수원_진료셀프캠_비만주사가놓친것_260414,1862452610512897,2026-04-16,AGE_55_100,2645,506,0,0.00,0,0,0.00,0,476,KRW
2604_다이트_전환캠페인,(재)_수원_진료셀프캠_비만주사가놓친것_260414,1862452610512897,2026-04-16,NONE,3,2,0,0.00,0,0,0.00,0,0,KRW
2603_다이트_전환캠페인,(재)_수원_진료셀프캠_비만주사끊고15kg_260326,1860713698941138,2026-04-16,NONE,0,0,0,0.00,0,0,0.00,0,0,KRW
2603_다이트_전환캠페인,(재)_수원_진료셀프캠_비만주사없이 체질_260320,1860263832597618,2026-04-16,NONE,0,0,0,0.00,0,0,0.00,0,0,KRW
2604_다이트_전환캠페인,(재)_수원_진료셀프캠_비만주사없이 체질_260320,1861277107797025,2026-04-16,NONE,0,0,0,0.00,0,0,0.00,0,0,KRW
2604_다이트_전환캠페인,(재)_수원_진료셀프캠_식욕억제주사실패 마지막_260407,1861779341060274,2026-04-16,AGE_25_34,3742,597,1,0.17,0,0,0.00,0,586,KRW
2604_다이트_전환캠페인,(재)_수원_진료셀프캠_식욕억제주사실패 마지막_260407,1861779341060274,2026-04-16,AGE_35_44,8507,714,4,0.56,0,0,0.00,0,679,KRW
2604_다이트_전환캠페인,(재)_수원_진료셀프캠_식욕억제주사실패 마지막_260407,1861779341060274,2026-04-16,AGE_45_54,15592,861,7,0.81,1,15592,14.29,0,813,KRW
2604_다이트_전환캠페인,(재)_수원_진료셀프캠_식욕억제주사실패 마지막_260407,1861779341060274,2026-04-16,AGE_55_100,10261,551,5,0.91,0,0,0.00,0,517,KRW
2604_다이트_전환캠페인,(재)_수원_진료셀프캠_식욕억제주사실패 마지막_260407,1861779341060274,2026-04-16,NONE,39,3,0,0.00,0,0,0.00,0,0,KRW
2604_다이트_전환캠페인,(재)_수원_진료셀프캠_운동안해도되는_260416,1862612144893169,2026-04-16,AGE_25_34,243,41,0,0.00,0,0,0.00,0,41,KRW
2604_다이트_전환캠페인,(재)_수원_진료셀프캠_운동안해도되는_260416,1862612144893169,2026-04-16,AGE_35_44,244,46,0,0.00,0,0,0.00,0,46,KRW
2604_다이트_전환캠페인,(재)_수원_진료셀프캠_운동안해도되는_260416,1862612144893169,2026-04-16,AGE_45_54,367,53,0,0.00,0,0,0.00,0,53,KRW
2604_다이트_전환캠페인,(재)_수원_진료셀프캠_운동안해도되는_260416,1862612144893169,2026-04-16,AGE_55_100,574,46,0,0.00,0,0,0.00,0,44,KRW
2604_다이트_전환캠페인,(재)_수원_진료셀프캠_의사가권하지않는4050_260414,1862453880112178,2026-04-16,AGE_25_34,4403,981,4,0.41,0,0,0.00,0,945,KRW
2604_다이트_전환캠페인,(재)_수원_진료셀프캠_의사가권하지않는4050_260414,1862453880112178,2026-04-16,AGE_35_44,7177,1092,1,0.09,0,0,0.00,0,1009,KRW
2604_다이트_전환캠페인,(재)_수원_진료셀프캠_의사가권하지않는4050_260414,1862453880112178,2026-04-16,AGE_45_54,10151,1255,2,0.16,0,0,0.00,0,1157,KRW
2604_다이트_전환캠페인,(재)_수원_진료셀프캠_의사가권하지않는4050_260414,1862453880112178,2026-04-16,AGE_55_100,5975,1028,5,0.49,0,0,0.00,0,941,KRW
2604_다이트_전환캠페인,(재)_수원_진료셀프캠_의사가권하지않는4050_260414,1862453880112178,2026-04-16,NONE,12,1,0,0.00,0,0,0.00,0,0,KRW
2604_다이트_전환캠페인,(재)_일산_의료진정보_무작정운동으로 팩폭_260406,1861709552021505,2026-04-16,NONE,0,0,0,0.00,0,0,0.00,0,0,KRW
2604_다이트_전환캠페인,(재)_일산_인플방문후기_맘껏먹는 다이어트 한달후기_260306,1861277479159890,2026-04-16,AGE_35_44,2907,213,2,0.94,0,0,0.00,0,202,KRW
2604_다이트_전환캠페인,(재)_일산_인플방문후기_맘껏먹는 다이어트 한달후기_260306,1861277479159890,2026-04-16,AGE_45_54,3362,178,2,1.12,0,0,0.00,0,168,KRW
2604_다이트_전환캠페인,(재)_일산_인플방문후기_맘껏먹는 다이어트 한달후기_260306,1861277479159890,2026-04-16,AGE_55_100,768,69,0,0.00,0,0,0.00,0,65,KRW
2604_다이트_전환캠페인,(재)_일산_인플방문후기_맘껏먹는 다이어트 한달후기_260306,1861277479159890,2026-04-16,NONE,12,1,0,0.00,0,0,0.00,0,0,KRW
2604_다이트_전환캠페인,(재)_일산_인플방문후기_먹고싶은거다먹는(수원잇츠)_260403,1861437881987106,2026-04-16,AGE_35_44,558,57,0,0.00,0,0,0.00,0,55,KRW
2604_다이트_전환캠페인,(재)_일산_인플방문후기_먹고싶은거다먹는(수원잇츠)_260403,1861437881987106,2026-04-16,AGE_45_54,1318,70,3,4.29,0,0,0.00,0,61,KRW
2604_다이트_전환캠페인,(재)_일산_인플방문후기_먹고싶은거다먹는(수원잇츠)_260403,1861437881987106,2026-04-16,AGE_55_100,136,28,0,0.00,0,0,0.00,0,28,KRW
2604_다이트_전환캠페인,(재)_일산_인플방문후기_먹고싶은거다먹는(수원잇츠)_260403,1861437881987106,2026-04-16,NONE,0,0,0,0.00,0,0,0.00,0,0,KRW
2604_다이트_전환캠페인,(재)_일산_인플방문후기_연예인다이어트(일산 플랜비)_260416,1862614105575633,2026-04-16,AGE_35_44,74,20,0,0.00,0,0,0.00,0,20,KRW
2604_다이트_전환캠페인,(재)_일산_인플방문후기_연예인다이어트(일산 플랜비)_260416,1862614105575633,2026-04-16,AGE_45_54,144,30,0,0.00,0,0,0.00,0,30,KRW
2604_다이트_전환캠페인,(재)_일산_인플방문후기_연예인다이어트(일산 플랜비)_260416,1862614105575633,2026-04-16,AGE_55_100,227,30,0,0.00,0,0,0.00,0,30,KRW
2604_다이트_전환캠페인,(재)_일산_진료셀프캠_비만주사가놓친것_260414,1862452684235121,2026-04-16,AGE_35_44,1725,527,1,0.19,0,0,0.00,0,502,KRW
2604_다이트_전환캠페인,(재)_일산_진료셀프캠_비만주사가놓친것_260414,1862452684235121,2026-04-16,AGE_45_54,2114,592,2,0.34,0,0,0.00,0,569,KRW
2604_다이트_전환캠페인,(재)_일산_진료셀프캠_비만주사가놓친것_260414,1862452684235121,2026-04-16,AGE_55_100,3402,548,1,0.18,0,0,0.00,0,528,KRW
2604_다이트_전환캠페인,(재)_일산_진료셀프캠_비만주사가놓친것_260414,1862452684235121,2026-04-16,NONE,0,0,0,0.00,0,0,0.00,0,0,KRW
2604_다이트_전환캠페인,(재)_일산_진료셀프캠_식욕억제주사실패 마지막_260407,1861779422527666,2026-04-16,AGE_35_44,3859,344,1,0.29,0,0,0.00,0,336,KRW
2604_다이트_전환캠페인,(재)_일산_진료셀프캠_식욕억제주사실패 마지막_260407,1861779422527666,2026-04-16,AGE_45_54,13107,746,10,1.34,1,13107,10.00,0,697,KRW
2604_다이트_전환캠페인,(재)_일산_진료셀프캠_식욕억제주사실패 마지막_260407,1861779422527666,2026-04-16,AGE_55_100,12265,638,14,2.19,0,0,0.00,0,592,KRW
2604_다이트_전환캠페인,(재)_일산_진료셀프캠_식욕억제주사실패 마지막_260407,1861779422527666,2026-04-16,NONE,0,0,0,0.00,0,0,0.00,0,0,KRW
2604_다이트_전환캠페인,(재)_일산_진료셀프캠_운동안해도되는_260416,1862612254235649,2026-04-16,AGE_35_44,41,8,0,0.00,0,0,0.00,0,8,KRW
2604_다이트_전환캠페인,(재)_일산_진료셀프캠_운동안해도되는_260416,1862612254235649,2026-04-16,AGE_45_54,117,8,0,0.00,0,0,0.00,0,8,KRW
2604_다이트_전환캠페인,(재)_일산_진료셀프캠_운동안해도되는_260416,1862612254235649,2026-04-16,AGE_55_100,278,25,1,4.00,0,0,0.00,0,25,KRW
2604_다이트_전환캠페인,(재)_일산_진료셀프캠_의사가권하지않는4050_260414,1862453943180450,2026-04-16,AGE_35_44,954,546,0,0.00,0,0,0.00,0,536,KRW
2604_다이트_전환캠페인,(재)_일산_진료셀프캠_의사가권하지않는4050_260414,1862453943180450,2026-04-16,AGE_45_54,1415,602,3,0.50,0,0,0.00,0,582,KRW
2604_다이트_전환캠페인,(재)_일산_진료셀프캠_의사가권하지않는4050_260414,1862453943180450,2026-04-16,AGE_55_100,1700,515,3,0.58,0,0,0.00,0,498,KRW
2604_다이트_전환캠페인,(재)_일산_진료셀프캠_의사가권하지않는4050_260414,1862453943180450,2026-04-16,NONE,0,0,0,0.00,0,0,0.00,0,0,KRW
2603_다이트_전환캠페인,(재)_일산_진료셀프캠_주사형비만치료제 고민끝에 40대부부 -32kg_260225,1858358889558481,2026-04-16,NONE,0,0,0,0.00,0,0,0.00,0,0,KRW
2604_다이트_전환캠페인,(재)_창원_의료진정보_4050나잇살 이유는 여기에_260410,1862064114067810,2026-04-16,NONE,0,0,0,0.00,0,0,0.00,0,0,KRW
2603_다이트_전환캠페인,"(재)_창원_인플방문후기_건강한다이어트(창원,박고경)_260325",1860614832883714,2026-04-16,NONE,0,0,0,0.00,0,0,0.00,0,0,KRW
2604_다이트_전환캠페인,(재)_창원_인플방문후기_먹고싶은거다먹는(수원잇츠)_260403,1861437705571345,2026-04-16,AGE_35_44,749,154,0,0.00,0,0,0.00,0,153,KRW
2604_다이트_전환캠페인,(재)_창원_인플방문후기_먹고싶은거다먹는(수원잇츠)_260403,1861437705571345,2026-04-16,AGE_45_54,1286,191,2,1.05,0,0,0.00,0,179,KRW
2604_다이트_전환캠페인,(재)_창원_인플방문후기_먹고싶은거다먹는(수원잇츠)_260403,1861437705571345,2026-04-16,AGE_55_100,699,104,0,0.00,0,0,0.00,0,101,KRW
2604_다이트_전환캠페인,(재)_창원_인플방문후기_먹고싶은거다먹는(수원잇츠)_260403,1861437705571345,2026-04-16,NONE,3,2,0,0.00,0,0,0.00,0,0,KRW
2604_다이트_전환캠페인,(재)_창원_인플방문후기_연예인다이어트(플랜비)_260416,1862614349846529,2026-04-16,AGE_35_44,81,23,0,0.00,0,0,0.00,0,23,KRW
2604_다이트_전환캠페인,(재)_창원_인플방문후기_연예인다이어트(플랜비)_260416,1862614349846529,2026-04-16,AGE_45_54,93,19,0,0.00,0,0,0.00,0,19,KRW
2604_다이트_전환캠페인,(재)_창원_인플방문후기_연예인다이어트(플랜비)_260416,1862614349846529,2026-04-16,AGE_55_100,96,19,0,0.00,0,0,0.00,0,19,KRW
2604_다이트_전환캠페인,(재)_창원_진료셀프캠_비만주사가놓친것_260414,1862452830171329,2026-04-16,AGE_35_44,1836,447,0,0.00,0,0,0.00,0,425,KRW
2604_다이트_전환캠페인,(재)_창원_진료셀프캠_비만주사가놓친것_260414,1862452830171329,2026-04-16,AGE_45_54,3332,591,1,0.17,0,0,0.00,0,546,KRW
2604_다이트_전환캠페인,(재)_창원_진료셀프캠_비만주사가놓친것_260414,1862452830171329,2026-04-16,AGE_55_100,2942,529,2,0.38,0,0,0.00,0,479,KRW
2604_다이트_전환캠페인,(재)_창원_진료셀프캠_비만주사가놓친것_260414,1862452830171329,2026-04-16,NONE,4,2,0,0.00,0,0,0.00,0,0,KRW
2604_다이트_전환캠페인,(재)_창원_진료셀프캠_식욕억제주사실패 마지막_260407,1861779402873057,2026-04-16,AGE_35_44,8095,546,6,1.10,0,0,0.00,0,485,KRW
2604_다이트_전환캠페인,(재)_창원_진료셀프캠_식욕억제주사실패 마지막_260407,1861779402873057,2026-04-16,AGE_45_54,15114,865,14,1.62,3,5038,21.43,0,769,KRW
2604_다이트_전환캠페인,(재)_창원_진료셀프캠_식욕억제주사실패 마지막_260407,1861779402873057,2026-04-16,AGE_55_100,10359,574,6,1.05,0,0,0.00,0,505,KRW
2604_다이트_전환캠페인,(재)_창원_진료셀프캠_식욕억제주사실패 마지막_260407,1861779402873057,2026-04-16,NONE,133,3,0,0.00,0,0,0.00,0,0,KRW
2604_다이트_전환캠페인,(재)_창원_진료셀프캠_운동안해도되는_260416,1862612192812097,2026-04-16,AGE_35_44,99,30,0,0.00,0,0,0.00,0,30,KRW
2604_다이트_전환캠페인,(재)_창원_진료셀프캠_운동안해도되는_260416,1862612192812097,2026-04-16,AGE_45_54,108,20,0,0.00,0,0,0.00,0,20,KRW
2604_다이트_전환캠페인,(재)_창원_진료셀프캠_운동안해도되는_260416,1862612192812097,2026-04-16,AGE_55_100,89,12,0,0.00,0,0,0.00,0,12,KRW
2604_다이트_전환캠페인,(재)_창원_진료셀프캠_의사가권하지않는4050_260414,1862454032569618,2026-04-16,AGE_35_44,1541,367,1,0.27,0,0,0.00,0,352,KRW
2604_다이트_전환캠페인,(재)_창원_진료셀프캠_의사가권하지않는4050_260414,1862454032569618,2026-04-16,AGE_45_54,3610,465,2,0.43,0,0,0.00,0,430,KRW
2604_다이트_전환캠페인,(재)_창원_진료셀프캠_의사가권하지않는4050_260414,1862454032569618,2026-04-16,AGE_55_100,2292,403,1,0.25,0,0,0.00,0,373,KRW
2604_다이트_전환캠페인,(재)_창원_진료셀프캠_의사가권하지않는4050_260414,1862454032569618,2026-04-16,NONE,0,0,0,0.00,0,0,0.00,0,0,KRW
2603_다이트_전환캠페인,(재)_창원_진료셀프캠_주사형비만치료제 고민끝에 50대부부 -32kg_260225,1860546141013361,2026-04-16,NONE,0,0,0,0.00,0,0,0.00,0,0,KRW
2604_다이트_전환캠페인,(재)_창원_진료셀프캠_주사형비만치료제 고민끝에 50대부부 -32kg_260225,1861278292523041,2026-04-16,NONE,0,0,0,0.00,0,0,0.00,0,0,KRW
2604_다이트_전환캠페인,(재)_천안_의료진정보_4050나잇살 이유는 여기에_260410,1862058676263265,2026-04-16,NONE,0,0,0,0.00,0,0,0.00,0,0,KRW
2604_다이트_전환캠페인,"(재)_천안_인플방문후기_건강한다이어트(천안, 박고경)_260325",1861278985311585,2026-04-16,AGE_35_44,2575,339,3,0.88,0,0,0.00,0,334,KRW
2604_다이트_전환캠페인,"(재)_천안_인플방문후기_건강한다이어트(천안, 박고경)_260325",1861278985311585,2026-04-16,AGE_45_54,2636,222,0,0.00,0,0,0.00,0,216,KRW
2604_다이트_전환캠페인,"(재)_천안_인플방문후기_건강한다이어트(천안, 박고경)_260325",1861278985311585,2026-04-16,AGE_55_100,1178,139,0,0.00,0,0,0.00,0,136,KRW
2603_다이트_전환캠페인,"(재)_천안_인플방문후기_건강한다이어트(천안, 박고경)_260325",1860615057904689,2026-04-16,NONE,0,0,0,0.00,0,0,0.00,0,0,KRW
2604_다이트_전환캠페인,"(재)_천안_인플방문후기_건강한다이어트(천안, 박고경)_260325",1861278985311585,2026-04-16,NONE,0,0,0,0.00,0,0,0.00,0,0,KRW
2603_다이트_전환캠페인,(재)_천안_인플방문후기_맘껏먹는 다이어트 한달후기_260306,1858834125348929,2026-04-16,NONE,0,0,0,0.00,0,0,0.00,0,0,KRW
2603_다이트_전환캠페인,(재)_천안_진료셀프캠_50대 뱃살 체지방만_260317,1859895975928241,2026-04-16,NONE,0,0,0,0.00,0,0,0.00,0,0,KRW
2604_다이트_전환캠페인,(재)_천안_진료셀프캠_비만주사 10년은 늙어보인대요_260326,1861279133802561,2026-04-16,NONE,0,0,0,0.00,0,0,0.00,0,0,KRW
2604_다이트_전환캠페인,(재)_천안_진료셀프캠_비만주사가놓친것_260414,1862452895498482,2026-04-16,AGE_35_44,2356,394,0,0.00,0,0,0.00,0,379,KRW
2604_다이트_전환캠페인,(재)_천안_진료셀프캠_비만주사가놓친것_260414,1862452895498482,2026-04-16,AGE_45_54,2680,378,0,0.00,0,0,0.00,0,358,KRW
2604_다이트_전환캠페인,(재)_천안_진료셀프캠_비만주사가놓친것_260414,1862452895498482,2026-04-16,AGE_55_100,1824,244,0,0.00,0,0,0.00,0,231,KRW
2604_다이트_전환캠페인,(재)_천안_진료셀프캠_비만주사가놓친것_260414,1862452895498482,2026-04-16,NONE,3,3,0,0.00,0,0,0.00,0,0,KRW
2603_다이트_전환캠페인,(재)_천안_진료셀프캠_비만주사끊고15kg_260326,1860714711311361,2026-04-16,NONE,0,0,0,0.00,0,0,0.00,0,0,KRW
2603_다이트_전환캠페인,(재)_천안_진료셀프캠_상체비만 40대 팔뚝살부터_260311,1859358567112033,2026-04-16,NONE,0,0,0,0.00,0,0,0.00,0,0,KRW
2604_다이트_전환캠페인,(재)_천안_진료셀프캠_의사가권하지않는4050_260414,1862454115509297,2026-04-16,AGE_35_44,2112,235,0,0.00,0,0,0.00,0,220,KRW
2604_다이트_전환캠페인,(재)_천안_진료셀프캠_의사가권하지않는4050_260414,1862454115509297,2026-04-16,AGE_45_54,1089,213,1,0.47,0,0,0.00,0,201,KRW
2604_다이트_전환캠페인,(재)_천안_진료셀프캠_의사가권하지않는4050_260414,1862454115509297,2026-04-16,AGE_55_100,926,166,0,0.00,0,0,0.00,0,152,KRW
2604_다이트_전환캠페인,(재)_천안_진료셀프캠_의사가권하지않는4050_260414,1862454115509297,2026-04-16,NONE,7,3,0,0.00,0,0,0.00,0,0,KRW
2604_다이트_전환캠페인,(재)_천안_진료셀프캠_주사형비만치료제 고민끝에 50대부부 -32kg_260225,1861968142031009,2026-04-16,NONE,0,0,0,0.00,0,0,0.00,0,0,KRW
2603_다이트_전환캠페인,(신)_대구_인플방문후기_당뇨다이어트(대읽남)_260311,1859417671501954,2026-04-17,NONE,0,0,0,0.00,0,0,0.00,0,0,KRW
2603_다이트_전환캠페인,(신)_대구_인플방문후기_먹으면서 다이어트(대읽남)_251017,1858362316758178,2026-04-17,NONE,0,0,0,0.00,0,0,0.00,0,0,KRW
2604_다이트_전환캠페인,(신)_대구_인플방문후기_먹으면서 다이어트(대읽남)_251017,1861277850752146,2026-04-17,NONE,0,0,0,0.00,0,0,0.00,0,0,KRW
2604_다이트_전환캠페인,(신)_대구_인플방문후기_밥빵면안당기는원장님(itsmeyuriwon)_260407,1861796218051601,2026-04-17,AGE_35_44,703,110,0,0.00,0,0,0.00,0,108,KRW
2604_다이트_전환캠페인,(신)_대구_인플방문후기_밥빵면안당기는원장님(itsmeyuriwon)_260407,1861796218051601,2026-04-17,AGE_45_54,1686,133,0,0.00,0,0,0.00,0,132,KRW
2604_다이트_전환캠페인,(신)_대구_인플방문후기_밥빵면안당기는원장님(itsmeyuriwon)_260407,1861796218051601,2026-04-17,AGE_55_100,724,83,0,0.00,0,0,0.00,0,83,KRW
2604_다이트_전환캠페인,(신)_대구_인플방문후기_주사형비만치료제(the.hyunniverse)_260403,1861968872286353,2026-04-17,AGE_45_54,0,0,0,0.00,0,0,0.00,0,0,KRW
2604_다이트_전환캠페인,(신)_대구_인플방문후기_주사형비만치료제(the.hyunniverse)_260403,1861968872286353,2026-04-17,AGE_55_100,13,1,0,0.00,0,0,0.00,0,1,KRW
2604_다이트_전환캠페인,(신)_대구_인플방문후기_주사형비만치료제(the.hyunniverse)_260403,1861968872286353,2026-04-17,NONE,3,1,0,0.00,0,0,0.00,0,0,KRW
2604_다이트_전환캠페인,(신)_대전_인플방문후기_밥빵면못참는현대인(대전잇츠)_260410,1862064327619745,2026-04-17,AGE_45_54,0,0,0,0.00,0,0,0.00,0,0,KRW
2604_다이트_전환캠페인,(신)_대전_인플방문후기_밥빵면안당기는원장님(itsmeyuriwon)_260407,1861796462367905,2026-04-17,AGE_35_44,1343,110,0,0.00,0,0,0.00,0,106,KRW
2604_다이트_전환캠페인,(신)_대전_인플방문후기_밥빵면안당기는원장님(itsmeyuriwon)_260407,1861796462367905,2026-04-17,AGE_45_54,2049,86,2,2.33,1,2049,50.00,0,84,KRW
2604_다이트_전환캠페인,(신)_대전_인플방문후기_밥빵면안당기는원장님(itsmeyuriwon)_260407,1861796462367905,2026-04-17,AGE_55_100,506,30,0,0.00,0,0,0.00,0,30,KRW
2604_다이트_전환캠페인,(신)_대전_인플방문후기_밥빵면안당기는원장님(itsmeyuriwon)_260407,1861796462367905,2026-04-17,NONE,0,0,0,0.00,0,0,0.00,0,0,KRW
2604_다이트_전환캠페인,(신)_대전_인플방문후기_주사형비만치료제(the.hyunniverse)_260403,1861968952635729,2026-04-17,AGE_35_44,942,139,0,0.00,0,0,0.00,0,134,KRW
2604_다이트_전환캠페인,(신)_대전_인플방문후기_주사형비만치료제(the.hyunniverse)_260403,1861968952635729,2026-04-17,AGE_45_54,1425,131,0,0.00,2,712,0.00,0,119,KRW
2604_다이트_전환캠페인,(신)_대전_인플방문후기_주사형비만치료제(the.hyunniverse)_260403,1861968952635729,2026-04-17,AGE_55_100,1042,113,1,0.88,0,0,0.00,0,103,KRW
2604_다이트_전환캠페인,(신)_대전_인플방문후기_주사형비만치료제(the.hyunniverse)_260403,1861968952635729,2026-04-17,NONE,17,1,0,0.00,0,0,0.00,0,0,KRW
2604_다이트_전환캠페인,(신)_대전_진료셀프캠_주사형 비만치료제보다 더중요한이것_260120,1861781961742465,2026-04-17,NONE,0,0,0,0.00,0,0,0.00,0,0,KRW
2604_다이트_전환캠페인,(신)_부평_의료진정보_주사형비만치료제 10년은_260116,1861276817166401,2026-04-17,NONE,0,0,0,0.00,0,0,0.00,0,0,KRW
2603_다이트_전환캠페인,(신)_부평_의료진정보_주사형비만치료제 10년은_260116,1860716092390562,2026-04-17,NONE,0,0,0,0.00,0,0,0.00,0,0,KRW
2603_다이트_전환캠페인,(신)_부평_인플방문후기_50대엄마 혈당다이어트(햅삐)_260317,1859896796626130,2026-04-17,NONE,0,0,0,0.00,0,0,0.00,0,0,KRW
2604_다이트_전환캠페인,(신)_부평_인플방문후기_건강한다이어트(박고경)_260324,1861276881397074,2026-04-17,AGE_35_44,1164,157,1,0.64,0,0,0.00,0,156,KRW
2604_다이트_전환캠페인,(신)_부평_인플방문후기_건강한다이어트(박고경)_260324,1861276881397074,2026-04-17,AGE_45_54,1522,139,1,0.72,0,0,0.00,0,137,KRW
2604_다이트_전환캠페인,(신)_부평_인플방문후기_건강한다이어트(박고경)_260324,1861276881397074,2026-04-17,AGE_55_100,594,82,0,0.00,0,0,0.00,0,78,KRW
2603_다이트_전환캠페인,(신)_부평_인플방문후기_건강한다이어트(박고경)_260324,1860541278478465,2026-04-17,NONE,0,0,0,0.00,0,0,0.00,0,0,KRW
2604_다이트_전환캠페인,(신)_부평_인플방문후기_건강한다이어트(박고경)_260324,1861276881397074,2026-04-17,NONE,0,0,0,0.00,0,0,0.00,0,0,KRW
2603_다이트_전환캠페인,(신)_부평_인플방문후기_더먹어야 다이어트 가능(더먹어유)_260313,1859538135129201,2026-04-17,NONE,0,0,0,0.00,0,0,0.00,0,0,KRW
2604_다이트_전환캠페인,(신)_부평_인플방문후기_밥빵면안당기는원장님(itsmeyuriwon)_260407,1861795578227042,2026-04-17,AGE_35_44,2065,215,4,1.86,0,0,0.00,0,208,KRW
2604_다이트_전환캠페인,(신)_부평_인플방문후기_밥빵면안당기는원장님(itsmeyuriwon)_260407,1861795578227042,2026-04-17,AGE_45_54,3557,182,1,0.55,0,0,0.00,0,175,KRW
2604_다이트_전환캠페인,(신)_부평_인플방문후기_밥빵면안당기는원장님(itsmeyuriwon)_260407,1861795578227042,2026-04-17,AGE_55_100,1556,120,0,0.00,0,0,0.00,0,118,KRW
2604_다이트_전환캠페인,(신)_부평_인플방문후기_밥빵면안당기는원장님(itsmeyuriwon)_260407,1861795578227042,2026-04-17,NONE,7,1,0,0.00,0,0,0.00,0,0,KRW
2604_다이트_전환캠페인,(신)_부평_인플방문후기_주사형비만치료제(the.hyunniverse)_260403,1861968247570690,2026-04-17,AGE_35_44,2857,465,1,0.22,0,0,0.00,0,444,KRW
2604_다이트_전환캠페인,(신)_부평_인플방문후기_주사형비만치료제(the.hyunniverse)_260403,1861968247570690,2026-04-17,AGE_45_54,4170,497,2,0.40,0,0,0.00,0,477,KRW
2604_다이트_전환캠페인,(신)_부평_인플방문후기_주사형비만치료제(the.hyunniverse)_260403,1861968247570690,2026-04-17,AGE_55_100,4761,400,0,0.00,0,0,0.00,0,370,KRW
2604_다이트_전환캠페인,(신)_부평_인플방문후기_주사형비만치료제(the.hyunniverse)_260403,1861968247570690,2026-04-17,NONE,12,2,0,0.00,0,0,0.00,0,0,KRW
2604_다이트_전환캠페인,(신)_서울_인플방문후기_밥빵면안당기는원장님(itsmeyuriwon)_260407,1861792943047986,2026-04-17,AGE_35_44,1112,83,0,0.00,0,0,0.00,0,82,KRW
2604_다이트_전환캠페인,(신)_서울_인플방문후기_밥빵면안당기는원장님(itsmeyuriwon)_260407,1861792943047986,2026-04-17,AGE_45_54,1572,78,1,1.28,0,0,0.00,0,77,KRW
2604_다이트_전환캠페인,(신)_서울_인플방문후기_밥빵면안당기는원장님(itsmeyuriwon)_260407,1861792943047986,2026-04-17,AGE_55_100,776,50,1,2.00,0,0,0.00,0,50,KRW
2604_다이트_전환캠페인,(신)_서울_인플방문후기_주사형비만치료제(the.hyunniverse)_260403,1861968379365409,2026-04-17,AGE_35_44,1593,169,0,0.00,0,0,0.00,0,165,KRW
2604_다이트_전환캠페인,(신)_서울_인플방문후기_주사형비만치료제(the.hyunniverse)_260403,1861968379365409,2026-04-17,AGE_45_54,2436,224,2,0.89,0,0,0.00,0,218,KRW
2604_다이트_전환캠페인,(신)_서울_인플방문후기_주사형비만치료제(the.hyunniverse)_260403,1861968379365409,2026-04-17,AGE_55_100,2586,226,3,1.33,0,0,0.00,0,217,KRW
2604_다이트_전환캠페인,(신)_서울_인플방문후기_주사형비만치료제(the.hyunniverse)_260403,1861968379365409,2026-04-17,NONE,0,0,0,0.00,0,0,0.00,0,0,KRW
2603_다이트_전환캠페인,(신)_수원_의료진정보_주사형비만치료제 10년은_260116,1861074626769138,2026-04-17,NONE,0,0,0,0.00,0,0,0.00,0,0,KRW
2604_다이트_전환캠페인,(신)_수원_인플방문후기_밥빵면안당기는원장님(itsmeyuriwon)_260407,1861796026692689,2026-04-17,AGE_25_34,2325,573,2,0.35,0,0,0.00,0,567,KRW
2604_다이트_전환캠페인,(신)_수원_인플방문후기_밥빵면안당기는원장님(itsmeyuriwon)_260407,1861796026692689,2026-04-17,AGE_35_44,3342,416,1,0.24,1,3342,100.00,0,399,KRW
2604_다이트_전환캠페인,(신)_수원_인플방문후기_밥빵면안당기는원장님(itsmeyuriwon)_260407,1861796026692689,2026-04-17,AGE_45_54,3840,340,0,0.00,0,0,0.00,0,335,KRW
2604_다이트_전환캠페인,(신)_수원_인플방문후기_밥빵면안당기는원장님(itsmeyuriwon)_260407,1861796026692689,2026-04-17,AGE_55_100,2215,201,1,0.50,0,0,0.00,0,198,KRW
2604_다이트_전환캠페인,(신)_수원_인플방문후기_밥빵면안당기는원장님(itsmeyuriwon)_260407,1861796026692689,2026-04-17,NONE,22,2,0,0.00,0,0,0.00,0,0,KRW
2604_다이트_전환캠페인,(신)_수원_인플방문후기_주사형비만치료제(the.hyunniverse)_260403,1861426333950193,2026-04-17,AGE_25_34,2300,553,0,0.00,0,0,0.00,0,538,KRW
2604_다이트_전환캠페인,(신)_수원_인플방문후기_주사형비만치료제(the.hyunniverse)_260403,1861426333950193,2026-04-17,AGE_35_44,3529,523,4,0.76,0,0,0.00,0,514,KRW
2604_다이트_전환캠페인,(신)_수원_인플방문후기_주사형비만치료제(the.hyunniverse)_260403,1861426333950193,2026-04-17,AGE_45_54,5604,599,0,0.00,0,0,0.00,0,580,KRW
2604_다이트_전환캠페인,(신)_수원_인플방문후기_주사형비만치료제(the.hyunniverse)_260403,1861426333950193,2026-04-17,AGE_55_100,4406,402,0,0.00,0,0,0.00,0,391,KRW
2604_다이트_전환캠페인,(신)_수원_인플방문후기_주사형비만치료제(the.hyunniverse)_260403,1861426333950193,2026-04-17,NONE,6,3,0,0.00,0,0,0.00,0,0,KRW
2604_다이트_전환캠페인,(신)_일산_인플방문후기_주사형비만치료제(the.hyunniverse)_260403,1861968797915602,2026-04-17,AGE_35_44,1340,274,1,0.36,0,0,0.00,0,274,KRW
2604_다이트_전환캠페인,(신)_일산_인플방문후기_주사형비만치료제(the.hyunniverse)_260403,1861968797915602,2026-04-17,AGE_45_54,2037,298,3,1.01,2,1018,66.67,0,292,KRW
2604_다이트_전환캠페인,(신)_일산_인플방문후기_주사형비만치료제(the.hyunniverse)_260403,1861968797915602,2026-04-17,AGE_55_100,1589,218,1,0.46,0,0,0.00,0,215,KRW
2604_다이트_전환캠페인,(신)_일산_인플방문후기_주사형비만치료제(the.hyunniverse)_260403,1861968797915602,2026-04-17,NONE,6,1,0,0.00,0,0,0.00,0,0,KRW
2603_다이트_전환캠페인,(신)_창원_의료진정보_주사형비만치료제 10년은_260116,1861074964856914,2026-04-17,NONE,0,0,0,0.00,0,0,0.00,0,0,KRW
2603_다이트_전환캠페인,(신)_창원_인플방문후기_더먹어야 다이어트 가능(더먹어유)_260313,1859538526785570,2026-04-17,NONE,0,0,0,0.00,0,0,0.00,0,0,KRW
2604_다이트_전환캠페인,(신)_창원_인플방문후기_밥빵면안당기는원장님(itsmeyuriwon)_260407,1861796302859538,2026-04-17,AGE_35_44,1019,100,1,1.00,0,0,0.00,0,97,KRW
2604_다이트_전환캠페인,(신)_창원_인플방문후기_밥빵면안당기는원장님(itsmeyuriwon)_260407,1861796302859538,2026-04-17,AGE_45_54,2207,125,0,0.00,0,0,0.00,0,123,KRW
2604_다이트_전환캠페인,(신)_창원_인플방문후기_밥빵면안당기는원장님(itsmeyuriwon)_260407,1861796302859538,2026-04-17,AGE_55_100,1975,101,1,0.99,0,0,0.00,0,98,KRW
2604_다이트_전환캠페인,(신)_창원_인플방문후기_밥빵면안당기는원장님(itsmeyuriwon)_260407,1861796302859538,2026-04-17,NONE,2,1,0,0.00,0,0,0.00,0,0,KRW
2604_다이트_전환캠페인,(신)_창원_인플방문후기_주사형비만치료제(the.hyunniverse)_260403,1861427124084770,2026-04-17,NONE,0,0,0,0.00,0,0,0.00,0,0,KRW
2604_다이트_전환캠페인,(신)_천안_의료진정보_주사형비만치료제 10년은_260116,1861279064396242,2026-04-17,AGE_35_44,1057,51,0,0.00,0,0,0.00,0,49,KRW
2604_다이트_전환캠페인,(신)_천안_의료진정보_주사형비만치료제 10년은_260116,1861279064396242,2026-04-17,AGE_45_54,646,43,0,0.00,0,0,0.00,0,41,KRW
2604_다이트_전환캠페인,(신)_천안_의료진정보_주사형비만치료제 10년은_260116,1861279064396242,2026-04-17,AGE_55_100,305,40,0,0.00,0,0,0.00,0,40,KRW
2604_다이트_전환캠페인,(신)_천안_인플방문후기_밥빵면안당기는원장님(itsmeyuriwon)_260407,1861796395517250,2026-04-17,AGE_35_44,1110,130,0,0.00,0,0,0.00,0,127,KRW
2604_다이트_전환캠페인,(신)_천안_인플방문후기_밥빵면안당기는원장님(itsmeyuriwon)_260407,1861796395517250,2026-04-17,AGE_45_54,2249,139,0,0.00,0,0,0.00,0,133,KRW
2604_다이트_전환캠페인,(신)_천안_인플방문후기_밥빵면안당기는원장님(itsmeyuriwon)_260407,1861796395517250,2026-04-17,AGE_55_100,746,58,0,0.00,0,0,0.00,0,58,KRW
2604_다이트_전환캠페인,(신)_천안_인플방문후기_주사형비만치료제(the.hyunniverse)_260403,1861969033799841,2026-04-17,AGE_35_44,2071,306,2,0.65,0,0,0.00,0,296,KRW
2604_다이트_전환캠페인,(신)_천안_인플방문후기_주사형비만치료제(the.hyunniverse)_260403,1861969033799841,2026-04-17,AGE_45_54,2776,286,1,0.35,0,0,0.00,0,272,KRW
2604_다이트_전환캠페인,(신)_천안_인플방문후기_주사형비만치료제(the.hyunniverse)_260403,1861969033799841,2026-04-17,AGE_55_100,1594,155,1,0.65,1,1594,100.00,0,146,KRW
2604_다이트_전환캠페인,(신)_천안_인플방문후기_주사형비만치료제(the.hyunniverse)_260403,1861969033799841,2026-04-17,NONE,0,0,0,0.00,0,0,0.00,0,0,KRW
2604_다이트_전환캠페인,(신)_천안_진료셀프캠_주사형 비만치료제보다 더중요한이것_260120,1861969112559697,2026-04-17,AGE_35_44,5323,748,5,0.67,1,5323,20.00,0,732,KRW
2604_다이트_전환캠페인,(신)_천안_진료셀프캠_주사형 비만치료제보다 더중요한이것_260120,1861969112559697,2026-04-17,AGE_45_54,8274,714,5,0.70,0,0,0.00,0,674,KRW
2604_다이트_전환캠페인,(신)_천안_진료셀프캠_주사형 비만치료제보다 더중요한이것_260120,1861969112559697,2026-04-17,AGE_55_100,6521,574,6,1.05,0,0,0.00,0,545,KRW
2604_다이트_전환캠페인,(신)_천안_진료셀프캠_주사형 비만치료제보다 더중요한이것_260120,1861969112559697,2026-04-17,NONE,10,3,0,0.00,0,0,0.00,0,0,KRW
2604_다이트_전환캠페인,(재)_대구_의료진정보_무작정운동으로 팩폭_260406,1861709464313057,2026-04-17,NONE,0,0,0,0.00,0,0,0.00,0,0,KRW
2603_다이트_전환캠페인,(재)_대구_의료진정보_비만주사 굶는다이어트_260320,1860263658516898,2026-04-17,NONE,0,0,0,0.00,0,0,0.00,0,0,KRW
2603_다이트_전환캠페인,(재)_대구_의료진정보_비만주사요요 탄수중독_260320,1860170996611154,2026-04-17,NONE,0,0,0,0.00,0,0,0.00,0,0,KRW
2604_다이트_전환캠페인,"(재)_대구_인플방문후기_건강한다이어트(대구,박고경)_260325",1861278128485793,2026-04-17,AGE_35_44,1907,413,2,0.48,0,0,0.00,0,410,KRW
2604_다이트_전환캠페인,"(재)_대구_인플방문후기_건강한다이어트(대구,박고경)_260325",1861278128485793,2026-04-17,AGE_45_54,1008,225,1,0.44,0,0,0.00,0,222,KRW
2604_다이트_전환캠페인,"(재)_대구_인플방문후기_건강한다이어트(대구,박고경)_260325",1861278128485793,2026-04-17,AGE_55_100,615,214,1,0.47,0,0,0.00,0,213,KRW
2604_다이트_전환캠페인,"(재)_대구_인플방문후기_건강한다이어트(대구,박고경)_260325",1861278128485793,2026-04-17,NONE,7,2,0,0.00,0,0,0.00,0,0,KRW
2603_다이트_전환캠페인,(재)_대구_인플방문후기_맘껏먹는 다이어트 한달후기_260306,1858833581846626,2026-04-17,NONE,0,0,0,0.00,0,0,0.00,0,0,KRW
2604_다이트_전환캠페인,(재)_대구_인플방문후기_연예인다이어트(플랜비)_260416,1862614242718769,2026-04-17,AGE_35_44,2576,787,0,0.00,0,0,0.00,0,764,KRW
2604_다이트_전환캠페인,(재)_대구_인플방문후기_연예인다이어트(플랜비)_260416,1862614242718769,2026-04-17,AGE_45_54,4785,819,0,0.00,0,0,0.00,0,785,KRW
2604_다이트_전환캠페인,(재)_대구_인플방문후기_연예인다이어트(플랜비)_260416,1862614242718769,2026-04-17,AGE_55_100,3446,889,2,0.22,0,0,0.00,0,849,KRW
2604_다이트_전환캠페인,(재)_대구_인플방문후기_연예인다이어트(플랜비)_260416,1862614242718769,2026-04-17,NONE,6,3,0,0.00,0,0,0.00,0,0,KRW
2603_다이트_전환캠페인,(재)_대구_인플방문후기_체지방만쏙빼는(부산잇츠)_260220,1858358889560241,2026-04-17,NONE,0,0,0,0.00,0,0,0.00,0,0,KRW
2604_다이트_전환캠페인,(재)_대구_진료셀프캠_다이어트의적 밥빵면_260407,1861778669641809,2026-04-17,AGE_35_44,1887,199,0,0.00,0,0,0.00,0,194,KRW
2604_다이트_전환캠페인,(재)_대구_진료셀프캠_다이어트의적 밥빵면_260407,1861778669641809,2026-04-17,AGE_45_54,4547,301,1,0.33,1,4547,100.00,0,298,KRW
2604_다이트_전환캠페인,(재)_대구_진료셀프캠_다이어트의적 밥빵면_260407,1861778669641809,2026-04-17,AGE_55_100,4175,284,2,0.70,0,0,0.00,0,273,KRW
2604_다이트_전환캠페인,(재)_대구_진료셀프캠_다이어트의적 밥빵면_260407,1861778669641809,2026-04-17,NONE,35,2,0,0.00,0,0,0.00,0,0,KRW
2604_다이트_전환캠페인,(재)_대구_진료셀프캠_비만주사가놓친것_260414,1862452759074146,2026-04-17,AGE_35_44,731,237,0,0.00,0,0,0.00,0,234,KRW
2604_다이트_전환캠페인,(재)_대구_진료셀프캠_비만주사가놓친것_260414,1862452759074146,2026-04-17,AGE_45_54,1925,229,0,0.00,0,0,0.00,0,221,KRW
2604_다이트_전환캠페인,(재)_대구_진료셀프캠_비만주사가놓친것_260414,1862452759074146,2026-04-17,AGE_55_100,1049,219,0,0.00,0,0,0.00,0,215,KRW
2604_다이트_전환캠페인,(재)_대구_진료셀프캠_비만주사가놓친것_260414,1862452759074146,2026-04-17,NONE,0,1,0,0.00,0,0,0.00,0,0,KRW
2603_다이트_전환캠페인,(재)_대구_진료셀프캠_비만주사끊고15kg_260326,1860714231170337,2026-04-17,NONE,0,0,0,0.00,0,0,0.00,0,0,KRW
2604_다이트_전환캠페인,(재)_대구_진료셀프캠_식욕억제주사실패 마지막_260407,1861779512219682,2026-04-17,AGE_35_44,3721,480,2,0.42,0,0,0.00,0,469,KRW
2604_다이트_전환캠페인,(재)_대구_진료셀프캠_식욕억제주사실패 마지막_260407,1861779512219682,2026-04-17,AGE_45_54,7666,648,3,0.46,3,2555,100.00,0,624,KRW
2604_다이트_전환캠페인,(재)_대구_진료셀프캠_식욕억제주사실패 마지막_260407,1861779512219682,2026-04-17,AGE_55_100,3786,328,2,0.61,0,0,0.00,0,324,KRW
2604_다이트_전환캠페인,(재)_대구_진료셀프캠_식욕억제주사실패 마지막_260407,1861779512219682,2026-04-17,NONE,1,1,0,0.00,0,0,0.00,0,0,KRW
2604_다이트_전환캠페인,(재)_대구_진료셀프캠_운동안해도되는_260416,1862612192785601,2026-04-17,AGE_35_44,4756,1273,6,0.47,0,0,0.00,0,1232,KRW
2604_다이트_전환캠페인,(재)_대구_진료셀프캠_운동안해도되는_260416,1862612192785601,2026-04-17,AGE_45_54,9184,1206,3,0.25,0,0,0.00,0,1169,KRW
2604_다이트_전환캠페인,(재)_대구_진료셀프캠_운동안해도되는_260416,1862612192785601,2026-04-17,AGE_55_100,4745,1033,2,0.19,0,0,0.00,0,991,KRW
2604_다이트_전환캠페인,(재)_대구_진료셀프캠_운동안해도되는_260416,1862612192785601,2026-04-17,NONE,4,2,0,0.00,0,0,0.00,0,0,KRW
2604_다이트_전환캠페인,(재)_대구_진료셀프캠_주사형비만치료제 고민끝에 50대부부 -32kg_260225,1861278082187298,2026-04-17,AGE_35_44,2780,428,1,0.23,0,0,0.00,0,425,KRW
2604_다이트_전환캠페인,(재)_대구_진료셀프캠_주사형비만치료제 고민끝에 50대부부 -32kg_260225,1861278082187298,2026-04-17,AGE_45_54,6201,568,1,0.18,0,0,0.00,0,566,KRW
2604_다이트_전환캠페인,(재)_대구_진료셀프캠_주사형비만치료제 고민끝에 50대부부 -32kg_260225,1861278082187298,2026-04-17,AGE_55_100,5475,465,3,0.65,0,0,0.00,0,459,KRW
2603_다이트_전환캠페인,(재)_대구_진료셀프캠_주사형비만치료제 고민끝에 50대부부 -32kg_260225,1860546064808049,2026-04-17,NONE,0,0,0,0.00,0,0,0.00,0,0,KRW
2604_다이트_전환캠페인,(재)_대구_진료셀프캠_주사형비만치료제 고민끝에 50대부부 -32kg_260225,1861278082187298,2026-04-17,NONE,15,2,0,0.00,0,0,0.00,0,0,KRW
2604_다이트_전환캠페인,(재)_대전_인플방문후기_연예인다이어트(플랜비)_260416,1862614549502162,2026-04-17,AGE_35_44,653,277,1,0.36,0,0,0.00,0,275,KRW
2604_다이트_전환캠페인,(재)_대전_인플방문후기_연예인다이어트(플랜비)_260416,1862614549502162,2026-04-17,AGE_45_54,636,242,1,0.41,0,0,0.00,0,232,KRW
2604_다이트_전환캠페인,(재)_대전_인플방문후기_연예인다이어트(플랜비)_260416,1862614549502162,2026-04-17,AGE_55_100,1027,354,1,0.28,0,0,0.00,0,347,KRW
2604_다이트_전환캠페인,(재)_대전_인플방문후기_연예인다이어트(플랜비)_260416,1862614549502162,2026-04-17,NONE,0,1,0,0.00,0,0,0.00,0,0,KRW
2604_다이트_전환캠페인,(재)_대전_진료셀프캠_다이어트의적 밥빵면_260407,1861776478109986,2026-04-17,AGE_35_44,3825,283,1,0.35,0,0,0.00,0,255,KRW
2604_다이트_전환캠페인,(재)_대전_진료셀프캠_다이어트의적 밥빵면_260407,1861776478109986,2026-04-17,AGE_45_54,8906,455,1,0.22,0,0,0.00,0,407,KRW
2604_다이트_전환캠페인,(재)_대전_진료셀프캠_다이어트의적 밥빵면_260407,1861776478109986,2026-04-17,AGE_55_100,6076,341,2,0.59,0,0,0.00,0,300,KRW
2604_다이트_전환캠페인,(재)_대전_진료셀프캠_다이어트의적 밥빵면_260407,1861776478109986,2026-04-17,NONE,76,2,0,0.00,0,0,0.00,0,0,KRW
2604_다이트_전환캠페인,(재)_대전_진료셀프캠_비만주사가놓친것_260414,1862452993099026,2026-04-17,AGE_55_100,1,1,0,0.00,0,0,0.00,0,1,KRW
2604_다이트_전환캠페인,(재)_대전_진료셀프캠_식욕억제주사실패 마지막_260406,1861708051912898,2026-04-17,AGE_35_44,0,0,0,0.00,0,0,0.00,0,0,KRW
2604_다이트_전환캠페인,(재)_대전_진료셀프캠_식욕억제주사실패 마지막_260406,1861708051912898,2026-04-17,AGE_45_54,0,0,0,0.00,0,0,0.00,0,0,KRW
2604_다이트_전환캠페인,(재)_대전_진료셀프캠_식욕억제주사실패 마지막_260406,1861708051912898,2026-04-17,AGE_55_100,93,3,0,0.00,0,0,0.00,0,3,KRW
2604_다이트_전환캠페인,(재)_대전_진료셀프캠_식욕억제주사실패 마지막_260406,1861708051912898,2026-04-17,NONE,0,0,0,0.00,0,0,0.00,0,0,KRW
2604_다이트_전환캠페인,(재)_대전_진료셀프캠_운동안해도되는_260416,1862612373033250,2026-04-17,AGE_35_44,1354,408,0,0.00,0,0,0.00,0,402,KRW
2604_다이트_전환캠페인,(재)_대전_진료셀프캠_운동안해도되는_260416,1862612373033250,2026-04-17,AGE_45_54,2310,398,1,0.25,0,0,0.00,0,390,KRW
2604_다이트_전환캠페인,(재)_대전_진료셀프캠_운동안해도되는_260416,1862612373033250,2026-04-17,AGE_55_100,1982,385,1,0.26,0,0,0.00,0,373,KRW
2604_다이트_전환캠페인,(재)_대전_진료셀프캠_운동안해도되는_260416,1862612373033250,2026-04-17,NONE,0,0,0,0.00,0,0,0.00,0,0,KRW
2604_다이트_전환캠페인,(재)_대전_진료셀프캠_주사형비만치료제 고민끝에 50대부부 -32kg_260225,1861708178989089,2026-04-17,AGE_35_44,4544,487,1,0.21,0,0,0.00,0,458,KRW
2604_다이트_전환캠페인,(재)_대전_진료셀프캠_주사형비만치료제 고민끝에 50대부부 -32kg_260225,1861708178989089,2026-04-17,AGE_45_54,8161,681,4,0.59,0,0,0.00,0,623,KRW
2604_다이트_전환캠페인,(재)_대전_진료셀프캠_주사형비만치료제 고민끝에 50대부부 -32kg_260225,1861708178989089,2026-04-17,AGE_55_100,6611,652,3,0.46,1,6611,33.33,0,602,KRW
2604_다이트_전환캠페인,(재)_대전_진료셀프캠_주사형비만치료제 고민끝에 50대부부 -32kg_260225,1861708178989089,2026-04-17,NONE,30,1,0,0.00,0,0,0.00,0,0,KRW
2603_다이트_전환캠페인,(재)_부평_리얼모델후기_체지방만 14kg 먹으면서_260324,1860540316833154,2026-04-17,NONE,0,0,0,0.00,0,0,0.00,0,0,KRW
2604_다이트_전환캠페인,(재)_부평_의료진정보_무작정운동으로 팩폭_260406,1861709708534065,2026-04-17,NONE,0,0,0,0.00,0,0,0.00,0,0,KRW
2603_다이트_전환캠페인,(재)_부평_의료진정보_비만주사 굶는다이어트_260320,1860170168891553,2026-04-17,NONE,0,0,0,0.00,0,0,0.00,0,0,KRW
2603_다이트_전환캠페인,(재)_부평_의료진정보_비만주사요요 탄수중독_260320,1860170168891521,2026-04-17,NONE,0,0,0,0.00,0,0,0.00,0,0,KRW
2604_다이트_전환캠페인,(재)_부평_인플방문후기_먹고싶은거다먹는(수원잇츠)_260403,1861438021385394,2026-04-17,NONE,0,0,0,0.00,0,0,0.00,0,0,KRW
2604_다이트_전환캠페인,(재)_부평_인플방문후기_연예인다이어트(플랜비)_260416,1862613882586418,2026-04-17,AGE_35_44,2832,948,1,0.11,0,0,0.00,0,910,KRW
2604_다이트_전환캠페인,(재)_부평_인플방문후기_연예인다이어트(플랜비)_260416,1862613882586418,2026-04-17,AGE_45_54,4024,974,0,0.00,0,0,0.00,0,938,KRW
2604_다이트_전환캠페인,(재)_부평_인플방문후기_연예인다이어트(플랜비)_260416,1862613882586418,2026-04-17,AGE_55_100,4219,931,2,0.21,0,0,0.00,0,879,KRW
2604_다이트_전환캠페인,(재)_부평_인플방문후기_연예인다이어트(플랜비)_260416,1862613882586418,2026-04-17,NONE,0,0,0,0.00,0,0,0.00,0,0,KRW
2604_다이트_전환캠페인,(재)_부평_진료셀프캠_4050다이어트비밀_260414,1862453369868354,2026-04-17,AGE_35_44,2657,774,0,0.00,0,0,0.00,0,716,KRW
2604_다이트_전환캠페인,(재)_부평_진료셀프캠_4050다이어트비밀_260414,1862453369868354,2026-04-17,AGE_45_54,4098,855,2,0.23,0,0,0.00,0,782,KRW
2604_다이트_전환캠페인,(재)_부평_진료셀프캠_4050다이어트비밀_260414,1862453369868354,2026-04-17,AGE_55_100,3214,923,3,0.33,0,0,0.00,0,842,KRW
2604_다이트_전환캠페인,(재)_부평_진료셀프캠_4050다이어트비밀_260414,1862453369868354,2026-04-17,NONE,30,2,0,0.00,0,0,0.00,0,0,KRW
2604_다이트_전환캠페인,(재)_부평_진료셀프캠_비만주사가놓친것_260414,1862452531926049,2026-04-17,AGE_45_54,0,0,0,0.00,0,0,0.00,0,0,KRW
2604_다이트_전환캠페인,(재)_부평_진료셀프캠_비만주사가놓친것_260414,1862452531926049,2026-04-17,AGE_55_100,0,0,0,0.00,0,0,0.00,0,0,KRW
2604_다이트_전환캠페인,(재)_부평_진료셀프캠_식욕억제주사실패 마지막_260407,1861779276638289,2026-04-17,AGE_35_44,4729,348,3,0.86,0,0,0.00,0,335,KRW
2604_다이트_전환캠페인,(재)_부평_진료셀프캠_식욕억제주사실패 마지막_260407,1861779276638289,2026-04-17,AGE_45_54,9145,549,5,0.91,0,0,0.00,0,528,KRW
2604_다이트_전환캠페인,(재)_부평_진료셀프캠_식욕억제주사실패 마지막_260407,1861779276638289,2026-04-17,AGE_55_100,5823,344,3,0.87,2,2911,66.67,0,329,KRW
2604_다이트_전환캠페인,(재)_부평_진료셀프캠_식욕억제주사실패 마지막_260407,1861779276638289,2026-04-17,NONE,505,5,0,0.00,0,0,0.00,0,0,KRW
2604_다이트_전환캠페인,(재)_부평_진료셀프캠_운동안해도되는_260416,1862612072337410,2026-04-17,AGE_35_44,4807,749,2,0.27,0,0,0.00,0,718,KRW
2604_다이트_전환캠페인,(재)_부평_진료셀프캠_운동안해도되는_260416,1862612072337410,2026-04-17,AGE_45_54,11470,945,7,0.74,0,0,0.00,0,878,KRW
2604_다이트_전환캠페인,(재)_부평_진료셀프캠_운동안해도되는_260416,1862612072337410,2026-04-17,AGE_55_100,7139,731,2,0.27,1,7139,50.00,0,674,KRW
2604_다이트_전환캠페인,(재)_부평_진료셀프캠_운동안해도되는_260416,1862612072337410,2026-04-17,NONE,1,2,0,0.00,0,0,0.00,0,0,KRW
2603_다이트_전환캠페인,(재)_부평_진료셀프캠_주사형비만치료제 고민끝에 50대부부 -32kg_260225,1858358875905138,2026-04-17,NONE,0,0,0,0.00,0,0,0.00,0,0,KRW
2604_다이트_전환캠페인,(재)_부평_진료셀프캠_주사형비만치료제 고민끝에 50대부부 -32kg_260225,1861276697497633,2026-04-17,NONE,0,0,0,0.00,0,0,0.00,0,0,KRW
2603_다이트_전환캠페인,(재)_서울_리얼모델후기_체지방만 14kg 먹으면서_260324,1860540120254785,2026-04-17,NONE,0,0,0,0.00,0,0,0.00,0,0,KRW
2604_다이트_전환캠페인,(재)_서울_의료진정보_무작정운동으로 팩폭_260406,1861709796228209,2026-04-17,NONE,0,0,0,0.00,0,0,0.00,0,0,KRW
2603_다이트_전환캠페인,(재)_서울_의료진정보_비만주사 굶는다이어트_260320,1860169742535889,2026-04-17,NONE,0,0,0,0.00,0,0,0.00,0,0,KRW
2603_다이트_전환캠페인,"(재)_서울_인플방문후기_건강한다이어트(서울,박고경)_260325",1860614178390386,2026-04-17,NONE,0,0,0,0.00,0,0,0.00,0,0,KRW
2603_다이트_전환캠페인,(재)_서울_인플방문후기_맘껏먹는 다이어트 한달후기_260306,1858832894864657,2026-04-17,NONE,0,0,0,0.00,0,0,0.00,0,0,KRW
2604_다이트_전환캠페인,(재)_서울_인플방문후기_연예인다이어트(플랜비)_260416,1862611925509122,2026-04-17,AGE_35_44,1917,650,1,0.15,0,0,0.00,0,622,KRW
2604_다이트_전환캠페인,(재)_서울_인플방문후기_연예인다이어트(플랜비)_260416,1862611925509122,2026-04-17,AGE_45_54,3339,788,1,0.13,0,0,0.00,0,752,KRW
2604_다이트_전환캠페인,(재)_서울_인플방문후기_연예인다이어트(플랜비)_260416,1862611925509122,2026-04-17,AGE_55_100,4443,1240,5,0.40,0,0,0.00,0,1150,KRW
2604_다이트_전환캠페인,(재)_서울_인플방문후기_연예인다이어트(플랜비)_260416,1862611925509122,2026-04-17,NONE,10,4,0,0.00,0,0,0.00,0,0,KRW
2604_다이트_전환캠페인,(재)_서울_진료셀프캠_비만주사가놓친것_260414,1862427431553298,2026-04-17,AGE_35_44,284,65,0,0.00,0,0,0.00,0,64,KRW
2604_다이트_전환캠페인,(재)_서울_진료셀프캠_비만주사가놓친것_260414,1862427431553298,2026-04-17,AGE_45_54,521,94,0,0.00,0,0,0.00,0,92,KRW
2604_다이트_전환캠페인,(재)_서울_진료셀프캠_비만주사가놓친것_260414,1862427431553298,2026-04-17,AGE_55_100,944,173,1,0.58,0,0,0.00,0,170,KRW
2604_다이트_전환캠페인,(재)_서울_진료셀프캠_비만주사가놓친것_260414,1862427431553298,2026-04-17,NONE,0,0,0,0.00,0,0,0.00,0,0,KRW
2603_다이트_전환캠페인,(재)_서울_진료셀프캠_비만주사끊고15kg_260326,1860713002800561,2026-04-17,NONE,0,0,0,0.00,0,0,0.00,0,0,KRW
2603_다이트_전환캠페인,(재)_서울_진료셀프캠_비만주사없이 체질_260320,1860169742535905,2026-04-17,NONE,0,0,0,0.00,0,0,0.00,0,0,KRW
2604_다이트_전환캠페인,(재)_서울_진료셀프캠_식욕억제주사실패 마지막_260407,1861778815720546,2026-04-17,AGE_35_44,2520,202,0,0.00,0,0,0.00,0,197,KRW
2604_다이트_전환캠페인,(재)_서울_진료셀프캠_식욕억제주사실패 마지막_260407,1861778815720546,2026-04-17,AGE_45_54,8211,400,7,1.75,0,0,0.00,0,390,KRW
2604_다이트_전환캠페인,(재)_서울_진료셀프캠_식욕억제주사실패 마지막_260407,1861778815720546,2026-04-17,AGE_55_100,3612,216,3,1.39,1,3612,33.33,0,209,KRW
2604_다이트_전환캠페인,(재)_서울_진료셀프캠_식욕억제주사실패 마지막_260407,1861778815720546,2026-04-17,NONE,2,1,0,0.00,0,0,0.00,0,0,KRW
2604_다이트_전환캠페인,(재)_서울_진료셀프캠_운동안해도되는_260416,1862607904464929,2026-04-17,AGE_35_44,2672,536,4,0.75,0,0,0.00,0,507,KRW
2604_다이트_전환캠페인,(재)_서울_진료셀프캠_운동안해도되는_260416,1862607904464929,2026-04-17,AGE_45_54,6864,782,4,0.51,0,0,0.00,0,750,KRW
2604_다이트_전환캠페인,(재)_서울_진료셀프캠_운동안해도되는_260416,1862607904464929,2026-04-17,AGE_55_100,5699,861,2,0.23,0,0,0.00,0,803,KRW
2604_다이트_전환캠페인,(재)_서울_진료셀프캠_운동안해도되는_260416,1862607904464929,2026-04-17,NONE,19,3,0,0.00,0,0,0.00,0,0,KRW
2604_다이트_전환캠페인,(재)_서울_진료셀프캠_의사가권하지않는4050_260414,1862453122462113,2026-04-17,AGE_35_44,2144,279,3,1.08,0,0,0.00,0,269,KRW
2604_다이트_전환캠페인,(재)_서울_진료셀프캠_의사가권하지않는4050_260414,1862453122462113,2026-04-17,AGE_45_54,1532,310,0,0.00,0,0,0.00,0,303,KRW
2604_다이트_전환캠페인,(재)_서울_진료셀프캠_의사가권하지않는4050_260414,1862453122462113,2026-04-17,AGE_55_100,2136,398,3,0.75,0,0,0.00,0,382,KRW
2604_다이트_전환캠페인,(재)_서울_진료셀프캠_의사가권하지않는4050_260414,1862453122462113,2026-04-17,NONE,0,1,0,0.00,0,0,0.00,0,0,KRW
2604_다이트_전환캠페인,(재)_서울_진료셀프캠_주사형비만치료제 고민끝에 50대부부 -32kg_260225,1861276155386962,2026-04-17,AGE_35_44,1749,95,1,1.05,0,0,0.00,0,95,KRW
2604_다이트_전환캠페인,(재)_서울_진료셀프캠_주사형비만치료제 고민끝에 50대부부 -32kg_260225,1861276155386962,2026-04-17,AGE_45_54,3084,218,3,1.38,0,0,0.00,0,218,KRW
2604_다이트_전환캠페인,(재)_서울_진료셀프캠_주사형비만치료제 고민끝에 50대부부 -32kg_260225,1861276155386962,2026-04-17,AGE_55_100,4430,261,3,1.15,1,4430,33.33,0,257,KRW
2604_다이트_전환캠페인,(재)_서울_진료셀프캠_주사형비만치료제 고민끝에 50대부부 -32kg_260225,1861276155386962,2026-04-17,NONE,7,1,0,0.00,0,0,0.00,0,0,KRW
2603_다이트_전환캠페인,(재)_서울_진료셀프캠_주사형비만치료제 고민끝에 50대부부 -32kg_260225,1859357641001154,2026-04-17,NONE,0,0,0,0.00,0,0,0.00,0,0,KRW
2604_다이트_전환캠페인,(재)_수원_의료진정보_4050나잇살 이유는 여기에_260410,1862064207732210,2026-04-17,AGE_25_34,434,151,1,0.66,0,0,0.00,0,150,KRW
2604_다이트_전환캠페인,(재)_수원_의료진정보_4050나잇살 이유는 여기에_260410,1862064207732210,2026-04-17,AGE_35_44,951,95,1,1.05,0,0,0.00,0,93,KRW
2604_다이트_전환캠페인,(재)_수원_의료진정보_4050나잇살 이유는 여기에_260410,1862064207732210,2026-04-17,AGE_45_54,421,88,0,0.00,0,0,0.00,0,88,KRW
2604_다이트_전환캠페인,(재)_수원_의료진정보_4050나잇살 이유는 여기에_260410,1862064207732210,2026-04-17,AGE_55_100,618,80,0,0.00,0,0,0.00,0,77,KRW
2604_다이트_전환캠페인,(재)_수원_의료진정보_4050나잇살 이유는 여기에_260410,1862064207732210,2026-04-17,NONE,0,0,0,0.00,0,0,0.00,0,0,KRW
2603_다이트_전환캠페인,(재)_수원_의료진정보_비만주사 굶는다이어트_260320,1860170429960209,2026-04-17,NONE,0,0,0,0.00,0,0,0.00,0,0,KRW
2604_다이트_전환캠페인,"(재)_수원_인플방문후기_건강한다이어트(수원,박고경)_260325",1861277190081841,2026-04-17,AGE_25_34,0,0,0,0.00,0,0,0.00,0,0,KRW
2604_다이트_전환캠페인,"(재)_수원_인플방문후기_건강한다이어트(수원,박고경)_260325",1861277190081841,2026-04-17,AGE_45_54,0,0,0,0.00,0,0,0.00,0,0,KRW
2604_다이트_전환캠페인,"(재)_수원_인플방문후기_건강한다이어트(수원,박고경)_260325",1861277190081841,2026-04-17,NONE,0,0,0,0.00,0,0,0.00,0,0,KRW
2603_다이트_전환캠페인,"(재)_수원_인플방문후기_건강한다이어트(수원,박고경)_260325",1860614554255474,2026-04-17,NONE,0,0,0,0.00,0,0,0.00,0,0,KRW
2604_다이트_전환캠페인,(재)_수원_인플방문후기_먹고싶은거다먹는(수원잇츠)_260403,1861437972025618,2026-04-17,NONE,0,0,0,0.00,0,0,0.00,0,0,KRW
2604_다이트_전환캠페인,(재)_수원_인플방문후기_연예인다이어트(플랜비)_260416,1862613961447426,2026-04-17,AGE_25_34,4979,1723,1,0.06,0,0,0.00,0,1647,KRW
2604_다이트_전환캠페인,(재)_수원_인플방문후기_연예인다이어트(플랜비)_260416,1862613961447426,2026-04-17,AGE_35_44,7215,1671,3,0.18,0,0,0.00,0,1543,KRW
2604_다이트_전환캠페인,(재)_수원_인플방문후기_연예인다이어트(플랜비)_260416,1862613961447426,2026-04-17,AGE_45_54,14126,1938,5,0.26,0,0,0.00,0,1775,KRW
2604_다이트_전환캠페인,(재)_수원_인플방문후기_연예인다이어트(플랜비)_260416,1862613961447426,2026-04-17,AGE_55_100,9625,1812,5,0.28,0,0,0.00,0,1634,KRW
2604_다이트_전환캠페인,(재)_수원_인플방문후기_연예인다이어트(플랜비)_260416,1862613961447426,2026-04-17,NONE,6,5,0,0.00,0,0,0.00,0,0,KRW
2603_다이트_전환캠페인,(재)_수원_진료셀프캠_50대 20대처럼 체지방_260317,1859897183293617,2026-04-17,NONE,0,0,0,0.00,0,0,0.00,0,0,KRW
2603_다이트_전환캠페인,(재)_수원_진료셀프캠_비만주사 10년은 늙어보인대요_260326,1860713698941122,2026-04-17,NONE,0,0,0,0.00,0,0,0.00,0,0,KRW
2604_다이트_전환캠페인,(재)_수원_진료셀프캠_비만주사가놓친것_260414,1862452610512897,2026-04-17,AGE_25_34,2,1,0,0.00,0,0,0.00,0,1,KRW
2604_다이트_전환캠페인,(재)_수원_진료셀프캠_비만주사가놓친것_260414,1862452610512897,2026-04-17,AGE_45_54,2,1,0,0.00,0,0,0.00,0,1,KRW
2604_다이트_전환캠페인,(재)_수원_진료셀프캠_비만주사가놓친것_260414,1862452610512897,2026-04-17,AGE_55_100,7,2,0,0.00,0,0,0.00,0,2,KRW
2604_다이트_전환캠페인,(재)_수원_진료셀프캠_비만주사가놓친것_260414,1862452610512897,2026-04-17,NONE,2,1,0,0.00,0,0,0.00,0,0,KRW
2603_다이트_전환캠페인,(재)_수원_진료셀프캠_비만주사없이 체질_260320,1860263832597618,2026-04-17,NONE,0,0,0,0.00,0,0,0.00,0,0,KRW
2604_다이트_전환캠페인,(재)_수원_진료셀프캠_식욕억제주사실패 마지막_260407,1861779341060274,2026-04-17,AGE_25_34,3937,428,0,0.00,0,0,0.00,0,411,KRW
2604_다이트_전환캠페인,(재)_수원_진료셀프캠_식욕억제주사실패 마지막_260407,1861779341060274,2026-04-17,AGE_35_44,8903,780,1,0.13,0,0,0.00,0,743,KRW
2604_다이트_전환캠페인,(재)_수원_진료셀프캠_식욕억제주사실패 마지막_260407,1861779341060274,2026-04-17,AGE_45_54,18396,1013,7,0.69,0,0,0.00,0,970,KRW
2604_다이트_전환캠페인,(재)_수원_진료셀프캠_식욕억제주사실패 마지막_260407,1861779341060274,2026-04-17,AGE_55_100,10870,591,5,0.85,0,0,0.00,0,558,KRW
2604_다이트_전환캠페인,(재)_수원_진료셀프캠_식욕억제주사실패 마지막_260407,1861779341060274,2026-04-17,NONE,37,2,0,0.00,0,0,0.00,0,0,KRW
2604_다이트_전환캠페인,(재)_수원_진료셀프캠_운동안해도되는_260416,1862612144893169,2026-04-17,AGE_25_34,2542,714,1,0.14,0,0,0.00,0,694,KRW
2604_다이트_전환캠페인,(재)_수원_진료셀프캠_운동안해도되는_260416,1862612144893169,2026-04-17,AGE_35_44,5605,784,0,0.00,0,0,0.00,0,750,KRW
2604_다이트_전환캠페인,(재)_수원_진료셀프캠_운동안해도되는_260416,1862612144893169,2026-04-17,AGE_45_54,7749,849,3,0.35,0,0,0.00,0,807,KRW
2604_다이트_전환캠페인,(재)_수원_진료셀프캠_운동안해도되는_260416,1862612144893169,2026-04-17,AGE_55_100,3862,693,2,0.29,0,0,0.00,0,650,KRW
2604_다이트_전환캠페인,(재)_수원_진료셀프캠_운동안해도되는_260416,1862612144893169,2026-04-17,NONE,0,1,0,0.00,0,0,0.00,0,0,KRW
2604_다이트_전환캠페인,(재)_수원_진료셀프캠_의사가권하지않는4050_260414,1862453880112178,2026-04-17,AGE_25_34,24,6,0,0.00,0,0,0.00,0,6,KRW
2604_다이트_전환캠페인,(재)_수원_진료셀프캠_의사가권하지않는4050_260414,1862453880112178,2026-04-17,AGE_35_44,55,3,0,0.00,0,0,0.00,0,3,KRW
2604_다이트_전환캠페인,(재)_수원_진료셀프캠_의사가권하지않는4050_260414,1862453880112178,2026-04-17,AGE_45_54,2,1,0,0.00,0,0,0.00,0,1,KRW
2604_다이트_전환캠페인,(재)_수원_진료셀프캠_의사가권하지않는4050_260414,1862453880112178,2026-04-17,AGE_55_100,1,1,0,0.00,0,0,0.00,0,1,KRW
2604_다이트_전환캠페인,(재)_수원_진료셀프캠_의사가권하지않는4050_260414,1862453880112178,2026-04-17,NONE,3,1,0,0.00,0,0,0.00,0,0,KRW
2603_다이트_전환캠페인,(재)_수원_진료셀프캠_하체비만 40대 통짜바지_260311,1859358275806641,2026-04-17,NONE,0,0,0,0.00,0,0,0.00,0,0,KRW
2604_다이트_전환캠페인,(재)_일산_의료진정보_무작정운동으로 팩폭_260406,1861709552021505,2026-04-17,NONE,0,0,0,0.00,0,0,0.00,0,0,KRW
2604_다이트_전환캠페인,(재)_일산_인플방문후기_맘껏먹는 다이어트 한달후기_260306,1861277479159890,2026-04-17,AGE_35_44,1208,131,1,0.76,0,0,0.00,0,130,KRW
2604_다이트_전환캠페인,(재)_일산_인플방문후기_맘껏먹는 다이어트 한달후기_260306,1861277479159890,2026-04-17,AGE_45_54,1630,137,3,2.19,0,0,0.00,0,136,KRW
2604_다이트_전환캠페인,(재)_일산_인플방문후기_맘껏먹는 다이어트 한달후기_260306,1861277479159890,2026-04-17,AGE_55_100,622,62,0,0.00,0,0,0.00,0,59,KRW
2604_다이트_전환캠페인,(재)_일산_인플방문후기_맘껏먹는 다이어트 한달후기_260306,1861277479159890,2026-04-17,NONE,0,0,0,0.00,0,0,0.00,0,0,KRW
2604_다이트_전환캠페인,(재)_일산_인플방문후기_먹고싶은거다먹는(수원잇츠)_260403,1861437881987106,2026-04-17,AGE_35_44,671,43,0,0.00,0,0,0.00,0,42,KRW
2604_다이트_전환캠페인,(재)_일산_인플방문후기_먹고싶은거다먹는(수원잇츠)_260403,1861437881987106,2026-04-17,AGE_45_54,389,43,0,0.00,0,0,0.00,0,42,KRW
2604_다이트_전환캠페인,(재)_일산_인플방문후기_먹고싶은거다먹는(수원잇츠)_260403,1861437881987106,2026-04-17,AGE_55_100,195,26,0,0.00,0,0,0.00,0,26,KRW
2604_다이트_전환캠페인,(재)_일산_인플방문후기_먹고싶은거다먹는(수원잇츠)_260403,1861437881987106,2026-04-17,NONE,0,0,0,0.00,0,0,0.00,0,0,KRW
2604_다이트_전환캠페인,(재)_일산_인플방문후기_연예인다이어트(일산 플랜비)_260416,1862614105575633,2026-04-17,AGE_35_44,4991,1030,3,0.29,1,4991,33.33,0,999,KRW
2604_다이트_전환캠페인,(재)_일산_인플방문후기_연예인다이어트(일산 플랜비)_260416,1862614105575633,2026-04-17,AGE_45_54,8265,1260,4,0.32,0,0,0.00,0,1224,KRW
2604_다이트_전환캠페인,(재)_일산_인플방문후기_연예인다이어트(일산 플랜비)_260416,1862614105575633,2026-04-17,AGE_55_100,7006,1097,1,0.09,0,0,0.00,0,1069,KRW
2604_다이트_전환캠페인,(재)_일산_인플방문후기_연예인다이어트(일산 플랜비)_260416,1862614105575633,2026-04-17,NONE,0,0,0,0.00,0,0,0.00,0,0,KRW
2604_다이트_전환캠페인,(재)_일산_진료셀프캠_비만주사가놓친것_260414,1862452684235121,2026-04-17,AGE_35_44,302,125,0,0.00,0,0,0.00,0,123,KRW
2604_다이트_전환캠페인,(재)_일산_진료셀프캠_비만주사가놓친것_260414,1862452684235121,2026-04-17,AGE_45_54,1061,161,0,0.00,0,0,0.00,0,159,KRW
2604_다이트_전환캠페인,(재)_일산_진료셀프캠_비만주사가놓친것_260414,1862452684235121,2026-04-17,AGE_55_100,632,167,0,0.00,0,0,0.00,0,161,KRW
2604_다이트_전환캠페인,(재)_일산_진료셀프캠_비만주사가놓친것_260414,1862452684235121,2026-04-17,NONE,0,1,0,0.00,0,0,0.00,0,0,KRW
2604_다이트_전환캠페인,(재)_일산_진료셀프캠_식욕억제주사실패 마지막_260407,1861779422527666,2026-04-17,AGE_35_44,2615,236,2,0.85,0,0,0.00,0,228,KRW
2604_다이트_전환캠페인,(재)_일산_진료셀프캠_식욕억제주사실패 마지막_260407,1861779422527666,2026-04-17,AGE_45_54,7320,445,7,1.57,1,7320,14.29,0,428,KRW
2604_다이트_전환캠페인,(재)_일산_진료셀프캠_식욕억제주사실패 마지막_260407,1861779422527666,2026-04-17,AGE_55_100,7331,388,3,0.77,1,7331,33.33,0,381,KRW
2604_다이트_전환캠페인,(재)_일산_진료셀프캠_식욕억제주사실패 마지막_260407,1861779422527666,2026-04-17,NONE,96,2,0,0.00,0,0,0.00,0,0,KRW
2604_다이트_전환캠페인,(재)_일산_진료셀프캠_운동안해도되는_260416,1862612254235649,2026-04-17,AGE_35_44,3525,811,3,0.37,0,0,0.00,0,803,KRW
2604_다이트_전환캠페인,(재)_일산_진료셀프캠_운동안해도되는_260416,1862612254235649,2026-04-17,AGE_45_54,3735,811,1,0.12,0,0,0.00,0,800,KRW
2604_다이트_전환캠페인,(재)_일산_진료셀프캠_운동안해도되는_260416,1862612254235649,2026-04-17,AGE_55_100,3886,722,4,0.55,0,0,0.00,0,711,KRW
2604_다이트_전환캠페인,(재)_일산_진료셀프캠_운동안해도되는_260416,1862612254235649,2026-04-17,NONE,6,2,0,0.00,0,0,0.00,0,0,KRW
2604_다이트_전환캠페인,(재)_일산_진료셀프캠_의사가권하지않는4050_260414,1862453943180450,2026-04-17,AGE_45_54,27,2,0,0.00,0,0,0.00,0,2,KRW
2604_다이트_전환캠페인,(재)_일산_진료셀프캠_의사가권하지않는4050_260414,1862453943180450,2026-04-17,AGE_55_100,3,1,0,0.00,0,0,0.00,0,1,KRW
2604_다이트_전환캠페인,(재)_일산_진료셀프캠_의사가권하지않는4050_260414,1862453943180450,2026-04-17,NONE,1,1,0,0.00,0,0,0.00,0,0,KRW
2603_다이트_전환캠페인,(재)_일산_진료셀프캠_주사형비만치료제 고민끝에 40대부부 -32kg_260225,1858358889558481,2026-04-17,NONE,0,0,0,0.00,0,0,0.00,0,0,KRW
2604_다이트_전환캠페인,(재)_일산_진료셀프캠_주사형비만치료제 고민끝에 40대부부 -32kg_260225,1861277533224961,2026-04-17,NONE,0,0,0,0.00,0,0,0.00,0,0,KRW
2604_다이트_전환캠페인,(재)_창원_의료진정보_4050나잇살 이유는 여기에_260410,1862064114067810,2026-04-17,NONE,0,0,0,0.00,0,0,0.00,0,0,KRW
2603_다이트_전환캠페인,(재)_창원_의료진정보_비만주사 굶는다이어트_260320,1860263586161073,2026-04-17,NONE,0,0,0,0.00,0,0,0.00,0,0,KRW
2603_다이트_전환캠페인,(재)_창원_의료진정보_비만주사요요 탄수중독_260320,1860171178598913,2026-04-17,NONE,0,0,0,0.00,0,0,0.00,0,0,KRW
2604_다이트_전환캠페인,"(재)_창원_인플방문후기_건강한다이어트(창원,박고경)_260325",1861278731680866,2026-04-17,NONE,0,0,0,0.00,0,0,0.00,0,0,KRW
2603_다이트_전환캠페인,(재)_창원_인플방문후기_맘껏먹는 다이어트 한달후기_260306,1858833707245617,2026-04-17,NONE,0,0,0,0.00,0,0,0.00,0,0,KRW
2604_다이트_전환캠페인,(재)_창원_인플방문후기_먹고싶은거다먹는(수원잇츠)_260403,1861437705571345,2026-04-17,AGE_35_44,222,66,0,0.00,0,0,0.00,0,64,KRW
2604_다이트_전환캠페인,(재)_창원_인플방문후기_먹고싶은거다먹는(수원잇츠)_260403,1861437705571345,2026-04-17,AGE_45_54,645,99,0,0.00,0,0,0.00,0,95,KRW
2604_다이트_전환캠페인,(재)_창원_인플방문후기_먹고싶은거다먹는(수원잇츠)_260403,1861437705571345,2026-04-17,AGE_55_100,372,55,0,0.00,0,0,0.00,0,54,KRW
2604_다이트_전환캠페인,(재)_창원_인플방문후기_먹고싶은거다먹는(수원잇츠)_260403,1861437705571345,2026-04-17,NONE,0,0,0,0.00,0,0,0.00,0,0,KRW
2603_다이트_전환캠페인,(재)_창원_인플방문후기_먹으면서(대읽남)_260306,1858833707245601,2026-04-17,NONE,0,0,0,0.00,0,0,0.00,0,0,KRW
2604_다이트_전환캠페인,(재)_창원_인플방문후기_연예인다이어트(플랜비)_260416,1862614349846529,2026-04-17,AGE_35_44,1539,613,1,0.16,0,0,0.00,0,591,KRW
2604_다이트_전환캠페인,(재)_창원_인플방문후기_연예인다이어트(플랜비)_260416,1862614349846529,2026-04-17,AGE_45_54,4180,750,2,0.27,0,0,0.00,0,705,KRW
2604_다이트_전환캠페인,(재)_창원_인플방문후기_연예인다이어트(플랜비)_260416,1862614349846529,2026-04-17,AGE_55_100,2768,666,0,0.00,0,0,0.00,0,643,KRW
2604_다이트_전환캠페인,(재)_창원_인플방문후기_연예인다이어트(플랜비)_260416,1862614349846529,2026-04-17,NONE,14,5,0,0.00,0,0,0.00,0,0,KRW
2603_다이트_전환캠페인,(재)_창원_인플방문후기_체지방만쏙빼는(부산잇츠)_260220,1858358875899970,2026-04-17,NONE,0,0,0,0.00,0,0,0.00,0,0,KRW
2604_다이트_전환캠페인,(재)_창원_진료셀프캠_비만주사가놓친것_260414,1862452830171329,2026-04-17,AGE_35_44,578,155,1,0.65,0,0,0.00,0,147,KRW
2604_다이트_전환캠페인,(재)_창원_진료셀프캠_비만주사가놓친것_260414,1862452830171329,2026-04-17,AGE_45_54,1057,197,1,0.51,0,0,0.00,0,180,KRW
2604_다이트_전환캠페인,(재)_창원_진료셀프캠_비만주사가놓친것_260414,1862452830171329,2026-04-17,AGE_55_100,1332,215,0,0.00,0,0,0.00,0,201,KRW
2604_다이트_전환캠페인,(재)_창원_진료셀프캠_비만주사가놓친것_260414,1862452830171329,2026-04-17,NONE,0,0,0,0.00,0,0,0.00,0,0,KRW
2603_다이트_전환캠페인,(재)_창원_진료셀프캠_비만주사없이 체질_260320,1860171178598945,2026-04-17,NONE,0,0,0,0.00,0,0,0.00,0,0,KRW
2604_다이트_전환캠페인,(재)_창원_진료셀프캠_식욕억제주사실패 마지막_260407,1861779402873057,2026-04-17,AGE_35_44,5738,416,2,0.48,0,0,0.00,0,378,KRW
2604_다이트_전환캠페인,(재)_창원_진료셀프캠_식욕억제주사실패 마지막_260407,1861779402873057,2026-04-17,AGE_45_54,11110,672,6,0.89,1,11110,16.67,0,609,KRW
2604_다이트_전환캠페인,(재)_창원_진료셀프캠_식욕억제주사실패 마지막_260407,1861779402873057,2026-04-17,AGE_55_100,8935,406,4,0.99,0,0,0.00,0,376,KRW
2604_다이트_전환캠페인,(재)_창원_진료셀프캠_식욕억제주사실패 마지막_260407,1861779402873057,2026-04-17,NONE,26,3,0,0.00,0,0,0.00,0,0,KRW
2604_다이트_전환캠페인,(재)_창원_진료셀프캠_운동안해도되는_260416,1862612192812097,2026-04-17,AGE_35_44,2531,585,2,0.34,0,0,0.00,0,559,KRW
2604_다이트_전환캠페인,(재)_창원_진료셀프캠_운동안해도되는_260416,1862612192812097,2026-04-17,AGE_45_54,4942,682,3,0.44,2,2471,66.67,0,658,KRW
2604_다이트_전환캠페인,(재)_창원_진료셀프캠_운동안해도되는_260416,1862612192812097,2026-04-17,AGE_55_100,4177,455,0,0.00,0,0,0.00,0,436,KRW
2604_다이트_전환캠페인,(재)_창원_진료셀프캠_운동안해도되는_260416,1862612192812097,2026-04-17,NONE,1,1,0,0.00,0,0,0.00,0,0,KRW
2604_다이트_전환캠페인,(재)_창원_진료셀프캠_의사가권하지않는4050_260414,1862454032569618,2026-04-17,AGE_55_100,3,1,0,0.00,0,0,0.00,0,1,KRW
2604_다이트_전환캠페인,(재)_창원_진료셀프캠_의사가권하지않는4050_260414,1862454032569618,2026-04-17,NONE,0,0,0,0.00,0,0,0.00,0,0,KRW
2603_다이트_전환캠페인,(재)_창원_진료셀프캠_주사형비만치료제 고민끝에 -32kg 가능했던_260225,1858358875899122,2026-04-17,NONE,0,0,0,0.00,0,0,0.00,0,0,KRW
2604_다이트_전환캠페인,(재)_창원_진료셀프캠_주사형비만치료제 고민끝에 50대부부 -32kg_260225,1861278292523041,2026-04-17,NONE,0,0,0,0.00,0,0,0.00,0,0,KRW
2603_다이트_전환캠페인,(재)_창원_진료셀프캠_주사형비만치료제 고민끝에 50대부부 -32kg_260225,1860546141013361,2026-04-17,NONE,0,0,0,0.00,0,0,0.00,0,0,KRW
2604_다이트_전환캠페인,(재)_천안_의료진정보_무작정운동으로 팩폭_260405,1861708807896498,2026-04-17,NONE,0,0,0,0.00,0,0,0.00,0,0,KRW
2603_다이트_전환캠페인,(재)_천안_의료진정보_비만주사요요 탄수중독_260320,1860171393987826,2026-04-17,NONE,0,0,0,0.00,0,0,0.00,0,0,KRW
2604_다이트_전환캠페인,"(재)_천안_인플방문후기_건강한다이어트(천안, 박고경)_260325",1861278985311585,2026-04-17,AGE_35_44,2359,276,1,0.36,0,0,0.00,0,270,KRW
2604_다이트_전환캠페인,"(재)_천안_인플방문후기_건강한다이어트(천안, 박고경)_260325",1861278985311585,2026-04-17,AGE_45_54,2143,215,2,0.93,0,0,0.00,0,207,KRW
2604_다이트_전환캠페인,"(재)_천안_인플방문후기_건강한다이어트(천안, 박고경)_260325",1861278985311585,2026-04-17,AGE_55_100,603,131,0,0.00,0,0,0.00,0,129,KRW
2603_다이트_전환캠페인,"(재)_천안_인플방문후기_건강한다이어트(천안, 박고경)_260325",1860615057904689,2026-04-17,NONE,0,0,0,0.00,0,0,0.00,0,0,KRW
2604_다이트_전환캠페인,"(재)_천안_인플방문후기_건강한다이어트(천안, 박고경)_260325",1861278985311585,2026-04-17,NONE,6,1,0,0.00,0,0,0.00,0,0,KRW
2603_다이트_전환캠페인,(재)_천안_인플방문후기_맘껏먹는 다이어트 한달후기_260306,1858834125348929,2026-04-17,NONE,0,0,0,0.00,0,0,0.00,0,0,KRW
2604_다이트_전환캠페인,(재)_천안_인플방문후기_먹고싶은거다먹는(수원잇츠)_260403,1861433575335186,2026-04-17,NONE,0,0,0,0.00,0,0,0.00,0,0,KRW
2604_다이트_전환캠페인,(재)_천안_인플방문후기_연예인다이어트(플랜비)_260416,1862614438420609,2026-04-17,AGE_35_44,2008,558,0,0.00,0,0,0.00,0,545,KRW
2604_다이트_전환캠페인,(재)_천안_인플방문후기_연예인다이어트(플랜비)_260416,1862614438420609,2026-04-17,AGE_45_54,2616,524,0,0.00,0,0,0.00,0,491,KRW
2604_다이트_전환캠페인,(재)_천안_인플방문후기_연예인다이어트(플랜비)_260416,1862614438420609,2026-04-17,AGE_55_100,2319,453,1,0.22,0,0,0.00,0,420,KRW
2604_다이트_전환캠페인,(재)_천안_인플방문후기_연예인다이어트(플랜비)_260416,1862614438420609,2026-04-17,NONE,1,1,0,0.00,0,0,0.00,0,0,KRW
2603_다이트_전환캠페인,(재)_천안_진료셀프캠_50대 20대처럼 체지방_260317,1859897810343346,2026-04-17,NONE,0,0,0,0.00,0,0,0.00,0,0,KRW
2603_다이트_전환캠페인,(재)_천안_진료셀프캠_50대 뱃살 체지방만_260317,1859895975928241,2026-04-17,NONE,0,0,0,0.00,0,0,0.00,0,0,KRW
2604_다이트_전환캠페인,(재)_천안_진료셀프캠_비만주사가놓친것_260414,1862452895498482,2026-04-17,AGE_35_44,1240,296,1,0.34,0,0,0.00,0,291,KRW
2604_다이트_전환캠페인,(재)_천안_진료셀프캠_비만주사가놓친것_260414,1862452895498482,2026-04-17,AGE_45_54,1651,284,0,0.00,0,0,0.00,0,276,KRW
2604_다이트_전환캠페인,(재)_천안_진료셀프캠_비만주사가놓친것_260414,1862452895498482,2026-04-17,AGE_55_100,1111,165,0,0.00,0,0,0.00,0,162,KRW
2604_다이트_전환캠페인,(재)_천안_진료셀프캠_비만주사가놓친것_260414,1862452895498482,2026-04-17,NONE,2,1,0,0.00,0,0,0.00,0,0,KRW
2603_다이트_전환캠페인,(재)_천안_진료셀프캠_비만주사끊고15kg_260326,1860714711311361,2026-04-17,NONE,0,0,0,0.00,0,0,0.00,0,0,KRW
2603_다이트_전환캠페인,(재)_천안_진료셀프캠_상체비만 40대 팔뚝살부터_260311,1859358567112033,2026-04-17,NONE,0,0,0,0.00,0,0,0.00,0,0,KRW
2604_다이트_전환캠페인,(재)_천안_진료셀프캠_운동안해도되는_260416,1862612464960546,2026-04-17,AGE_35_44,4305,925,1,0.11,1,4305,100.00,0,883,KRW
2604_다이트_전환캠페인,(재)_천안_진료셀프캠_운동안해도되는_260416,1862612464960546,2026-04-17,AGE_45_54,6911,819,4,0.49,0,0,0.00,0,767,KRW
2604_다이트_전환캠페인,(재)_천안_진료셀프캠_운동안해도되는_260416,1862612464960546,2026-04-17,AGE_55_100,3386,520,4,0.77,0,0,0.00,0,487,KRW
2604_다이트_전환캠페인,(재)_천안_진료셀프캠_운동안해도되는_260416,1862612464960546,2026-04-17,NONE,0,1,0,0.00,0,0,0.00,0,0,KRW
2604_다이트_전환캠페인,(재)_천안_진료셀프캠_주사형비만치료제 고민끝에 50대부부 -32kg_260225,1861968142031009,2026-04-17,NONE,0,0,0,0.00,0,0,0.00,0,0,KRW
2603_다이트_전환캠페인,(신)_대구_의료진정보_주사형비만치료제 10년은_260116,1861074750911650,2026-04-18,NONE,0,0,0,0.00,0,0,0.00,0,0,KRW
2603_다이트_전환캠페인,(신)_대구_인플방문후기_당뇨다이어트(대읽남)_260311,1859417671501954,2026-04-18,NONE,0,0,0,0.00,0,0,0.00,0,0,KRW
2603_다이트_전환캠페인,(신)_대구_인플방문후기_먹으면서 다이어트(대읽남)_251017,1858362316758178,2026-04-18,NONE,0,0,0,0.00,0,0,0.00,0,0,KRW
2604_다이트_전환캠페인,(신)_대구_인플방문후기_먹으면서 다이어트(대읽남)_251017,1861277850752146,2026-04-18,NONE,0,0,0,0.00,0,0,0.00,0,0,KRW
2604_다이트_전환캠페인,(신)_대구_인플방문후기_밥빵면안당기는원장님(itsmeyuriwon)_260407,1861796218051601,2026-04-18,AGE_35_44,1278,185,2,1.08,0,0,0.00,0,180,KRW
2604_다이트_전환캠페인,(신)_대구_인플방문후기_밥빵면안당기는원장님(itsmeyuriwon)_260407,1861796218051601,2026-04-18,AGE_45_54,3629,201,0,0.00,0,0,0.00,0,196,KRW
2604_다이트_전환캠페인,(신)_대구_인플방문후기_밥빵면안당기는원장님(itsmeyuriwon)_260407,1861796218051601,2026-04-18,AGE_55_100,2189,126,1,0.79,0,0,0.00,0,123,KRW
2604_다이트_전환캠페인,(신)_대구_인플방문후기_밥빵면안당기는원장님(itsmeyuriwon)_260407,1861796218051601,2026-04-18,NONE,0,0,0,0.00,0,0,0.00,0,0,KRW
2604_다이트_전환캠페인,(신)_대구_인플방문후기_주사형비만치료제(the.hyunniverse)_260403,1861968872286353,2026-04-18,NONE,0,0,0,0.00,0,0,0.00,0,0,KRW
2604_다이트_전환캠페인,(신)_대전_인플방문후기_밥빵면못참는현대인(대전잇츠)_260410,1862064327619745,2026-04-18,NONE,0,0,0,0.00,0,0,0.00,0,0,KRW
2604_다이트_전환캠페인,(신)_대전_인플방문후기_밥빵면안당기는원장님(itsmeyuriwon)_260407,1861796462367905,2026-04-18,AGE_35_44,4100,245,1,0.41,0,0,0.00,0,234,KRW
2604_다이트_전환캠페인,(신)_대전_인플방문후기_밥빵면안당기는원장님(itsmeyuriwon)_260407,1861796462367905,2026-04-18,AGE_45_54,3942,225,4,1.78,0,0,0.00,0,218,KRW
2604_다이트_전환캠페인,(신)_대전_인플방문후기_밥빵면안당기는원장님(itsmeyuriwon)_260407,1861796462367905,2026-04-18,AGE_55_100,1571,140,2,1.43,0,0,0.00,0,137,KRW
2604_다이트_전환캠페인,(신)_대전_인플방문후기_밥빵면안당기는원장님(itsmeyuriwon)_260407,1861796462367905,2026-04-18,NONE,1,1,0,0.00,0,0,0.00,0,0,KRW
2604_다이트_전환캠페인,(신)_대전_인플방문후기_주사형비만치료제(the.hyunniverse)_260403,1861968952635729,2026-04-18,AGE_35_44,2507,394,1,0.25,0,0,0.00,0,367,KRW
2604_다이트_전환캠페인,(신)_대전_인플방문후기_주사형비만치료제(the.hyunniverse)_260403,1861968952635729,2026-04-18,AGE_45_54,3498,364,1,0.27,0,0,0.00,0,339,KRW
2604_다이트_전환캠페인,(신)_대전_인플방문후기_주사형비만치료제(the.hyunniverse)_260403,1861968952635729,2026-04-18,AGE_55_100,1853,271,0,0.00,0,0,0.00,0,255,KRW
2604_다이트_전환캠페인,(신)_대전_인플방문후기_주사형비만치료제(the.hyunniverse)_260403,1861968952635729,2026-04-18,NONE,0,0,0,0.00,0,0,0.00,0,0,KRW
2603_다이트_전환캠페인,(신)_부평_의료진정보_주사형비만치료제 10년은_260116,1860716092390562,2026-04-18,NONE,0,0,0,0.00,0,0,0.00,0,0,KRW
2604_다이트_전환캠페인,(신)_부평_인플방문후기_건강한다이어트(박고경)_260324,1861276881397074,2026-04-18,AGE_35_44,2469,283,2,0.71,0,0,0.00,0,277,KRW
2604_다이트_전환캠페인,(신)_부평_인플방문후기_건강한다이어트(박고경)_260324,1861276881397074,2026-04-18,AGE_45_54,2490,275,4,1.45,0,0,0.00,0,254,KRW
2604_다이트_전환캠페인,(신)_부평_인플방문후기_건강한다이어트(박고경)_260324,1861276881397074,2026-04-18,AGE_55_100,1590,142,2,1.41,0,0,0.00,0,137,KRW
2603_다이트_전환캠페인,(신)_부평_인플방문후기_건강한다이어트(박고경)_260324,1860541278478465,2026-04-18,NONE,0,0,0,0.00,0,0,0.00,0,0,KRW
2604_다이트_전환캠페인,(신)_부평_인플방문후기_건강한다이어트(박고경)_260324,1861276881397074,2026-04-18,NONE,0,0,0,0.00,0,0,0.00,0,0,KRW
2603_다이트_전환캠페인,(신)_부평_인플방문후기_더먹어야 다이어트 가능(더먹어유)_260313,1859538135129201,2026-04-18,NONE,0,0,0,0.00,0,0,0.00,0,0,KRW
2604_다이트_전환캠페인,(신)_부평_인플방문후기_밥빵면안당기는원장님(itsmeyuriwon)_260407,1861795578227042,2026-04-18,AGE_35_44,5333,438,4,0.91,0,0,0.00,0,417,KRW
2604_다이트_전환캠페인,(신)_부평_인플방문후기_밥빵면안당기는원장님(itsmeyuriwon)_260407,1861795578227042,2026-04-18,AGE_45_54,5479,395,3,0.76,0,0,0.00,0,370,KRW
2604_다이트_전환캠페인,(신)_부평_인플방문후기_밥빵면안당기는원장님(itsmeyuriwon)_260407,1861795578227042,2026-04-18,AGE_55_100,3221,262,1,0.38,1,3221,100.00,0,256,KRW
2604_다이트_전환캠페인,(신)_부평_인플방문후기_밥빵면안당기는원장님(itsmeyuriwon)_260407,1861795578227042,2026-04-18,NONE,12,3,0,0.00,0,0,0.00,0,0,KRW
2604_다이트_전환캠페인,(신)_부평_인플방문후기_주사형비만치료제(the.hyunniverse)_260403,1861968247570690,2026-04-18,AGE_35_44,4801,675,5,0.74,0,0,0.00,0,642,KRW
2604_다이트_전환캠페인,(신)_부평_인플방문후기_주사형비만치료제(the.hyunniverse)_260403,1861968247570690,2026-04-18,AGE_45_54,6380,670,5,0.75,0,0,0.00,0,620,KRW
2604_다이트_전환캠페인,(신)_부평_인플방문후기_주사형비만치료제(the.hyunniverse)_260403,1861968247570690,2026-04-18,AGE_55_100,6478,629,2,0.32,0,0,0.00,0,564,KRW
2604_다이트_전환캠페인,(신)_부평_인플방문후기_주사형비만치료제(the.hyunniverse)_260403,1861968247570690,2026-04-18,NONE,21,2,0,0.00,0,0,0.00,0,0,KRW
2604_다이트_전환캠페인,(신)_서울_인플방문후기_밥빵면안당기는원장님(itsmeyuriwon)_260407,1861792943047986,2026-04-18,AGE_35_44,1607,72,1,1.39,0,0,0.00,0,69,KRW
2604_다이트_전환캠페인,(신)_서울_인플방문후기_밥빵면안당기는원장님(itsmeyuriwon)_260407,1861792943047986,2026-04-18,AGE_45_54,2310,106,2,1.89,0,0,0.00,0,104,KRW
2604_다이트_전환캠페인,(신)_서울_인플방문후기_밥빵면안당기는원장님(itsmeyuriwon)_260407,1861792943047986,2026-04-18,AGE_55_100,1046,64,2,3.13,0,0,0.00,0,62,KRW
2604_다이트_전환캠페인,(신)_서울_인플방문후기_밥빵면안당기는원장님(itsmeyuriwon)_260407,1861792943047986,2026-04-18,NONE,0,0,0,0.00,0,0,0.00,0,0,KRW
2604_다이트_전환캠페인,(신)_서울_인플방문후기_주사형비만치료제(the.hyunniverse)_260403,1861968379365409,2026-04-18,AGE_35_44,1917,223,0,0.00,0,0,0.00,0,220,KRW
2604_다이트_전환캠페인,(신)_서울_인플방문후기_주사형비만치료제(the.hyunniverse)_260403,1861968379365409,2026-04-18,AGE_45_54,4742,321,4,1.25,0,0,0.00,0,306,KRW
2604_다이트_전환캠페인,(신)_서울_인플방문후기_주사형비만치료제(the.hyunniverse)_260403,1861968379365409,2026-04-18,AGE_55_100,3786,321,2,0.62,0,0,0.00,0,302,KRW
2604_다이트_전환캠페인,(신)_서울_인플방문후기_주사형비만치료제(the.hyunniverse)_260403,1861968379365409,2026-04-18,NONE,0,0,0,0.00,0,0,0.00,0,0,KRW
2604_다이트_전환캠페인,(신)_수원_인플방문후기_밥빵면안당기는원장님(itsmeyuriwon)_260407,1861796026692689,2026-04-18,AGE_25_34,4230,993,5,0.50,0,0,0.00,0,970,KRW
2604_다이트_전환캠페인,(신)_수원_인플방문후기_밥빵면안당기는원장님(itsmeyuriwon)_260407,1861796026692689,2026-04-18,AGE_35_44,4813,600,2,0.33,0,0,0.00,0,574,KRW
2604_다이트_전환캠페인,(신)_수원_인플방문후기_밥빵면안당기는원장님(itsmeyuriwon)_260407,1861796026692689,2026-04-18,AGE_45_54,5425,521,5,0.96,0,0,0.00,0,505,KRW
2604_다이트_전환캠페인,(신)_수원_인플방문후기_밥빵면안당기는원장님(itsmeyuriwon)_260407,1861796026692689,2026-04-18,AGE_55_100,2229,348,1,0.29,0,0,0.00,0,332,KRW
2604_다이트_전환캠페인,(신)_수원_인플방문후기_밥빵면안당기는원장님(itsmeyuriwon)_260407,1861796026692689,2026-04-18,NONE,2,2,0,0.00,0,0,0.00,0,0,KRW
2604_다이트_전환캠페인,(신)_수원_인플방문후기_주사형비만치료제(the.hyunniverse)_260403,1861426333950193,2026-04-18,AGE_25_34,3555,889,1,0.11,0,0,0.00,0,861,KRW
2604_다이트_전환캠페인,(신)_수원_인플방문후기_주사형비만치료제(the.hyunniverse)_260403,1861426333950193,2026-04-18,AGE_35_44,5026,726,3,0.41,0,0,0.00,0,691,KRW
2604_다이트_전환캠페인,(신)_수원_인플방문후기_주사형비만치료제(the.hyunniverse)_260403,1861426333950193,2026-04-18,AGE_45_54,8569,777,2,0.26,0,0,0.00,0,719,KRW
2604_다이트_전환캠페인,(신)_수원_인플방문후기_주사형비만치료제(the.hyunniverse)_260403,1861426333950193,2026-04-18,AGE_55_100,8262,571,2,0.35,0,0,0.00,0,520,KRW
2604_다이트_전환캠페인,(신)_수원_인플방문후기_주사형비만치료제(the.hyunniverse)_260403,1861426333950193,2026-04-18,NONE,0,0,0,0.00,0,0,0.00,0,0,KRW
2604_다이트_전환캠페인,(신)_일산_인플방문후기_밥빵면안당기는원장님(itsmeyuriwon)_260407,1861796100333057,2026-04-18,NONE,0,0,0,0.00,0,0,0.00,0,0,KRW
2604_다이트_전환캠페인,(신)_일산_인플방문후기_주사형비만치료제(the.hyunniverse)_260403,1861968797915602,2026-04-18,AGE_35_44,1159,143,0,0.00,0,0,0.00,0,137,KRW
2604_다이트_전환캠페인,(신)_일산_인플방문후기_주사형비만치료제(the.hyunniverse)_260403,1861968797915602,2026-04-18,AGE_45_54,1859,175,1,0.57,0,0,0.00,0,171,KRW
2604_다이트_전환캠페인,(신)_일산_인플방문후기_주사형비만치료제(the.hyunniverse)_260403,1861968797915602,2026-04-18,AGE_55_100,2033,148,0,0.00,0,0,0.00,0,143,KRW
2604_다이트_전환캠페인,(신)_일산_인플방문후기_주사형비만치료제(the.hyunniverse)_260403,1861968797915602,2026-04-18,NONE,0,0,0,0.00,0,0,0.00,0,0,KRW
2603_다이트_전환캠페인,(신)_창원_인플방문후기_더먹어야 다이어트 가능(더먹어유)_260313,1859538526785570,2026-04-18,NONE,0,0,0,0.00,0,0,0.00,0,0,KRW
2604_다이트_전환캠페인,(신)_창원_인플방문후기_밥빵면안당기는원장님(itsmeyuriwon)_260407,1861796302859538,2026-04-18,AGE_35_44,2667,252,1,0.40,0,0,0.00,0,238,KRW
2604_다이트_전환캠페인,(신)_창원_인플방문후기_밥빵면안당기는원장님(itsmeyuriwon)_260407,1861796302859538,2026-04-18,AGE_45_54,4258,311,5,1.61,0,0,0.00,0,287,KRW
2604_다이트_전환캠페인,(신)_창원_인플방문후기_밥빵면안당기는원장님(itsmeyuriwon)_260407,1861796302859538,2026-04-18,AGE_55_100,2670,200,0,0.00,0,0,0.00,0,191,KRW
2604_다이트_전환캠페인,(신)_창원_인플방문후기_밥빵면안당기는원장님(itsmeyuriwon)_260407,1861796302859538,2026-04-18,NONE,0,0,0,0.00,0,0,0.00,0,0,KRW
2604_다이트_전환캠페인,(신)_창원_인플방문후기_주사형비만치료제(the.hyunniverse)_260403,1861427124084770,2026-04-18,NONE,0,0,0,0.00,0,0,0.00,0,0,KRW
2604_다이트_전환캠페인,(신)_천안_의료진정보_주사형비만치료제 10년은_260116,1861279064396242,2026-04-18,AGE_35_44,378,72,0,0.00,0,0,0.00,0,65,KRW
2604_다이트_전환캠페인,(신)_천안_의료진정보_주사형비만치료제 10년은_260116,1861279064396242,2026-04-18,AGE_45_54,944,91,1,1.10,0,0,0.00,0,86,KRW
2604_다이트_전환캠페인,(신)_천안_의료진정보_주사형비만치료제 10년은_260116,1861279064396242,2026-04-18,AGE_55_100,841,125,0,0.00,0,0,0.00,0,115,KRW
2604_다이트_전환캠페인,(신)_천안_의료진정보_주사형비만치료제 10년은_260116,1861279064396242,2026-04-18,NONE,4,1,0,0.00,0,0,0.00,0,0,KRW
2604_다이트_전환캠페인,(신)_천안_인플방문후기_밥빵면안당기는원장님(itsmeyuriwon)_260407,1861796395517250,2026-04-18,AGE_35_44,3723,268,1,0.37,0,0,0.00,0,259,KRW
2604_다이트_전환캠페인,(신)_천안_인플방문후기_밥빵면안당기는원장님(itsmeyuriwon)_260407,1861796395517250,2026-04-18,AGE_45_54,3383,272,5,1.84,0,0,0.00,0,244,KRW
2604_다이트_전환캠페인,(신)_천안_인플방문후기_밥빵면안당기는원장님(itsmeyuriwon)_260407,1861796395517250,2026-04-18,AGE_55_100,1889,140,0,0.00,0,0,0.00,0,128,KRW
2604_다이트_전환캠페인,(신)_천안_인플방문후기_밥빵면안당기는원장님(itsmeyuriwon)_260407,1861796395517250,2026-04-18,NONE,3,2,0,0.00,0,0,0.00,0,0,KRW
2604_다이트_전환캠페인,(신)_천안_인플방문후기_주사형비만치료제(the.hyunniverse)_260403,1861969033799841,2026-04-18,AGE_35_44,3725,543,2,0.37,0,0,0.00,0,508,KRW
2604_다이트_전환캠페인,(신)_천안_인플방문후기_주사형비만치료제(the.hyunniverse)_260403,1861969033799841,2026-04-18,AGE_45_54,3814,459,1,0.22,0,0,0.00,0,423,KRW
2604_다이트_전환캠페인,(신)_천안_인플방문후기_주사형비만치료제(the.hyunniverse)_260403,1861969033799841,2026-04-18,AGE_55_100,3589,311,2,0.64,0,0,0.00,0,273,KRW
2604_다이트_전환캠페인,(신)_천안_인플방문후기_주사형비만치료제(the.hyunniverse)_260403,1861969033799841,2026-04-18,NONE,0,0,0,0.00,0,0,0.00,0,0,KRW
2604_다이트_전환캠페인,(신)_천안_진료셀프캠_주사형 비만치료제보다 더중요한이것_260120,1861969112559697,2026-04-18,AGE_35_44,12722,1663,13,0.78,0,0,0.00,0,1520,KRW
2604_다이트_전환캠페인,(신)_천안_진료셀프캠_주사형 비만치료제보다 더중요한이것_260120,1861969112559697,2026-04-18,AGE_45_54,19209,1641,11,0.67,1,19209,9.09,0,1461,KRW
2604_다이트_전환캠페인,(신)_천안_진료셀프캠_주사형 비만치료제보다 더중요한이것_260120,1861969112559697,2026-04-18,AGE_55_100,14111,1309,8,0.61,0,0,0.00,0,1148,KRW
2604_다이트_전환캠페인,(신)_천안_진료셀프캠_주사형 비만치료제보다 더중요한이것_260120,1861969112559697,2026-04-18,NONE,37,3,0,0.00,0,0,0.00,0,0,KRW
2604_다이트_전환캠페인,(재)_대구_의료진정보_무작정운동으로 팩폭_260406,1861709464313057,2026-04-18,NONE,0,0,0,0.00,0,0,0.00,0,0,KRW
2604_다이트_전환캠페인,"(재)_대구_인플방문후기_건강한다이어트(대구,박고경)_260325",1861278128485793,2026-04-18,AGE_35_44,2983,460,10,2.17,0,0,0.00,0,440,KRW
2604_다이트_전환캠페인,"(재)_대구_인플방문후기_건강한다이어트(대구,박고경)_260325",1861278128485793,2026-04-18,AGE_45_54,3672,299,2,0.67,0,0,0.00,0,290,KRW
2604_다이트_전환캠페인,"(재)_대구_인플방문후기_건강한다이어트(대구,박고경)_260325",1861278128485793,2026-04-18,AGE_55_100,893,225,4,1.78,0,0,0.00,0,214,KRW
2604_다이트_전환캠페인,"(재)_대구_인플방문후기_건강한다이어트(대구,박고경)_260325",1861278128485793,2026-04-18,NONE,6,2,0,0.00,0,0,0.00,0,0,KRW
2603_다이트_전환캠페인,(재)_대구_인플방문후기_맘껏먹는 다이어트 한달후기_260306,1858833581846626,2026-04-18,NONE,0,0,0,0.00,0,0,0.00,0,0,KRW
2604_다이트_전환캠페인,(재)_대구_인플방문후기_먹고싶은거다먹는(수원잇츠)_260403,1861437815982145,2026-04-18,NONE,0,0,0,0.00,0,0,0.00,0,0,KRW
2604_다이트_전환캠페인,(재)_대구_인플방문후기_연예인다이어트(플랜비)_260416,1862614242718769,2026-04-18,AGE_35_44,2768,703,2,0.28,1,2768,50.00,0,635,KRW
2604_다이트_전환캠페인,(재)_대구_인플방문후기_연예인다이어트(플랜비)_260416,1862614242718769,2026-04-18,AGE_45_54,7552,876,3,0.34,0,0,0.00,0,788,KRW
2604_다이트_전환캠페인,(재)_대구_인플방문후기_연예인다이어트(플랜비)_260416,1862614242718769,2026-04-18,AGE_55_100,4377,843,2,0.24,0,0,0.00,0,760,KRW
2604_다이트_전환캠페인,(재)_대구_인플방문후기_연예인다이어트(플랜비)_260416,1862614242718769,2026-04-18,NONE,14,4,0,0.00,0,0,0.00,0,0,KRW
2603_다이트_전환캠페인,(재)_대구_인플방문후기_체지방만쏙빼는(부산잇츠)_260220,1858358889560241,2026-04-18,NONE,0,0,0,0.00,0,0,0.00,0,0,KRW
2604_다이트_전환캠페인,(재)_대구_진료셀프캠_다이어트의적 밥빵면_260407,1861778669641809,2026-04-18,AGE_35_44,5139,382,2,0.52,0,0,0.00,0,370,KRW
2604_다이트_전환캠페인,(재)_대구_진료셀프캠_다이어트의적 밥빵면_260407,1861778669641809,2026-04-18,AGE_45_54,17220,616,7,1.14,3,5740,42.86,0,580,KRW
2604_다이트_전환캠페인,(재)_대구_진료셀프캠_다이어트의적 밥빵면_260407,1861778669641809,2026-04-18,AGE_55_100,11813,619,5,0.81,0,0,0.00,0,577,KRW
2604_다이트_전환캠페인,(재)_대구_진료셀프캠_다이어트의적 밥빵면_260407,1861778669641809,2026-04-18,NONE,6,1,0,0.00,0,0,0.00,0,0,KRW
2604_다이트_전환캠페인,(재)_대구_진료셀프캠_비만주사가놓친것_260414,1862452759074146,2026-04-18,AGE_35_44,487,118,0,0.00,0,0,0.00,0,117,KRW
2604_다이트_전환캠페인,(재)_대구_진료셀프캠_비만주사가놓친것_260414,1862452759074146,2026-04-18,AGE_45_54,1289,132,0,0.00,0,0,0.00,0,123,KRW
2604_다이트_전환캠페인,(재)_대구_진료셀프캠_비만주사가놓친것_260414,1862452759074146,2026-04-18,AGE_55_100,1069,133,1,0.75,0,0,0.00,0,122,KRW
2604_다이트_전환캠페인,(재)_대구_진료셀프캠_비만주사가놓친것_260414,1862452759074146,2026-04-18,NONE,0,0,0,0.00,0,0,0.00,0,0,KRW
2604_다이트_전환캠페인,(재)_대구_진료셀프캠_식욕억제주사실패 마지막_260407,1861779512219682,2026-04-18,AGE_35_44,12418,1008,9,0.89,1,12418,11.11,0,915,KRW
2604_다이트_전환캠페인,(재)_대구_진료셀프캠_식욕억제주사실패 마지막_260407,1861779512219682,2026-04-18,AGE_45_54,20974,1330,14,1.05,0,0,0.00,0,1219,KRW
2604_다이트_전환캠페인,(재)_대구_진료셀프캠_식욕억제주사실패 마지막_260407,1861779512219682,2026-04-18,AGE_55_100,10233,616,6,0.97,1,10233,16.67,0,588,KRW
2604_다이트_전환캠페인,(재)_대구_진료셀프캠_식욕억제주사실패 마지막_260407,1861779512219682,2026-04-18,NONE,0,0,0,0.00,0,0,0.00,0,0,KRW
2604_다이트_전환캠페인,(재)_대구_진료셀프캠_운동안해도되는_260416,1862612192785601,2026-04-18,AGE_35_44,3156,808,2,0.25,0,0,0.00,0,751,KRW
2604_다이트_전환캠페인,(재)_대구_진료셀프캠_운동안해도되는_260416,1862612192785601,2026-04-18,AGE_45_54,6596,964,2,0.21,0,0,0.00,0,855,KRW
2604_다이트_전환캠페인,(재)_대구_진료셀프캠_운동안해도되는_260416,1862612192785601,2026-04-18,AGE_55_100,4973,909,6,0.66,0,0,0.00,0,796,KRW
2604_다이트_전환캠페인,(재)_대구_진료셀프캠_운동안해도되는_260416,1862612192785601,2026-04-18,NONE,9,3,0,0.00,0,0,0.00,0,0,KRW
2604_다이트_전환캠페인,(재)_대구_진료셀프캠_주사형비만치료제 고민끝에 50대부부 -32kg_260225,1861278082187298,2026-04-18,AGE_35_44,3583,392,3,0.77,0,0,0.00,0,384,KRW
2604_다이트_전환캠페인,(재)_대구_진료셀프캠_주사형비만치료제 고민끝에 50대부부 -32kg_260225,1861278082187298,2026-04-18,AGE_45_54,7527,562,2,0.36,0,0,0.00,0,532,KRW
2604_다이트_전환캠페인,(재)_대구_진료셀프캠_주사형비만치료제 고민끝에 50대부부 -32kg_260225,1861278082187298,2026-04-18,AGE_55_100,7679,547,3,0.55,0,0,0.00,0,515,KRW
2604_다이트_전환캠페인,(재)_대구_진료셀프캠_주사형비만치료제 고민끝에 50대부부 -32kg_260225,1861278082187298,2026-04-18,NONE,3,1,0,0.00,0,0,0.00,0,0,KRW
2603_다이트_전환캠페인,(재)_대구_진료셀프캠_주사형비만치료제 고민끝에 50대부부 -32kg_260225,1860546064808049,2026-04-18,NONE,0,0,0,0.00,0,0,0.00,0,0,KRW
2604_다이트_전환캠페인,(재)_대전_인플방문후기_연예인다이어트(플랜비)_260416,1862614549502162,2026-04-18,AGE_35_44,1318,384,0,0.00,0,0,0.00,0,378,KRW
2604_다이트_전환캠페인,(재)_대전_인플방문후기_연예인다이어트(플랜비)_260416,1862614549502162,2026-04-18,AGE_45_54,1648,420,0,0.00,0,0,0.00,0,406,KRW
2604_다이트_전환캠페인,(재)_대전_인플방문후기_연예인다이어트(플랜비)_260416,1862614549502162,2026-04-18,AGE_55_100,1688,480,0,0.00,0,0,0.00,0,458,KRW
2604_다이트_전환캠페인,(재)_대전_인플방문후기_연예인다이어트(플랜비)_260416,1862614549502162,2026-04-18,NONE,4,2,0,0.00,0,0,0.00,0,0,KRW
2604_다이트_전환캠페인,(재)_대전_진료셀프캠_다이어트의적 밥빵면_260407,1861776478109986,2026-04-18,AGE_35_44,11631,710,4,0.56,1,11631,25.00,0,646,KRW
2604_다이트_전환캠페인,(재)_대전_진료셀프캠_다이어트의적 밥빵면_260407,1861776478109986,2026-04-18,AGE_45_54,16719,934,9,0.96,1,16719,11.11,0,810,KRW
2604_다이트_전환캠페인,(재)_대전_진료셀프캠_다이어트의적 밥빵면_260407,1861776478109986,2026-04-18,AGE_55_100,13451,763,8,1.05,0,0,0.00,0,667,KRW
2604_다이트_전환캠페인,(재)_대전_진료셀프캠_다이어트의적 밥빵면_260407,1861776478109986,2026-04-18,NONE,13,3,0,0.00,0,0,0.00,0,0,KRW
2604_다이트_전환캠페인,(재)_대전_진료셀프캠_식욕억제주사실패 마지막_260406,1861708051912898,2026-04-18,AGE_35_44,0,0,0,0.00,0,0,0.00,0,0,KRW
2604_다이트_전환캠페인,(재)_대전_진료셀프캠_운동안해도되는_260416,1862612373033250,2026-04-18,AGE_35_44,1605,380,1,0.26,0,0,0.00,0,370,KRW
2604_다이트_전환캠페인,(재)_대전_진료셀프캠_운동안해도되는_260416,1862612373033250,2026-04-18,AGE_45_54,3498,365,1,0.27,0,0,0.00,0,354,KRW
2604_다이트_전환캠페인,(재)_대전_진료셀프캠_운동안해도되는_260416,1862612373033250,2026-04-18,AGE_55_100,2015,406,1,0.25,0,0,0.00,0,384,KRW
2604_다이트_전환캠페인,(재)_대전_진료셀프캠_운동안해도되는_260416,1862612373033250,2026-04-18,NONE,3,2,0,0.00,0,0,0.00,0,0,KRW
2604_다이트_전환캠페인,(재)_대전_진료셀프캠_주사형비만치료제 고민끝에 50대부부 -32kg_260225,1861708178989089,2026-04-18,AGE_35_44,10405,831,1,0.12,0,0,0.00,0,776,KRW
2604_다이트_전환캠페인,(재)_대전_진료셀프캠_주사형비만치료제 고민끝에 50대부부 -32kg_260225,1861708178989089,2026-04-18,AGE_45_54,13219,1064,2,0.19,0,0,0.00,0,978,KRW
2604_다이트_전환캠페인,(재)_대전_진료셀프캠_주사형비만치료제 고민끝에 50대부부 -32kg_260225,1861708178989089,2026-04-18,AGE_55_100,11557,975,5,0.51,0,0,0.00,0,866,KRW
2604_다이트_전환캠페인,(재)_대전_진료셀프캠_주사형비만치료제 고민끝에 50대부부 -32kg_260225,1861708178989089,2026-04-18,NONE,4,1,0,0.00,0,0,0.00,0,0,KRW
2603_다이트_전환캠페인,(재)_부평_리얼모델후기_체지방만 14kg 먹으면서_260324,1860540316833154,2026-04-18,NONE,0,0,0,0.00,0,0,0.00,0,0,KRW
2604_다이트_전환캠페인,(재)_부평_의료진정보_무작정운동으로 팩폭_260406,1861709708534065,2026-04-18,NONE,0,0,0,0.00,0,0,0.00,0,0,KRW
2603_다이트_전환캠페인,(재)_부평_의료진정보_비만주사 굶는다이어트_260320,1860170168891553,2026-04-18,NONE,0,0,0,0.00,0,0,0.00,0,0,KRW
2604_다이트_전환캠페인,(재)_부평_인플방문후기_연예인다이어트(플랜비)_260416,1862613882586418,2026-04-18,AGE_35_44,4592,991,6,0.61,0,0,0.00,0,897,KRW
2604_다이트_전환캠페인,(재)_부평_인플방문후기_연예인다이어트(플랜비)_260416,1862613882586418,2026-04-18,AGE_45_54,5884,1070,4,0.37,0,0,0.00,0,954,KRW
2604_다이트_전환캠페인,(재)_부평_인플방문후기_연예인다이어트(플랜비)_260416,1862613882586418,2026-04-18,AGE_55_100,5119,920,2,0.22,0,0,0.00,0,812,KRW
2604_다이트_전환캠페인,(재)_부평_인플방문후기_연예인다이어트(플랜비)_260416,1862613882586418,2026-04-18,NONE,4,2,0,0.00,0,0,0.00,0,0,KRW
2604_다이트_전환캠페인,(재)_부평_진료셀프캠_4050다이어트비밀_260414,1862453369868354,2026-04-18,AGE_35_44,3202,834,0,0.00,0,0,0.00,0,736,KRW
2604_다이트_전환캠페인,(재)_부평_진료셀프캠_4050다이어트비밀_260414,1862453369868354,2026-04-18,AGE_45_54,3642,996,3,0.30,0,0,0.00,0,879,KRW
2604_다이트_전환캠페인,(재)_부평_진료셀프캠_4050다이어트비밀_260414,1862453369868354,2026-04-18,AGE_55_100,4147,1265,4,0.32,1,4147,25.00,0,1087,KRW
2604_다이트_전환캠페인,(재)_부평_진료셀프캠_4050다이어트비밀_260414,1862453369868354,2026-04-18,NONE,0,0,0,0.00,0,0,0.00,0,0,KRW
2604_다이트_전환캠페인,(재)_부평_진료셀프캠_비만주사가놓친것_260414,1862452531926049,2026-04-18,AGE_45_54,0,0,0,0.00,0,0,0.00,0,0,KRW
2604_다이트_전환캠페인,(재)_부평_진료셀프캠_비만주사가놓친것_260414,1862452531926049,2026-04-18,NONE,0,0,0,0.00,0,0,0.00,0,0,KRW
2604_다이트_전환캠페인,(재)_부평_진료셀프캠_식욕억제주사실패 마지막_260407,1861779276638289,2026-04-18,AGE_35_44,16019,1136,12,1.06,0,0,0.00,0,1026,KRW
2604_다이트_전환캠페인,(재)_부평_진료셀프캠_식욕억제주사실패 마지막_260407,1861779276638289,2026-04-18,AGE_45_54,32127,1528,18,1.18,0,0,0.00,0,1354,KRW
2604_다이트_전환캠페인,(재)_부평_진료셀프캠_식욕억제주사실패 마지막_260407,1861779276638289,2026-04-18,AGE_55_100,16995,840,7,0.83,1,16995,14.29,0,744,KRW
2604_다이트_전환캠페인,(재)_부평_진료셀프캠_식욕억제주사실패 마지막_260407,1861779276638289,2026-04-18,NONE,29,3,0,0.00,0,0,0.00,0,0,KRW
2604_다이트_전환캠페인,(재)_부평_진료셀프캠_운동안해도되는_260416,1862612072337410,2026-04-18,AGE_35_44,2515,330,1,0.30,0,0,0.00,0,312,KRW
2604_다이트_전환캠페인,(재)_부평_진료셀프캠_운동안해도되는_260416,1862612072337410,2026-04-18,AGE_45_54,4972,406,2,0.49,0,0,0.00,0,377,KRW
2604_다이트_전환캠페인,(재)_부평_진료셀프캠_운동안해도되는_260416,1862612072337410,2026-04-18,AGE_55_100,3977,312,5,1.60,0,0,0.00,0,284,KRW
2604_다이트_전환캠페인,(재)_부평_진료셀프캠_운동안해도되는_260416,1862612072337410,2026-04-18,NONE,0,1,0,0.00,0,0,0.00,0,0,KRW
2603_다이트_전환캠페인,(재)_부평_진료셀프캠_주사형비만치료제 고민끝에 50대부부 -32kg_260225,1858358875905138,2026-04-18,NONE,0,0,0,0.00,0,0,0.00,0,0,KRW
2604_다이트_전환캠페인,(재)_부평_진료셀프캠_주사형비만치료제 고민끝에 50대부부 -32kg_260225,1861276697497633,2026-04-18,NONE,0,0,0,0.00,0,0,0.00,0,0,KRW
2603_다이트_전환캠페인,(재)_서울_의료진정보_비만주사 굶는다이어트_260320,1860169742535889,2026-04-18,NONE,0,0,0,0.00,0,0,0.00,0,0,KRW
2604_다이트_전환캠페인,(재)_서울_인플방문후기_먹고싶은거다먹는(수원잇츠)_260403,1861438096695922,2026-04-18,NONE,0,0,0,0.00,0,0,0.00,0,0,KRW
2604_다이트_전환캠페인,(재)_서울_인플방문후기_연예인다이어트(플랜비)_260416,1862611925509122,2026-04-18,AGE_35_44,1914,384,1,0.26,0,0,0.00,0,337,KRW
2604_다이트_전환캠페인,(재)_서울_인플방문후기_연예인다이어트(플랜비)_260416,1862611925509122,2026-04-18,AGE_45_54,2952,602,2,0.33,0,0,0.00,0,546,KRW
2604_다이트_전환캠페인,(재)_서울_인플방문후기_연예인다이어트(플랜비)_260416,1862611925509122,2026-04-18,AGE_55_100,6047,1055,3,0.28,0,0,0.00,0,921,KRW
2604_다이트_전환캠페인,(재)_서울_인플방문후기_연예인다이어트(플랜비)_260416,1862611925509122,2026-04-18,NONE,12,3,0,0.00,0,0,0.00,0,0,KRW
2603_다이트_전환캠페인,(재)_서울_진료셀프캠_비만주사 10년은 늙어보인대요_260326,1860713002800545,2026-04-18,NONE,0,0,0,0.00,0,0,0.00,0,0,KRW
2604_다이트_전환캠페인,(재)_서울_진료셀프캠_비만주사가놓친것_260414,1862427431553298,2026-04-18,AGE_35_44,880,42,1,2.38,0,0,0.00,0,37,KRW
2604_다이트_전환캠페인,(재)_서울_진료셀프캠_비만주사가놓친것_260414,1862427431553298,2026-04-18,AGE_45_54,423,57,0,0.00,0,0,0.00,0,55,KRW
2604_다이트_전환캠페인,(재)_서울_진료셀프캠_비만주사가놓친것_260414,1862427431553298,2026-04-18,AGE_55_100,715,84,0,0.00,1,715,0.00,0,83,KRW
2604_다이트_전환캠페인,(재)_서울_진료셀프캠_비만주사가놓친것_260414,1862427431553298,2026-04-18,NONE,0,0,0,0.00,0,0,0.00,0,0,KRW
2604_다이트_전환캠페인,(재)_서울_진료셀프캠_식욕억제주사실패 마지막_260407,1861778815720546,2026-04-18,AGE_35_44,9309,619,8,1.29,0,0,0.00,0,582,KRW
2604_다이트_전환캠페인,(재)_서울_진료셀프캠_식욕억제주사실패 마지막_260407,1861778815720546,2026-04-18,AGE_45_54,18806,962,22,2.29,1,18806,4.55,0,887,KRW
2604_다이트_전환캠페인,(재)_서울_진료셀프캠_식욕억제주사실패 마지막_260407,1861778815720546,2026-04-18,AGE_55_100,11205,453,14,3.09,0,0,0.00,0,425,KRW
2604_다이트_전환캠페인,(재)_서울_진료셀프캠_식욕억제주사실패 마지막_260407,1861778815720546,2026-04-18,NONE,0,0,0,0.00,0,0,0.00,0,0,KRW
2604_다이트_전환캠페인,(재)_서울_진료셀프캠_운동안해도되는_260416,1862607904464929,2026-04-18,AGE_35_44,1994,279,4,1.43,1,1994,25.00,0,258,KRW
2604_다이트_전환캠페인,(재)_서울_진료셀프캠_운동안해도되는_260416,1862607904464929,2026-04-18,AGE_45_54,4532,427,3,0.70,0,0,0.00,0,396,KRW
2604_다이트_전환캠페인,(재)_서울_진료셀프캠_운동안해도되는_260416,1862607904464929,2026-04-18,AGE_55_100,4619,549,5,0.91,0,0,0.00,0,492,KRW
2604_다이트_전환캠페인,(재)_서울_진료셀프캠_운동안해도되는_260416,1862607904464929,2026-04-18,NONE,0,0,0,0.00,0,0,0.00,0,0,KRW
2604_다이트_전환캠페인,(재)_서울_진료셀프캠_의사가권하지않는4050_260414,1862453122462113,2026-04-18,AGE_35_44,429,86,1,1.16,0,0,0.00,0,82,KRW
2604_다이트_전환캠페인,(재)_서울_진료셀프캠_의사가권하지않는4050_260414,1862453122462113,2026-04-18,AGE_45_54,1531,93,0,0.00,0,0,0.00,0,91,KRW
2604_다이트_전환캠페인,(재)_서울_진료셀프캠_의사가권하지않는4050_260414,1862453122462113,2026-04-18,AGE_55_100,1816,147,0,0.00,0,0,0.00,0,138,KRW
2604_다이트_전환캠페인,(재)_서울_진료셀프캠_의사가권하지않는4050_260414,1862453122462113,2026-04-18,NONE,1,1,0,0.00,0,0,0.00,0,0,KRW
2604_다이트_전환캠페인,(재)_서울_진료셀프캠_주사형비만치료제 고민끝에 50대부부 -32kg_260225,1861276155386962,2026-04-18,AGE_35_44,1396,84,3,3.57,0,0,0.00,0,81,KRW
2604_다이트_전환캠페인,(재)_서울_진료셀프캠_주사형비만치료제 고민끝에 50대부부 -32kg_260225,1861276155386962,2026-04-18,AGE_45_54,5405,248,2,0.81,0,0,0.00,0,236,KRW
2604_다이트_전환캠페인,(재)_서울_진료셀프캠_주사형비만치료제 고민끝에 50대부부 -32kg_260225,1861276155386962,2026-04-18,AGE_55_100,4356,257,2,0.78,3,1452,150.00,0,248,KRW
2603_다이트_전환캠페인,(재)_서울_진료셀프캠_주사형비만치료제 고민끝에 50대부부 -32kg_260225,1859357641001154,2026-04-18,NONE,0,0,0,0.00,0,0,0.00,0,0,KRW
2604_다이트_전환캠페인,(재)_서울_진료셀프캠_주사형비만치료제 고민끝에 50대부부 -32kg_260225,1861276155386962,2026-04-18,NONE,0,0,0,0.00,0,0,0.00,0,0,KRW
2604_다이트_전환캠페인,(재)_수원_의료진정보_4050나잇살 이유는 여기에_260410,1862064207732210,2026-04-18,AGE_25_34,1209,216,2,0.93,0,0,0.00,0,209,KRW
2604_다이트_전환캠페인,(재)_수원_의료진정보_4050나잇살 이유는 여기에_260410,1862064207732210,2026-04-18,AGE_35_44,600,141,1,0.71,0,0,0.00,0,135,KRW
2604_다이트_전환캠페인,(재)_수원_의료진정보_4050나잇살 이유는 여기에_260410,1862064207732210,2026-04-18,AGE_45_54,857,153,1,0.65,0,0,0.00,0,141,KRW
2604_다이트_전환캠페인,(재)_수원_의료진정보_4050나잇살 이유는 여기에_260410,1862064207732210,2026-04-18,AGE_55_100,741,132,0,0.00,0,0,0.00,0,122,KRW
2604_다이트_전환캠페인,(재)_수원_의료진정보_4050나잇살 이유는 여기에_260410,1862064207732210,2026-04-18,NONE,5,1,0,0.00,0,0,0.00,0,0,KRW
2604_다이트_전환캠페인,"(재)_수원_인플방문후기_건강한다이어트(수원,박고경)_260325",1861277190081841,2026-04-18,AGE_55_100,0,0,0,0.00,0,0,0.00,0,0,KRW
2604_다이트_전환캠페인,"(재)_수원_인플방문후기_건강한다이어트(수원,박고경)_260325",1861277190081841,2026-04-18,NONE,0,0,0,0.00,0,0,0.00,0,0,KRW
2603_다이트_전환캠페인,"(재)_수원_인플방문후기_건강한다이어트(수원,박고경)_260325",1860614554255474,2026-04-18,NONE,0,0,0,0.00,0,0,0.00,0,0,KRW
2604_다이트_전환캠페인,(재)_수원_인플방문후기_먹고싶은거다먹는(수원잇츠)_260403,1861437972025618,2026-04-18,NONE,0,0,0,0.00,0,0,0.00,0,0,KRW
2604_다이트_전환캠페인,(재)_수원_인플방문후기_연예인다이어트(플랜비)_260416,1862613961447426,2026-04-18,AGE_25_34,5651,1597,2,0.13,0,0,0.00,0,1504,KRW
2604_다이트_전환캠페인,(재)_수원_인플방문후기_연예인다이어트(플랜비)_260416,1862613961447426,2026-04-18,AGE_35_44,11529,1765,3,0.17,0,0,0.00,0,1538,KRW
2604_다이트_전환캠페인,(재)_수원_인플방문후기_연예인다이어트(플랜비)_260416,1862613961447426,2026-04-18,AGE_45_54,15208,1939,10,0.52,0,0,0.00,0,1698,KRW
2604_다이트_전환캠페인,(재)_수원_인플방문후기_연예인다이어트(플랜비)_260416,1862613961447426,2026-04-18,AGE_55_100,10938,1680,2,0.12,0,0,0.00,0,1431,KRW
2604_다이트_전환캠페인,(재)_수원_인플방문후기_연예인다이어트(플랜비)_260416,1862613961447426,2026-04-18,NONE,39,5,0,0.00,0,0,0.00,0,0,KRW
2603_다이트_전환캠페인,(재)_수원_진료셀프캠_비만주사없이 체질_260320,1860263832597618,2026-04-18,NONE,0,0,0,0.00,0,0,0.00,0,0,KRW
2604_다이트_전환캠페인,(재)_수원_진료셀프캠_식욕억제주사실패 마지막_260407,1861779341060274,2026-04-18,AGE_25_34,9084,1006,3,0.30,0,0,0.00,0,943,KRW
2604_다이트_전환캠페인,(재)_수원_진료셀프캠_식욕억제주사실패 마지막_260407,1861779341060274,2026-04-18,AGE_35_44,17525,1408,7,0.50,1,17525,14.29,0,1283,KRW
2604_다이트_전환캠페인,(재)_수원_진료셀프캠_식욕억제주사실패 마지막_260407,1861779341060274,2026-04-18,AGE_45_54,36549,1870,15,0.80,0,0,0.00,0,1630,KRW
2604_다이트_전환캠페인,(재)_수원_진료셀프캠_식욕억제주사실패 마지막_260407,1861779341060274,2026-04-18,AGE_55_100,22094,1071,4,0.37,0,0,0.00,0,937,KRW
2604_다이트_전환캠페인,(재)_수원_진료셀프캠_식욕억제주사실패 마지막_260407,1861779341060274,2026-04-18,NONE,74,3,0,0.00,0,0,0.00,0,0,KRW
2604_다이트_전환캠페인,(재)_수원_진료셀프캠_운동안해도되는_260416,1862612144893169,2026-04-18,AGE_25_34,2321,462,1,0.22,0,0,0.00,0,436,KRW
2604_다이트_전환캠페인,(재)_수원_진료셀프캠_운동안해도되는_260416,1862612144893169,2026-04-18,AGE_35_44,3166,482,2,0.41,0,0,0.00,0,446,KRW
2604_다이트_전환캠페인,(재)_수원_진료셀프캠_운동안해도되는_260416,1862612144893169,2026-04-18,AGE_45_54,5331,548,2,0.36,2,2665,100.00,0,493,KRW
2604_다이트_전환캠페인,(재)_수원_진료셀프캠_운동안해도되는_260416,1862612144893169,2026-04-18,AGE_55_100,3711,454,0,0.00,0,0,0.00,0,396,KRW
2604_다이트_전환캠페인,(재)_수원_진료셀프캠_운동안해도되는_260416,1862612144893169,2026-04-18,NONE,7,2,0,0.00,0,0,0.00,0,0,KRW
2604_다이트_전환캠페인,(재)_수원_진료셀프캠_의사가권하지않는4050_260414,1862453880112178,2026-04-18,AGE_35_44,0,0,0,0.00,0,0,0.00,0,0,KRW
2604_다이트_전환캠페인,(재)_수원_진료셀프캠_의사가권하지않는4050_260414,1862453880112178,2026-04-18,NONE,0,0,0,0.00,0,0,0.00,0,0,KRW
2603_다이트_전환캠페인,(재)_수원_진료셀프캠_하체비만 40대 통짜바지_260311,1859358275806641,2026-04-18,NONE,0,0,0,0.00,0,0,0.00,0,0,KRW
2604_다이트_전환캠페인,"(재)_일산_인플방문후기_건강한다이어트(일산, 박고경)_260325",1861277705679282,2026-04-18,NONE,0,0,0,0.00,0,0,0.00,0,0,KRW
2604_다이트_전환캠페인,(재)_일산_인플방문후기_맘껏먹는 다이어트 한달후기_260306,1861277479159890,2026-04-18,AGE_35_44,2062,161,0,0.00,0,0,0.00,0,152,KRW
2604_다이트_전환캠페인,(재)_일산_인플방문후기_맘껏먹는 다이어트 한달후기_260306,1861277479159890,2026-04-18,AGE_45_54,2250,179,2,1.12,0,0,0.00,0,164,KRW
2604_다이트_전환캠페인,(재)_일산_인플방문후기_맘껏먹는 다이어트 한달후기_260306,1861277479159890,2026-04-18,AGE_55_100,1759,116,0,0.00,0,0,0.00,0,106,KRW
2604_다이트_전환캠페인,(재)_일산_인플방문후기_맘껏먹는 다이어트 한달후기_260306,1861277479159890,2026-04-18,NONE,0,0,0,0.00,0,0,0.00,0,0,KRW
2604_다이트_전환캠페인,(재)_일산_인플방문후기_먹고싶은거다먹는(수원잇츠)_260403,1861437881987106,2026-04-18,AGE_35_44,539,45,0,0.00,0,0,0.00,0,44,KRW
2604_다이트_전환캠페인,(재)_일산_인플방문후기_먹고싶은거다먹는(수원잇츠)_260403,1861437881987106,2026-04-18,AGE_45_54,800,60,0,0.00,0,0,0.00,0,57,KRW
2604_다이트_전환캠페인,(재)_일산_인플방문후기_먹고싶은거다먹는(수원잇츠)_260403,1861437881987106,2026-04-18,AGE_55_100,1007,50,0,0.00,0,0,0.00,0,47,KRW
2604_다이트_전환캠페인,(재)_일산_인플방문후기_연예인다이어트(일산 플랜비)_260416,1862614105575633,2026-04-18,AGE_35_44,3149,509,1,0.20,0,0,0.00,0,480,KRW
2604_다이트_전환캠페인,(재)_일산_인플방문후기_연예인다이어트(일산 플랜비)_260416,1862614105575633,2026-04-18,AGE_45_54,4208,729,2,0.27,0,0,0.00,0,685,KRW
2604_다이트_전환캠페인,(재)_일산_인플방문후기_연예인다이어트(일산 플랜비)_260416,1862614105575633,2026-04-18,AGE_55_100,4020,723,3,0.41,0,0,0.00,0,677,KRW
2604_다이트_전환캠페인,(재)_일산_인플방문후기_연예인다이어트(일산 플랜비)_260416,1862614105575633,2026-04-18,NONE,0,0,0,0.00,0,0,0.00,0,0,KRW
2604_다이트_전환캠페인,(재)_일산_진료셀프캠_비만주사가놓친것_260414,1862452684235121,2026-04-18,AGE_35_44,306,32,0,0.00,0,0,0.00,0,31,KRW
2604_다이트_전환캠페인,(재)_일산_진료셀프캠_비만주사가놓친것_260414,1862452684235121,2026-04-18,AGE_45_54,111,30,0,0.00,0,0,0.00,0,30,KRW
2604_다이트_전환캠페인,(재)_일산_진료셀프캠_비만주사가놓친것_260414,1862452684235121,2026-04-18,AGE_55_100,449,64,0,0.00,0,0,0.00,0,62,KRW
2604_다이트_전환캠페인,(재)_일산_진료셀프캠_비만주사가놓친것_260414,1862452684235121,2026-04-18,NONE,0,0,0,0.00,0,0,0.00,0,0,KRW
2603_다이트_전환캠페인,(재)_일산_진료셀프캠_비만주사없이 체질_260320,1860170767678546,2026-04-18,NONE,0,0,0,0.00,0,0,0.00,0,0,KRW
2604_다이트_전환캠페인,(재)_일산_진료셀프캠_식욕억제주사실패 마지막_260407,1861779422527666,2026-04-18,AGE_35_44,9269,605,4,0.66,0,0,0.00,0,544,KRW
2604_다이트_전환캠페인,(재)_일산_진료셀프캠_식욕억제주사실패 마지막_260407,1861779422527666,2026-04-18,AGE_45_54,22811,1374,14,1.02,3,7603,21.43,0,1248,KRW
2604_다이트_전환캠페인,(재)_일산_진료셀프캠_식욕억제주사실패 마지막_260407,1861779422527666,2026-04-18,AGE_55_100,26728,1328,23,1.73,6,4454,26.09,0,1164,KRW
2604_다이트_전환캠페인,(재)_일산_진료셀프캠_식욕억제주사실패 마지막_260407,1861779422527666,2026-04-18,NONE,49,4,0,0.00,0,0,0.00,0,0,KRW
2604_다이트_전환캠페인,(재)_일산_진료셀프캠_운동안해도되는_260416,1862612254235649,2026-04-18,AGE_35_44,1703,261,2,0.77,0,0,0.00,0,255,KRW
2604_다이트_전환캠페인,(재)_일산_진료셀프캠_운동안해도되는_260416,1862612254235649,2026-04-18,AGE_45_54,2965,414,0,0.00,0,0,0.00,0,387,KRW
2604_다이트_전환캠페인,(재)_일산_진료셀프캠_운동안해도되는_260416,1862612254235649,2026-04-18,AGE_55_100,4479,452,1,0.22,0,0,0.00,0,428,KRW
2604_다이트_전환캠페인,(재)_일산_진료셀프캠_운동안해도되는_260416,1862612254235649,2026-04-18,NONE,35,1,0,0.00,0,0,0.00,0,0,KRW
2604_다이트_전환캠페인,(재)_일산_진료셀프캠_의사가권하지않는4050_260414,1862453943180450,2026-04-18,AGE_55_100,0,0,0,0.00,0,0,0.00,0,0,KRW
2604_다이트_전환캠페인,(재)_일산_진료셀프캠_의사가권하지않는4050_260414,1862453943180450,2026-04-18,NONE,0,0,0,0.00,0,0,0.00,0,0,KRW
2604_다이트_전환캠페인,(재)_일산_진료셀프캠_주사형비만치료제 고민끝에 40대부부 -32kg_260225,1861277533224961,2026-04-18,NONE,0,0,0,0.00,0,0,0.00,0,0,KRW
2604_다이트_전환캠페인,(재)_창원_의료진정보_4050나잇살 이유는 여기에_260410,1862064114067810,2026-04-18,AGE_45_54,0,0,0,0.00,0,0,0.00,0,0,KRW
2604_다이트_전환캠페인,(재)_창원_의료진정보_4050나잇살 이유는 여기에_260410,1862064114067810,2026-04-18,NONE,0,0,0,0.00,0,0,0.00,0,0,KRW
2604_다이트_전환캠페인,(재)_창원_의료진정보_무작정운동으로 팩폭_260406,1861709359069201,2026-04-18,NONE,0,0,0,0.00,0,0,0.00,0,0,KRW
2604_다이트_전환캠페인,"(재)_창원_인플방문후기_건강한다이어트(창원,박고경)_260325",1861278731680866,2026-04-18,AGE_35_44,0,0,0,0.00,0,0,0.00,0,0,KRW
2604_다이트_전환캠페인,"(재)_창원_인플방문후기_건강한다이어트(창원,박고경)_260325",1861278731680866,2026-04-18,NONE,0,0,0,0.00,0,0,0.00,0,0,KRW
2604_다이트_전환캠페인,(재)_창원_인플방문후기_먹고싶은거다먹는(수원잇츠)_260403,1861437705571345,2026-04-18,AGE_35_44,973,142,1,0.70,0,0,0.00,0,135,KRW
2604_다이트_전환캠페인,(재)_창원_인플방문후기_먹고싶은거다먹는(수원잇츠)_260403,1861437705571345,2026-04-18,AGE_45_54,1249,172,0,0.00,0,0,0.00,0,156,KRW
2604_다이트_전환캠페인,(재)_창원_인플방문후기_먹고싶은거다먹는(수원잇츠)_260403,1861437705571345,2026-04-18,AGE_55_100,511,106,0,0.00,0,0,0.00,0,103,KRW
2604_다이트_전환캠페인,(재)_창원_인플방문후기_연예인다이어트(플랜비)_260416,1862614349846529,2026-04-18,AGE_35_44,2274,601,3,0.50,0,0,0.00,0,527,KRW
2604_다이트_전환캠페인,(재)_창원_인플방문후기_연예인다이어트(플랜비)_260416,1862614349846529,2026-04-18,AGE_45_54,5324,868,4,0.46,0,0,0.00,0,723,KRW
2604_다이트_전환캠페인,(재)_창원_인플방문후기_연예인다이어트(플랜비)_260416,1862614349846529,2026-04-18,AGE_55_100,3894,758,3,0.40,0,0,0.00,0,637,KRW
2604_다이트_전환캠페인,(재)_창원_인플방문후기_연예인다이어트(플랜비)_260416,1862614349846529,2026-04-18,NONE,3,1,0,0.00,0,0,0.00,0,0,KRW
2604_다이트_전환캠페인,(재)_창원_진료셀프캠_비만주사가놓친것_260414,1862452830171329,2026-04-18,AGE_35_44,513,102,1,0.98,0,0,0.00,0,94,KRW
2604_다이트_전환캠페인,(재)_창원_진료셀프캠_비만주사가놓친것_260414,1862452830171329,2026-04-18,AGE_45_54,799,123,1,0.81,0,0,0.00,0,110,KRW
2604_다이트_전환캠페인,(재)_창원_진료셀프캠_비만주사가놓친것_260414,1862452830171329,2026-04-18,AGE_55_100,573,108,1,0.93,0,0,0.00,0,96,KRW
2604_다이트_전환캠페인,(재)_창원_진료셀프캠_비만주사가놓친것_260414,1862452830171329,2026-04-18,NONE,0,0,0,0.00,0,0,0.00,0,0,KRW
2603_다이트_전환캠페인,(재)_창원_진료셀프캠_비만주사없이 체질_260320,1860171178598945,2026-04-18,NONE,0,0,0,0.00,0,0,0.00,0,0,KRW
2604_다이트_전환캠페인,(재)_창원_진료셀프캠_식욕억제주사실패 마지막_260407,1861779402873057,2026-04-18,AGE_35_44,10931,929,5,0.54,0,0,0.00,0,802,KRW
2604_다이트_전환캠페인,(재)_창원_진료셀프캠_식욕억제주사실패 마지막_260407,1861779402873057,2026-04-18,AGE_45_54,31443,1613,9,0.56,1,31443,11.11,0,1373,KRW
2604_다이트_전환캠페인,(재)_창원_진료셀프캠_식욕억제주사실패 마지막_260407,1861779402873057,2026-04-18,AGE_55_100,15432,897,7,0.78,0,0,0.00,0,753,KRW
2604_다이트_전환캠페인,(재)_창원_진료셀프캠_식욕억제주사실패 마지막_260407,1861779402873057,2026-04-18,NONE,593,2,0,0.00,0,0,0.00,0,0,KRW
2604_다이트_전환캠페인,(재)_창원_진료셀프캠_운동안해도되는_260416,1862612192812097,2026-04-18,AGE_35_44,2321,412,2,0.49,1,2321,50.00,0,392,KRW
2604_다이트_전환캠페인,(재)_창원_진료셀프캠_운동안해도되는_260416,1862612192812097,2026-04-18,AGE_45_54,3928,563,3,0.53,0,0,0.00,0,503,KRW
2604_다이트_전환캠페인,(재)_창원_진료셀프캠_운동안해도되는_260416,1862612192812097,2026-04-18,AGE_55_100,2884,448,2,0.45,0,0,0.00,0,404,KRW
2604_다이트_전환캠페인,(재)_창원_진료셀프캠_운동안해도되는_260416,1862612192812097,2026-04-18,NONE,15,2,0,0.00,0,0,0.00,0,0,KRW
2604_다이트_전환캠페인,(재)_창원_진료셀프캠_의사가권하지않는4050_260414,1862454032569618,2026-04-18,NONE,0,0,0,0.00,0,0,0.00,0,0,KRW
2603_다이트_전환캠페인,(재)_창원_진료셀프캠_주사형비만치료제 고민끝에 50대부부 -32kg_260225,1860546141013361,2026-04-18,NONE,0,0,0,0.00,0,0,0.00,0,0,KRW
2604_다이트_전환캠페인,(재)_창원_진료셀프캠_주사형비만치료제 고민끝에 50대부부 -32kg_260225,1861278292523041,2026-04-18,NONE,0,0,0,0.00,0,0,0.00,0,0,KRW
2603_다이트_전환캠페인,(재)_천안_리얼모델후기_체지방만 14kg 먹으면서_260324,1860541057046561,2026-04-18,NONE,0,0,0,0.00,0,0,0.00,0,0,KRW
2603_다이트_전환캠페인,(재)_천안_의료진정보_비만주사요요 탄수중독_260320,1860171393987826,2026-04-18,NONE,0,0,0,0.00,0,0,0.00,0,0,KRW
2604_다이트_전환캠페인,"(재)_천안_인플방문후기_건강한다이어트(천안, 박고경)_260325",1861278985311585,2026-04-18,AGE_35_44,2667,472,0,0.00,0,0,0.00,0,457,KRW
2604_다이트_전환캠페인,"(재)_천안_인플방문후기_건강한다이어트(천안, 박고경)_260325",1861278985311585,2026-04-18,AGE_45_54,3525,306,3,0.98,0,0,0.00,0,296,KRW
2604_다이트_전환캠페인,"(재)_천안_인플방문후기_건강한다이어트(천안, 박고경)_260325",1861278985311585,2026-04-18,AGE_55_100,1164,194,2,1.03,0,0,0.00,0,188,KRW
2604_다이트_전환캠페인,"(재)_천안_인플방문후기_건강한다이어트(천안, 박고경)_260325",1861278985311585,2026-04-18,NONE,0,0,0,0.00,0,0,0.00,0,0,KRW
2603_다이트_전환캠페인,"(재)_천안_인플방문후기_건강한다이어트(천안, 박고경)_260325",1860615057904689,2026-04-18,NONE,0,0,0,0.00,0,0,0.00,0,0,KRW
2603_다이트_전환캠페인,(재)_천안_인플방문후기_맘껏먹는 다이어트 한달후기_260306,1858834125348929,2026-04-18,NONE,0,0,0,0.00,0,0,0.00,0,0,KRW
2604_다이트_전환캠페인,(재)_천안_인플방문후기_연예인다이어트(플랜비)_260416,1862614438420609,2026-04-18,AGE_35_44,1803,552,1,0.18,0,0,0.00,0,523,KRW
2604_다이트_전환캠페인,(재)_천안_인플방문후기_연예인다이어트(플랜비)_260416,1862614438420609,2026-04-18,AGE_45_54,2285,520,1,0.19,0,0,0.00,0,470,KRW
2604_다이트_전환캠페인,(재)_천안_인플방문후기_연예인다이어트(플랜비)_260416,1862614438420609,2026-04-18,AGE_55_100,2319,491,0,0.00,0,0,0.00,0,446,KRW
2604_다이트_전환캠페인,(재)_천안_인플방문후기_연예인다이어트(플랜비)_260416,1862614438420609,2026-04-18,NONE,16,3,0,0.00,0,0,0.00,0,0,KRW
2604_다이트_전환캠페인,(재)_천안_진료셀프캠_비만주사가놓친것_260414,1862452895498482,2026-04-18,AGE_35_44,1179,243,1,0.41,0,0,0.00,0,236,KRW
2604_다이트_전환캠페인,(재)_천안_진료셀프캠_비만주사가놓친것_260414,1862452895498482,2026-04-18,AGE_45_54,1753,210,2,0.95,0,0,0.00,0,204,KRW
2604_다이트_전환캠페인,(재)_천안_진료셀프캠_비만주사가놓친것_260414,1862452895498482,2026-04-18,AGE_55_100,1317,157,0,0.00,0,0,0.00,0,153,KRW
2604_다이트_전환캠페인,(재)_천안_진료셀프캠_비만주사가놓친것_260414,1862452895498482,2026-04-18,NONE,6,2,0,0.00,0,0,0.00,0,0,KRW
2604_다이트_전환캠페인,(재)_천안_진료셀프캠_식욕억제주사실패 마지막_260407,1861779883450610,2026-04-18,NONE,0,0,0,0.00,0,0,0.00,0,0,KRW
2604_다이트_전환캠페인,(재)_천안_진료셀프캠_운동안해도되는_260416,1862612464960546,2026-04-18,AGE_35_44,2865,484,3,0.62,0,0,0.00,0,447,KRW
2604_다이트_전환캠페인,(재)_천안_진료셀프캠_운동안해도되는_260416,1862612464960546,2026-04-18,AGE_45_54,4047,503,2,0.40,0,0,0.00,0,452,KRW
2604_다이트_전환캠페인,(재)_천안_진료셀프캠_운동안해도되는_260416,1862612464960546,2026-04-18,AGE_55_100,2930,368,0,0.00,0,0,0.00,0,332,KRW
2604_다이트_전환캠페인,(재)_천안_진료셀프캠_운동안해도되는_260416,1862612464960546,2026-04-18,NONE,2,2,0,0.00,0,0,0.00,0,0,KRW
2604_다이트_전환캠페인,(재)_천안_진료셀프캠_주사형비만치료제 고민끝에 50대부부 -32kg_260225,1861968142031009,2026-04-18,NONE,0,0,0,0.00,0,0,0.00,0,0,KRW
2604_다이트_전환캠페인,(신)_대구_인플방문후기_먹으면서 다이어트(대읽남)_251017,1861277850752146,2026-04-19,NONE,0,0,0,0.00,0,0,0.00,0,0,KRW
2603_다이트_전환캠페인,(신)_대구_인플방문후기_먹으면서 다이어트(대읽남)_251017,1858362316758178,2026-04-19,NONE,0,0,0,0.00,0,0,0.00,0,0,KRW
2604_다이트_전환캠페인,(신)_대구_인플방문후기_밥빵면안당기는원장님(itsmeyuriwon)_260407,1861796218051601,2026-04-19,AGE_35_44,789,81,0,0.00,0,0,0.00,0,81,KRW
2604_다이트_전환캠페인,(신)_대구_인플방문후기_밥빵면안당기는원장님(itsmeyuriwon)_260407,1861796218051601,2026-04-19,AGE_45_54,1069,87,0,0.00,0,0,0.00,0,86,KRW
2604_다이트_전환캠페인,(신)_대구_인플방문후기_밥빵면안당기는원장님(itsmeyuriwon)_260407,1861796218051601,2026-04-19,AGE_55_100,862,52,0,0.00,0,0,0.00,0,51,KRW
2604_다이트_전환캠페인,(신)_대구_인플방문후기_밥빵면안당기는원장님(itsmeyuriwon)_260407,1861796218051601,2026-04-19,NONE,19,1,0,0.00,0,0,0.00,0,0,KRW
2604_다이트_전환캠페인,(신)_대구_인플방문후기_주사형비만치료제(the.hyunniverse)_260403,1861968872286353,2026-04-19,NONE,0,0,0,0.00,0,0,0.00,0,0,KRW
2604_다이트_전환캠페인,(신)_대전_인플방문후기_밥빵면안당기는원장님(itsmeyuriwon)_260407,1861796462367905,2026-04-19,AGE_35_44,770,68,0,0.00,0,0,0.00,0,64,KRW
2604_다이트_전환캠페인,(신)_대전_인플방문후기_밥빵면안당기는원장님(itsmeyuriwon)_260407,1861796462367905,2026-04-19,AGE_45_54,943,69,1,1.45,0,0,0.00,0,68,KRW
2604_다이트_전환캠페인,(신)_대전_인플방문후기_밥빵면안당기는원장님(itsmeyuriwon)_260407,1861796462367905,2026-04-19,AGE_55_100,638,37,0,0.00,0,0,0.00,0,37,KRW
2604_다이트_전환캠페인,(신)_대전_인플방문후기_주사형비만치료제(the.hyunniverse)_260403,1861968952635729,2026-04-19,AGE_35_44,336,61,0,0.00,0,0,0.00,0,60,KRW
2604_다이트_전환캠페인,(신)_대전_인플방문후기_주사형비만치료제(the.hyunniverse)_260403,1861968952635729,2026-04-19,AGE_45_54,546,57,0,0.00,0,0,0.00,0,53,KRW
2604_다이트_전환캠페인,(신)_대전_인플방문후기_주사형비만치료제(the.hyunniverse)_260403,1861968952635729,2026-04-19,AGE_55_100,508,43,0,0.00,0,0,0.00,0,43,KRW
2604_다이트_전환캠페인,(신)_대전_인플방문후기_주사형비만치료제(the.hyunniverse)_260403,1861968952635729,2026-04-19,NONE,9,2,0,0.00,0,0,0.00,0,0,KRW
2604_다이트_전환캠페인,(신)_대전_진료셀프캠_주사형 비만치료제보다 더중요한이것_260120,1861781961742465,2026-04-19,NONE,0,0,0,0.00,0,0,0.00,0,0,KRW
2603_다이트_전환캠페인,(신)_부평_의료진정보_주사형비만치료제 10년은_260116,1860716092390562,2026-04-19,NONE,0,0,0,0.00,0,0,0.00,0,0,KRW
2604_다이트_전환캠페인,(신)_부평_인플방문후기_건강한다이어트(박고경)_260324,1861276881397074,2026-04-19,AGE_35_44,365,39,0,0.00,0,0,0.00,0,37,KRW
2604_다이트_전환캠페인,(신)_부평_인플방문후기_건강한다이어트(박고경)_260324,1861276881397074,2026-04-19,AGE_45_54,560,35,0,0.00,0,0,0.00,0,32,KRW
2604_다이트_전환캠페인,(신)_부평_인플방문후기_건강한다이어트(박고경)_260324,1861276881397074,2026-04-19,AGE_55_100,121,27,1,3.70,0,0,0.00,0,27,KRW
2604_다이트_전환캠페인,(신)_부평_인플방문후기_건강한다이어트(박고경)_260324,1861276881397074,2026-04-19,NONE,0,0,0,0.00,0,0,0.00,0,0,KRW
2604_다이트_전환캠페인,(신)_부평_인플방문후기_밥빵면안당기는원장님(itsmeyuriwon)_260407,1861795578227042,2026-04-19,AGE_35_44,1239,85,0,0.00,0,0,0.00,0,84,KRW
2604_다이트_전환캠페인,(신)_부평_인플방문후기_밥빵면안당기는원장님(itsmeyuriwon)_260407,1861795578227042,2026-04-19,AGE_45_54,3246,113,2,1.77,1,3246,50.00,0,110,KRW
2604_다이트_전환캠페인,(신)_부평_인플방문후기_밥빵면안당기는원장님(itsmeyuriwon)_260407,1861795578227042,2026-04-19,AGE_55_100,966,61,1,1.64,0,0,0.00,0,61,KRW
2604_다이트_전환캠페인,(신)_부평_인플방문후기_밥빵면안당기는원장님(itsmeyuriwon)_260407,1861795578227042,2026-04-19,NONE,4,1,0,0.00,0,0,0.00,0,0,KRW
2604_다이트_전환캠페인,(신)_부평_인플방문후기_주사형비만치료제(the.hyunniverse)_260403,1861968247570690,2026-04-19,AGE_35_44,707,97,0,0.00,0,0,0.00,0,93,KRW
2604_다이트_전환캠페인,(신)_부평_인플방문후기_주사형비만치료제(the.hyunniverse)_260403,1861968247570690,2026-04-19,AGE_45_54,1633,156,1,0.64,0,0,0.00,0,150,KRW
2604_다이트_전환캠페인,(신)_부평_인플방문후기_주사형비만치료제(the.hyunniverse)_260403,1861968247570690,2026-04-19,AGE_55_100,1808,146,1,0.68,0,0,0.00,0,137,KRW
2604_다이트_전환캠페인,(신)_부평_인플방문후기_주사형비만치료제(the.hyunniverse)_260403,1861968247570690,2026-04-19,NONE,3,2,0,0.00,0,0,0.00,0,0,KRW
2604_다이트_전환캠페인,(신)_서울_인플방문후기_밥빵면안당기는원장님(itsmeyuriwon)_260407,1861792943047986,2026-04-19,AGE_35_44,1778,113,1,0.88,1,1778,100.00,0,113,KRW
2604_다이트_전환캠페인,(신)_서울_인플방문후기_밥빵면안당기는원장님(itsmeyuriwon)_260407,1861792943047986,2026-04-19,AGE_45_54,1606,92,1,1.09,0,0,0.00,0,91,KRW
2604_다이트_전환캠페인,(신)_서울_인플방문후기_밥빵면안당기는원장님(itsmeyuriwon)_260407,1861792943047986,2026-04-19,AGE_55_100,356,57,0,0.00,0,0,0.00,0,56,KRW
2604_다이트_전환캠페인,(신)_서울_인플방문후기_밥빵면안당기는원장님(itsmeyuriwon)_260407,1861792943047986,2026-04-19,NONE,13,1,0,0.00,0,0,0.00,0,0,KRW
2604_다이트_전환캠페인,(신)_서울_인플방문후기_주사형비만치료제(the.hyunniverse)_260403,1861968379365409,2026-04-19,AGE_35_44,1623,298,3,1.01,0,0,0.00,0,294,KRW
2604_다이트_전환캠페인,(신)_서울_인플방문후기_주사형비만치료제(the.hyunniverse)_260403,1861968379365409,2026-04-19,AGE_45_54,3173,301,0,0.00,0,0,0.00,0,300,KRW
2604_다이트_전환캠페인,(신)_서울_인플방문후기_주사형비만치료제(the.hyunniverse)_260403,1861968379365409,2026-04-19,AGE_55_100,2176,209,2,0.96,0,0,0.00,0,209,KRW
2604_다이트_전환캠페인,(신)_서울_인플방문후기_주사형비만치료제(the.hyunniverse)_260403,1861968379365409,2026-04-19,NONE,0,0,0,0.00,0,0,0.00,0,0,KRW
2604_다이트_전환캠페인,(신)_수원_인플방문후기_밥빵면안당기는원장님(itsmeyuriwon)_260407,1861796026692689,2026-04-19,AGE_25_34,1518,407,2,0.49,0,0,0.00,0,405,KRW
2604_다이트_전환캠페인,(신)_수원_인플방문후기_밥빵면안당기는원장님(itsmeyuriwon)_260407,1861796026692689,2026-04-19,AGE_35_44,2132,214,1,0.47,0,0,0.00,0,206,KRW
2604_다이트_전환캠페인,(신)_수원_인플방문후기_밥빵면안당기는원장님(itsmeyuriwon)_260407,1861796026692689,2026-04-19,AGE_45_54,2689,204,3,1.47,0,0,0.00,0,204,KRW
2604_다이트_전환캠페인,(신)_수원_인플방문후기_밥빵면안당기는원장님(itsmeyuriwon)_260407,1861796026692689,2026-04-19,AGE_55_100,1254,117,0,0.00,0,0,0.00,0,116,KRW
2604_다이트_전환캠페인,(신)_수원_인플방문후기_밥빵면안당기는원장님(itsmeyuriwon)_260407,1861796026692689,2026-04-19,NONE,6,2,0,0.00,0,0,0.00,0,0,KRW
2604_다이트_전환캠페인,(신)_수원_인플방문후기_주사형비만치료제(the.hyunniverse)_260403,1861426333950193,2026-04-19,AGE_25_34,1159,377,3,0.80,0,0,0.00,0,375,KRW
2604_다이트_전환캠페인,(신)_수원_인플방문후기_주사형비만치료제(the.hyunniverse)_260403,1861426333950193,2026-04-19,AGE_35_44,2590,245,1,0.41,0,0,0.00,0,244,KRW
2604_다이트_전환캠페인,(신)_수원_인플방문후기_주사형비만치료제(the.hyunniverse)_260403,1861426333950193,2026-04-19,AGE_45_54,2110,228,0,0.00,0,0,0.00,0,221,KRW
2604_다이트_전환캠페인,(신)_수원_인플방문후기_주사형비만치료제(the.hyunniverse)_260403,1861426333950193,2026-04-19,AGE_55_100,1887,192,0,0.00,0,0,0.00,0,189,KRW
2604_다이트_전환캠페인,(신)_수원_인플방문후기_주사형비만치료제(the.hyunniverse)_260403,1861426333950193,2026-04-19,NONE,11,1,0,0.00,0,0,0.00,0,0,KRW
2604_다이트_전환캠페인,(신)_일산_인플방문후기_밥빵면안당기는원장님(itsmeyuriwon)_260407,1861796100333057,2026-04-19,NONE,0,0,0,0.00,0,0,0.00,0,0,KRW
2604_다이트_전환캠페인,(신)_일산_인플방문후기_주사형비만치료제(the.hyunniverse)_260403,1861968797915602,2026-04-19,AGE_35_44,218,19,0,0.00,0,0,0.00,0,19,KRW
2604_다이트_전환캠페인,(신)_일산_인플방문후기_주사형비만치료제(the.hyunniverse)_260403,1861968797915602,2026-04-19,AGE_45_54,391,25,0,0.00,0,0,0.00,0,25,KRW
2604_다이트_전환캠페인,(신)_일산_인플방문후기_주사형비만치료제(the.hyunniverse)_260403,1861968797915602,2026-04-19,AGE_55_100,304,27,0,0.00,0,0,0.00,0,26,KRW
2604_다이트_전환캠페인,(신)_일산_인플방문후기_주사형비만치료제(the.hyunniverse)_260403,1861968797915602,2026-04-19,NONE,0,0,0,0.00,0,0,0.00,0,0,KRW
2604_다이트_전환캠페인,(신)_창원_인플방문후기_밥빵면안당기는원장님(itsmeyuriwon)_260407,1861796302859538,2026-04-19,AGE_35_44,803,75,0,0.00,0,0,0.00,0,72,KRW
2604_다이트_전환캠페인,(신)_창원_인플방문후기_밥빵면안당기는원장님(itsmeyuriwon)_260407,1861796302859538,2026-04-19,AGE_45_54,1755,118,0,0.00,0,0,0.00,0,115,KRW
2604_다이트_전환캠페인,(신)_창원_인플방문후기_밥빵면안당기는원장님(itsmeyuriwon)_260407,1861796302859538,2026-04-19,AGE_55_100,1942,77,1,1.30,0,0,0.00,0,74,KRW
2604_다이트_전환캠페인,(신)_창원_인플방문후기_밥빵면안당기는원장님(itsmeyuriwon)_260407,1861796302859538,2026-04-19,NONE,12,1,0,0.00,0,0,0.00,0,0,KRW
2604_다이트_전환캠페인,(신)_창원_인플방문후기_주사형비만치료제(the.hyunniverse)_260403,1861427124084770,2026-04-19,NONE,0,0,0,0.00,0,0,0.00,0,0,KRW
2604_다이트_전환캠페인,(신)_천안_의료진정보_주사형비만치료제 10년은_260116,1861279064396242,2026-04-19,AGE_35_44,140,24,0,0.00,0,0,0.00,0,22,KRW
2604_다이트_전환캠페인,(신)_천안_의료진정보_주사형비만치료제 10년은_260116,1861279064396242,2026-04-19,AGE_45_54,312,13,0,0.00,0,0,0.00,0,13,KRW
2604_다이트_전환캠페인,(신)_천안_의료진정보_주사형비만치료제 10년은_260116,1861279064396242,2026-04-19,AGE_55_100,236,24,0,0.00,0,0,0.00,0,24,KRW
2604_다이트_전환캠페인,(신)_천안_의료진정보_주사형비만치료제 10년은_260116,1861279064396242,2026-04-19,NONE,1,1,0,0.00,0,0,0.00,0,0,KRW
2603_다이트_전환캠페인,(신)_천안_의료진정보_주사형비만치료제 10년은_260116,1861074704982066,2026-04-19,NONE,0,0,0,0.00,0,0,0.00,0,0,KRW
2604_다이트_전환캠페인,(신)_천안_인플방문후기_밥빵면안당기는원장님(itsmeyuriwon)_260407,1861796395517250,2026-04-19,AGE_35_44,688,100,0,0.00,0,0,0.00,0,100,KRW
2604_다이트_전환캠페인,(신)_천안_인플방문후기_밥빵면안당기는원장님(itsmeyuriwon)_260407,1861796395517250,2026-04-19,AGE_45_54,1547,81,3,3.70,0,0,0.00,0,78,KRW
2604_다이트_전환캠페인,(신)_천안_인플방문후기_밥빵면안당기는원장님(itsmeyuriwon)_260407,1861796395517250,2026-04-19,AGE_55_100,435,46,0,0.00,0,0,0.00,0,46,KRW
2604_다이트_전환캠페인,(신)_천안_인플방문후기_주사형비만치료제(the.hyunniverse)_260403,1861969033799841,2026-04-19,AGE_35_44,1175,174,1,0.57,0,0,0.00,0,170,KRW
2604_다이트_전환캠페인,(신)_천안_인플방문후기_주사형비만치료제(the.hyunniverse)_260403,1861969033799841,2026-04-19,AGE_45_54,972,115,0,0.00,0,0,0.00,0,114,KRW
2604_다이트_전환캠페인,(신)_천안_인플방문후기_주사형비만치료제(the.hyunniverse)_260403,1861969033799841,2026-04-19,AGE_55_100,493,65,0,0.00,0,0,0.00,0,64,KRW
2604_다이트_전환캠페인,(신)_천안_인플방문후기_주사형비만치료제(the.hyunniverse)_260403,1861969033799841,2026-04-19,NONE,5,1,0,0.00,0,0,0.00,0,0,KRW
2604_다이트_전환캠페인,(신)_천안_진료셀프캠_주사형 비만치료제보다 더중요한이것_260120,1861969112559697,2026-04-19,AGE_35_44,3686,490,3,0.61,0,0,0.00,0,482,KRW
2604_다이트_전환캠페인,(신)_천안_진료셀프캠_주사형 비만치료제보다 더중요한이것_260120,1861969112559697,2026-04-19,AGE_45_54,6180,471,6,1.27,0,0,0.00,0,459,KRW
2604_다이트_전환캠페인,(신)_천안_진료셀프캠_주사형 비만치료제보다 더중요한이것_260120,1861969112559697,2026-04-19,AGE_55_100,6088,294,3,1.02,0,0,0.00,0,287,KRW
2604_다이트_전환캠페인,(신)_천안_진료셀프캠_주사형 비만치료제보다 더중요한이것_260120,1861969112559697,2026-04-19,NONE,9,2,0,0.00,0,0,0.00,0,0,KRW
2603_다이트_전환캠페인,(재)_대구_리얼모델후기_체지방만 14kg 먹으면서_260324,1860540866227313,2026-04-19,NONE,0,0,0,0.00,0,0,0.00,0,0,KRW
2604_다이트_전환캠페인,(재)_대구_의료진정보_무작정운동으로 팩폭_260406,1861709464313057,2026-04-19,NONE,0,0,0,0.00,0,0,0.00,0,0,KRW
2603_다이트_전환캠페인,(재)_대구_의료진정보_비만주사요요 탄수중독_260320,1860170996611154,2026-04-19,NONE,0,0,0,0.00,0,0,0.00,0,0,KRW
2604_다이트_전환캠페인,"(재)_대구_인플방문후기_건강한다이어트(대구,박고경)_260325",1861278128485793,2026-04-19,AGE_35_44,1437,129,1,0.78,0,0,0.00,0,126,KRW
2604_다이트_전환캠페인,"(재)_대구_인플방문후기_건강한다이어트(대구,박고경)_260325",1861278128485793,2026-04-19,AGE_45_54,2398,68,2,2.94,0,0,0.00,0,68,KRW
2604_다이트_전환캠페인,"(재)_대구_인플방문후기_건강한다이어트(대구,박고경)_260325",1861278128485793,2026-04-19,AGE_55_100,142,56,0,0.00,0,0,0.00,0,56,KRW
2604_다이트_전환캠페인,"(재)_대구_인플방문후기_건강한다이어트(대구,박고경)_260325",1861278128485793,2026-04-19,NONE,118,1,0,0.00,0,0,0.00,0,0,KRW
2603_다이트_전환캠페인,"(재)_대구_인플방문후기_건강한다이어트(대구,박고경)_260325",1860614125298753,2026-04-19,NONE,0,0,0,0.00,0,0,0.00,0,0,KRW
2603_다이트_전환캠페인,(재)_대구_인플방문후기_맘껏먹는 다이어트 한달후기_260306,1858833581846626,2026-04-19,NONE,0,0,0,0.00,0,0,0.00,0,0,KRW
2604_다이트_전환캠페인,(재)_대구_인플방문후기_연예인다이어트(플랜비)_260416,1862614242718769,2026-04-19,AGE_35_44,641,174,0,0.00,0,0,0.00,0,173,KRW
2604_다이트_전환캠페인,(재)_대구_인플방문후기_연예인다이어트(플랜비)_260416,1862614242718769,2026-04-19,AGE_45_54,2556,219,2,0.91,0,0,0.00,0,214,KRW
2604_다이트_전환캠페인,(재)_대구_인플방문후기_연예인다이어트(플랜비)_260416,1862614242718769,2026-04-19,AGE_55_100,931,220,0,0.00,0,0,0.00,0,219,KRW
2604_다이트_전환캠페인,(재)_대구_인플방문후기_연예인다이어트(플랜비)_260416,1862614242718769,2026-04-19,NONE,3,2,0,0.00,0,0,0.00,0,0,KRW
2604_다이트_전환캠페인,(재)_대구_진료셀프캠_다이어트의적 밥빵면_260407,1861778669641809,2026-04-19,AGE_35_44,1948,136,2,1.47,0,0,0.00,0,135,KRW
2604_다이트_전환캠페인,(재)_대구_진료셀프캠_다이어트의적 밥빵면_260407,1861778669641809,2026-04-19,AGE_45_54,6789,270,7,2.59,1,6789,14.29,0,269,KRW
2604_다이트_전환캠페인,(재)_대구_진료셀프캠_다이어트의적 밥빵면_260407,1861778669641809,2026-04-19,AGE_55_100,4922,242,3,1.24,0,0,0.00,0,240,KRW
2604_다이트_전환캠페인,(재)_대구_진료셀프캠_다이어트의적 밥빵면_260407,1861778669641809,2026-04-19,NONE,74,2,0,0.00,0,0,0.00,0,0,KRW
2604_다이트_전환캠페인,(재)_대구_진료셀프캠_비만주사가놓친것_260414,1862452759074146,2026-04-19,AGE_35_44,143,18,1,5.56,0,0,0.00,0,18,KRW
2604_다이트_전환캠페인,(재)_대구_진료셀프캠_비만주사가놓친것_260414,1862452759074146,2026-04-19,AGE_45_54,71,16,1,6.25,0,0,0.00,0,14,KRW
2604_다이트_전환캠페인,(재)_대구_진료셀프캠_비만주사가놓친것_260414,1862452759074146,2026-04-19,AGE_55_100,108,21,0,0.00,0,0,0.00,0,20,KRW
2604_다이트_전환캠페인,(재)_대구_진료셀프캠_비만주사가놓친것_260414,1862452759074146,2026-04-19,NONE,0,0,0,0.00,0,0,0.00,0,0,KRW
2604_다이트_전환캠페인,(재)_대구_진료셀프캠_비만주사끊고15kg_260326,1861278293422097,2026-04-19,NONE,0,0,0,0.00,0,0,0.00,0,0,KRW
2604_다이트_전환캠페인,(재)_대구_진료셀프캠_식욕억제주사실패 마지막_260407,1861779512219682,2026-04-19,AGE_35_44,3297,244,3,1.23,0,0,0.00,0,236,KRW
2604_다이트_전환캠페인,(재)_대구_진료셀프캠_식욕억제주사실패 마지막_260407,1861779512219682,2026-04-19,AGE_45_54,5775,316,3,0.95,0,0,0.00,0,308,KRW
2604_다이트_전환캠페인,(재)_대구_진료셀프캠_식욕억제주사실패 마지막_260407,1861779512219682,2026-04-19,AGE_55_100,1343,116,1,0.86,0,0,0.00,0,114,KRW
2604_다이트_전환캠페인,(재)_대구_진료셀프캠_식욕억제주사실패 마지막_260407,1861779512219682,2026-04-19,NONE,97,1,0,0.00,0,0,0.00,0,0,KRW
2604_다이트_전환캠페인,(재)_대구_진료셀프캠_운동안해도되는_260416,1862612192785601,2026-04-19,AGE_35_44,823,185,4,2.16,0,0,0.00,0,177,KRW
2604_다이트_전환캠페인,(재)_대구_진료셀프캠_운동안해도되는_260416,1862612192785601,2026-04-19,AGE_45_54,1938,264,3,1.14,0,0,0.00,0,248,KRW
2604_다이트_전환캠페인,(재)_대구_진료셀프캠_운동안해도되는_260416,1862612192785601,2026-04-19,AGE_55_100,1310,201,0,0.00,0,0,0.00,0,193,KRW
2604_다이트_전환캠페인,(재)_대구_진료셀프캠_운동안해도되는_260416,1862612192785601,2026-04-19,NONE,62,7,0,0.00,0,0,0.00,0,0,KRW
2604_다이트_전환캠페인,(재)_대구_진료셀프캠_주사형비만치료제 고민끝에 50대부부 -32kg_260225,1861278082187298,2026-04-19,AGE_35_44,775,84,2,2.38,0,0,0.00,0,83,KRW
2604_다이트_전환캠페인,(재)_대구_진료셀프캠_주사형비만치료제 고민끝에 50대부부 -32kg_260225,1861278082187298,2026-04-19,AGE_45_54,1938,114,0,0.00,0,0,0.00,0,111,KRW
2604_다이트_전환캠페인,(재)_대구_진료셀프캠_주사형비만치료제 고민끝에 50대부부 -32kg_260225,1861278082187298,2026-04-19,AGE_55_100,2289,87,3,3.45,0,0,0.00,0,87,KRW
2604_다이트_전환캠페인,(재)_대구_진료셀프캠_주사형비만치료제 고민끝에 50대부부 -32kg_260225,1861278082187298,2026-04-19,NONE,8,1,0,0.00,0,0,0.00,0,0,KRW
2603_다이트_전환캠페인,(재)_대구_진료셀프캠_주사형비만치료제 고민끝에 50대부부 -32kg_260225,1860546064808049,2026-04-19,NONE,0,0,0,0.00,0,0,0.00,0,0,KRW
2604_다이트_전환캠페인,"(재)_대전_인플방문후기_건강한다이어트(대전, 박고경)_260406",1861709876075633,2026-04-19,NONE,0,0,0,0.00,0,0,0.00,0,0,KRW
2604_다이트_전환캠페인,(재)_대전_인플방문후기_연예인다이어트(플랜비)_260416,1862614549502162,2026-04-19,AGE_35_44,216,74,0,0.00,0,0,0.00,0,74,KRW
2604_다이트_전환캠페인,(재)_대전_인플방문후기_연예인다이어트(플랜비)_260416,1862614549502162,2026-04-19,AGE_45_54,417,65,0,0.00,0,0,0.00,0,64,KRW
2604_다이트_전환캠페인,(재)_대전_인플방문후기_연예인다이어트(플랜비)_260416,1862614549502162,2026-04-19,AGE_55_100,325,92,1,1.09,0,0,0.00,0,90,KRW
2604_다이트_전환캠페인,(재)_대전_인플방문후기_연예인다이어트(플랜비)_260416,1862614549502162,2026-04-19,NONE,2,2,0,0.00,0,0,0.00,0,0,KRW
2604_다이트_전환캠페인,(재)_대전_진료셀프캠_다이어트의적 밥빵면_260407,1861776478109986,2026-04-19,AGE_35_44,3798,174,1,0.57,0,0,0.00,0,167,KRW
2604_다이트_전환캠페인,(재)_대전_진료셀프캠_다이어트의적 밥빵면_260407,1861776478109986,2026-04-19,AGE_45_54,7760,350,3,0.86,0,0,0.00,0,327,KRW
2604_다이트_전환캠페인,(재)_대전_진료셀프캠_다이어트의적 밥빵면_260407,1861776478109986,2026-04-19,AGE_55_100,8892,297,6,2.02,0,0,0.00,0,280,KRW
2604_다이트_전환캠페인,(재)_대전_진료셀프캠_다이어트의적 밥빵면_260407,1861776478109986,2026-04-19,NONE,12,2,0,0.00,0,0,0.00,0,0,KRW
2604_다이트_전환캠페인,(재)_대전_진료셀프캠_식욕억제주사실패 마지막_260406,1861708051912898,2026-04-19,NONE,0,0,0,0.00,0,0,0.00,0,0,KRW
2604_다이트_전환캠페인,(재)_대전_진료셀프캠_운동안해도되는_260416,1862612373033250,2026-04-19,AGE_35_44,227,56,0,0.00,0,0,0.00,0,56,KRW
2604_다이트_전환캠페인,(재)_대전_진료셀프캠_운동안해도되는_260416,1862612373033250,2026-04-19,AGE_45_54,765,53,0,0.00,0,0,0.00,0,53,KRW
2604_다이트_전환캠페인,(재)_대전_진료셀프캠_운동안해도되는_260416,1862612373033250,2026-04-19,AGE_55_100,352,65,0,0.00,0,0,0.00,0,64,KRW
2604_다이트_전환캠페인,(재)_대전_진료셀프캠_운동안해도되는_260416,1862612373033250,2026-04-19,NONE,0,0,0,0.00,0,0,0.00,0,0,KRW
2604_다이트_전환캠페인,(재)_대전_진료셀프캠_주사형비만치료제 고민끝에 50대부부 -32kg_260225,1861708178989089,2026-04-19,AGE_35_44,1892,129,1,0.78,0,0,0.00,0,127,KRW
2604_다이트_전환캠페인,(재)_대전_진료셀프캠_주사형비만치료제 고민끝에 50대부부 -32kg_260225,1861708178989089,2026-04-19,AGE_45_54,3823,186,0,0.00,0,0,0.00,0,184,KRW
2604_다이트_전환캠페인,(재)_대전_진료셀프캠_주사형비만치료제 고민끝에 50대부부 -32kg_260225,1861708178989089,2026-04-19,AGE_55_100,1994,168,0,0.00,0,0,0.00,0,164,KRW
2604_다이트_전환캠페인,(재)_대전_진료셀프캠_주사형비만치료제 고민끝에 50대부부 -32kg_260225,1861708178989089,2026-04-19,NONE,169,7,0,0.00,0,0,0.00,0,0,KRW
2603_다이트_전환캠페인,(재)_부평_의료진정보_비만주사 굶는다이어트_260320,1860170168891553,2026-04-19,NONE,0,0,0,0.00,0,0,0.00,0,0,KRW
2603_다이트_전환캠페인,(재)_부평_의료진정보_비만주사요요 탄수중독_260320,1860170168891521,2026-04-19,NONE,0,0,0,0.00,0,0,0.00,0,0,KRW
2604_다이트_전환캠페인,(재)_부평_인플방문후기_연예인다이어트(플랜비)_260416,1862613882586418,2026-04-19,AGE_35_44,1668,196,1,0.51,0,0,0.00,0,183,KRW
2604_다이트_전환캠페인,(재)_부평_인플방문후기_연예인다이어트(플랜비)_260416,1862613882586418,2026-04-19,AGE_45_54,2239,260,3,1.15,1,2239,33.33,0,245,KRW
2604_다이트_전환캠페인,(재)_부평_인플방문후기_연예인다이어트(플랜비)_260416,1862613882586418,2026-04-19,AGE_55_100,1325,190,0,0.00,0,0,0.00,0,177,KRW
2604_다이트_전환캠페인,(재)_부평_인플방문후기_연예인다이어트(플랜비)_260416,1862613882586418,2026-04-19,NONE,7,2,0,0.00,0,0,0.00,0,0,KRW
2604_다이트_전환캠페인,(재)_부평_진료셀프캠_4050다이어트비밀_260414,1862453369868354,2026-04-19,AGE_35_44,141,48,0,0.00,0,0,0.00,0,48,KRW
2604_다이트_전환캠페인,(재)_부평_진료셀프캠_4050다이어트비밀_260414,1862453369868354,2026-04-19,AGE_45_54,191,44,0,0.00,0,0,0.00,0,43,KRW
2604_다이트_전환캠페인,(재)_부평_진료셀프캠_4050다이어트비밀_260414,1862453369868354,2026-04-19,AGE_55_100,253,74,0,0.00,0,0,0.00,0,66,KRW
2604_다이트_전환캠페인,(재)_부평_진료셀프캠_4050다이어트비밀_260414,1862453369868354,2026-04-19,NONE,3,1,0,0.00,0,0,0.00,0,0,KRW
2604_다이트_전환캠페인,(재)_부평_진료셀프캠_비만주사가놓친것_260414,1862452531926049,2026-04-19,NONE,0,0,0,0.00,0,0,0.00,0,0,KRW
2603_다이트_전환캠페인,(재)_부평_진료셀프캠_비만주사없이 체질_260320,1860263975141538,2026-04-19,NONE,0,0,0,0.00,0,0,0.00,0,0,KRW
2604_다이트_전환캠페인,(재)_부평_진료셀프캠_식욕억제주사실패 마지막_260407,1861779276638289,2026-04-19,AGE_35_44,5527,241,2,0.83,0,0,0.00,0,233,KRW
2604_다이트_전환캠페인,(재)_부평_진료셀프캠_식욕억제주사실패 마지막_260407,1861779276638289,2026-04-19,AGE_45_54,10123,386,4,1.04,0,0,0.00,0,377,KRW
2604_다이트_전환캠페인,(재)_부평_진료셀프캠_식욕억제주사실패 마지막_260407,1861779276638289,2026-04-19,AGE_55_100,4750,181,1,0.55,0,0,0.00,0,178,KRW
2604_다이트_전환캠페인,(재)_부평_진료셀프캠_식욕억제주사실패 마지막_260407,1861779276638289,2026-04-19,NONE,6,2,0,0.00,0,0,0.00,0,0,KRW
2604_다이트_전환캠페인,(재)_부평_진료셀프캠_운동안해도되는_260416,1862612072337410,2026-04-19,AGE_35_44,491,40,1,2.50,0,0,0.00,0,36,KRW
2604_다이트_전환캠페인,(재)_부평_진료셀프캠_운동안해도되는_260416,1862612072337410,2026-04-19,AGE_45_54,768,49,0,0.00,0,0,0.00,0,47,KRW
2604_다이트_전환캠페인,(재)_부평_진료셀프캠_운동안해도되는_260416,1862612072337410,2026-04-19,AGE_55_100,1092,50,1,2.00,0,0,0.00,0,49,KRW
2604_다이트_전환캠페인,(재)_부평_진료셀프캠_주사형비만치료제 고민끝에 50대부부 -32kg_260225,1861276697497633,2026-04-19,NONE,0,0,0,0.00,0,0,0.00,0,0,KRW
2603_다이트_전환캠페인,(재)_부평_진료셀프캠_주사형비만치료제 고민끝에 50대부부 -32kg_260225,1858358875905138,2026-04-19,NONE,0,0,0,0.00,0,0,0.00,0,0,KRW
2603_다이트_전환캠페인,(재)_서울_의료진정보_비만주사 굶는다이어트_260320,1860169742535889,2026-04-19,NONE,0,0,0,0.00,0,0,0.00,0,0,KRW
2603_다이트_전환캠페인,"(재)_서울_인플방문후기_건강한다이어트(서울,박고경)_260325",1860614178390386,2026-04-19,NONE,0,0,0,0.00,0,0,0.00,0,0,KRW
2604_다이트_전환캠페인,(재)_서울_인플방문후기_먹고싶은거다먹는(수원잇츠)_260403,1861438096695922,2026-04-19,NONE,0,0,0,0.00,0,0,0.00,0,0,KRW
2604_다이트_전환캠페인,(재)_서울_인플방문후기_연예인다이어트(플랜비)_260416,1862611925509122,2026-04-19,AGE_35_44,1404,433,0,0.00,0,0,0.00,0,430,KRW
2604_다이트_전환캠페인,(재)_서울_인플방문후기_연예인다이어트(플랜비)_260416,1862611925509122,2026-04-19,AGE_45_54,1690,480,0,0.00,0,0,0.00,0,475,KRW
2604_다이트_전환캠페인,(재)_서울_인플방문후기_연예인다이어트(플랜비)_260416,1862611925509122,2026-04-19,AGE_55_100,1236,480,1,0.21,0,0,0.00,0,475,KRW
2604_다이트_전환캠페인,(재)_서울_인플방문후기_연예인다이어트(플랜비)_260416,1862611925509122,2026-04-19,NONE,9,4,0,0.00,0,0,0.00,0,0,KRW
2603_다이트_전환캠페인,(재)_서울_진료셀프캠_비만주사 10년은 늙어보인대요_260326,1860713002800545,2026-04-19,NONE,0,0,0,0.00,0,0,0.00,0,0,KRW
2604_다이트_전환캠페인,(재)_서울_진료셀프캠_비만주사가놓친것_260414,1862427431553298,2026-04-19,AGE_35_44,47,13,0,0.00,0,0,0.00,0,13,KRW
2604_다이트_전환캠페인,(재)_서울_진료셀프캠_비만주사가놓친것_260414,1862427431553298,2026-04-19,AGE_45_54,37,14,0,0.00,0,0,0.00,0,14,KRW
2604_다이트_전환캠페인,(재)_서울_진료셀프캠_비만주사가놓친것_260414,1862427431553298,2026-04-19,AGE_55_100,69,16,0,0.00,0,0,0.00,0,16,KRW
2604_다이트_전환캠페인,(재)_서울_진료셀프캠_비만주사가놓친것_260414,1862427431553298,2026-04-19,NONE,0,0,0,0.00,0,0,0.00,0,0,KRW
2603_다이트_전환캠페인,(재)_서울_진료셀프캠_비만주사없이 체질_260320,1860169742535905,2026-04-19,NONE,0,0,0,0.00,0,0,0.00,0,0,KRW
2604_다이트_전환캠페인,(재)_서울_진료셀프캠_식욕억제주사실패 마지막_260407,1861778815720546,2026-04-19,AGE_35_44,724,68,1,1.47,0,0,0.00,0,68,KRW
2604_다이트_전환캠페인,(재)_서울_진료셀프캠_식욕억제주사실패 마지막_260407,1861778815720546,2026-04-19,AGE_45_54,1704,82,2,2.44,0,0,0.00,0,79,KRW
2604_다이트_전환캠페인,(재)_서울_진료셀프캠_식욕억제주사실패 마지막_260407,1861778815720546,2026-04-19,AGE_55_100,684,40,0,0.00,0,0,0.00,0,39,KRW
2604_다이트_전환캠페인,(재)_서울_진료셀프캠_식욕억제주사실패 마지막_260407,1861778815720546,2026-04-19,NONE,6,1,0,0.00,0,0,0.00,0,0,KRW
2604_다이트_전환캠페인,(재)_서울_진료셀프캠_운동안해도되는_260416,1862607904464929,2026-04-19,AGE_35_44,282,64,1,1.56,0,0,0.00,0,63,KRW
2604_다이트_전환캠페인,(재)_서울_진료셀프캠_운동안해도되는_260416,1862607904464929,2026-04-19,AGE_45_54,451,52,0,0.00,0,0,0.00,0,52,KRW
2604_다이트_전환캠페인,(재)_서울_진료셀프캠_운동안해도되는_260416,1862607904464929,2026-04-19,AGE_55_100,607,57,0,0.00,0,0,0.00,0,55,KRW
2604_다이트_전환캠페인,(재)_서울_진료셀프캠_운동안해도되는_260416,1862607904464929,2026-04-19,NONE,15,2,0,0.00,0,0,0.00,0,0,KRW
2604_다이트_전환캠페인,(재)_서울_진료셀프캠_의사가권하지않는4050_260414,1862453122462113,2026-04-19,AGE_35_44,227,48,0,0.00,0,0,0.00,0,47,KRW
2604_다이트_전환캠페인,(재)_서울_진료셀프캠_의사가권하지않는4050_260414,1862453122462113,2026-04-19,AGE_45_54,250,49,0,0.00,0,0,0.00,0,47,KRW
2604_다이트_전환캠페인,(재)_서울_진료셀프캠_의사가권하지않는4050_260414,1862453122462113,2026-04-19,AGE_55_100,613,65,0,0.00,0,0,0.00,0,65,KRW
2604_다이트_전환캠페인,(재)_서울_진료셀프캠_의사가권하지않는4050_260414,1862453122462113,2026-04-19,NONE,0,0,0,0.00,0,0,0.00,0,0,KRW
2604_다이트_전환캠페인,(재)_서울_진료셀프캠_주사형비만치료제 고민끝에 50대부부 -32kg_260225,1861276155386962,2026-04-19,AGE_35_44,218,14,0,0.00,0,0,0.00,0,14,KRW
2604_다이트_전환캠페인,(재)_서울_진료셀프캠_주사형비만치료제 고민끝에 50대부부 -32kg_260225,1861276155386962,2026-04-19,AGE_45_54,451,21,0,0.00,0,0,0.00,0,21,KRW
2604_다이트_전환캠페인,(재)_서울_진료셀프캠_주사형비만치료제 고민끝에 50대부부 -32kg_260225,1861276155386962,2026-04-19,AGE_55_100,176,11,0,0.00,0,0,0.00,0,11,KRW
2603_다이트_전환캠페인,(재)_서울_진료셀프캠_주사형비만치료제 고민끝에 50대부부 -32kg_260225,1859357641001154,2026-04-19,NONE,0,0,0,0.00,0,0,0.00,0,0,KRW
2604_다이트_전환캠페인,(재)_서울_진료셀프캠_주사형비만치료제 고민끝에 50대부부 -32kg_260225,1861276155386962,2026-04-19,NONE,0,0,0,0.00,0,0,0.00,0,0,KRW
2604_다이트_전환캠페인,(재)_수원_의료진정보_4050나잇살 이유는 여기에_260410,1862064207732210,2026-04-19,AGE_25_34,234,52,0,0.00,0,0,0.00,0,50,KRW
2604_다이트_전환캠페인,(재)_수원_의료진정보_4050나잇살 이유는 여기에_260410,1862064207732210,2026-04-19,AGE_35_44,116,29,0,0.00,0,0,0.00,0,29,KRW
2604_다이트_전환캠페인,(재)_수원_의료진정보_4050나잇살 이유는 여기에_260410,1862064207732210,2026-04-19,AGE_45_54,281,46,0,0.00,0,0,0.00,0,45,KRW
2604_다이트_전환캠페인,(재)_수원_의료진정보_4050나잇살 이유는 여기에_260410,1862064207732210,2026-04-19,AGE_55_100,309,45,0,0.00,0,0,0.00,0,43,KRW
2604_다이트_전환캠페인,(재)_수원_의료진정보_4050나잇살 이유는 여기에_260410,1862064207732210,2026-04-19,NONE,0,0,0,0.00,0,0,0.00,0,0,KRW
2604_다이트_전환캠페인,"(재)_수원_인플방문후기_건강한다이어트(수원,박고경)_260325",1861277190081841,2026-04-19,NONE,0,0,0,0.00,0,0,0.00,0,0,KRW
2603_다이트_전환캠페인,"(재)_수원_인플방문후기_건강한다이어트(수원,박고경)_260325",1860614554255474,2026-04-19,NONE,0,0,0,0.00,0,0,0.00,0,0,KRW
2604_다이트_전환캠페인,(재)_수원_인플방문후기_연예인다이어트(플랜비)_260416,1862613961447426,2026-04-19,AGE_25_34,2267,697,3,0.43,0,0,0.00,0,684,KRW
2604_다이트_전환캠페인,(재)_수원_인플방문후기_연예인다이어트(플랜비)_260416,1862613961447426,2026-04-19,AGE_35_44,3264,526,0,0.00,0,0,0.00,0,508,KRW
2604_다이트_전환캠페인,(재)_수원_인플방문후기_연예인다이어트(플랜비)_260416,1862613961447426,2026-04-19,AGE_45_54,6786,626,4,0.64,0,0,0.00,0,612,KRW
2604_다이트_전환캠페인,(재)_수원_인플방문후기_연예인다이어트(플랜비)_260416,1862613961447426,2026-04-19,AGE_55_100,4799,573,1,0.17,0,0,0.00,0,548,KRW
2604_다이트_전환캠페인,(재)_수원_인플방문후기_연예인다이어트(플랜비)_260416,1862613961447426,2026-04-19,NONE,46,7,0,0.00,0,0,0.00,0,0,KRW
2604_다이트_전환캠페인,(재)_수원_진료셀프캠_비만주사가놓친것_260414,1862452610512897,2026-04-19,NONE,0,0,0,0.00,0,0,0.00,0,0,KRW
2603_다이트_전환캠페인,(재)_수원_진료셀프캠_비만주사끊고15kg_260326,1860713698941138,2026-04-19,NONE,0,0,0,0.00,0,0,0.00,0,0,KRW
2604_다이트_전환캠페인,(재)_수원_진료셀프캠_비만주사없이 체질_260320,1861277107797025,2026-04-19,NONE,0,0,0,0.00,0,0,0.00,0,0,KRW
2603_다이트_전환캠페인,(재)_수원_진료셀프캠_비만주사없이 체질_260320,1860263832597618,2026-04-19,NONE,0,0,0,0.00,0,0,0.00,0,0,KRW
2604_다이트_전환캠페인,(재)_수원_진료셀프캠_식욕억제주사실패 마지막_260407,1861779341060274,2026-04-19,AGE_25_34,1187,121,2,1.65,0,0,0.00,0,116,KRW
2604_다이트_전환캠페인,(재)_수원_진료셀프캠_식욕억제주사실패 마지막_260407,1861779341060274,2026-04-19,AGE_35_44,3380,221,1,0.45,0,0,0.00,0,213,KRW
2604_다이트_전환캠페인,(재)_수원_진료셀프캠_식욕억제주사실패 마지막_260407,1861779341060274,2026-04-19,AGE_45_54,7663,350,6,1.71,0,0,0.00,0,335,KRW
2604_다이트_전환캠페인,(재)_수원_진료셀프캠_식욕억제주사실패 마지막_260407,1861779341060274,2026-04-19,AGE_55_100,5019,218,3,1.38,0,0,0.00,0,206,KRW
2604_다이트_전환캠페인,(재)_수원_진료셀프캠_식욕억제주사실패 마지막_260407,1861779341060274,2026-04-19,NONE,26,5,0,0.00,0,0,0.00,0,0,KRW
2604_다이트_전환캠페인,(재)_수원_진료셀프캠_운동안해도되는_260416,1862612144893169,2026-04-19,AGE_25_34,503,126,1,0.79,0,0,0.00,0,123,KRW
2604_다이트_전환캠페인,(재)_수원_진료셀프캠_운동안해도되는_260416,1862612144893169,2026-04-19,AGE_35_44,922,120,0,0.00,0,0,0.00,0,116,KRW
2604_다이트_전환캠페인,(재)_수원_진료셀프캠_운동안해도되는_260416,1862612144893169,2026-04-19,AGE_45_54,1985,108,2,1.85,0,0,0.00,0,103,KRW
2604_다이트_전환캠페인,(재)_수원_진료셀프캠_운동안해도되는_260416,1862612144893169,2026-04-19,AGE_55_100,699,78,1,1.28,0,0,0.00,0,75,KRW
2604_다이트_전환캠페인,(재)_수원_진료셀프캠_운동안해도되는_260416,1862612144893169,2026-04-19,NONE,2,1,0,0.00,0,0,0.00,0,0,KRW
2603_다이트_전환캠페인,(재)_일산_리얼모델후기_체지방만 14kg 먹으면서_260324,1860540762588193,2026-04-19,NONE,0,0,0,0.00,0,0,0.00,0,0,KRW
2604_다이트_전환캠페인,(재)_일산_의료진정보_무작정운동으로 팩폭_260406,1861709552021505,2026-04-19,NONE,0,0,0,0.00,0,0,0.00,0,0,KRW
2604_다이트_전환캠페인,"(재)_일산_인플방문후기_건강한다이어트(일산, 박고경)_260325",1861277705679282,2026-04-19,NONE,0,0,0,0.00,0,0,0.00,0,0,KRW
2604_다이트_전환캠페인,(재)_일산_인플방문후기_맘껏먹는 다이어트 한달후기_260306,1861277479159890,2026-04-19,AGE_35_44,556,34,0,0.00,0,0,0.00,0,32,KRW
2604_다이트_전환캠페인,(재)_일산_인플방문후기_맘껏먹는 다이어트 한달후기_260306,1861277479159890,2026-04-19,AGE_45_54,351,28,1,3.57,0,0,0.00,0,26,KRW
2604_다이트_전환캠페인,(재)_일산_인플방문후기_맘껏먹는 다이어트 한달후기_260306,1861277479159890,2026-04-19,AGE_55_100,571,31,0,0.00,0,0,0.00,0,31,KRW
2603_다이트_전환캠페인,(재)_일산_인플방문후기_맘껏먹는 다이어트 한달후기_260306,1858833441334273,2026-04-19,NONE,0,0,0,0.00,0,0,0.00,0,0,KRW
2604_다이트_전환캠페인,(재)_일산_인플방문후기_맘껏먹는 다이어트 한달후기_260306,1861277479159890,2026-04-19,NONE,0,0,0,0.00,0,0,0.00,0,0,KRW
2604_다이트_전환캠페인,(재)_일산_인플방문후기_먹고싶은거다먹는(수원잇츠)_260403,1861437881987106,2026-04-19,AGE_35_44,216,6,1,16.67,0,0,0.00,0,5,KRW
2604_다이트_전환캠페인,(재)_일산_인플방문후기_먹고싶은거다먹는(수원잇츠)_260403,1861437881987106,2026-04-19,AGE_45_54,24,5,0,0.00,0,0,0.00,0,5,KRW
2604_다이트_전환캠페인,(재)_일산_인플방문후기_먹고싶은거다먹는(수원잇츠)_260403,1861437881987106,2026-04-19,AGE_55_100,105,13,0,0.00,0,0,0.00,0,11,KRW
2604_다이트_전환캠페인,(재)_일산_인플방문후기_연예인다이어트(일산 플랜비)_260416,1862614105575633,2026-04-19,AGE_35_44,138,32,0,0.00,0,0,0.00,0,30,KRW
2604_다이트_전환캠페인,(재)_일산_인플방문후기_연예인다이어트(일산 플랜비)_260416,1862614105575633,2026-04-19,AGE_45_54,162,34,1,2.94,0,0,0.00,0,33,KRW
2604_다이트_전환캠페인,(재)_일산_인플방문후기_연예인다이어트(일산 플랜비)_260416,1862614105575633,2026-04-19,AGE_55_100,162,52,0,0.00,0,0,0.00,0,50,KRW
2604_다이트_전환캠페인,(재)_일산_인플방문후기_연예인다이어트(일산 플랜비)_260416,1862614105575633,2026-04-19,NONE,8,2,0,0.00,0,0,0.00,0,0,KRW
2604_다이트_전환캠페인,(재)_일산_진료셀프캠_비만주사가놓친것_260414,1862452684235121,2026-04-19,AGE_45_54,30,7,0,0.00,0,0,0.00,0,7,KRW
2604_다이트_전환캠페인,(재)_일산_진료셀프캠_비만주사가놓친것_260414,1862452684235121,2026-04-19,AGE_55_100,23,12,0,0.00,0,0,0.00,0,12,KRW
2603_다이트_전환캠페인,(재)_일산_진료셀프캠_비만주사없이 체질_260320,1860170767678546,2026-04-19,NONE,0,0,0,0.00,0,0,0.00,0,0,KRW
2604_다이트_전환캠페인,(재)_일산_진료셀프캠_식욕억제주사실패 마지막_260407,1861779422527666,2026-04-19,AGE_35_44,2442,146,1,0.68,1,2442,100.00,0,135,KRW
2604_다이트_전환캠페인,(재)_일산_진료셀프캠_식욕억제주사실패 마지막_260407,1861779422527666,2026-04-19,AGE_45_54,5611,286,4,1.40,0,0,0.00,0,267,KRW
2604_다이트_전환캠페인,(재)_일산_진료셀프캠_식욕억제주사실패 마지막_260407,1861779422527666,2026-04-19,AGE_55_100,7759,263,3,1.14,0,0,0.00,0,247,KRW
2604_다이트_전환캠페인,(재)_일산_진료셀프캠_식욕억제주사실패 마지막_260407,1861779422527666,2026-04-19,NONE,49,4,0,0.00,0,0,0.00,0,0,KRW
2604_다이트_전환캠페인,(재)_일산_진료셀프캠_운동안해도되는_260416,1862612254235649,2026-04-19,AGE_35_44,646,63,0,0.00,0,0,0.00,0,59,KRW
2604_다이트_전환캠페인,(재)_일산_진료셀프캠_운동안해도되는_260416,1862612254235649,2026-04-19,AGE_45_54,1736,107,2,1.87,0,0,0.00,0,94,KRW
2604_다이트_전환캠페인,(재)_일산_진료셀프캠_운동안해도되는_260416,1862612254235649,2026-04-19,AGE_55_100,981,99,1,1.01,0,0,0.00,0,93,KRW
2604_다이트_전환캠페인,(재)_일산_진료셀프캠_운동안해도되는_260416,1862612254235649,2026-04-19,NONE,2,1,0,0.00,0,0,0.00,0,0,KRW
2604_다이트_전환캠페인,"(재)_창원_인플방문후기_건강한다이어트(창원,박고경)_260325",1861278731680866,2026-04-19,NONE,0,0,0,0.00,0,0,0.00,0,0,KRW
2603_다이트_전환캠페인,"(재)_창원_인플방문후기_건강한다이어트(창원,박고경)_260325",1860614832883714,2026-04-19,NONE,0,0,0,0.00,0,0,0.00,0,0,KRW
2604_다이트_전환캠페인,(재)_창원_인플방문후기_먹고싶은거다먹는(수원잇츠)_260403,1861437705571345,2026-04-19,AGE_35_44,43,13,0,0.00,0,0,0.00,0,13,KRW
2604_다이트_전환캠페인,(재)_창원_인플방문후기_먹고싶은거다먹는(수원잇츠)_260403,1861437705571345,2026-04-19,AGE_45_54,324,34,0,0.00,0,0,0.00,0,33,KRW
2604_다이트_전환캠페인,(재)_창원_인플방문후기_먹고싶은거다먹는(수원잇츠)_260403,1861437705571345,2026-04-19,AGE_55_100,278,19,1,5.26,0,0,0.00,0,19,KRW
2604_다이트_전환캠페인,(재)_창원_인플방문후기_연예인다이어트(플랜비)_260416,1862614349846529,2026-04-19,AGE_35_44,869,165,0,0.00,0,0,0.00,0,149,KRW
2604_다이트_전환캠페인,(재)_창원_인플방문후기_연예인다이어트(플랜비)_260416,1862614349846529,2026-04-19,AGE_45_54,2409,289,2,0.69,0,0,0.00,0,261,KRW
2604_다이트_전환캠페인,(재)_창원_인플방문후기_연예인다이어트(플랜비)_260416,1862614349846529,2026-04-19,AGE_55_100,2775,236,1,0.42,0,0,0.00,0,222,KRW
2604_다이트_전환캠페인,(재)_창원_인플방문후기_연예인다이어트(플랜비)_260416,1862614349846529,2026-04-19,NONE,28,1,0,0.00,0,0,0.00,0,0,KRW
2604_다이트_전환캠페인,(재)_창원_진료셀프캠_비만주사가놓친것_260414,1862452830171329,2026-04-19,AGE_35_44,79,19,1,5.26,0,0,0.00,0,18,KRW
2604_다이트_전환캠페인,(재)_창원_진료셀프캠_비만주사가놓친것_260414,1862452830171329,2026-04-19,AGE_45_54,138,23,1,4.35,0,0,0.00,0,23,KRW
2604_다이트_전환캠페인,(재)_창원_진료셀프캠_비만주사가놓친것_260414,1862452830171329,2026-04-19,AGE_55_100,289,26,0,0.00,0,0,0.00,0,26,KRW
2604_다이트_전환캠페인,(재)_창원_진료셀프캠_비만주사가놓친것_260414,1862452830171329,2026-04-19,NONE,0,0,0,0.00,0,0,0.00,0,0,KRW
2603_다이트_전환캠페인,(재)_창원_진료셀프캠_비만주사없이 체질_260320,1860171178598945,2026-04-19,NONE,0,0,0,0.00,0,0,0.00,0,0,KRW
2604_다이트_전환캠페인,(재)_창원_진료셀프캠_식욕억제주사실패 마지막_260407,1861779402873057,2026-04-19,AGE_35_44,3152,219,3,1.37,0,0,0.00,0,209,KRW
2604_다이트_전환캠페인,(재)_창원_진료셀프캠_식욕억제주사실패 마지막_260407,1861779402873057,2026-04-19,AGE_45_54,8716,396,4,1.01,0,0,0.00,0,378,KRW
2604_다이트_전환캠페인,(재)_창원_진료셀프캠_식욕억제주사실패 마지막_260407,1861779402873057,2026-04-19,AGE_55_100,5341,219,2,0.91,0,0,0.00,0,205,KRW
2604_다이트_전환캠페인,(재)_창원_진료셀프캠_식욕억제주사실패 마지막_260407,1861779402873057,2026-04-19,NONE,8,1,0,0.00,0,0,0.00,0,0,KRW
2604_다이트_전환캠페인,(재)_창원_진료셀프캠_운동안해도되는_260416,1862612192812097,2026-04-19,AGE_35_44,281,41,0,0.00,0,0,0.00,0,41,KRW
2604_다이트_전환캠페인,(재)_창원_진료셀프캠_운동안해도되는_260416,1862612192812097,2026-04-19,AGE_45_54,1241,73,1,1.37,0,0,0.00,0,70,KRW
2604_다이트_전환캠페인,(재)_창원_진료셀프캠_운동안해도되는_260416,1862612192812097,2026-04-19,AGE_55_100,430,51,1,1.96,0,0,0.00,0,49,KRW
2604_다이트_전환캠페인,(재)_창원_진료셀프캠_의사가권하지않는4050_260414,1862454032569618,2026-04-19,AGE_45_54,0,0,0,0.00,0,0,0.00,0,0,KRW
2603_다이트_전환캠페인,(재)_창원_진료셀프캠_주사형비만치료제 고민끝에 50대부부 -32kg_260225,1860546141013361,2026-04-19,NONE,0,0,0,0.00,0,0,0.00,0,0,KRW
2604_다이트_전환캠페인,(재)_창원_진료셀프캠_주사형비만치료제 고민끝에 50대부부 -32kg_260225,1861278292523041,2026-04-19,NONE,0,0,0,0.00,0,0,0.00,0,0,KRW
2603_다이트_전환캠페인,(재)_천안_의료진정보_비만주사 굶는다이어트_260320,1860263432482913,2026-04-19,NONE,0,0,0,0.00,0,0,0.00,0,0,KRW
2604_다이트_전환캠페인,"(재)_천안_인플방문후기_건강한다이어트(천안, 박고경)_260325",1861278985311585,2026-04-19,AGE_35_44,883,107,1,0.93,0,0,0.00,0,106,KRW
2604_다이트_전환캠페인,"(재)_천안_인플방문후기_건강한다이어트(천안, 박고경)_260325",1861278985311585,2026-04-19,AGE_45_54,725,85,1,1.18,0,0,0.00,0,85,KRW
2604_다이트_전환캠페인,"(재)_천안_인플방문후기_건강한다이어트(천안, 박고경)_260325",1861278985311585,2026-04-19,AGE_55_100,537,61,0,0.00,0,0,0.00,0,61,KRW
2604_다이트_전환캠페인,"(재)_천안_인플방문후기_건강한다이어트(천안, 박고경)_260325",1861278985311585,2026-04-19,NONE,0,0,0,0.00,0,0,0.00,0,0,KRW
2603_다이트_전환캠페인,(재)_천안_인플방문후기_맘껏먹는 다이어트 한달후기_260306,1858834125348929,2026-04-19,NONE,0,0,0,0.00,0,0,0.00,0,0,KRW
2604_다이트_전환캠페인,(재)_천안_인플방문후기_연예인다이어트(플랜비)_260416,1862614438420609,2026-04-19,AGE_35_44,596,136,0,0.00,0,0,0.00,0,136,KRW
2604_다이트_전환캠페인,(재)_천안_인플방문후기_연예인다이어트(플랜비)_260416,1862614438420609,2026-04-19,AGE_45_54,435,113,0,0.00,0,0,0.00,0,109,KRW
2604_다이트_전환캠페인,(재)_천안_인플방문후기_연예인다이어트(플랜비)_260416,1862614438420609,2026-04-19,AGE_55_100,283,83,0,0.00,0,0,0.00,0,82,KRW
2604_다이트_전환캠페인,(재)_천안_인플방문후기_연예인다이어트(플랜비)_260416,1862614438420609,2026-04-19,NONE,1,1,0,0.00,0,0,0.00,0,0,KRW
2603_다이트_전환캠페인,(재)_천안_진료QnA_지긋지긋 40대 뱃살 고생없이_260309,1859177225163890,2026-04-19,NONE,0,0,0,0.00,0,0,0.00,0,0,KRW
2604_다이트_전환캠페인,(재)_천안_진료셀프캠_비만주사가놓친것_260414,1862452895498482,2026-04-19,AGE_35_44,739,84,0,0.00,0,0,0.00,0,83,KRW
2604_다이트_전환캠페인,(재)_천안_진료셀프캠_비만주사가놓친것_260414,1862452895498482,2026-04-19,AGE_45_54,443,80,0,0.00,0,0,0.00,0,78,KRW
2604_다이트_전환캠페인,(재)_천안_진료셀프캠_비만주사가놓친것_260414,1862452895498482,2026-04-19,AGE_55_100,364,51,0,0.00,0,0,0.00,0,51,KRW
2604_다이트_전환캠페인,(재)_천안_진료셀프캠_비만주사가놓친것_260414,1862452895498482,2026-04-19,NONE,0,0,0,0.00,0,0,0.00,0,0,KRW
2604_다이트_전환캠페인,(재)_천안_진료셀프캠_운동안해도되는_260416,1862612464960546,2026-04-19,AGE_35_44,480,80,0,0.00,0,0,0.00,0,78,KRW
2604_다이트_전환캠페인,(재)_천안_진료셀프캠_운동안해도되는_260416,1862612464960546,2026-04-19,AGE_45_54,532,68,0,0.00,0,0,0.00,0,67,KRW
2604_다이트_전환캠페인,(재)_천안_진료셀프캠_운동안해도되는_260416,1862612464960546,2026-04-19,AGE_55_100,279,40,0,0.00,0,0,0.00,0,40,KRW
2604_다이트_전환캠페인,(재)_천안_진료셀프캠_운동안해도되는_260416,1862612464960546,2026-04-19,NONE,0,0,0,0.00,0,0,0.00,0,0,KRW
2604_다이트_전환캠페인,(재)_천안_진료셀프캠_주사형비만치료제 고민끝에 50대부부 -32kg_260225,1861968142031009,2026-04-19,AGE_55_100,0,0,0,0.00,0,0,0.00,0,0,KRW
2604_다이트_전환캠페인,(재)_천안_진료셀프캠_주사형비만치료제 고민끝에 50대부부 -32kg_260225,1861968142031009,2026-04-19,NONE,0,0,0,0.00,0,0,0.00,0,0,KRW
2603_다이트_전환캠페인,(신)_대구_인플방문후기_당뇨다이어트(대읽남)_260311,1859417671501954,2026-04-20,NONE,0,0,0,0.00,0,0,0.00,0,0,KRW
2603_다이트_전환캠페인,(신)_대구_인플방문후기_먹으면서 다이어트(대읽남)_251017,1858362316758178,2026-04-20,NONE,0,0,0,0.00,0,0,0.00,0,0,KRW
2604_다이트_전환캠페인,(신)_대구_인플방문후기_먹으면서 다이어트(대읽남)_251017,1861277850752146,2026-04-20,NONE,0,0,0,0.00,0,0,0.00,0,0,KRW
2604_다이트_전환캠페인,(신)_대구_인플방문후기_밥빵면안당기는원장님(itsmeyuriwon)_260407,1861796218051601,2026-04-20,AGE_35_44,2323,166,0,0.00,0,0,0.00,0,162,KRW
2604_다이트_전환캠페인,(신)_대구_인플방문후기_밥빵면안당기는원장님(itsmeyuriwon)_260407,1861796218051601,2026-04-20,AGE_45_54,2733,164,3,1.83,0,0,0.00,0,160,KRW
2604_다이트_전환캠페인,(신)_대구_인플방문후기_밥빵면안당기는원장님(itsmeyuriwon)_260407,1861796218051601,2026-04-20,AGE_55_100,1688,83,1,1.20,0,0,0.00,0,81,KRW
2604_다이트_전환캠페인,(신)_대전_인플방문후기_밥빵면안당기는원장님(itsmeyuriwon)_260407,1861796462367905,2026-04-20,AGE_35_44,1672,117,1,0.85,0,0,0.00,0,110,KRW
2604_다이트_전환캠페인,(신)_대전_인플방문후기_밥빵면안당기는원장님(itsmeyuriwon)_260407,1861796462367905,2026-04-20,AGE_45_54,2499,135,0,0.00,0,0,0.00,0,133,KRW
2604_다이트_전환캠페인,(신)_대전_인플방문후기_밥빵면안당기는원장님(itsmeyuriwon)_260407,1861796462367905,2026-04-20,AGE_55_100,522,51,1,1.96,0,0,0.00,0,50,KRW
2604_다이트_전환캠페인,(신)_대전_인플방문후기_밥빵면안당기는원장님(itsmeyuriwon)_260407,1861796462367905,2026-04-20,NONE,4,1,0,0.00,0,0,0.00,0,0,KRW
2604_다이트_전환캠페인,(신)_대전_인플방문후기_주사형비만치료제(the.hyunniverse)_260403,1861968952635729,2026-04-20,AGE_35_44,1024,155,0,0.00,0,0,0.00,0,148,KRW
2604_다이트_전환캠페인,(신)_대전_인플방문후기_주사형비만치료제(the.hyunniverse)_260403,1861968952635729,2026-04-20,AGE_45_54,1855,149,0,0.00,0,0,0.00,0,135,KRW
2604_다이트_전환캠페인,(신)_대전_인플방문후기_주사형비만치료제(the.hyunniverse)_260403,1861968952635729,2026-04-20,AGE_55_100,985,107,0,0.00,0,0,0.00,0,98,KRW
2603_다이트_전환캠페인,(신)_부평_의료진정보_주사형비만치료제 10년은_260116,1860716092390562,2026-04-20,NONE,0,0,0,0.00,0,0,0.00,0,0,KRW
2604_다이트_전환캠페인,(신)_부평_인플방문후기_건강한다이어트(박고경)_260324,1861276881397074,2026-04-20,AGE_35_44,5003,706,4,0.57,0,0,0.00,0,686,KRW
2604_다이트_전환캠페인,(신)_부평_인플방문후기_건강한다이어트(박고경)_260324,1861276881397074,2026-04-20,AGE_45_54,4638,564,2,0.35,0,0,0.00,0,540,KRW
2604_다이트_전환캠페인,(신)_부평_인플방문후기_건강한다이어트(박고경)_260324,1861276881397074,2026-04-20,AGE_55_100,2106,383,0,0.00,0,0,0.00,0,364,KRW
2604_다이트_전환캠페인,(신)_부평_인플방문후기_건강한다이어트(박고경)_260324,1861276881397074,2026-04-20,NONE,3,1,0,0.00,0,0,0.00,0,0,KRW
2603_다이트_전환캠페인,(신)_부평_인플방문후기_더먹어야 다이어트 가능(더먹어유)_260313,1859538135129201,2026-04-20,NONE,0,0,0,0.00,0,0,0.00,0,0,KRW
2604_다이트_전환캠페인,(신)_부평_인플방문후기_밥빵면안당기는원장님(itsmeyuriwon)_260407,1861795578227042,2026-04-20,AGE_35_44,7000,702,5,0.71,0,0,0.00,0,669,KRW
2604_다이트_전환캠페인,(신)_부평_인플방문후기_밥빵면안당기는원장님(itsmeyuriwon)_260407,1861795578227042,2026-04-20,AGE_45_54,7998,591,6,1.02,0,0,0.00,0,562,KRW
2604_다이트_전환캠페인,(신)_부평_인플방문후기_밥빵면안당기는원장님(itsmeyuriwon)_260407,1861795578227042,2026-04-20,AGE_55_100,3720,309,2,0.65,0,0,0.00,0,296,KRW
2604_다이트_전환캠페인,(신)_부평_인플방문후기_밥빵면안당기는원장님(itsmeyuriwon)_260407,1861795578227042,2026-04-20,NONE,6,1,0,0.00,0,0,0.00,0,0,KRW
2604_다이트_전환캠페인,(신)_부평_인플방문후기_주사형비만치료제(the.hyunniverse)_260403,1861968247570690,2026-04-20,AGE_35_44,5857,944,2,0.21,0,0,0.00,0,889,KRW
2604_다이트_전환캠페인,(신)_부평_인플방문후기_주사형비만치료제(the.hyunniverse)_260403,1861968247570690,2026-04-20,AGE_45_54,9813,916,2,0.22,0,0,0.00,0,860,KRW
2604_다이트_전환캠페인,(신)_부평_인플방문후기_주사형비만치료제(the.hyunniverse)_260403,1861968247570690,2026-04-20,AGE_55_100,7072,680,3,0.44,0,0,0.00,0,628,KRW
2604_다이트_전환캠페인,(신)_부평_인플방문후기_주사형비만치료제(the.hyunniverse)_260403,1861968247570690,2026-04-20,NONE,0,1,0,0.00,0,0,0.00,0,0,KRW
2604_다이트_전환캠페인,(신)_서울_인플방문후기_밥빵면안당기는원장님(itsmeyuriwon)_260407,1861792943047986,2026-04-20,AGE_35_44,3912,540,3,0.56,0,0,0.00,0,536,KRW
2604_다이트_전환캠페인,(신)_서울_인플방문후기_밥빵면안당기는원장님(itsmeyuriwon)_260407,1861792943047986,2026-04-20,AGE_45_54,3036,374,2,0.53,0,0,0.00,0,368,KRW
2604_다이트_전환캠페인,(신)_서울_인플방문후기_밥빵면안당기는원장님(itsmeyuriwon)_260407,1861792943047986,2026-04-20,AGE_55_100,1655,264,2,0.76,0,0,0.00,0,263,KRW
2604_다이트_전환캠페인,(신)_서울_인플방문후기_밥빵면안당기는원장님(itsmeyuriwon)_260407,1861792943047986,2026-04-20,NONE,0,0,0,0.00,0,0,0.00,0,0,KRW
2604_다이트_전환캠페인,(신)_서울_인플방문후기_주사형비만치료제(the.hyunniverse)_260403,1861968379365409,2026-04-20,AGE_35_44,7162,1492,3,0.20,0,0,0.00,0,1439,KRW
2604_다이트_전환캠페인,(신)_서울_인플방문후기_주사형비만치료제(the.hyunniverse)_260403,1861968379365409,2026-04-20,AGE_45_54,8609,1164,5,0.43,1,8609,20.00,0,1120,KRW
2604_다이트_전환캠페인,(신)_서울_인플방문후기_주사형비만치료제(the.hyunniverse)_260403,1861968379365409,2026-04-20,AGE_55_100,5347,782,1,0.13,0,0,0.00,0,756,KRW
2604_다이트_전환캠페인,(신)_서울_인플방문후기_주사형비만치료제(the.hyunniverse)_260403,1861968379365409,2026-04-20,NONE,0,0,0,0.00,0,0,0.00,0,0,KRW
2604_다이트_전환캠페인,(신)_수원_인플방문후기_밥빵면안당기는원장님(itsmeyuriwon)_260407,1861796026692689,2026-04-20,AGE_25_34,4013,729,2,0.27,0,0,0.00,0,707,KRW
2604_다이트_전환캠페인,(신)_수원_인플방문후기_밥빵면안당기는원장님(itsmeyuriwon)_260407,1861796026692689,2026-04-20,AGE_35_44,4942,495,3,0.61,1,4942,33.33,0,475,KRW
2604_다이트_전환캠페인,(신)_수원_인플방문후기_밥빵면안당기는원장님(itsmeyuriwon)_260407,1861796026692689,2026-04-20,AGE_45_54,5078,396,3,0.76,0,0,0.00,0,386,KRW
2604_다이트_전환캠페인,(신)_수원_인플방문후기_밥빵면안당기는원장님(itsmeyuriwon)_260407,1861796026692689,2026-04-20,AGE_55_100,2525,202,2,0.99,0,0,0.00,0,194,KRW
2604_다이트_전환캠페인,(신)_수원_인플방문후기_밥빵면안당기는원장님(itsmeyuriwon)_260407,1861796026692689,2026-04-20,NONE,3,2,0,0.00,0,0,0.00,0,0,KRW
2604_다이트_전환캠페인,(신)_수원_인플방문후기_주사형비만치료제(the.hyunniverse)_260403,1861426333950193,2026-04-20,AGE_25_34,3421,1092,1,0.09,0,0,0.00,0,1046,KRW
2604_다이트_전환캠페인,(신)_수원_인플방문후기_주사형비만치료제(the.hyunniverse)_260403,1861426333950193,2026-04-20,AGE_35_44,6079,855,4,0.47,0,0,0.00,0,809,KRW
2604_다이트_전환캠페인,(신)_수원_인플방문후기_주사형비만치료제(the.hyunniverse)_260403,1861426333950193,2026-04-20,AGE_45_54,8013,792,1,0.13,0,0,0.00,0,750,KRW
2604_다이트_전환캠페인,(신)_수원_인플방문후기_주사형비만치료제(the.hyunniverse)_260403,1861426333950193,2026-04-20,AGE_55_100,5246,568,3,0.53,0,0,0.00,0,524,KRW
2604_다이트_전환캠페인,(신)_수원_인플방문후기_주사형비만치료제(the.hyunniverse)_260403,1861426333950193,2026-04-20,NONE,22,2,0,0.00,0,0,0.00,0,0,KRW
2604_다이트_전환캠페인,(신)_일산_인플방문후기_밥빵면안당기는원장님(itsmeyuriwon)_260407,1861796100333057,2026-04-20,NONE,0,0,0,0.00,0,0,0.00,0,0,KRW
2604_다이트_전환캠페인,(신)_일산_인플방문후기_주사형비만치료제(the.hyunniverse)_260403,1861968797915602,2026-04-20,AGE_35_44,775,109,0,0.00,0,0,0.00,0,107,KRW
2604_다이트_전환캠페인,(신)_일산_인플방문후기_주사형비만치료제(the.hyunniverse)_260403,1861968797915602,2026-04-20,AGE_45_54,3587,196,0,0.00,0,0,0.00,0,181,KRW
2604_다이트_전환캠페인,(신)_일산_인플방문후기_주사형비만치료제(the.hyunniverse)_260403,1861968797915602,2026-04-20,AGE_55_100,2440,140,1,0.71,0,0,0.00,0,125,KRW
2604_다이트_전환캠페인,(신)_일산_인플방문후기_주사형비만치료제(the.hyunniverse)_260403,1861968797915602,2026-04-20,NONE,24,2,0,0.00,0,0,0.00,0,0,KRW
2604_다이트_전환캠페인,(신)_창원_인플방문후기_밥빵면안당기는원장님(itsmeyuriwon)_260407,1861796302859538,2026-04-20,AGE_35_44,3316,396,2,0.51,0,0,0.00,0,376,KRW
2604_다이트_전환캠페인,(신)_창원_인플방문후기_밥빵면안당기는원장님(itsmeyuriwon)_260407,1861796302859538,2026-04-20,AGE_45_54,5507,450,4,0.89,0,0,0.00,0,425,KRW
2604_다이트_전환캠페인,(신)_창원_인플방문후기_밥빵면안당기는원장님(itsmeyuriwon)_260407,1861796302859538,2026-04-20,AGE_55_100,2716,260,0,0.00,0,0,0.00,0,254,KRW
2604_다이트_전환캠페인,(신)_창원_인플방문후기_밥빵면안당기는원장님(itsmeyuriwon)_260407,1861796302859538,2026-04-20,NONE,0,0,0,0.00,0,0,0.00,0,0,KRW
2604_다이트_전환캠페인,(신)_창원_인플방문후기_주사형비만치료제(the.hyunniverse)_260403,1861427124084770,2026-04-20,AGE_55_100,0,0,0,0.00,0,0,0.00,0,0,KRW
2604_다이트_전환캠페인,(신)_천안_의료진정보_주사형비만치료제 10년은_260116,1861279064396242,2026-04-20,AGE_35_44,331,58,0,0.00,0,0,0.00,0,55,KRW
2604_다이트_전환캠페인,(신)_천안_의료진정보_주사형비만치료제 10년은_260116,1861279064396242,2026-04-20,AGE_45_54,733,73,0,0.00,0,0,0.00,0,70,KRW
2604_다이트_전환캠페인,(신)_천안_의료진정보_주사형비만치료제 10년은_260116,1861279064396242,2026-04-20,AGE_55_100,622,68,0,0.00,0,0,0.00,0,63,KRW
2604_다이트_전환캠페인,(신)_천안_의료진정보_주사형비만치료제 10년은_260116,1861279064396242,2026-04-20,NONE,0,0,0,0.00,0,0,0.00,0,0,KRW
2604_다이트_전환캠페인,(신)_천안_인플방문후기_밥빵면안당기는원장님(itsmeyuriwon)_260407,1861796395517250,2026-04-20,AGE_35_44,3032,244,3,1.23,0,0,0.00,0,235,KRW
2604_다이트_전환캠페인,(신)_천안_인플방문후기_밥빵면안당기는원장님(itsmeyuriwon)_260407,1861796395517250,2026-04-20,AGE_45_54,3039,186,0,0.00,0,0,0.00,0,179,KRW
2604_다이트_전환캠페인,(신)_천안_인플방문후기_밥빵면안당기는원장님(itsmeyuriwon)_260407,1861796395517250,2026-04-20,AGE_55_100,1002,76,1,1.32,0,0,0.00,0,72,KRW
2604_다이트_전환캠페인,(신)_천안_인플방문후기_밥빵면안당기는원장님(itsmeyuriwon)_260407,1861796395517250,2026-04-20,NONE,0,1,0,0.00,0,0,0.00,0,0,KRW
2604_다이트_전환캠페인,(신)_천안_인플방문후기_주사형비만치료제(the.hyunniverse)_260403,1861969033799841,2026-04-20,AGE_35_44,3744,442,2,0.45,0,0,0.00,0,412,KRW
2604_다이트_전환캠페인,(신)_천안_인플방문후기_주사형비만치료제(the.hyunniverse)_260403,1861969033799841,2026-04-20,AGE_45_54,4024,376,2,0.53,0,0,0.00,0,342,KRW
2604_다이트_전환캠페인,(신)_천안_인플방문후기_주사형비만치료제(the.hyunniverse)_260403,1861969033799841,2026-04-20,AGE_55_100,2200,196,1,0.51,0,0,0.00,0,177,KRW
2604_다이트_전환캠페인,(신)_천안_인플방문후기_주사형비만치료제(the.hyunniverse)_260403,1861969033799841,2026-04-20,NONE,8,1,0,0.00,0,0,0.00,0,0,KRW
2604_다이트_전환캠페인,(신)_천안_진료셀프캠_주사형 비만치료제보다 더중요한이것_260120,1861969112559697,2026-04-20,AGE_35_44,13789,1744,12,0.69,1,13789,8.33,0,1603,KRW
2604_다이트_전환캠페인,(신)_천안_진료셀프캠_주사형 비만치료제보다 더중요한이것_260120,1861969112559697,2026-04-20,AGE_45_54,19024,1460,11,0.75,0,0,0.00,0,1341,KRW
2604_다이트_전환캠페인,(신)_천안_진료셀프캠_주사형 비만치료제보다 더중요한이것_260120,1861969112559697,2026-04-20,AGE_55_100,12551,882,7,0.79,1,12551,14.29,0,777,KRW
2604_다이트_전환캠페인,(신)_천안_진료셀프캠_주사형 비만치료제보다 더중요한이것_260120,1861969112559697,2026-04-20,NONE,24,4,0,0.00,0,0,0.00,0,0,KRW
2603_다이트_전환캠페인,(재)_대구_의료진정보_비만주사 굶는다이어트_260320,1860263658516898,2026-04-20,NONE,0,0,0,0.00,0,0,0.00,0,0,KRW
2603_다이트_전환캠페인,(재)_대구_의료진정보_비만주사요요 탄수중독_260320,1860170996611154,2026-04-20,NONE,0,0,0,0.00,0,0,0.00,0,0,KRW
2604_다이트_전환캠페인,"(재)_대구_인플방문후기_건강한다이어트(대구,박고경)_260325",1861278128485793,2026-04-20,AGE_35_44,2316,346,0,0.00,0,0,0.00,0,336,KRW
2604_다이트_전환캠페인,"(재)_대구_인플방문후기_건강한다이어트(대구,박고경)_260325",1861278128485793,2026-04-20,AGE_45_54,1425,177,1,0.56,0,0,0.00,0,173,KRW
2604_다이트_전환캠페인,"(재)_대구_인플방문후기_건강한다이어트(대구,박고경)_260325",1861278128485793,2026-04-20,AGE_55_100,868,160,1,0.63,0,0,0.00,0,154,KRW
2604_다이트_전환캠페인,"(재)_대구_인플방문후기_건강한다이어트(대구,박고경)_260325",1861278128485793,2026-04-20,NONE,10,2,0,0.00,0,0,0.00,0,0,KRW
2604_다이트_전환캠페인,(재)_대구_인플방문후기_먹고싶은거다먹는(수원잇츠)_260403,1861437815982145,2026-04-20,NONE,0,0,0,0.00,0,0,0.00,0,0,KRW
2604_다이트_전환캠페인,(재)_대구_인플방문후기_연예인다이어트(플랜비)_260416,1862614242718769,2026-04-20,AGE_35_44,1517,360,1,0.28,0,0,0.00,0,346,KRW
2604_다이트_전환캠페인,(재)_대구_인플방문후기_연예인다이어트(플랜비)_260416,1862614242718769,2026-04-20,AGE_45_54,2115,407,0,0.00,0,0,0.00,0,381,KRW
2604_다이트_전환캠페인,(재)_대구_인플방문후기_연예인다이어트(플랜비)_260416,1862614242718769,2026-04-20,AGE_55_100,2333,404,1,0.25,0,0,0.00,0,376,KRW
2604_다이트_전환캠페인,(재)_대구_인플방문후기_연예인다이어트(플랜비)_260416,1862614242718769,2026-04-20,NONE,0,2,0,0.00,0,0,0.00,0,0,KRW
2604_다이트_전환캠페인,(재)_대구_진료셀프캠_다이어트의적 밥빵면_260407,1861778669641809,2026-04-20,AGE_35_44,8257,446,4,0.90,0,0,0.00,0,433,KRW
2604_다이트_전환캠페인,(재)_대구_진료셀프캠_다이어트의적 밥빵면_260407,1861778669641809,2026-04-20,AGE_45_54,16945,733,11,1.50,1,16945,9.09,0,684,KRW
2604_다이트_전환캠페인,(재)_대구_진료셀프캠_다이어트의적 밥빵면_260407,1861778669641809,2026-04-20,AGE_55_100,12490,582,3,0.52,1,12490,33.33,0,556,KRW
2604_다이트_전환캠페인,(재)_대구_진료셀프캠_다이어트의적 밥빵면_260407,1861778669641809,2026-04-20,NONE,6,2,0,0.00,0,0,0.00,0,0,KRW
2604_다이트_전환캠페인,(재)_대구_진료셀프캠_비만주사가놓친것_260414,1862452759074146,2026-04-20,AGE_35_44,246,54,0,0.00,0,0,0.00,0,52,KRW
2604_다이트_전환캠페인,(재)_대구_진료셀프캠_비만주사가놓친것_260414,1862452759074146,2026-04-20,AGE_45_54,180,29,0,0.00,0,0,0.00,0,29,KRW
2604_다이트_전환캠페인,(재)_대구_진료셀프캠_비만주사가놓친것_260414,1862452759074146,2026-04-20,AGE_55_100,160,56,0,0.00,0,0,0.00,0,52,KRW
2604_다이트_전환캠페인,(재)_대구_진료셀프캠_식욕억제주사실패 마지막_260407,1861779512219682,2026-04-20,AGE_35_44,12161,1133,8,0.71,1,12161,12.50,0,1003,KRW
2604_다이트_전환캠페인,(재)_대구_진료셀프캠_식욕억제주사실패 마지막_260407,1861779512219682,2026-04-20,AGE_45_54,21989,1307,8,0.61,0,0,0.00,0,1169,KRW
2604_다이트_전환캠페인,(재)_대구_진료셀프캠_식욕억제주사실패 마지막_260407,1861779512219682,2026-04-20,AGE_55_100,6705,385,2,0.52,0,0,0.00,0,344,KRW
2604_다이트_전환캠페인,(재)_대구_진료셀프캠_식욕억제주사실패 마지막_260407,1861779512219682,2026-04-20,NONE,12,3,0,0.00,0,0,0.00,0,0,KRW
2604_다이트_전환캠페인,(재)_대구_진료셀프캠_운동안해도되는_260416,1862612192785601,2026-04-20,AGE_35_44,2352,287,2,0.70,0,0,0.00,0,270,KRW
2604_다이트_전환캠페인,(재)_대구_진료셀프캠_운동안해도되는_260416,1862612192785601,2026-04-20,AGE_45_54,4363,277,2,0.72,0,0,0.00,0,261,KRW
2604_다이트_전환캠페인,(재)_대구_진료셀프캠_운동안해도되는_260416,1862612192785601,2026-04-20,AGE_55_100,1959,201,0,0.00,0,0,0.00,0,190,KRW
2604_다이트_전환캠페인,(재)_대구_진료셀프캠_운동안해도되는_260416,1862612192785601,2026-04-20,NONE,5,1,0,0.00,0,0,0.00,0,0,KRW
2604_다이트_전환캠페인,(재)_대구_진료셀프캠_주사형비만치료제 고민끝에 50대부부 -32kg_260225,1861278082187298,2026-04-20,AGE_35_44,3638,357,2,0.56,2,1819,100.00,0,337,KRW
2604_다이트_전환캠페인,(재)_대구_진료셀프캠_주사형비만치료제 고민끝에 50대부부 -32kg_260225,1861278082187298,2026-04-20,AGE_45_54,9193,566,2,0.35,0,0,0.00,0,535,KRW
2604_다이트_전환캠페인,(재)_대구_진료셀프캠_주사형비만치료제 고민끝에 50대부부 -32kg_260225,1861278082187298,2026-04-20,AGE_55_100,5987,506,1,0.20,0,0,0.00,0,472,KRW
2603_다이트_전환캠페인,(재)_대구_진료셀프캠_주사형비만치료제 고민끝에 50대부부 -32kg_260225,1860546064808049,2026-04-20,NONE,0,0,0,0.00,0,0,0.00,0,0,KRW
2604_다이트_전환캠페인,(재)_대구_진료셀프캠_주사형비만치료제 고민끝에 50대부부 -32kg_260225,1861278082187298,2026-04-20,NONE,52,3,0,0.00,0,0,0.00,0,0,KRW
2604_다이트_전환캠페인,"(재)_대전_인플방문후기_건강한다이어트(대전, 박고경)_260406",1861709876075633,2026-04-20,NONE,0,0,0,0.00,0,0,0.00,0,0,KRW
2604_다이트_전환캠페인,(재)_대전_인플방문후기_연예인다이어트(플랜비)_260416,1862614549502162,2026-04-20,AGE_35_44,326,120,0,0.00,0,0,0.00,0,117,KRW
2604_다이트_전환캠페인,(재)_대전_인플방문후기_연예인다이어트(플랜비)_260416,1862614549502162,2026-04-20,AGE_45_54,420,106,0,0.00,0,0,0.00,0,106,KRW
2604_다이트_전환캠페인,(재)_대전_인플방문후기_연예인다이어트(플랜비)_260416,1862614549502162,2026-04-20,AGE_55_100,450,138,0,0.00,0,0,0.00,0,136,KRW
2604_다이트_전환캠페인,(재)_대전_인플방문후기_연예인다이어트(플랜비)_260416,1862614549502162,2026-04-20,NONE,0,0,0,0.00,0,0,0.00,0,0,KRW
2604_다이트_전환캠페인,(재)_대전_진료셀프캠_다이어트의적 밥빵면_260407,1861776478109986,2026-04-20,AGE_35_44,7214,476,4,0.84,0,0,0.00,0,429,KRW
2604_다이트_전환캠페인,(재)_대전_진료셀프캠_다이어트의적 밥빵면_260407,1861776478109986,2026-04-20,AGE_45_54,15062,624,8,1.28,1,15062,12.50,0,552,KRW
2604_다이트_전환캠페인,(재)_대전_진료셀프캠_다이어트의적 밥빵면_260407,1861776478109986,2026-04-20,AGE_55_100,9982,427,7,1.64,0,0,0.00,0,370,KRW
2604_다이트_전환캠페인,(재)_대전_진료셀프캠_다이어트의적 밥빵면_260407,1861776478109986,2026-04-20,NONE,55,2,0,0.00,0,0,0.00,0,0,KRW
2604_다이트_전환캠페인,(재)_대전_진료셀프캠_식욕억제주사실패 마지막_260406,1861708051912898,2026-04-20,AGE_35_44,0,0,0,0.00,0,0,0.00,0,0,KRW
2604_다이트_전환캠페인,(재)_대전_진료셀프캠_식욕억제주사실패 마지막_260406,1861708051912898,2026-04-20,AGE_45_54,0,0,0,0.00,0,0,0.00,0,0,KRW
2604_다이트_전환캠페인,(재)_대전_진료셀프캠_식욕억제주사실패 마지막_260406,1861708051912898,2026-04-20,NONE,0,0,0,0.00,0,0,0.00,0,0,KRW
2604_다이트_전환캠페인,(재)_대전_진료셀프캠_운동안해도되는_260416,1862612373033250,2026-04-20,AGE_35_44,680,144,0,0.00,0,0,0.00,0,141,KRW
2604_다이트_전환캠페인,(재)_대전_진료셀프캠_운동안해도되는_260416,1862612373033250,2026-04-20,AGE_45_54,961,156,1,0.64,0,0,0.00,0,149,KRW
2604_다이트_전환캠페인,(재)_대전_진료셀프캠_운동안해도되는_260416,1862612373033250,2026-04-20,AGE_55_100,716,136,0,0.00,0,0,0.00,0,132,KRW
2604_다이트_전환캠페인,(재)_대전_진료셀프캠_운동안해도되는_260416,1862612373033250,2026-04-20,NONE,2,1,0,0.00,0,0,0.00,0,0,KRW
2604_다이트_전환캠페인,(재)_대전_진료셀프캠_주사형비만치료제 고민끝에 50대부부 -32kg_260225,1861708178989089,2026-04-20,AGE_35_44,10160,860,5,0.58,0,0,0.00,0,788,KRW
2604_다이트_전환캠페인,(재)_대전_진료셀프캠_주사형비만치료제 고민끝에 50대부부 -32kg_260225,1861708178989089,2026-04-20,AGE_45_54,23219,1246,8,0.64,1,23219,12.50,0,1102,KRW
2604_다이트_전환캠페인,(재)_대전_진료셀프캠_주사형비만치료제 고민끝에 50대부부 -32kg_260225,1861708178989089,2026-04-20,AGE_55_100,13527,898,5,0.56,0,0,0.00,0,792,KRW
2604_다이트_전환캠페인,(재)_대전_진료셀프캠_주사형비만치료제 고민끝에 50대부부 -32kg_260225,1861708178989089,2026-04-20,NONE,210,3,0,0.00,0,0,0.00,0,0,KRW
2604_다이트_전환캠페인,(재)_부평_인플방문후기_먹고싶은거다먹는(수원잇츠)_260403,1861438021385394,2026-04-20,NONE,0,0,0,0.00,0,0,0.00,0,0,KRW
2604_다이트_전환캠페인,(재)_부평_인플방문후기_연예인다이어트(플랜비)_260416,1862613882586418,2026-04-20,AGE_35_44,6145,910,8,0.88,0,0,0.00,0,808,KRW
2604_다이트_전환캠페인,(재)_부평_인플방문후기_연예인다이어트(플랜비)_260416,1862613882586418,2026-04-20,AGE_45_54,8375,963,4,0.42,1,8375,25.00,0,851,KRW
2604_다이트_전환캠페인,(재)_부평_인플방문후기_연예인다이어트(플랜비)_260416,1862613882586418,2026-04-20,AGE_55_100,7195,639,2,0.31,0,0,0.00,0,554,KRW
2604_다이트_전환캠페인,(재)_부평_인플방문후기_연예인다이어트(플랜비)_260416,1862613882586418,2026-04-20,NONE,9,2,0,0.00,0,0,0.00,0,0,KRW
2604_다이트_전환캠페인,(재)_부평_진료셀프캠_4050다이어트비밀_260414,1862453369868354,2026-04-20,AGE_35_44,2380,736,0,0.00,0,0,0.00,0,693,KRW
2604_다이트_전환캠페인,(재)_부평_진료셀프캠_4050다이어트비밀_260414,1862453369868354,2026-04-20,AGE_45_54,2989,731,0,0.00,0,0,0.00,0,671,KRW
2604_다이트_전환캠페인,(재)_부평_진료셀프캠_4050다이어트비밀_260414,1862453369868354,2026-04-20,AGE_55_100,2925,725,5,0.69,0,0,0.00,0,645,KRW
2604_다이트_전환캠페인,(재)_부평_진료셀프캠_4050다이어트비밀_260414,1862453369868354,2026-04-20,NONE,3,1,0,0.00,0,0,0.00,0,0,KRW
2604_다이트_전환캠페인,(재)_부평_진료셀프캠_비만주사가놓친것_260414,1862452531926049,2026-04-20,AGE_55_100,0,0,0,0.00,0,0,0.00,0,0,KRW
2604_다이트_전환캠페인,(재)_부평_진료셀프캠_식욕억제주사실패 마지막_260407,1861779276638289,2026-04-20,AGE_35_44,30448,2817,11,0.39,1,30448,9.09,0,2556,KRW
2604_다이트_전환캠페인,(재)_부평_진료셀프캠_식욕억제주사실패 마지막_260407,1861779276638289,2026-04-20,AGE_45_54,43194,2738,20,0.73,3,14398,15.00,0,2458,KRW
2604_다이트_전환캠페인,(재)_부평_진료셀프캠_식욕억제주사실패 마지막_260407,1861779276638289,2026-04-20,AGE_55_100,19699,1040,7,0.67,3,6566,42.86,0,938,KRW
2604_다이트_전환캠페인,(재)_부평_진료셀프캠_식욕억제주사실패 마지막_260407,1861779276638289,2026-04-20,NONE,54,2,0,0.00,0,0,0.00,0,0,KRW
2604_다이트_전환캠페인,(재)_부평_진료셀프캠_운동안해도되는_260416,1862612072337410,2026-04-20,AGE_35_44,3657,375,0,0.00,0,0,0.00,0,353,KRW
2604_다이트_전환캠페인,(재)_부평_진료셀프캠_운동안해도되는_260416,1862612072337410,2026-04-20,AGE_45_54,6004,386,4,1.04,0,0,0.00,0,363,KRW
2604_다이트_전환캠페인,(재)_부평_진료셀프캠_운동안해도되는_260416,1862612072337410,2026-04-20,AGE_55_100,3774,267,2,0.75,1,3774,50.00,0,247,KRW
2604_다이트_전환캠페인,(재)_부평_진료셀프캠_운동안해도되는_260416,1862612072337410,2026-04-20,NONE,0,0,0,0.00,0,0,0.00,0,0,KRW
2604_다이트_전환캠페인,(재)_부평_진료셀프캠_주사형비만치료제 고민끝에 50대부부 -32kg_260225,1861276697497633,2026-04-20,NONE,0,0,0,0.00,0,0,0.00,0,0,KRW
2603_다이트_전환캠페인,(재)_부평_진료셀프캠_주사형비만치료제 고민끝에 50대부부 -32kg_260225,1858358875905138,2026-04-20,NONE,0,0,0,0.00,0,0,0.00,0,0,KRW
2603_다이트_전환캠페인,"(재)_서울_인플방문후기_건강한다이어트(서울,박고경)_260325",1860614178390386,2026-04-20,NONE,0,0,0,0.00,0,0,0.00,0,0,KRW
2604_다이트_전환캠페인,(재)_서울_인플방문후기_먹고싶은거다먹는(수원잇츠)_260403,1861438096695922,2026-04-20,NONE,0,0,0,0.00,0,0,0.00,0,0,KRW
2604_다이트_전환캠페인,(재)_서울_인플방문후기_연예인다이어트(플랜비)_260416,1862611925509122,2026-04-20,AGE_35_44,2407,1034,2,0.19,0,0,0.00,0,1018,KRW
2604_다이트_전환캠페인,(재)_서울_인플방문후기_연예인다이어트(플랜비)_260416,1862611925509122,2026-04-20,AGE_45_54,1988,850,3,0.35,0,0,0.00,0,837,KRW
2604_다이트_전환캠페인,(재)_서울_인플방문후기_연예인다이어트(플랜비)_260416,1862611925509122,2026-04-20,AGE_55_100,2019,841,1,0.12,0,0,0.00,0,828,KRW
2604_다이트_전환캠페인,(재)_서울_인플방문후기_연예인다이어트(플랜비)_260416,1862611925509122,2026-04-20,NONE,5,2,0,0.00,0,0,0.00,0,0,KRW
2604_다이트_전환캠페인,(재)_서울_진료셀프캠_비만주사가놓친것_260414,1862427431553298,2026-04-20,AGE_35_44,156,57,0,0.00,0,0,0.00,0,56,KRW
2604_다이트_전환캠페인,(재)_서울_진료셀프캠_비만주사가놓친것_260414,1862427431553298,2026-04-20,AGE_45_54,150,50,0,0.00,0,0,0.00,0,49,KRW
2604_다이트_전환캠페인,(재)_서울_진료셀프캠_비만주사가놓친것_260414,1862427431553298,2026-04-20,AGE_55_100,136,48,0,0.00,0,0,0.00,0,48,KRW
2604_다이트_전환캠페인,(재)_서울_진료셀프캠_비만주사가놓친것_260414,1862427431553298,2026-04-20,NONE,0,0,0,0.00,0,0,0.00,0,0,KRW
2604_다이트_전환캠페인,(재)_서울_진료셀프캠_식욕억제주사실패 마지막_260407,1861778815720546,2026-04-20,AGE_35_44,8580,768,13,1.69,2,4290,15.38,0,749,KRW
2604_다이트_전환캠페인,(재)_서울_진료셀프캠_식욕억제주사실패 마지막_260407,1861778815720546,2026-04-20,AGE_45_54,11112,662,14,2.11,1,11112,7.14,0,644,KRW
2604_다이트_전환캠페인,(재)_서울_진료셀프캠_식욕억제주사실패 마지막_260407,1861778815720546,2026-04-20,AGE_55_100,4246,286,1,0.35,0,0,0.00,0,282,KRW
2604_다이트_전환캠페인,(재)_서울_진료셀프캠_식욕억제주사실패 마지막_260407,1861778815720546,2026-04-20,NONE,44,4,0,0.00,0,0,0.00,0,0,KRW
2604_다이트_전환캠페인,(재)_서울_진료셀프캠_운동안해도되는_260416,1862607904464929,2026-04-20,AGE_35_44,1200,319,1,0.31,0,0,0.00,0,313,KRW
2604_다이트_전환캠페인,(재)_서울_진료셀프캠_운동안해도되는_260416,1862607904464929,2026-04-20,AGE_45_54,1204,272,0,0.00,0,0,0.00,0,268,KRW
2604_다이트_전환캠페인,(재)_서울_진료셀프캠_운동안해도되는_260416,1862607904464929,2026-04-20,AGE_55_100,986,226,0,0.00,0,0,0.00,0,224,KRW
2604_다이트_전환캠페인,(재)_서울_진료셀프캠_운동안해도되는_260416,1862607904464929,2026-04-20,NONE,4,1,0,0.00,0,0,0.00,0,0,KRW
2604_다이트_전환캠페인,(재)_서울_진료셀프캠_의사가권하지않는4050_260414,1862453122462113,2026-04-20,AGE_35_44,954,264,1,0.38,0,0,0.00,0,258,KRW
2604_다이트_전환캠페인,(재)_서울_진료셀프캠_의사가권하지않는4050_260414,1862453122462113,2026-04-20,AGE_45_54,1459,249,0,0.00,0,0,0.00,0,243,KRW
2604_다이트_전환캠페인,(재)_서울_진료셀프캠_의사가권하지않는4050_260414,1862453122462113,2026-04-20,AGE_55_100,1180,248,2,0.81,0,0,0.00,0,245,KRW
2604_다이트_전환캠페인,(재)_서울_진료셀프캠_주사형비만치료제 고민끝에 50대부부 -32kg_260225,1861276155386962,2026-04-20,AGE_35_44,2644,280,2,0.71,0,0,0.00,0,273,KRW
2604_다이트_전환캠페인,(재)_서울_진료셀프캠_주사형비만치료제 고민끝에 50대부부 -32kg_260225,1861276155386962,2026-04-20,AGE_45_54,6177,290,2,0.69,0,0,0.00,0,279,KRW
2604_다이트_전환캠페인,(재)_서울_진료셀프캠_주사형비만치료제 고민끝에 50대부부 -32kg_260225,1861276155386962,2026-04-20,AGE_55_100,5077,231,2,0.87,0,0,0.00,0,221,KRW
2604_다이트_전환캠페인,(재)_서울_진료셀프캠_주사형비만치료제 고민끝에 50대부부 -32kg_260225,1861276155386962,2026-04-20,NONE,0,0,0,0.00,0,0,0.00,0,0,KRW
2604_다이트_전환캠페인,(재)_수원_의료진정보_4050나잇살 이유는 여기에_260410,1862064207732210,2026-04-20,AGE_25_34,952,176,1,0.57,0,0,0.00,0,171,KRW
2604_다이트_전환캠페인,(재)_수원_의료진정보_4050나잇살 이유는 여기에_260410,1862064207732210,2026-04-20,AGE_35_44,758,100,2,2.00,0,0,0.00,0,96,KRW
2604_다이트_전환캠페인,(재)_수원_의료진정보_4050나잇살 이유는 여기에_260410,1862064207732210,2026-04-20,AGE_45_54,707,134,2,1.49,0,0,0.00,0,120,KRW
2604_다이트_전환캠페인,(재)_수원_의료진정보_4050나잇살 이유는 여기에_260410,1862064207732210,2026-04-20,AGE_55_100,584,95,0,0.00,0,0,0.00,0,87,KRW
2604_다이트_전환캠페인,(재)_수원_의료진정보_4050나잇살 이유는 여기에_260410,1862064207732210,2026-04-20,NONE,0,0,0,0.00,0,0,0.00,0,0,KRW
2603_다이트_전환캠페인,"(재)_수원_인플방문후기_건강한다이어트(수원,박고경)_260325",1860614554255474,2026-04-20,NONE,0,0,0,0.00,0,0,0.00,0,0,KRW
2604_다이트_전환캠페인,"(재)_수원_인플방문후기_건강한다이어트(수원,박고경)_260325",1861277190081841,2026-04-20,NONE,0,0,0,0.00,0,0,0.00,0,0,KRW
2604_다이트_전환캠페인,(재)_수원_인플방문후기_먹고싶은거다먹는(수원잇츠)_260403,1861437972025618,2026-04-20,NONE,0,0,0,0.00,0,0,0.00,0,0,KRW
2604_다이트_전환캠페인,(재)_수원_인플방문후기_연예인다이어트(플랜비)_260416,1862613961447426,2026-04-20,AGE_25_34,4041,1316,3,0.23,0,0,0.00,0,1238,KRW
2604_다이트_전환캠페인,(재)_수원_인플방문후기_연예인다이어트(플랜비)_260416,1862613961447426,2026-04-20,AGE_35_44,9292,992,3,0.30,0,0,0.00,0,918,KRW
2604_다이트_전환캠페인,(재)_수원_인플방문후기_연예인다이어트(플랜비)_260416,1862613961447426,2026-04-20,AGE_45_54,8907,1085,5,0.46,0,0,0.00,0,1007,KRW
2604_다이트_전환캠페인,(재)_수원_인플방문후기_연예인다이어트(플랜비)_260416,1862613961447426,2026-04-20,AGE_55_100,7344,900,1,0.11,0,0,0.00,0,813,KRW
2604_다이트_전환캠페인,(재)_수원_인플방문후기_연예인다이어트(플랜비)_260416,1862613961447426,2026-04-20,NONE,26,7,0,0.00,0,0,0.00,0,0,KRW
2604_다이트_전환캠페인,(재)_수원_진료셀프캠_비만주사가놓친것_260414,1862452610512897,2026-04-20,NONE,0,0,0,0.00,0,0,0.00,0,0,KRW
2604_다이트_전환캠페인,(재)_수원_진료셀프캠_비만주사끊고15kg_260326,1861277272418370,2026-04-20,NONE,0,0,0,0.00,0,0,0.00,0,0,KRW
2604_다이트_전환캠페인,(재)_수원_진료셀프캠_비만주사없이 체질_260320,1861277107797025,2026-04-20,NONE,0,0,0,0.00,0,0,0.00,0,0,KRW
2603_다이트_전환캠페인,(재)_수원_진료셀프캠_비만주사없이 체질_260320,1860263832597618,2026-04-20,NONE,0,0,0,0.00,0,0,0.00,0,0,KRW
2604_다이트_전환캠페인,(재)_수원_진료셀프캠_식욕억제주사실패 마지막_260407,1861779341060274,2026-04-20,AGE_25_34,6812,656,3,0.46,1,6812,33.33,0,599,KRW
2604_다이트_전환캠페인,(재)_수원_진료셀프캠_식욕억제주사실패 마지막_260407,1861779341060274,2026-04-20,AGE_35_44,19399,1273,5,0.39,1,19399,20.00,0,1106,KRW
2604_다이트_전환캠페인,(재)_수원_진료셀프캠_식욕억제주사실패 마지막_260407,1861779341060274,2026-04-20,AGE_45_54,30262,1400,14,1.00,0,0,0.00,0,1220,KRW
2604_다이트_전환캠페인,(재)_수원_진료셀프캠_식욕억제주사실패 마지막_260407,1861779341060274,2026-04-20,AGE_55_100,15574,689,4,0.58,1,15574,25.00,0,568,KRW
2604_다이트_전환캠페인,(재)_수원_진료셀프캠_식욕억제주사실패 마지막_260407,1861779341060274,2026-04-20,NONE,63,5,0,0.00,0,0,0.00,0,0,KRW
2604_다이트_전환캠페인,(재)_수원_진료셀프캠_운동안해도되는_260416,1862612144893169,2026-04-20,AGE_25_34,2177,327,0,0.00,0,0,0.00,0,311,KRW
2604_다이트_전환캠페인,(재)_수원_진료셀프캠_운동안해도되는_260416,1862612144893169,2026-04-20,AGE_35_44,4045,411,5,1.22,1,4045,20.00,0,382,KRW
2604_다이트_전환캠페인,(재)_수원_진료셀프캠_운동안해도되는_260416,1862612144893169,2026-04-20,AGE_45_54,6801,473,6,1.27,0,0,0.00,0,434,KRW
2604_다이트_전환캠페인,(재)_수원_진료셀프캠_운동안해도되는_260416,1862612144893169,2026-04-20,AGE_55_100,4663,278,2,0.72,0,0,0.00,0,258,KRW
2604_다이트_전환캠페인,(재)_수원_진료셀프캠_운동안해도되는_260416,1862612144893169,2026-04-20,NONE,6,1,0,0.00,0,0,0.00,0,0,KRW
2604_다이트_전환캠페인,(재)_수원_진료셀프캠_의사가권하지않는4050_260414,1862453880112178,2026-04-20,AGE_55_100,0,0,0,0.00,0,0,0.00,0,0,KRW
2604_다이트_전환캠페인,(재)_수원_진료셀프캠_의사가권하지않는4050_260414,1862453880112178,2026-04-20,NONE,0,0,0,0.00,0,0,0.00,0,0,KRW
2603_다이트_전환캠페인,(재)_일산_리얼모델후기_체지방만 14kg 먹으면서_260324,1860540762588193,2026-04-20,NONE,0,0,0,0.00,0,0,0.00,0,0,KRW
2604_다이트_전환캠페인,(재)_일산_의료진정보_무작정운동으로 팩폭_260406,1861709552021505,2026-04-20,NONE,0,0,0,0.00,0,0,0.00,0,0,KRW
2604_다이트_전환캠페인,(재)_일산_인플방문후기_맘껏먹는 다이어트 한달후기_260306,1861277479159890,2026-04-20,AGE_35_44,2693,163,2,1.23,0,0,0.00,0,152,KRW
2604_다이트_전환캠페인,(재)_일산_인플방문후기_맘껏먹는 다이어트 한달후기_260306,1861277479159890,2026-04-20,AGE_45_54,2227,150,0,0.00,0,0,0.00,0,135,KRW
2604_다이트_전환캠페인,(재)_일산_인플방문후기_맘껏먹는 다이어트 한달후기_260306,1861277479159890,2026-04-20,AGE_55_100,2183,82,1,1.22,0,0,0.00,0,78,KRW
2604_다이트_전환캠페인,(재)_일산_인플방문후기_먹고싶은거다먹는(수원잇츠)_260403,1861437881987106,2026-04-20,AGE_35_44,278,45,0,0.00,0,0,0.00,0,42,KRW
2604_다이트_전환캠페인,(재)_일산_인플방문후기_먹고싶은거다먹는(수원잇츠)_260403,1861437881987106,2026-04-20,AGE_45_54,645,56,1,1.79,0,0,0.00,0,52,KRW
2604_다이트_전환캠페인,(재)_일산_인플방문후기_먹고싶은거다먹는(수원잇츠)_260403,1861437881987106,2026-04-20,AGE_55_100,287,33,0,0.00,0,0,0.00,0,31,KRW
2604_다이트_전환캠페인,(재)_일산_인플방문후기_먹고싶은거다먹는(수원잇츠)_260403,1861437881987106,2026-04-20,NONE,0,0,0,0.00,0,0,0.00,0,0,KRW
2604_다이트_전환캠페인,(재)_일산_인플방문후기_연예인다이어트(일산 플랜비)_260416,1862614105575633,2026-04-20,AGE_35_44,1692,383,0,0.00,0,0,0.00,0,353,KRW
2604_다이트_전환캠페인,(재)_일산_인플방문후기_연예인다이어트(일산 플랜비)_260416,1862614105575633,2026-04-20,AGE_45_54,2647,438,1,0.23,0,0,0.00,0,398,KRW
2604_다이트_전환캠페인,(재)_일산_인플방문후기_연예인다이어트(일산 플랜비)_260416,1862614105575633,2026-04-20,AGE_55_100,2363,414,3,0.72,0,0,0.00,0,388,KRW
2604_다이트_전환캠페인,(재)_일산_인플방문후기_연예인다이어트(일산 플랜비)_260416,1862614105575633,2026-04-20,NONE,17,2,0,0.00,0,0,0.00,0,0,KRW
2604_다이트_전환캠페인,(재)_일산_진료셀프캠_비만주사 10년은 늙어보인대요_260326,1861277619225650,2026-04-20,NONE,0,0,0,0.00,0,0,0.00,0,0,KRW
2604_다이트_전환캠페인,(재)_일산_진료셀프캠_비만주사가놓친것_260414,1862452684235121,2026-04-20,AGE_35_44,120,25,0,0.00,0,0,0.00,0,24,KRW
2604_다이트_전환캠페인,(재)_일산_진료셀프캠_비만주사가놓친것_260414,1862452684235121,2026-04-20,AGE_45_54,89,29,0,0.00,0,0,0.00,0,28,KRW
2604_다이트_전환캠페인,(재)_일산_진료셀프캠_비만주사가놓친것_260414,1862452684235121,2026-04-20,AGE_55_100,135,27,0,0.00,0,0,0.00,0,26,KRW
2604_다이트_전환캠페인,(재)_일산_진료셀프캠_비만주사가놓친것_260414,1862452684235121,2026-04-20,NONE,0,0,0,0.00,0,0,0.00,0,0,KRW
2603_다이트_전환캠페인,(재)_일산_진료셀프캠_비만주사없이 체질_260320,1860170767678546,2026-04-20,NONE,0,0,0,0.00,0,0,0.00,0,0,KRW
2604_다이트_전환캠페인,(재)_일산_진료셀프캠_식욕억제주사실패 마지막_260407,1861779422527666,2026-04-20,AGE_35_44,11360,895,14,1.56,0,0,0.00,0,808,KRW
2604_다이트_전환캠페인,(재)_일산_진료셀프캠_식욕억제주사실패 마지막_260407,1861779422527666,2026-04-20,AGE_45_54,20489,1190,7,0.59,1,20489,14.29,0,1054,KRW
2604_다이트_전환캠페인,(재)_일산_진료셀프캠_식욕억제주사실패 마지막_260407,1861779422527666,2026-04-20,AGE_55_100,17044,755,13,1.72,0,0,0.00,0,650,KRW
2604_다이트_전환캠페인,(재)_일산_진료셀프캠_식욕억제주사실패 마지막_260407,1861779422527666,2026-04-20,NONE,40,6,1,16.67,0,0,0.00,0,0,KRW
2604_다이트_전환캠페인,(재)_일산_진료셀프캠_운동안해도되는_260416,1862612254235649,2026-04-20,AGE_35_44,2173,230,2,0.87,0,0,0.00,0,208,KRW
2604_다이트_전환캠페인,(재)_일산_진료셀프캠_운동안해도되는_260416,1862612254235649,2026-04-20,AGE_45_54,4510,335,3,0.90,3,1503,100.00,0,296,KRW
2604_다이트_전환캠페인,(재)_일산_진료셀프캠_운동안해도되는_260416,1862612254235649,2026-04-20,AGE_55_100,3761,249,2,0.80,0,0,0.00,0,220,KRW
2604_다이트_전환캠페인,(재)_일산_진료셀프캠_운동안해도되는_260416,1862612254235649,2026-04-20,NONE,20,1,0,0.00,0,0,0.00,0,0,KRW
2604_다이트_전환캠페인,(재)_일산_진료셀프캠_의사가권하지않는4050_260414,1862453943180450,2026-04-20,NONE,0,0,0,0.00,0,0,0.00,0,0,KRW
2604_다이트_전환캠페인,(재)_일산_진료셀프캠_주사형비만치료제 고민끝에 40대부부 -32kg_260225,1861277533224961,2026-04-20,NONE,0,0,0,0.00,0,0,0.00,0,0,KRW
2604_다이트_전환캠페인,(재)_창원_의료진정보_4050나잇살 이유는 여기에_260410,1862064114067810,2026-04-20,NONE,0,0,0,0.00,0,0,0.00,0,0,KRW
2604_다이트_전환캠페인,(재)_창원_의료진정보_무작정운동으로 팩폭_260406,1861709359069201,2026-04-20,NONE,0,0,0,0.00,0,0,0.00,0,0,KRW
2603_다이트_전환캠페인,"(재)_창원_인플방문후기_건강한다이어트(창원,박고경)_260325",1860614832883714,2026-04-20,NONE,0,0,0,0.00,0,0,0.00,0,0,KRW
2604_다이트_전환캠페인,"(재)_창원_인플방문후기_건강한다이어트(창원,박고경)_260325",1861278731680866,2026-04-20,NONE,0,0,0,0.00,0,0,0.00,0,0,KRW
2604_다이트_전환캠페인,(재)_창원_인플방문후기_먹고싶은거다먹는(수원잇츠)_260403,1861437705571345,2026-04-20,AGE_35_44,1765,252,1,0.40,0,0,0.00,0,248,KRW
2604_다이트_전환캠페인,(재)_창원_인플방문후기_먹고싶은거다먹는(수원잇츠)_260403,1861437705571345,2026-04-20,AGE_45_54,1818,272,0,0.00,0,0,0.00,0,260,KRW
2604_다이트_전환캠페인,(재)_창원_인플방문후기_먹고싶은거다먹는(수원잇츠)_260403,1861437705571345,2026-04-20,AGE_55_100,1225,128,0,0.00,0,0,0.00,0,124,KRW
2604_다이트_전환캠페인,(재)_창원_인플방문후기_연예인다이어트(플랜비)_260416,1862614349846529,2026-04-20,AGE_35_44,2898,510,4,0.78,1,2898,25.00,0,457,KRW
2604_다이트_전환캠페인,(재)_창원_인플방문후기_연예인다이어트(플랜비)_260416,1862614349846529,2026-04-20,AGE_45_54,4841,663,3,0.45,0,0,0.00,0,579,KRW
2604_다이트_전환캠페인,(재)_창원_인플방문후기_연예인다이어트(플랜비)_260416,1862614349846529,2026-04-20,AGE_55_100,4751,561,3,0.53,0,0,0.00,0,493,KRW
2604_다이트_전환캠페인,(재)_창원_인플방문후기_연예인다이어트(플랜비)_260416,1862614349846529,2026-04-20,NONE,16,2,0,0.00,0,0,0.00,0,0,KRW
2604_다이트_전환캠페인,(재)_창원_진료셀프캠_비만주사가놓친것_260414,1862452830171329,2026-04-20,AGE_35_44,623,113,0,0.00,0,0,0.00,0,105,KRW
2604_다이트_전환캠페인,(재)_창원_진료셀프캠_비만주사가놓친것_260414,1862452830171329,2026-04-20,AGE_45_54,1318,118,0,0.00,0,0,0.00,0,112,KRW
2604_다이트_전환캠페인,(재)_창원_진료셀프캠_비만주사가놓친것_260414,1862452830171329,2026-04-20,AGE_55_100,585,122,0,0.00,0,0,0.00,0,116,KRW
2604_다이트_전환캠페인,(재)_창원_진료셀프캠_비만주사가놓친것_260414,1862452830171329,2026-04-20,NONE,0,0,0,0.00,0,0,0.00,0,0,KRW
2604_다이트_전환캠페인,(재)_창원_진료셀프캠_식욕억제주사실패 마지막_260407,1861779402873057,2026-04-20,AGE_35_44,21445,1805,6,0.33,0,0,0.00,0,1601,KRW
2604_다이트_전환캠페인,(재)_창원_진료셀프캠_식욕억제주사실패 마지막_260407,1861779402873057,2026-04-20,AGE_45_54,44374,2271,15,0.66,0,0,0.00,0,1992,KRW
2604_다이트_전환캠페인,(재)_창원_진료셀프캠_식욕억제주사실패 마지막_260407,1861779402873057,2026-04-20,AGE_55_100,19240,985,9,0.91,2,9620,22.22,0,848,KRW
2604_다이트_전환캠페인,(재)_창원_진료셀프캠_식욕억제주사실패 마지막_260407,1861779402873057,2026-04-20,NONE,14,3,0,0.00,0,0,0.00,0,0,KRW
2604_다이트_전환캠페인,(재)_창원_진료셀프캠_운동안해도되는_260416,1862612192812097,2026-04-20,AGE_35_44,3433,391,3,0.77,3,1144,100.00,0,364,KRW
2604_다이트_전환캠페인,(재)_창원_진료셀프캠_운동안해도되는_260416,1862612192812097,2026-04-20,AGE_45_54,6753,473,3,0.63,0,0,0.00,0,433,KRW
2604_다이트_전환캠페인,(재)_창원_진료셀프캠_운동안해도되는_260416,1862612192812097,2026-04-20,AGE_55_100,4721,326,2,0.61,0,0,0.00,0,289,KRW
2604_다이트_전환캠페인,(재)_창원_진료셀프캠_운동안해도되는_260416,1862612192812097,2026-04-20,NONE,0,0,0,0.00,0,0,0.00,0,0,KRW
2604_다이트_전환캠페인,(재)_창원_진료셀프캠_주사형비만치료제 고민끝에 50대부부 -32kg_260225,1861278292523041,2026-04-20,NONE,0,0,0,0.00,0,0,0.00,0,0,KRW
2603_다이트_전환캠페인,(재)_창원_진료셀프캠_주사형비만치료제 고민끝에 50대부부 -32kg_260225,1860546141013361,2026-04-20,NONE,0,0,0,0.00,0,0,0.00,0,0,KRW
2604_다이트_전환캠페인,"(재)_천안_인플방문후기_건강한다이어트(천안, 박고경)_260325",1861278985311585,2026-04-20,AGE_35_44,2639,334,1,0.30,0,0,0.00,0,312,KRW
2604_다이트_전환캠페인,"(재)_천안_인플방문후기_건강한다이어트(천안, 박고경)_260325",1861278985311585,2026-04-20,AGE_45_54,1593,232,1,0.43,0,0,0.00,0,226,KRW
2604_다이트_전환캠페인,"(재)_천안_인플방문후기_건강한다이어트(천안, 박고경)_260325",1861278985311585,2026-04-20,AGE_55_100,1365,153,0,0.00,0,0,0.00,0,146,KRW
2604_다이트_전환캠페인,"(재)_천안_인플방문후기_건강한다이어트(천안, 박고경)_260325",1861278985311585,2026-04-20,NONE,0,0,0,0.00,0,0,0.00,0,0,KRW
2603_다이트_전환캠페인,"(재)_천안_인플방문후기_건강한다이어트(천안, 박고경)_260325",1860615057904689,2026-04-20,NONE,0,0,0,0.00,0,0,0.00,0,0,KRW
2604_다이트_전환캠페인,(재)_천안_인플방문후기_연예인다이어트(플랜비)_260416,1862614438420609,2026-04-20,AGE_35_44,701,171,0,0.00,0,0,0.00,0,165,KRW
2604_다이트_전환캠페인,(재)_천안_인플방문후기_연예인다이어트(플랜비)_260416,1862614438420609,2026-04-20,AGE_45_54,981,164,0,0.00,0,0,0.00,0,151,KRW
2604_다이트_전환캠페인,(재)_천안_인플방문후기_연예인다이어트(플랜비)_260416,1862614438420609,2026-04-20,AGE_55_100,1387,154,0,0.00,0,0,0.00,0,132,KRW
2604_다이트_전환캠페인,(재)_천안_인플방문후기_연예인다이어트(플랜비)_260416,1862614438420609,2026-04-20,NONE,0,0,0,0.00,0,0,0.00,0,0,KRW
2604_다이트_전환캠페인,(재)_천안_진료QnA_지긋지긋 40대 뱃살 고생없이_260309,1861278873581714,2026-04-20,NONE,0,0,0,0.00,0,0,0.00,0,0,KRW
2604_다이트_전환캠페인,(재)_천안_진료셀프캠_비만주사가놓친것_260414,1862452895498482,2026-04-20,AGE_35_44,997,212,1,0.47,0,0,0.00,0,202,KRW
2604_다이트_전환캠페인,(재)_천안_진료셀프캠_비만주사가놓친것_260414,1862452895498482,2026-04-20,AGE_45_54,1022,163,1,0.61,0,0,0.00,0,155,KRW
2604_다이트_전환캠페인,(재)_천안_진료셀프캠_비만주사가놓친것_260414,1862452895498482,2026-04-20,AGE_55_100,824,103,0,0.00,0,0,0.00,0,94,KRW
2604_다이트_전환캠페인,(재)_천안_진료셀프캠_비만주사가놓친것_260414,1862452895498482,2026-04-20,NONE,0,0,0,0.00,0,0,0.00,0,0,KRW
2604_다이트_전환캠페인,(재)_천안_진료셀프캠_운동안해도되는_260416,1862612464960546,2026-04-20,AGE_35_44,2420,254,2,0.79,0,0,0.00,0,235,KRW
2604_다이트_전환캠페인,(재)_천안_진료셀프캠_운동안해도되는_260416,1862612464960546,2026-04-20,AGE_45_54,4083,282,2,0.71,0,0,0.00,0,244,KRW
2604_다이트_전환캠페인,(재)_천안_진료셀프캠_운동안해도되는_260416,1862612464960546,2026-04-20,AGE_55_100,1111,122,2,1.64,0,0,0.00,0,113,KRW
2604_다이트_전환캠페인,(재)_천안_진료셀프캠_운동안해도되는_260416,1862612464960546,2026-04-20,NONE,1,1,0,0.00,0,0,0.00,0,0,KRW
2604_다이트_전환캠페인,(재)_천안_진료셀프캠_주사형비만치료제 고민끝에 50대부부 -32kg_260225,1861968142031009,2026-04-20,NONE,0,0,0,0.00,0,0,0.00,0,0,KRW
2603_다이트_전환캠페인,(신)_대구_의료진정보_주사형비만치료제 10년은_260116,1861074750911650,2026-04-21,NONE,0,0,0,0.00,0,0,0.00,0,0,KRW
2604_다이트_전환캠페인,(신)_대구_의료진정보_주사형비만치료제 10년은_260116,1861278242108689,2026-04-21,NONE,0,0,0,0.00,0,0,0.00,0,0,KRW
2603_다이트_전환캠페인,(신)_대구_인플방문후기_당뇨다이어트(대읽남)_260311,1859417671501954,2026-04-21,NONE,0,0,0,0.00,0,0,0.00,0,0,KRW
2604_다이트_전환캠페인,(신)_대구_인플방문후기_먹으면서 다이어트(대읽남)_251017,1861277850752146,2026-04-21,NONE,0,0,0,0.00,0,0,0.00,0,0,KRW
2603_다이트_전환캠페인,(신)_대구_인플방문후기_먹으면서 다이어트(대읽남)_251017,1858362316758178,2026-04-21,NONE,0,0,0,0.00,0,0,0.00,0,0,KRW
2604_다이트_전환캠페인,(신)_대구_인플방문후기_밥빵면안당기는원장님(itsmeyuriwon)_260407,1861796218051601,2026-04-21,AGE_35_44,1553,152,0,0.00,0,0,0.00,0,149,KRW
2604_다이트_전환캠페인,(신)_대구_인플방문후기_밥빵면안당기는원장님(itsmeyuriwon)_260407,1861796218051601,2026-04-21,AGE_45_54,2105,142,1,0.70,0,0,0.00,0,136,KRW
2604_다이트_전환캠페인,(신)_대구_인플방문후기_밥빵면안당기는원장님(itsmeyuriwon)_260407,1861796218051601,2026-04-21,AGE_55_100,669,110,1,0.91,0,0,0.00,0,108,KRW
2604_다이트_전환캠페인,(신)_대구_인플방문후기_주사형비만치료제(the.hyunniverse)_260403,1861968872286353,2026-04-21,NONE,0,0,0,0.00,0,0,0.00,0,0,KRW
2604_다이트_전환캠페인,(신)_대전_인플방문후기_밥빵면안당기는원장님(itsmeyuriwon)_260407,1861796462367905,2026-04-21,AGE_35_44,1064,101,0,0.00,0,0,0.00,0,99,KRW
2604_다이트_전환캠페인,(신)_대전_인플방문후기_밥빵면안당기는원장님(itsmeyuriwon)_260407,1861796462367905,2026-04-21,AGE_45_54,1725,112,3,2.68,0,0,0.00,0,110,KRW
2604_다이트_전환캠페인,(신)_대전_인플방문후기_밥빵면안당기는원장님(itsmeyuriwon)_260407,1861796462367905,2026-04-21,AGE_55_100,1127,75,1,1.33,0,0,0.00,0,69,KRW
2604_다이트_전환캠페인,(신)_대전_인플방문후기_밥빵면안당기는원장님(itsmeyuriwon)_260407,1861796462367905,2026-04-21,NONE,0,0,0,0.00,0,0,0.00,0,0,KRW
2604_다이트_전환캠페인,(신)_대전_인플방문후기_주사형비만치료제(the.hyunniverse)_260403,1861968952635729,2026-04-21,AGE_35_44,1077,196,1,0.51,0,0,0.00,0,188,KRW
2604_다이트_전환캠페인,(신)_대전_인플방문후기_주사형비만치료제(the.hyunniverse)_260403,1861968952635729,2026-04-21,AGE_45_54,2098,191,1,0.52,0,0,0.00,0,180,KRW
2604_다이트_전환캠페인,(신)_대전_인플방문후기_주사형비만치료제(the.hyunniverse)_260403,1861968952635729,2026-04-21,AGE_55_100,1263,127,1,0.79,0,0,0.00,0,123,KRW
2604_다이트_전환캠페인,(신)_대전_인플방문후기_주사형비만치료제(the.hyunniverse)_260403,1861968952635729,2026-04-21,NONE,0,0,0,0.00,0,0,0.00,0,0,KRW
2604_다이트_전환캠페인,(신)_부평_의료진정보_주사형비만치료제 10년은_260116,1861276817166401,2026-04-21,NONE,0,0,0,0.00,0,0,0.00,0,0,KRW
2603_다이트_전환캠페인,(신)_부평_의료진정보_주사형비만치료제 10년은_260116,1860716092390562,2026-04-21,NONE,0,0,0,0.00,0,0,0.00,0,0,KRW
2604_다이트_전환캠페인,(신)_부평_인플방문후기_건강한다이어트(박고경)_260324,1861276881397074,2026-04-21,AGE_35_44,2606,295,0,0.00,0,0,0.00,0,293,KRW
2604_다이트_전환캠페인,(신)_부평_인플방문후기_건강한다이어트(박고경)_260324,1861276881397074,2026-04-21,AGE_45_54,2685,259,0,0.00,0,0,0.00,0,257,KRW
2604_다이트_전환캠페인,(신)_부평_인플방문후기_건강한다이어트(박고경)_260324,1861276881397074,2026-04-21,AGE_55_100,2137,153,2,1.31,0,0,0.00,0,151,KRW
2604_다이트_전환캠페인,(신)_부평_인플방문후기_건강한다이어트(박고경)_260324,1861276881397074,2026-04-21,NONE,0,0,0,0.00,0,0,0.00,0,0,KRW
2604_다이트_전환캠페인,(신)_부평_인플방문후기_밥빵면안당기는원장님(itsmeyuriwon)_260407,1861795578227042,2026-04-21,AGE_35_44,10831,1187,8,0.67,1,10831,12.50,0,1157,KRW
2604_다이트_전환캠페인,(신)_부평_인플방문후기_밥빵면안당기는원장님(itsmeyuriwon)_260407,1861795578227042,2026-04-21,AGE_45_54,12237,986,4,0.41,0,0,0.00,0,941,KRW
2604_다이트_전환캠페인,(신)_부평_인플방문후기_밥빵면안당기는원장님(itsmeyuriwon)_260407,1861795578227042,2026-04-21,AGE_55_100,7476,687,3,0.44,1,7476,33.33,0,663,KRW
2604_다이트_전환캠페인,(신)_부평_인플방문후기_밥빵면안당기는원장님(itsmeyuriwon)_260407,1861795578227042,2026-04-21,NONE,20,1,0,0.00,0,0,0.00,0,0,KRW
2604_다이트_전환캠페인,(신)_부평_인플방문후기_주사형비만치료제(the.hyunniverse)_260403,1861968247570690,2026-04-21,AGE_35_44,9803,1736,2,0.12,0,0,0.00,0,1652,KRW
2604_다이트_전환캠페인,(신)_부평_인플방문후기_주사형비만치료제(the.hyunniverse)_260403,1861968247570690,2026-04-21,AGE_45_54,12408,1579,5,0.32,1,12408,20.00,0,1486,KRW
2604_다이트_전환캠페인,(신)_부평_인플방문후기_주사형비만치료제(the.hyunniverse)_260403,1861968247570690,2026-04-21,AGE_55_100,9664,1135,3,0.26,0,0,0.00,0,1070,KRW
2604_다이트_전환캠페인,(신)_부평_인플방문후기_주사형비만치료제(the.hyunniverse)_260403,1861968247570690,2026-04-21,NONE,0,0,0,0.00,0,0,0.00,0,0,KRW
2604_다이트_전환캠페인,(신)_서울_인플방문후기_밥빵면안당기는원장님(itsmeyuriwon)_260407,1861792943047986,2026-04-21,AGE_35_44,2553,147,1,0.68,0,0,0.00,0,142,KRW
2604_다이트_전환캠페인,(신)_서울_인플방문후기_밥빵면안당기는원장님(itsmeyuriwon)_260407,1861792943047986,2026-04-21,AGE_45_54,3113,170,1,0.59,0,0,0.00,0,159,KRW
2604_다이트_전환캠페인,(신)_서울_인플방문후기_밥빵면안당기는원장님(itsmeyuriwon)_260407,1861792943047986,2026-04-21,AGE_55_100,1970,111,2,1.80,1,1970,50.00,0,103,KRW
2604_다이트_전환캠페인,(신)_서울_인플방문후기_밥빵면안당기는원장님(itsmeyuriwon)_260407,1861792943047986,2026-04-21,NONE,0,1,0,0.00,0,0,0.00,0,0,KRW
2604_다이트_전환캠페인,(신)_서울_인플방문후기_주사형비만치료제(the.hyunniverse)_260403,1861968379365409,2026-04-21,AGE_35_44,1453,204,1,0.49,1,1453,100.00,0,190,KRW
2604_다이트_전환캠페인,(신)_서울_인플방문후기_주사형비만치료제(the.hyunniverse)_260403,1861968379365409,2026-04-21,AGE_45_54,3439,301,1,0.33,0,0,0.00,0,279,KRW
2604_다이트_전환캠페인,(신)_서울_인플방문후기_주사형비만치료제(the.hyunniverse)_260403,1861968379365409,2026-04-21,AGE_55_100,3079,247,1,0.40,0,0,0.00,0,232,KRW
2604_다이트_전환캠페인,(신)_서울_인플방문후기_주사형비만치료제(the.hyunniverse)_260403,1861968379365409,2026-04-21,NONE,281,2,0,0.00,0,0,0.00,0,0,KRW
2604_다이트_전환캠페인,(신)_수원_인플방문후기_밥빵면안당기는원장님(itsmeyuriwon)_260407,1861796026692689,2026-04-21,AGE_25_34,4650,991,4,0.40,0,0,0.00,0,956,KRW
2604_다이트_전환캠페인,(신)_수원_인플방문후기_밥빵면안당기는원장님(itsmeyuriwon)_260407,1861796026692689,2026-04-21,AGE_35_44,5861,659,1,0.15,0,0,0.00,0,627,KRW
2604_다이트_전환캠페인,(신)_수원_인플방문후기_밥빵면안당기는원장님(itsmeyuriwon)_260407,1861796026692689,2026-04-21,AGE_45_54,5934,531,2,0.38,0,0,0.00,0,517,KRW
2604_다이트_전환캠페인,(신)_수원_인플방문후기_밥빵면안당기는원장님(itsmeyuriwon)_260407,1861796026692689,2026-04-21,AGE_55_100,2502,281,1,0.36,0,0,0.00,0,272,KRW
2604_다이트_전환캠페인,(신)_수원_인플방문후기_밥빵면안당기는원장님(itsmeyuriwon)_260407,1861796026692689,2026-04-21,NONE,1,2,0,0.00,0,0,0.00,0,0,KRW
2604_다이트_전환캠페인,(신)_수원_인플방문후기_주사형비만치료제(the.hyunniverse)_260403,1861426333950193,2026-04-21,AGE_25_34,3715,1381,4,0.29,0,0,0.00,0,1328,KRW
2604_다이트_전환캠페인,(신)_수원_인플방문후기_주사형비만치료제(the.hyunniverse)_260403,1861426333950193,2026-04-21,AGE_35_44,5460,916,2,0.22,0,0,0.00,0,869,KRW
2604_다이트_전환캠페인,(신)_수원_인플방문후기_주사형비만치료제(the.hyunniverse)_260403,1861426333950193,2026-04-21,AGE_45_54,6222,916,3,0.33,0,0,0.00,0,873,KRW
2604_다이트_전환캠페인,(신)_수원_인플방문후기_주사형비만치료제(the.hyunniverse)_260403,1861426333950193,2026-04-21,AGE_55_100,4551,695,1,0.14,0,0,0.00,0,634,KRW
2604_다이트_전환캠페인,(신)_수원_인플방문후기_주사형비만치료제(the.hyunniverse)_260403,1861426333950193,2026-04-21,NONE,8,4,0,0.00,0,0,0.00,0,0,KRW
2604_다이트_전환캠페인,(신)_일산_인플방문후기_밥빵면안당기는원장님(itsmeyuriwon)_260407,1861796100333057,2026-04-21,NONE,0,0,0,0.00,0,0,0.00,0,0,KRW
2604_다이트_전환캠페인,(신)_일산_인플방문후기_주사형비만치료제(the.hyunniverse)_260403,1861968797915602,2026-04-21,AGE_35_44,1540,449,1,0.22,0,0,0.00,0,446,KRW
2604_다이트_전환캠페인,(신)_일산_인플방문후기_주사형비만치료제(the.hyunniverse)_260403,1861968797915602,2026-04-21,AGE_45_54,2388,385,0,0.00,0,0,0.00,0,381,KRW
2604_다이트_전환캠페인,(신)_일산_인플방문후기_주사형비만치료제(the.hyunniverse)_260403,1861968797915602,2026-04-21,AGE_55_100,1986,264,1,0.38,0,0,0.00,0,261,KRW
2604_다이트_전환캠페인,(신)_일산_인플방문후기_주사형비만치료제(the.hyunniverse)_260403,1861968797915602,2026-04-21,NONE,394,4,0,0.00,0,0,0.00,0,0,KRW
2604_다이트_전환캠페인,(신)_창원_인플방문후기_밥빵면안당기는원장님(itsmeyuriwon)_260407,1861796302859538,2026-04-21,AGE_35_44,8624,1277,6,0.47,0,0,0.00,0,1192,KRW
2604_다이트_전환캠페인,(신)_창원_인플방문후기_밥빵면안당기는원장님(itsmeyuriwon)_260407,1861796302859538,2026-04-21,AGE_45_54,13827,1221,6,0.49,0,0,0.00,0,1106,KRW
2604_다이트_전환캠페인,(신)_창원_인플방문후기_밥빵면안당기는원장님(itsmeyuriwon)_260407,1861796302859538,2026-04-21,AGE_55_100,5822,760,4,0.53,0,0,0.00,0,707,KRW
2604_다이트_전환캠페인,(신)_창원_인플방문후기_밥빵면안당기는원장님(itsmeyuriwon)_260407,1861796302859538,2026-04-21,NONE,13,2,0,0.00,0,0,0.00,0,0,KRW
2604_다이트_전환캠페인,(신)_창원_인플방문후기_주사형비만치료제(the.hyunniverse)_260403,1861427124084770,2026-04-21,NONE,0,0,0,0.00,0,0,0.00,0,0,KRW
2604_다이트_전환캠페인,(신)_천안_의료진정보_주사형비만치료제 10년은_260116,1861279064396242,2026-04-21,AGE_35_44,884,160,1,0.63,0,0,0.00,0,153,KRW
2604_다이트_전환캠페인,(신)_천안_의료진정보_주사형비만치료제 10년은_260116,1861279064396242,2026-04-21,AGE_45_54,1986,197,0,0.00,0,0,0.00,0,182,KRW
2604_다이트_전환캠페인,(신)_천안_의료진정보_주사형비만치료제 10년은_260116,1861279064396242,2026-04-21,AGE_55_100,1424,163,1,0.61,1,1424,100.00,0,150,KRW
2604_다이트_전환캠페인,(신)_천안_의료진정보_주사형비만치료제 10년은_260116,1861279064396242,2026-04-21,NONE,0,0,0,0.00,0,0,0.00,0,0,KRW
2604_다이트_전환캠페인,(신)_천안_인플방문후기_밥빵면안당기는원장님(itsmeyuriwon)_260407,1861796395517250,2026-04-21,AGE_35_44,3425,426,3,0.70,0,0,0.00,0,409,KRW
2604_다이트_전환캠페인,(신)_천안_인플방문후기_밥빵면안당기는원장님(itsmeyuriwon)_260407,1861796395517250,2026-04-21,AGE_45_54,3747,377,3,0.80,0,0,0.00,0,358,KRW
2604_다이트_전환캠페인,(신)_천안_인플방문후기_밥빵면안당기는원장님(itsmeyuriwon)_260407,1861796395517250,2026-04-21,AGE_55_100,1120,176,2,1.14,0,0,0.00,0,164,KRW
2604_다이트_전환캠페인,(신)_천안_인플방문후기_밥빵면안당기는원장님(itsmeyuriwon)_260407,1861796395517250,2026-04-21,NONE,0,0,0,0.00,0,0,0.00,0,0,KRW
2604_다이트_전환캠페인,(신)_천안_인플방문후기_주사형비만치료제(the.hyunniverse)_260403,1861969033799841,2026-04-21,AGE_35_44,4502,706,3,0.42,3,1500,100.00,0,669,KRW
2604_다이트_전환캠페인,(신)_천안_인플방문후기_주사형비만치료제(the.hyunniverse)_260403,1861969033799841,2026-04-21,AGE_45_54,5774,584,1,0.17,0,0,0.00,0,535,KRW
2604_다이트_전환캠페인,(신)_천안_인플방문후기_주사형비만치료제(the.hyunniverse)_260403,1861969033799841,2026-04-21,AGE_55_100,4129,307,2,0.65,1,4129,50.00,0,282,KRW
2604_다이트_전환캠페인,(신)_천안_인플방문후기_주사형비만치료제(the.hyunniverse)_260403,1861969033799841,2026-04-21,NONE,0,0,0,0.00,0,0,0.00,0,0,KRW
2604_다이트_전환캠페인,(신)_천안_진료셀프캠_주사형 비만치료제보다 더중요한이것_260120,1861969112559697,2026-04-21,AGE_35_44,17175,2304,6,0.26,1,17175,16.67,0,2106,KRW
2604_다이트_전환캠페인,(신)_천안_진료셀프캠_주사형 비만치료제보다 더중요한이것_260120,1861969112559697,2026-04-21,AGE_45_54,24589,1987,15,0.75,0,0,0.00,0,1802,KRW
2604_다이트_전환캠페인,(신)_천안_진료셀프캠_주사형 비만치료제보다 더중요한이것_260120,1861969112559697,2026-04-21,AGE_55_100,16023,1194,7,0.59,0,0,0.00,0,1078,KRW
2604_다이트_전환캠페인,(신)_천안_진료셀프캠_주사형 비만치료제보다 더중요한이것_260120,1861969112559697,2026-04-21,NONE,39,9,0,0.00,0,0,0.00,0,0,KRW
2603_다이트_전환캠페인,(재)_대구_리얼모델후기_체지방만 14kg 먹으면서_260324,1860540866227313,2026-04-21,NONE,0,0,0,0.00,0,0,0.00,0,0,KRW
2603_다이트_전환캠페인,(재)_대구_의료진정보_비만주사 굶는다이어트_260320,1860263658516898,2026-04-21,NONE,0,0,0,0.00,0,0,0.00,0,0,KRW
2604_다이트_전환캠페인,"(재)_대구_인플방문후기_건강한다이어트(대구,박고경)_260325",1861278128485793,2026-04-21,AGE_35_44,4607,631,5,0.79,0,0,0.00,0,603,KRW
2604_다이트_전환캠페인,"(재)_대구_인플방문후기_건강한다이어트(대구,박고경)_260325",1861278128485793,2026-04-21,AGE_45_54,3810,425,3,0.71,0,0,0.00,0,395,KRW
2604_다이트_전환캠페인,"(재)_대구_인플방문후기_건강한다이어트(대구,박고경)_260325",1861278128485793,2026-04-21,AGE_55_100,3452,499,2,0.40,0,0,0.00,0,453,KRW
2604_다이트_전환캠페인,"(재)_대구_인플방문후기_건강한다이어트(대구,박고경)_260325",1861278128485793,2026-04-21,NONE,7,1,0,0.00,0,0,0.00,0,0,KRW
2604_다이트_전환캠페인,(재)_대구_인플방문후기_연예인다이어트(플랜비)_260416,1862614242718769,2026-04-21,AGE_35_44,36,8,0,0.00,0,0,0.00,0,7,KRW
2604_다이트_전환캠페인,(재)_대구_인플방문후기_연예인다이어트(플랜비)_260416,1862614242718769,2026-04-21,AGE_45_54,227,25,0,0.00,0,0,0.00,0,24,KRW
2604_다이트_전환캠페인,(재)_대구_인플방문후기_연예인다이어트(플랜비)_260416,1862614242718769,2026-04-21,AGE_55_100,54,11,0,0.00,0,0,0.00,0,11,KRW
2604_다이트_전환캠페인,(재)_대구_인플방문후기_연예인다이어트(플랜비)_260416,1862614242718769,2026-04-21,NONE,7,2,0,0.00,0,0,0.00,0,0,KRW
2604_다이트_전환캠페인,(재)_대구_진료셀프캠_다이어트의적 밥빵면_260407,1861778669641809,2026-04-21,AGE_35_44,7722,569,3,0.53,0,0,0.00,0,538,KRW
2604_다이트_전환캠페인,(재)_대구_진료셀프캠_다이어트의적 밥빵면_260407,1861778669641809,2026-04-21,AGE_45_54,21326,1076,8,0.74,0,0,0.00,0,1000,KRW
2604_다이트_전환캠페인,(재)_대구_진료셀프캠_다이어트의적 밥빵면_260407,1861778669641809,2026-04-21,AGE_55_100,18045,864,18,2.08,1,18045,5.56,0,792,KRW
2604_다이트_전환캠페인,(재)_대구_진료셀프캠_다이어트의적 밥빵면_260407,1861778669641809,2026-04-21,NONE,54,2,0,0.00,0,0,0.00,0,0,KRW
2604_다이트_전환캠페인,(재)_대구_진료셀프캠_비만주사가놓친것_260414,1862452759074146,2026-04-21,AGE_35_44,17,7,0,0.00,0,0,0.00,0,7,KRW
2604_다이트_전환캠페인,(재)_대구_진료셀프캠_비만주사가놓친것_260414,1862452759074146,2026-04-21,AGE_45_54,10,4,0,0.00,0,0,0.00,0,4,KRW
2604_다이트_전환캠페인,(재)_대구_진료셀프캠_비만주사가놓친것_260414,1862452759074146,2026-04-21,AGE_55_100,29,11,0,0.00,0,0,0.00,0,11,KRW
2604_다이트_전환캠페인,(재)_대구_진료셀프캠_비만주사가놓친것_260414,1862452759074146,2026-04-21,NONE,0,1,0,0.00,0,0,0.00,0,0,KRW
2604_다이트_전환캠페인,(재)_대구_진료셀프캠_식욕억제주사실패 마지막_260407,1861779512219682,2026-04-21,AGE_35_44,15484,1331,6,0.45,0,0,0.00,0,1154,KRW
2604_다이트_전환캠페인,(재)_대구_진료셀프캠_식욕억제주사실패 마지막_260407,1861779512219682,2026-04-21,AGE_45_54,29865,1551,12,0.77,2,14932,16.67,0,1336,KRW
2604_다이트_전환캠페인,(재)_대구_진료셀프캠_식욕억제주사실패 마지막_260407,1861779512219682,2026-04-21,AGE_55_100,9499,639,6,0.94,0,0,0.00,0,567,KRW
2604_다이트_전환캠페인,(재)_대구_진료셀프캠_식욕억제주사실패 마지막_260407,1861779512219682,2026-04-21,NONE,8,1,0,0.00,0,0,0.00,0,0,KRW
2604_다이트_전환캠페인,(재)_대구_진료셀프캠_운동안해도되는_260416,1862612192785601,2026-04-21,AGE_35_44,665,52,0,0.00,0,0,0.00,0,51,KRW
2604_다이트_전환캠페인,(재)_대구_진료셀프캠_운동안해도되는_260416,1862612192785601,2026-04-21,AGE_45_54,1571,85,2,2.35,0,0,0.00,0,83,KRW
2604_다이트_전환캠페인,(재)_대구_진료셀프캠_운동안해도되는_260416,1862612192785601,2026-04-21,AGE_55_100,282,55,1,1.82,0,0,0.00,0,52,KRW
2604_다이트_전환캠페인,(재)_대구_진료셀프캠_주사형비만치료제 고민끝에 50대부부 -32kg_260225,1861278082187298,2026-04-21,AGE_35_44,5266,552,5,0.91,1,5266,20.00,0,513,KRW
2604_다이트_전환캠페인,(재)_대구_진료셀프캠_주사형비만치료제 고민끝에 50대부부 -32kg_260225,1861278082187298,2026-04-21,AGE_45_54,10879,869,7,0.81,1,10879,14.29,0,809,KRW
2604_다이트_전환캠페인,(재)_대구_진료셀프캠_주사형비만치료제 고민끝에 50대부부 -32kg_260225,1861278082187298,2026-04-21,AGE_55_100,10086,758,1,0.13,0,0,0.00,0,704,KRW
2604_다이트_전환캠페인,(재)_대구_진료셀프캠_주사형비만치료제 고민끝에 50대부부 -32kg_260225,1861278082187298,2026-04-21,NONE,0,1,0,0.00,0,0,0.00,0,0,KRW
2603_다이트_전환캠페인,(재)_대구_진료셀프캠_주사형비만치료제 고민끝에 50대부부 -32kg_260225,1860546064808049,2026-04-21,NONE,0,0,0,0.00,0,0,0.00,0,0,KRW
2604_다이트_전환캠페인,"(재)_대전_인플방문후기_건강한다이어트(대전, 박고경)_260406",1861709876075633,2026-04-21,NONE,0,0,0,0.00,0,0,0.00,0,0,KRW
2604_다이트_전환캠페인,(재)_대전_인플방문후기_연예인다이어트(플랜비)_260416,1862614549502162,2026-04-21,AGE_35_44,30,6,1,16.67,0,0,0.00,0,6,KRW
2604_다이트_전환캠페인,(재)_대전_인플방문후기_연예인다이어트(플랜비)_260416,1862614549502162,2026-04-21,AGE_45_54,407,13,0,0.00,0,0,0.00,0,12,KRW
2604_다이트_전환캠페인,(재)_대전_인플방문후기_연예인다이어트(플랜비)_260416,1862614549502162,2026-04-21,AGE_55_100,32,3,0,0.00,0,0,0.00,0,3,KRW
2604_다이트_전환캠페인,(재)_대전_인플방문후기_연예인다이어트(플랜비)_260416,1862614549502162,2026-04-21,NONE,3,1,0,0.00,0,0,0.00,0,0,KRW
2604_다이트_전환캠페인,(재)_대전_진료셀프캠_다이어트의적 밥빵면_260407,1861776478109986,2026-04-21,AGE_35_44,7792,474,6,1.27,0,0,0.00,0,427,KRW
2604_다이트_전환캠페인,(재)_대전_진료셀프캠_다이어트의적 밥빵면_260407,1861776478109986,2026-04-21,AGE_45_54,15290,624,6,0.96,0,0,0.00,0,551,KRW
2604_다이트_전환캠페인,(재)_대전_진료셀프캠_다이어트의적 밥빵면_260407,1861776478109986,2026-04-21,AGE_55_100,6426,413,3,0.73,1,6426,33.33,0,366,KRW
2604_다이트_전환캠페인,(재)_대전_진료셀프캠_다이어트의적 밥빵면_260407,1861776478109986,2026-04-21,NONE,20,2,0,0.00,0,0,0.00,0,0,KRW
2604_다이트_전환캠페인,(재)_대전_진료셀프캠_식욕억제주사실패 마지막_260406,1861708051912898,2026-04-21,NONE,0,0,0,0.00,0,0,0.00,0,0,KRW
2604_다이트_전환캠페인,(재)_대전_진료셀프캠_운동안해도되는_260416,1862612373033250,2026-04-21,AGE_35_44,353,33,0,0.00,0,0,0.00,0,33,KRW
2604_다이트_전환캠페인,(재)_대전_진료셀프캠_운동안해도되는_260416,1862612373033250,2026-04-21,AGE_45_54,638,29,0,0.00,0,0,0.00,0,29,KRW
2604_다이트_전환캠페인,(재)_대전_진료셀프캠_운동안해도되는_260416,1862612373033250,2026-04-21,AGE_55_100,414,23,0,0.00,0,0,0.00,0,23,KRW
2604_다이트_전환캠페인,(재)_대전_진료셀프캠_운동안해도되는_260416,1862612373033250,2026-04-21,NONE,0,0,0,0.00,0,0,0.00,0,0,KRW
2604_다이트_전환캠페인,(재)_대전_진료셀프캠_주사형비만치료제 고민끝에 50대부부 -32kg_260225,1861708178989089,2026-04-21,AGE_35_44,11173,791,3,0.38,0,0,0.00,0,739,KRW
2604_다이트_전환캠페인,(재)_대전_진료셀프캠_주사형비만치료제 고민끝에 50대부부 -32kg_260225,1861708178989089,2026-04-21,AGE_45_54,18093,977,3,0.31,0,0,0.00,0,903,KRW
2604_다이트_전환캠페인,(재)_대전_진료셀프캠_주사형비만치료제 고민끝에 50대부부 -32kg_260225,1861708178989089,2026-04-21,AGE_55_100,13644,865,5,0.58,0,0,0.00,0,779,KRW
2604_다이트_전환캠페인,(재)_대전_진료셀프캠_주사형비만치료제 고민끝에 50대부부 -32kg_260225,1861708178989089,2026-04-21,NONE,0,0,0,0.00,0,0,0.00,0,0,KRW
2604_다이트_전환캠페인,(재)_부평_의료진정보_무작정운동으로 팩폭_260406,1861709708534065,2026-04-21,NONE,0,0,0,0.00,0,0,0.00,0,0,KRW
2604_다이트_전환캠페인,(재)_부평_인플방문후기_연예인다이어트(플랜비)_260416,1862613882586418,2026-04-21,AGE_35_44,5030,762,1,0.13,0,0,0.00,0,730,KRW
2604_다이트_전환캠페인,(재)_부평_인플방문후기_연예인다이어트(플랜비)_260416,1862613882586418,2026-04-21,AGE_45_54,4844,676,2,0.30,0,0,0.00,0,642,KRW
2604_다이트_전환캠페인,(재)_부평_인플방문후기_연예인다이어트(플랜비)_260416,1862613882586418,2026-04-21,AGE_55_100,3540,463,2,0.43,0,0,0.00,0,441,KRW
2604_다이트_전환캠페인,(재)_부평_인플방문후기_연예인다이어트(플랜비)_260416,1862613882586418,2026-04-21,NONE,12,4,0,0.00,0,0,0.00,0,0,KRW
2604_다이트_전환캠페인,(재)_부평_진료셀프캠_4050다이어트비밀_260414,1862453369868354,2026-04-21,AGE_35_44,428,140,1,0.71,0,0,0.00,0,139,KRW
2604_다이트_전환캠페인,(재)_부평_진료셀프캠_4050다이어트비밀_260414,1862453369868354,2026-04-21,AGE_45_54,719,135,0,0.00,0,0,0.00,0,132,KRW
2604_다이트_전환캠페인,(재)_부평_진료셀프캠_4050다이어트비밀_260414,1862453369868354,2026-04-21,AGE_55_100,466,113,0,0.00,0,0,0.00,0,111,KRW
2604_다이트_전환캠페인,(재)_부평_진료셀프캠_4050다이어트비밀_260414,1862453369868354,2026-04-21,NONE,0,0,0,0.00,0,0,0.00,0,0,KRW
2604_다이트_전환캠페인,(재)_부평_진료셀프캠_비만주사가놓친것_260414,1862452531926049,2026-04-21,AGE_55_100,0,0,0,0.00,0,0,0.00,0,0,KRW
2604_다이트_전환캠페인,(재)_부평_진료셀프캠_비만주사가놓친것_260414,1862452531926049,2026-04-21,NONE,0,0,0,0.00,0,0,0.00,0,0,KRW
2604_다이트_전환캠페인,(재)_부평_진료셀프캠_식욕억제주사실패 마지막_260407,1861779276638289,2026-04-21,AGE_35_44,38975,3092,11,0.36,0,0,0.00,0,2844,KRW
2604_다이트_전환캠페인,(재)_부평_진료셀프캠_식욕억제주사실패 마지막_260407,1861779276638289,2026-04-21,AGE_45_54,47988,2969,19,0.64,1,47988,5.26,0,2704,KRW
2604_다이트_전환캠페인,(재)_부평_진료셀프캠_식욕억제주사실패 마지막_260407,1861779276638289,2026-04-21,AGE_55_100,22300,1546,9,0.58,4,5575,44.44,0,1390,KRW
2604_다이트_전환캠페인,(재)_부평_진료셀프캠_식욕억제주사실패 마지막_260407,1861779276638289,2026-04-21,NONE,159,9,0,0.00,0,0,0.00,0,0,KRW
2604_다이트_전환캠페인,(재)_부평_진료셀프캠_운동안해도되는_260416,1862612072337410,2026-04-21,AGE_35_44,8853,838,3,0.36,0,0,0.00,0,780,KRW
2604_다이트_전환캠페인,(재)_부평_진료셀프캠_운동안해도되는_260416,1862612072337410,2026-04-21,AGE_45_54,13330,843,2,0.24,1,13330,50.00,0,764,KRW
2604_다이트_전환캠페인,(재)_부평_진료셀프캠_운동안해도되는_260416,1862612072337410,2026-04-21,AGE_55_100,7784,537,2,0.37,0,0,0.00,0,489,KRW
2604_다이트_전환캠페인,(재)_부평_진료셀프캠_주사형비만치료제 고민끝에 50대부부 -32kg_260225,1861276697497633,2026-04-21,NONE,0,0,0,0.00,0,0,0.00,0,0,KRW
2604_다이트_전환캠페인,(재)_서울_인플방문후기_맘껏먹는 다이어트 한달후기_260306,1861276306937889,2026-04-21,AGE_35_44,0,0,0,0.00,0,0,0.00,0,0,KRW
2604_다이트_전환캠페인,(재)_서울_인플방문후기_먹고싶은거다먹는(수원잇츠)_260403,1861438096695922,2026-04-21,NONE,0,0,0,0.00,0,0,0.00,0,0,KRW
2604_다이트_전환캠페인,(재)_서울_인플방문후기_연예인다이어트(플랜비)_260416,1862611925509122,2026-04-21,AGE_35_44,77,16,0,0.00,0,0,0.00,0,16,KRW
2604_다이트_전환캠페인,(재)_서울_인플방문후기_연예인다이어트(플랜비)_260416,1862611925509122,2026-04-21,AGE_45_54,106,23,0,0.00,0,0,0.00,0,23,KRW
2604_다이트_전환캠페인,(재)_서울_인플방문후기_연예인다이어트(플랜비)_260416,1862611925509122,2026-04-21,AGE_55_100,67,17,0,0.00,0,0,0.00,0,17,KRW
2604_다이트_전환캠페인,(재)_서울_인플방문후기_연예인다이어트(플랜비)_260416,1862611925509122,2026-04-21,NONE,4,2,0,0.00,0,0,0.00,0,0,KRW
2603_다이트_전환캠페인,(재)_서울_진료셀프캠_비만주사 10년은 늙어보인대요_260326,1860713002800545,2026-04-21,NONE,0,0,0,0.00,0,0,0.00,0,0,KRW
2604_다이트_전환캠페인,(재)_서울_진료셀프캠_비만주사가놓친것_260414,1862427431553298,2026-04-21,AGE_35_44,40,7,0,0.00,0,0,0.00,0,7,KRW
2604_다이트_전환캠페인,(재)_서울_진료셀프캠_비만주사가놓친것_260414,1862427431553298,2026-04-21,AGE_45_54,65,17,0,0.00,0,0,0.00,0,17,KRW
2604_다이트_전환캠페인,(재)_서울_진료셀프캠_비만주사가놓친것_260414,1862427431553298,2026-04-21,AGE_55_100,116,29,0,0.00,0,0,0.00,0,28,KRW
2604_다이트_전환캠페인,(재)_서울_진료셀프캠_비만주사가놓친것_260414,1862427431553298,2026-04-21,NONE,0,0,0,0.00,0,0,0.00,0,0,KRW
2604_다이트_전환캠페인,(재)_서울_진료셀프캠_식욕억제주사실패 마지막_260407,1861778815720546,2026-04-21,AGE_35_44,15955,1166,10,0.86,0,0,0.00,0,1081,KRW
2604_다이트_전환캠페인,(재)_서울_진료셀프캠_식욕억제주사실패 마지막_260407,1861778815720546,2026-04-21,AGE_45_54,23921,1299,12,0.92,4,5980,33.33,0,1180,KRW
2604_다이트_전환캠페인,(재)_서울_진료셀프캠_식욕억제주사실패 마지막_260407,1861778815720546,2026-04-21,AGE_55_100,8454,684,4,0.58,1,8454,25.00,0,614,KRW
2604_다이트_전환캠페인,(재)_서울_진료셀프캠_식욕억제주사실패 마지막_260407,1861778815720546,2026-04-21,NONE,5,1,0,0.00,0,0,0.00,0,0,KRW
2604_다이트_전환캠페인,(재)_서울_진료셀프캠_운동안해도되는_260416,1862607904464929,2026-04-21,AGE_35_44,2622,183,1,0.55,0,0,0.00,0,174,KRW
2604_다이트_전환캠페인,(재)_서울_진료셀프캠_운동안해도되는_260416,1862607904464929,2026-04-21,AGE_45_54,3859,231,1,0.43,1,3859,100.00,0,220,KRW
2604_다이트_전환캠페인,(재)_서울_진료셀프캠_운동안해도되는_260416,1862607904464929,2026-04-21,AGE_55_100,3039,168,2,1.19,0,0,0.00,0,154,KRW
2604_다이트_전환캠페인,(재)_서울_진료셀프캠_운동안해도되는_260416,1862607904464929,2026-04-21,NONE,74,1,0,0.00,0,0,0.00,0,0,KRW
2604_다이트_전환캠페인,(재)_서울_진료셀프캠_의사가권하지않는4050_260414,1862453122462113,2026-04-21,AGE_35_44,187,49,0,0.00,0,0,0.00,0,48,KRW
2604_다이트_전환캠페인,(재)_서울_진료셀프캠_의사가권하지않는4050_260414,1862453122462113,2026-04-21,AGE_45_54,300,71,0,0.00,0,0,0.00,0,66,KRW
2604_다이트_전환캠페인,(재)_서울_진료셀프캠_의사가권하지않는4050_260414,1862453122462113,2026-04-21,AGE_55_100,465,106,0,0.00,0,0,0.00,0,101,KRW
2604_다이트_전환캠페인,(재)_서울_진료셀프캠_의사가권하지않는4050_260414,1862453122462113,2026-04-21,NONE,0,0,0,0.00,0,0,0.00,0,0,KRW
2604_다이트_전환캠페인,(재)_서울_진료셀프캠_주사형비만치료제 고민끝에 50대부부 -32kg_260225,1861276155386962,2026-04-21,AGE_35_44,3431,331,2,0.60,0,0,0.00,0,324,KRW
2604_다이트_전환캠페인,(재)_서울_진료셀프캠_주사형비만치료제 고민끝에 50대부부 -32kg_260225,1861276155386962,2026-04-21,AGE_45_54,8777,607,9,1.48,0,0,0.00,0,586,KRW
2604_다이트_전환캠페인,(재)_서울_진료셀프캠_주사형비만치료제 고민끝에 50대부부 -32kg_260225,1861276155386962,2026-04-21,AGE_55_100,9942,607,5,0.82,1,9942,20.00,0,580,KRW
2604_다이트_전환캠페인,(재)_서울_진료셀프캠_주사형비만치료제 고민끝에 50대부부 -32kg_260225,1861276155386962,2026-04-21,NONE,0,0,0,0.00,0,0,0.00,0,0,KRW
2603_다이트_전환캠페인,(재)_서울_진료셀프캠_주사형비만치료제 고민끝에 50대부부 -32kg_260225,1859357641001154,2026-04-21,NONE,0,0,0,0.00,0,0,0.00,0,0,KRW
2604_다이트_전환캠페인,(재)_수원_의료진정보_4050나잇살 이유는 여기에_260410,1862064207732210,2026-04-21,AGE_25_34,841,240,0,0.00,0,0,0.00,0,227,KRW
2604_다이트_전환캠페인,(재)_수원_의료진정보_4050나잇살 이유는 여기에_260410,1862064207732210,2026-04-21,AGE_35_44,721,124,0,0.00,0,0,0.00,0,120,KRW
2604_다이트_전환캠페인,(재)_수원_의료진정보_4050나잇살 이유는 여기에_260410,1862064207732210,2026-04-21,AGE_45_54,867,148,0,0.00,0,0,0.00,0,137,KRW
2604_다이트_전환캠페인,(재)_수원_의료진정보_4050나잇살 이유는 여기에_260410,1862064207732210,2026-04-21,AGE_55_100,498,136,1,0.74,0,0,0.00,0,123,KRW
2604_다이트_전환캠페인,(재)_수원_의료진정보_4050나잇살 이유는 여기에_260410,1862064207732210,2026-04-21,NONE,0,0,0,0.00,0,0,0.00,0,0,KRW
2604_다이트_전환캠페인,(재)_수원_의료진정보_무작정운동으로 팩폭_260406,1861709615890674,2026-04-21,NONE,0,0,0,0.00,0,0,0.00,0,0,KRW
2603_다이트_전환캠페인,"(재)_수원_인플방문후기_건강한다이어트(수원,박고경)_260325",1860614554255474,2026-04-21,NONE,0,0,0,0.00,0,0,0.00,0,0,KRW
2604_다이트_전환캠페인,"(재)_수원_인플방문후기_건강한다이어트(수원,박고경)_260325",1861277190081841,2026-04-21,NONE,0,0,0,0.00,0,0,0.00,0,0,KRW
2604_다이트_전환캠페인,(재)_수원_인플방문후기_먹고싶은거다먹는(수원잇츠)_260403,1861437972025618,2026-04-21,NONE,0,0,0,0.00,0,0,0.00,0,0,KRW
2604_다이트_전환캠페인,(재)_수원_인플방문후기_연예인다이어트(플랜비)_260416,1862613961447426,2026-04-21,AGE_25_34,709,213,0,0.00,0,0,0.00,0,212,KRW
2604_다이트_전환캠페인,(재)_수원_인플방문후기_연예인다이어트(플랜비)_260416,1862613961447426,2026-04-21,AGE_35_44,979,119,0,0.00,0,0,0.00,0,118,KRW
2604_다이트_전환캠페인,(재)_수원_인플방문후기_연예인다이어트(플랜비)_260416,1862613961447426,2026-04-21,AGE_45_54,941,114,1,0.88,0,0,0.00,0,114,KRW
2604_다이트_전환캠페인,(재)_수원_인플방문후기_연예인다이어트(플랜비)_260416,1862613961447426,2026-04-21,AGE_55_100,333,63,0,0.00,0,0,0.00,0,63,KRW
2604_다이트_전환캠페인,(재)_수원_인플방문후기_연예인다이어트(플랜비)_260416,1862613961447426,2026-04-21,NONE,9,4,0,0.00,0,0,0.00,0,0,KRW
2603_다이트_전환캠페인,(재)_수원_진료셀프캠_비만주사끊고15kg_260326,1860713698941138,2026-04-21,NONE,0,0,0,0.00,0,0,0.00,0,0,KRW
2603_다이트_전환캠페인,(재)_수원_진료셀프캠_비만주사없이 체질_260320,1860263832597618,2026-04-21,NONE,0,0,0,0.00,0,0,0.00,0,0,KRW
2604_다이트_전환캠페인,(재)_수원_진료셀프캠_식욕억제주사실패 마지막_260407,1861779341060274,2026-04-21,AGE_25_34,8793,859,4,0.47,0,0,0.00,0,780,KRW
2604_다이트_전환캠페인,(재)_수원_진료셀프캠_식욕억제주사실패 마지막_260407,1861779341060274,2026-04-21,AGE_35_44,18288,1362,4,0.29,0,0,0.00,0,1247,KRW
2604_다이트_전환캠페인,(재)_수원_진료셀프캠_식욕억제주사실패 마지막_260407,1861779341060274,2026-04-21,AGE_45_54,26960,1575,9,0.57,0,0,0.00,0,1415,KRW
2604_다이트_전환캠페인,(재)_수원_진료셀프캠_식욕억제주사실패 마지막_260407,1861779341060274,2026-04-21,AGE_55_100,15522,839,1,0.12,0,0,0.00,0,736,KRW
2604_다이트_전환캠페인,(재)_수원_진료셀프캠_식욕억제주사실패 마지막_260407,1861779341060274,2026-04-21,NONE,11,4,0,0.00,0,0,0.00,0,0,KRW
2604_다이트_전환캠페인,(재)_수원_진료셀프캠_운동안해도되는_260416,1862612144893169,2026-04-21,AGE_25_34,5681,623,3,0.48,0,0,0.00,0,563,KRW
2604_다이트_전환캠페인,(재)_수원_진료셀프캠_운동안해도되는_260416,1862612144893169,2026-04-21,AGE_35_44,12272,931,8,0.86,0,0,0.00,0,796,KRW
2604_다이트_전환캠페인,(재)_수원_진료셀프캠_운동안해도되는_260416,1862612144893169,2026-04-21,AGE_45_54,16564,1129,7,0.62,0,0,0.00,0,977,KRW
2604_다이트_전환캠페인,(재)_수원_진료셀프캠_운동안해도되는_260416,1862612144893169,2026-04-21,AGE_55_100,12391,596,5,0.84,0,0,0.00,0,504,KRW
2604_다이트_전환캠페인,(재)_수원_진료셀프캠_운동안해도되는_260416,1862612144893169,2026-04-21,NONE,6,1,0,0.00,0,0,0.00,0,0,KRW
2604_다이트_전환캠페인,(재)_수원_진료셀프캠_의사가권하지않는4050_260414,1862453880112178,2026-04-21,AGE_45_54,0,0,0,0.00,0,0,0.00,0,0,KRW
2604_다이트_전환캠페인,(재)_수원_진료셀프캠_의사가권하지않는4050_260414,1862453880112178,2026-04-21,AGE_55_100,0,0,0,0.00,0,0,0.00,0,0,KRW
2604_다이트_전환캠페인,(재)_수원_진료셀프캠_의사가권하지않는4050_260414,1862453880112178,2026-04-21,NONE,0,0,0,0.00,0,0,0.00,0,0,KRW
2604_다이트_전환캠페인,(재)_일산_의료진정보_무작정운동으로 팩폭_260406,1861709552021505,2026-04-21,NONE,0,0,0,0.00,0,0,0.00,0,0,KRW
2604_다이트_전환캠페인,(재)_일산_인플방문후기_맘껏먹는 다이어트 한달후기_260306,1861277479159890,2026-04-21,AGE_35_44,3084,430,0,0.00,0,0,0.00,0,424,KRW
2604_다이트_전환캠페인,(재)_일산_인플방문후기_맘껏먹는 다이어트 한달후기_260306,1861277479159890,2026-04-21,AGE_45_54,2803,309,2,0.65,0,0,0.00,0,303,KRW
2604_다이트_전환캠페인,(재)_일산_인플방문후기_맘껏먹는 다이어트 한달후기_260306,1861277479159890,2026-04-21,AGE_55_100,1410,186,0,0.00,0,0,0.00,0,185,KRW
2604_다이트_전환캠페인,(재)_일산_인플방문후기_맘껏먹는 다이어트 한달후기_260306,1861277479159890,2026-04-21,NONE,1,1,0,0.00,0,0,0.00,0,0,KRW
2604_다이트_전환캠페인,(재)_일산_인플방문후기_먹고싶은거다먹는(수원잇츠)_260403,1861437881987106,2026-04-21,AGE_35_44,472,73,1,1.37,0,0,0.00,0,69,KRW
2604_다이트_전환캠페인,(재)_일산_인플방문후기_먹고싶은거다먹는(수원잇츠)_260403,1861437881987106,2026-04-21,AGE_45_54,524,65,0,0.00,0,0,0.00,0,63,KRW
2604_다이트_전환캠페인,(재)_일산_인플방문후기_먹고싶은거다먹는(수원잇츠)_260403,1861437881987106,2026-04-21,AGE_55_100,303,49,0,0.00,0,0,0.00,0,49,KRW
2604_다이트_전환캠페인,(재)_일산_인플방문후기_먹고싶은거다먹는(수원잇츠)_260403,1861437881987106,2026-04-21,NONE,0,0,0,0.00,0,0,0.00,0,0,KRW
2604_다이트_전환캠페인,(재)_일산_인플방문후기_연예인다이어트(일산 플랜비)_260416,1862614105575633,2026-04-21,AGE_35_44,3184,787,3,0.38,0,0,0.00,0,768,KRW
2604_다이트_전환캠페인,(재)_일산_인플방문후기_연예인다이어트(일산 플랜비)_260416,1862614105575633,2026-04-21,AGE_45_54,3210,700,2,0.29,0,0,0.00,0,686,KRW
2604_다이트_전환캠페인,(재)_일산_인플방문후기_연예인다이어트(일산 플랜비)_260416,1862614105575633,2026-04-21,AGE_55_100,2483,675,1,0.15,0,0,0.00,0,656,KRW
2604_다이트_전환캠페인,(재)_일산_인플방문후기_연예인다이어트(일산 플랜비)_260416,1862614105575633,2026-04-21,NONE,4,2,0,0.00,0,0,0.00,0,0,KRW
2604_다이트_전환캠페인,(재)_일산_진료셀프캠_비만주사 10년은 늙어보인대요_260326,1861277619225650,2026-04-21,NONE,0,0,0,0.00,0,0,0.00,0,0,KRW
2604_다이트_전환캠페인,(재)_일산_진료셀프캠_비만주사가놓친것_260414,1862452684235121,2026-04-21,AGE_35_44,29,7,0,0.00,0,0,0.00,0,7,KRW
2604_다이트_전환캠페인,(재)_일산_진료셀프캠_비만주사가놓친것_260414,1862452684235121,2026-04-21,AGE_45_54,55,6,0,0.00,0,0,0.00,0,6,KRW
2604_다이트_전환캠페인,(재)_일산_진료셀프캠_비만주사가놓친것_260414,1862452684235121,2026-04-21,AGE_55_100,6,4,0,0.00,0,0,0.00,0,4,KRW
2604_다이트_전환캠페인,(재)_일산_진료셀프캠_비만주사가놓친것_260414,1862452684235121,2026-04-21,NONE,0,0,0,0.00,0,0,0.00,0,0,KRW
2604_다이트_전환캠페인,(재)_일산_진료셀프캠_식욕억제주사실패 마지막_260407,1861779422527666,2026-04-21,AGE_35_44,12476,1175,4,0.34,0,0,0.00,0,1142,KRW
2604_다이트_전환캠페인,(재)_일산_진료셀프캠_식욕억제주사실패 마지막_260407,1861779422527666,2026-04-21,AGE_45_54,18237,1238,16,1.29,2,9118,12.50,0,1175,KRW
2604_다이트_전환캠페인,(재)_일산_진료셀프캠_식욕억제주사실패 마지막_260407,1861779422527666,2026-04-21,AGE_55_100,10310,631,11,1.74,0,0,0.00,0,609,KRW
2604_다이트_전환캠페인,(재)_일산_진료셀프캠_식욕억제주사실패 마지막_260407,1861779422527666,2026-04-21,NONE,10,2,0,0.00,0,0,0.00,0,0,KRW
2604_다이트_전환캠페인,(재)_일산_진료셀프캠_운동안해도되는_260416,1862612254235649,2026-04-21,AGE_35_44,3075,495,2,0.40,0,0,0.00,0,486,KRW
2604_다이트_전환캠페인,(재)_일산_진료셀프캠_운동안해도되는_260416,1862612254235649,2026-04-21,AGE_45_54,3075,398,1,0.25,0,0,0.00,0,389,KRW
2604_다이트_전환캠페인,(재)_일산_진료셀프캠_운동안해도되는_260416,1862612254235649,2026-04-21,AGE_55_100,1356,264,1,0.38,0,0,0.00,0,262,KRW
2604_다이트_전환캠페인,(재)_일산_진료셀프캠_운동안해도되는_260416,1862612254235649,2026-04-21,NONE,11,3,0,0.00,0,0,0.00,0,0,KRW
2603_다이트_전환캠페인,(재)_일산_진료셀프캠_주사형비만치료제 고민끝에 40대부부 -32kg_260225,1858358889558481,2026-04-21,NONE,0,0,0,0.00,0,0,0.00,0,0,KRW
2604_다이트_전환캠페인,(재)_창원_의료진정보_무작정운동으로 팩폭_260406,1861709359069201,2026-04-21,NONE,0,0,0,0.00,0,0,0.00,0,0,KRW
2604_다이트_전환캠페인,"(재)_창원_인플방문후기_건강한다이어트(창원,박고경)_260325",1861278731680866,2026-04-21,NONE,0,0,0,0.00,0,0,0.00,0,0,KRW
2604_다이트_전환캠페인,(재)_창원_인플방문후기_먹고싶은거다먹는(수원잇츠)_260403,1861437705571345,2026-04-21,AGE_35_44,3905,1005,0,0.00,0,0,0.00,0,958,KRW
2604_다이트_전환캠페인,(재)_창원_인플방문후기_먹고싶은거다먹는(수원잇츠)_260403,1861437705571345,2026-04-21,AGE_45_54,4479,929,0,0.00,0,0,0.00,0,871,KRW
2604_다이트_전환캠페인,(재)_창원_인플방문후기_먹고싶은거다먹는(수원잇츠)_260403,1861437705571345,2026-04-21,AGE_55_100,2911,693,2,0.29,0,0,0.00,0,641,KRW
2604_다이트_전환캠페인,(재)_창원_인플방문후기_먹고싶은거다먹는(수원잇츠)_260403,1861437705571345,2026-04-21,NONE,8,1,0,0.00,0,0,0.00,0,0,KRW
2604_다이트_전환캠페인,(재)_창원_인플방문후기_연예인다이어트(플랜비)_260416,1862614349846529,2026-04-21,AGE_35_44,1334,167,1,0.60,0,0,0.00,0,165,KRW
2604_다이트_전환캠페인,(재)_창원_인플방문후기_연예인다이어트(플랜비)_260416,1862614349846529,2026-04-21,AGE_45_54,1643,191,0,0.00,0,0,0.00,0,187,KRW
2604_다이트_전환캠페인,(재)_창원_인플방문후기_연예인다이어트(플랜비)_260416,1862614349846529,2026-04-21,AGE_55_100,1152,112,1,0.89,0,0,0.00,0,110,KRW
2604_다이트_전환캠페인,(재)_창원_인플방문후기_연예인다이어트(플랜비)_260416,1862614349846529,2026-04-21,NONE,0,0,0,0.00,0,0,0.00,0,0,KRW
2604_다이트_전환캠페인,(재)_창원_진료셀프캠_비만주사가놓친것_260414,1862452830171329,2026-04-21,AGE_35_44,329,71,0,0.00,0,0,0.00,0,71,KRW
2604_다이트_전환캠페인,(재)_창원_진료셀프캠_비만주사가놓친것_260414,1862452830171329,2026-04-21,AGE_45_54,559,88,0,0.00,0,0,0.00,0,87,KRW
2604_다이트_전환캠페인,(재)_창원_진료셀프캠_비만주사가놓친것_260414,1862452830171329,2026-04-21,AGE_55_100,397,61,1,1.64,0,0,0.00,0,58,KRW
2604_다이트_전환캠페인,(재)_창원_진료셀프캠_비만주사가놓친것_260414,1862452830171329,2026-04-21,NONE,0,0,0,0.00,0,0,0.00,0,0,KRW
2603_다이트_전환캠페인,(재)_창원_진료셀프캠_비만주사없이 체질_260320,1860171178598945,2026-04-21,NONE,0,0,0,0.00,0,0,0.00,0,0,KRW
2604_다이트_전환캠페인,(재)_창원_진료셀프캠_식욕억제주사실패 마지막_260407,1861779402873057,2026-04-21,AGE_35_44,30210,2677,9,0.34,0,0,0.00,0,2356,KRW
2604_다이트_전환캠페인,(재)_창원_진료셀프캠_식욕억제주사실패 마지막_260407,1861779402873057,2026-04-21,AGE_45_54,52964,3396,17,0.50,0,0,0.00,0,2890,KRW
2604_다이트_전환캠페인,(재)_창원_진료셀프캠_식욕억제주사실패 마지막_260407,1861779402873057,2026-04-21,AGE_55_100,32218,1906,15,0.79,2,16109,13.33,0,1609,KRW
2604_다이트_전환캠페인,(재)_창원_진료셀프캠_식욕억제주사실패 마지막_260407,1861779402873057,2026-04-21,NONE,92,8,1,12.50,0,0,0.00,0,0,KRW
2604_다이트_전환캠페인,(재)_창원_진료셀프캠_운동안해도되는_260416,1862612192812097,2026-04-21,AGE_35_44,10430,1222,5,0.41,1,10430,20.00,0,1086,KRW
2604_다이트_전환캠페인,(재)_창원_진료셀프캠_운동안해도되는_260416,1862612192812097,2026-04-21,AGE_45_54,21751,1574,13,0.83,0,0,0.00,0,1359,KRW
2604_다이트_전환캠페인,(재)_창원_진료셀프캠_운동안해도되는_260416,1862612192812097,2026-04-21,AGE_55_100,13308,1060,5,0.47,0,0,0.00,0,910,KRW
2604_다이트_전환캠페인,(재)_창원_진료셀프캠_운동안해도되는_260416,1862612192812097,2026-04-21,NONE,7,1,0,0.00,0,0,0.00,0,0,KRW
2604_다이트_전환캠페인,(재)_창원_진료셀프캠_주사형비만치료제 고민끝에 50대부부 -32kg_260225,1861278292523041,2026-04-21,NONE,0,0,0,0.00,0,0,0.00,0,0,KRW
2603_다이트_전환캠페인,(재)_창원_진료셀프캠_주사형비만치료제 고민끝에 50대부부 -32kg_260225,1860546141013361,2026-04-21,NONE,0,0,0,0.00,0,0,0.00,0,0,KRW
2603_다이트_전환캠페인,(재)_창원_진료셀프캠_창원 다이어트 성지_260309,1860542105384290,2026-04-21,NONE,0,0,0,0.00,0,0,0.00,0,0,KRW
2603_다이트_전환캠페인,(재)_천안_의료진정보_비만주사 굶는다이어트_260320,1860263432482913,2026-04-21,NONE,0,0,0,0.00,0,0,0.00,0,0,KRW
2604_다이트_전환캠페인,"(재)_천안_인플방문후기_건강한다이어트(천안, 박고경)_260325",1861278985311585,2026-04-21,AGE_35_44,972,88,1,1.14,0,0,0.00,0,86,KRW
2604_다이트_전환캠페인,"(재)_천안_인플방문후기_건강한다이어트(천안, 박고경)_260325",1861278985311585,2026-04-21,AGE_45_54,645,48,0,0.00,0,0,0.00,0,46,KRW
2604_다이트_전환캠페인,"(재)_천안_인플방문후기_건강한다이어트(천안, 박고경)_260325",1861278985311585,2026-04-21,AGE_55_100,153,33,1,3.03,0,0,0.00,0,32,KRW
2603_다이트_전환캠페인,"(재)_천안_인플방문후기_건강한다이어트(천안, 박고경)_260325",1860615057904689,2026-04-21,NONE,0,0,0,0.00,0,0,0.00,0,0,KRW
2604_다이트_전환캠페인,(재)_천안_인플방문후기_먹고싶은거다먹는(수원잇츠)_260403,1861433575335186,2026-04-21,NONE,0,0,0,0.00,0,0,0.00,0,0,KRW
2604_다이트_전환캠페인,(재)_천안_인플방문후기_연예인다이어트(플랜비)_260416,1862614438420609,2026-04-21,AGE_35_44,182,28,1,3.57,0,0,0.00,0,28,KRW
2604_다이트_전환캠페인,(재)_천안_인플방문후기_연예인다이어트(플랜비)_260416,1862614438420609,2026-04-21,AGE_45_54,256,16,0,0.00,0,0,0.00,0,16,KRW
2604_다이트_전환캠페인,(재)_천안_인플방문후기_연예인다이어트(플랜비)_260416,1862614438420609,2026-04-21,AGE_55_100,131,11,0,0.00,0,0,0.00,0,10,KRW
2603_다이트_전환캠페인,(재)_천안_진료QnA_지긋지긋 40대 뱃살 고생없이_260309,1859177225163890,2026-04-21,NONE,0,0,0,0.00,0,0,0.00,0,0,KRW
2604_다이트_전환캠페인,(재)_천안_진료셀프캠_비만주사가놓친것_260414,1862452895498482,2026-04-21,AGE_35_44,115,29,0,0.00,0,0,0.00,0,29,KRW
2604_다이트_전환캠페인,(재)_천안_진료셀프캠_비만주사가놓친것_260414,1862452895498482,2026-04-21,AGE_45_54,224,24,0,0.00,0,0,0.00,0,24,KRW
2604_다이트_전환캠페인,(재)_천안_진료셀프캠_비만주사가놓친것_260414,1862452895498482,2026-04-21,AGE_55_100,29,9,0,0.00,0,0,0.00,0,9,KRW
2604_다이트_전환캠페인,(재)_천안_진료셀프캠_비만주사가놓친것_260414,1862452895498482,2026-04-21,NONE,0,0,0,0.00,0,0,0.00,0,0,KRW
2603_다이트_전환캠페인,(재)_천안_진료셀프캠_비만주사끊고15kg_260326,1860714711311361,2026-04-21,NONE,0,0,0,0.00,0,0,0.00,0,0,KRW
2604_다이트_전환캠페인,(재)_천안_진료셀프캠_식욕억제주사실패 마지막_260407,1861779883450610,2026-04-21,NONE,0,0,0,0.00,0,0,0.00,0,0,KRW
2604_다이트_전환캠페인,(재)_천안_진료셀프캠_운동안해도되는_260416,1862612464960546,2026-04-21,AGE_35_44,4548,428,1,0.23,0,0,0.00,0,396,KRW
2604_다이트_전환캠페인,(재)_천안_진료셀프캠_운동안해도되는_260416,1862612464960546,2026-04-21,AGE_45_54,5212,388,4,1.03,0,0,0.00,0,358,KRW
2604_다이트_전환캠페인,(재)_천안_진료셀프캠_운동안해도되는_260416,1862612464960546,2026-04-21,AGE_55_100,2769,197,3,1.52,0,0,0.00,0,174,KRW
2604_다이트_전환캠페인,(재)_천안_진료셀프캠_운동안해도되는_260416,1862612464960546,2026-04-21,NONE,2,1,0,0.00,0,0,0.00,0,0,KRW
2604_다이트_전환캠페인,(재)_천안_진료셀프캠_주사형비만치료제 고민끝에 50대부부 -32kg_260225,1861968142031009,2026-04-21,NONE,0,0,0,0.00,0,0,0.00,0,0,KRW
2603_다이트_전환캠페인,(신)_대구_의료진정보_주사형비만치료제 10년은_260116,1861074750911650,2026-04-22,NONE,0,0,0,0.00,0,0,0.00,0,0,KRW
2604_다이트_전환캠페인,(신)_대구_인플방문후기_먹으면서 다이어트(대읽남)_251017,1861277850752146,2026-04-22,NONE,0,0,0,0.00,0,0,0.00,0,0,KRW
2603_다이트_전환캠페인,(신)_대구_인플방문후기_먹으면서 다이어트(대읽남)_251017,1858362316758178,2026-04-22,NONE,0,0,0,0.00,0,0,0.00,0,0,KRW
2604_다이트_전환캠페인,(신)_대구_인플방문후기_밥빵면안당기는원장님(itsmeyuriwon)_260407,1861796218051601,2026-04-22,AGE_35_44,870,95,2,2.11,0,0,0.00,0,93,KRW
2604_다이트_전환캠페인,(신)_대구_인플방문후기_밥빵면안당기는원장님(itsmeyuriwon)_260407,1861796218051601,2026-04-22,AGE_45_54,1724,109,2,1.83,0,0,0.00,0,109,KRW
2604_다이트_전환캠페인,(신)_대구_인플방문후기_밥빵면안당기는원장님(itsmeyuriwon)_260407,1861796218051601,2026-04-22,AGE_55_100,360,63,0,0.00,0,0,0.00,0,61,KRW
2604_다이트_전환캠페인,(신)_대구_인플방문후기_밥빵면안당기는원장님(itsmeyuriwon)_260407,1861796218051601,2026-04-22,NONE,43,3,0,0.00,0,0,0.00,0,0,KRW
2604_다이트_전환캠페인,(신)_대구_인플방문후기_주사형비만치료제(the.hyunniverse)_260403,1861968872286353,2026-04-22,NONE,0,0,0,0.00,0,0,0.00,0,0,KRW
2604_다이트_전환캠페인,(신)_대전_인플방문후기_밥빵면안당기는원장님(itsmeyuriwon)_260407,1861796462367905,2026-04-22,AGE_35_44,1525,217,0,0.00,0,0,0.00,0,210,KRW
2604_다이트_전환캠페인,(신)_대전_인플방문후기_밥빵면안당기는원장님(itsmeyuriwon)_260407,1861796462367905,2026-04-22,AGE_45_54,2277,169,0,0.00,0,0,0.00,0,161,KRW
2604_다이트_전환캠페인,(신)_대전_인플방문후기_밥빵면안당기는원장님(itsmeyuriwon)_260407,1861796462367905,2026-04-22,AGE_55_100,1465,109,1,0.92,0,0,0.00,0,106,KRW
2604_다이트_전환캠페인,(신)_대전_인플방문후기_밥빵면안당기는원장님(itsmeyuriwon)_260407,1861796462367905,2026-04-22,NONE,48,9,0,0.00,0,0,0.00,0,0,KRW
2604_다이트_전환캠페인,(신)_대전_인플방문후기_주사형비만치료제(the.hyunniverse)_260403,1861968952635729,2026-04-22,AGE_35_44,1487,351,1,0.28,0,0,0.00,0,334,KRW
2604_다이트_전환캠페인,(신)_대전_인플방문후기_주사형비만치료제(the.hyunniverse)_260403,1861968952635729,2026-04-22,AGE_45_54,3293,393,2,0.51,0,0,0.00,0,364,KRW
2604_다이트_전환캠페인,(신)_대전_인플방문후기_주사형비만치료제(the.hyunniverse)_260403,1861968952635729,2026-04-22,AGE_55_100,1664,274,0,0.00,0,0,0.00,0,260,KRW
2604_다이트_전환캠페인,(신)_대전_인플방문후기_주사형비만치료제(the.hyunniverse)_260403,1861968952635729,2026-04-22,NONE,221,25,1,4.00,0,0,0.00,0,0,KRW
2603_다이트_전환캠페인,(신)_부평_의료진정보_주사형비만치료제 10년은_260116,1860716092390562,2026-04-22,NONE,0,0,0,0.00,0,0,0.00,0,0,KRW
2604_다이트_전환캠페인,(신)_부평_인플방문후기_건강한다이어트(박고경)_260324,1861276881397074,2026-04-22,NONE,0,0,0,0.00,0,0,0.00,0,0,KRW
2603_다이트_전환캠페인,(신)_부평_인플방문후기_건강한다이어트(박고경)_260324,1860541278478465,2026-04-22,NONE,0,0,0,0.00,0,0,0.00,0,0,KRW
2604_다이트_전환캠페인,(신)_부평_인플방문후기_밥빵면안당기는원장님(itsmeyuriwon)_260407,1861795578227042,2026-04-22,AGE_35_44,9958,1481,5,0.34,0,0,0.00,0,1431,KRW
2604_다이트_전환캠페인,(신)_부평_인플방문후기_밥빵면안당기는원장님(itsmeyuriwon)_260407,1861795578227042,2026-04-22,AGE_45_54,7964,1058,3,0.28,0,0,0.00,0,1022,KRW
2604_다이트_전환캠페인,(신)_부평_인플방문후기_밥빵면안당기는원장님(itsmeyuriwon)_260407,1861795578227042,2026-04-22,AGE_55_100,3818,757,4,0.53,0,0,0.00,0,730,KRW
2604_다이트_전환캠페인,(신)_부평_인플방문후기_밥빵면안당기는원장님(itsmeyuriwon)_260407,1861795578227042,2026-04-22,NONE,363,79,2,2.53,0,0,0.00,0,0,KRW
2604_다이트_전환캠페인,(신)_부평_인플방문후기_주사형비만치료제(the.hyunniverse)_260403,1861968247570690,2026-04-22,AGE_35_44,12927,2587,9,0.35,0,0,0.00,0,2488,KRW
2604_다이트_전환캠페인,(신)_부평_인플방문후기_주사형비만치료제(the.hyunniverse)_260403,1861968247570690,2026-04-22,AGE_45_54,12773,2008,1,0.05,0,0,0.00,0,1927,KRW
2604_다이트_전환캠페인,(신)_부평_인플방문후기_주사형비만치료제(the.hyunniverse)_260403,1861968247570690,2026-04-22,AGE_55_100,8577,1425,5,0.35,1,8577,20.00,0,1367,KRW
2604_다이트_전환캠페인,(신)_부평_인플방문후기_주사형비만치료제(the.hyunniverse)_260403,1861968247570690,2026-04-22,NONE,533,215,3,1.40,0,0,0.00,0,0,KRW
2604_다이트_전환캠페인,(신)_서울_인플방문후기_밥빵면안당기는원장님(itsmeyuriwon)_260407,1861792943047986,2026-04-22,AGE_35_44,1024,88,0,0.00,0,0,0.00,0,82,KRW
2604_다이트_전환캠페인,(신)_서울_인플방문후기_밥빵면안당기는원장님(itsmeyuriwon)_260407,1861792943047986,2026-04-22,AGE_45_54,1529,64,1,1.56,0,0,0.00,0,63,KRW
2604_다이트_전환캠페인,(신)_서울_인플방문후기_밥빵면안당기는원장님(itsmeyuriwon)_260407,1861792943047986,2026-04-22,AGE_55_100,326,38,1,2.63,0,0,0.00,0,37,KRW
2604_다이트_전환캠페인,(신)_서울_인플방문후기_밥빵면안당기는원장님(itsmeyuriwon)_260407,1861792943047986,2026-04-22,NONE,19,3,0,0.00,0,0,0.00,0,0,KRW
2604_다이트_전환캠페인,(신)_서울_인플방문후기_주사형비만치료제(the.hyunniverse)_260403,1861968379365409,2026-04-22,AGE_35_44,936,103,0,0.00,0,0,0.00,0,98,KRW
2604_다이트_전환캠페인,(신)_서울_인플방문후기_주사형비만치료제(the.hyunniverse)_260403,1861968379365409,2026-04-22,AGE_45_54,2092,119,2,1.68,0,0,0.00,0,106,KRW
2604_다이트_전환캠페인,(신)_서울_인플방문후기_주사형비만치료제(the.hyunniverse)_260403,1861968379365409,2026-04-22,AGE_55_100,878,112,1,0.89,0,0,0.00,0,106,KRW
2604_다이트_전환캠페인,(신)_서울_인플방문후기_주사형비만치료제(the.hyunniverse)_260403,1861968379365409,2026-04-22,NONE,160,4,0,0.00,0,0,0.00,0,0,KRW
2604_다이트_전환캠페인,(신)_수원_인플방문후기_밥빵면안당기는원장님(itsmeyuriwon)_260407,1861796026692689,2026-04-22,AGE_25_34,3681,995,2,0.20,0,0,0.00,0,971,KRW
2604_다이트_전환캠페인,(신)_수원_인플방문후기_밥빵면안당기는원장님(itsmeyuriwon)_260407,1861796026692689,2026-04-22,AGE_35_44,4729,550,4,0.73,0,0,0.00,0,535,KRW
2604_다이트_전환캠페인,(신)_수원_인플방문후기_밥빵면안당기는원장님(itsmeyuriwon)_260407,1861796026692689,2026-04-22,AGE_45_54,4341,439,3,0.68,0,0,0.00,0,416,KRW
2604_다이트_전환캠페인,(신)_수원_인플방문후기_밥빵면안당기는원장님(itsmeyuriwon)_260407,1861796026692689,2026-04-22,AGE_55_100,2050,237,1,0.42,0,0,0.00,0,233,KRW
2604_다이트_전환캠페인,(신)_수원_인플방문후기_밥빵면안당기는원장님(itsmeyuriwon)_260407,1861796026692689,2026-04-22,NONE,174,21,0,0.00,0,0,0.00,0,0,KRW
2604_다이트_전환캠페인,(신)_수원_인플방문후기_주사형비만치료제(the.hyunniverse)_260403,1861426333950193,2026-04-22,AGE_25_34,3679,1419,2,0.14,0,0,0.00,0,1370,KRW
2604_다이트_전환캠페인,(신)_수원_인플방문후기_주사형비만치료제(the.hyunniverse)_260403,1861426333950193,2026-04-22,AGE_35_44,4860,1009,4,0.40,0,0,0.00,0,953,KRW
2604_다이트_전환캠페인,(신)_수원_인플방문후기_주사형비만치료제(the.hyunniverse)_260403,1861426333950193,2026-04-22,AGE_45_54,8245,928,0,0.00,0,0,0.00,0,858,KRW
2604_다이트_전환캠페인,(신)_수원_인플방문후기_주사형비만치료제(the.hyunniverse)_260403,1861426333950193,2026-04-22,AGE_55_100,3682,695,4,0.58,0,0,0.00,0,633,KRW
2604_다이트_전환캠페인,(신)_수원_인플방문후기_주사형비만치료제(the.hyunniverse)_260403,1861426333950193,2026-04-22,NONE,396,64,1,1.56,0,0,0.00,0,0,KRW
2604_다이트_전환캠페인,(신)_일산_인플방문후기_주사형비만치료제(the.hyunniverse)_260403,1861968797915602,2026-04-22,AGE_35_44,2683,736,0,0.00,0,0,0.00,0,728,KRW
2604_다이트_전환캠페인,(신)_일산_인플방문후기_주사형비만치료제(the.hyunniverse)_260403,1861968797915602,2026-04-22,AGE_45_54,2759,634,2,0.32,0,0,0.00,0,628,KRW
2604_다이트_전환캠페인,(신)_일산_인플방문후기_주사형비만치료제(the.hyunniverse)_260403,1861968797915602,2026-04-22,AGE_55_100,2303,523,1,0.19,1,2303,100.00,0,518,KRW
2604_다이트_전환캠페인,(신)_일산_인플방문후기_주사형비만치료제(the.hyunniverse)_260403,1861968797915602,2026-04-22,NONE,217,52,0,0.00,0,0,0.00,0,0,KRW
2603_다이트_전환캠페인,(신)_창원_의료진정보_주사형비만치료제 10년은_260116,1861074964856914,2026-04-22,NONE,0,0,0,0.00,0,0,0.00,0,0,KRW
2604_다이트_전환캠페인,(신)_창원_인플방문후기_밥빵면안당기는원장님(itsmeyuriwon)_260407,1861796302859538,2026-04-22,AGE_35_44,8337,1244,1,0.08,0,0,0.00,0,1123,KRW
2604_다이트_전환캠페인,(신)_창원_인플방문후기_밥빵면안당기는원장님(itsmeyuriwon)_260407,1861796302859538,2026-04-22,AGE_45_54,10750,1269,3,0.24,0,0,0.00,0,1112,KRW
2604_다이트_전환캠페인,(신)_창원_인플방문후기_밥빵면안당기는원장님(itsmeyuriwon)_260407,1861796302859538,2026-04-22,AGE_55_100,4122,794,1,0.13,0,0,0.00,0,712,KRW
2604_다이트_전환캠페인,(신)_창원_인플방문후기_밥빵면안당기는원장님(itsmeyuriwon)_260407,1861796302859538,2026-04-22,NONE,336,75,0,0.00,0,0,0.00,0,0,KRW
2604_다이트_전환캠페인,(신)_창원_인플방문후기_주사형비만치료제(the.hyunniverse)_260403,1861427124084770,2026-04-22,NONE,0,0,0,0.00,0,0,0.00,0,0,KRW
2604_다이트_전환캠페인,(신)_천안_의료진정보_주사형비만치료제 10년은_260116,1861279064396242,2026-04-22,AGE_35_44,1030,172,1,0.58,0,0,0.00,0,165,KRW
2604_다이트_전환캠페인,(신)_천안_의료진정보_주사형비만치료제 10년은_260116,1861279064396242,2026-04-22,AGE_45_54,1449,167,4,2.40,1,1449,25.00,0,159,KRW
2604_다이트_전환캠페인,(신)_천안_의료진정보_주사형비만치료제 10년은_260116,1861279064396242,2026-04-22,AGE_55_100,1529,193,1,0.52,0,0,0.00,0,185,KRW
2604_다이트_전환캠페인,(신)_천안_의료진정보_주사형비만치료제 10년은_260116,1861279064396242,2026-04-22,NONE,130,22,1,4.55,0,0,0.00,0,0,KRW
2604_다이트_전환캠페인,(신)_천안_인플방문후기_밥빵면안당기는원장님(itsmeyuriwon)_260407,1861796395517250,2026-04-22,AGE_35_44,2829,420,3,0.71,0,0,0.00,0,407,KRW
2604_다이트_전환캠페인,(신)_천안_인플방문후기_밥빵면안당기는원장님(itsmeyuriwon)_260407,1861796395517250,2026-04-22,AGE_45_54,4530,326,1,0.31,0,0,0.00,0,310,KRW
2604_다이트_전환캠페인,(신)_천안_인플방문후기_밥빵면안당기는원장님(itsmeyuriwon)_260407,1861796395517250,2026-04-22,AGE_55_100,725,176,2,1.14,0,0,0.00,0,168,KRW
2604_다이트_전환캠페인,(신)_천안_인플방문후기_밥빵면안당기는원장님(itsmeyuriwon)_260407,1861796395517250,2026-04-22,NONE,186,23,0,0.00,0,0,0.00,0,0,KRW
2604_다이트_전환캠페인,(신)_천안_인플방문후기_주사형비만치료제(the.hyunniverse)_260403,1861969033799841,2026-04-22,AGE_35_44,3974,889,7,0.79,0,0,0.00,0,846,KRW
2604_다이트_전환캠페인,(신)_천안_인플방문후기_주사형비만치료제(the.hyunniverse)_260403,1861969033799841,2026-04-22,AGE_45_54,4708,624,1,0.16,0,0,0.00,0,593,KRW
2604_다이트_전환캠페인,(신)_천안_인플방문후기_주사형비만치료제(the.hyunniverse)_260403,1861969033799841,2026-04-22,AGE_55_100,2616,409,1,0.24,0,0,0.00,0,384,KRW
2604_다이트_전환캠페인,(신)_천안_인플방문후기_주사형비만치료제(the.hyunniverse)_260403,1861969033799841,2026-04-22,NONE,231,62,0,0.00,0,0,0.00,0,0,KRW
2604_다이트_전환캠페인,(신)_천안_진료셀프캠_주사형 비만치료제보다 더중요한이것_260120,1861969112559697,2026-04-22,AGE_35_44,8043,985,4,0.41,1,8043,25.00,0,953,KRW
2604_다이트_전환캠페인,(신)_천안_진료셀프캠_주사형 비만치료제보다 더중요한이것_260120,1861969112559697,2026-04-22,AGE_45_54,9681,699,7,1.00,1,9681,14.29,0,662,KRW
2604_다이트_전환캠페인,(신)_천안_진료셀프캠_주사형 비만치료제보다 더중요한이것_260120,1861969112559697,2026-04-22,AGE_55_100,4437,395,3,0.76,0,0,0.00,0,374,KRW
2604_다이트_전환캠페인,(신)_천안_진료셀프캠_주사형 비만치료제보다 더중요한이것_260120,1861969112559697,2026-04-22,NONE,16,2,0,0.00,0,0,0.00,0,0,KRW
2604_다이트_전환캠페인,"(재)_대구_인플방문후기_건강한다이어트(대구,박고경)_260325",1861278128485793,2026-04-22,AGE_35_44,5538,722,5,0.69,0,0,0.00,0,688,KRW
2604_다이트_전환캠페인,"(재)_대구_인플방문후기_건강한다이어트(대구,박고경)_260325",1861278128485793,2026-04-22,AGE_45_54,6088,459,6,1.31,2,3044,33.33,0,428,KRW
2604_다이트_전환캠페인,"(재)_대구_인플방문후기_건강한다이어트(대구,박고경)_260325",1861278128485793,2026-04-22,AGE_55_100,1667,280,0,0.00,0,0,0.00,0,262,KRW
2603_다이트_전환캠페인,"(재)_대구_인플방문후기_건강한다이어트(대구,박고경)_260325",1860614125298753,2026-04-22,NONE,0,0,0,0.00,0,0,0.00,0,0,KRW
2604_다이트_전환캠페인,"(재)_대구_인플방문후기_건강한다이어트(대구,박고경)_260325",1861278128485793,2026-04-22,NONE,498,32,1,3.13,0,0,0.00,0,0,KRW
2604_다이트_전환캠페인,(재)_대구_인플방문후기_먹고싶은거다먹는(수원잇츠)_260403,1861437815982145,2026-04-22,NONE,0,0,0,0.00,0,0,0.00,0,0,KRW
2604_다이트_전환캠페인,(재)_대구_인플방문후기_연예인다이어트(플랜비)_260416,1862614242718769,2026-04-22,NONE,0,0,0,0.00,0,0,0.00,0,0,KRW
2603_다이트_전환캠페인,(재)_대구_인플방문후기_체지방만쏙빼는(부산잇츠)_260220,1858358889560241,2026-04-22,NONE,0,0,0,0.00,0,0,0.00,0,0,KRW
2604_다이트_전환캠페인,(재)_대구_진료셀프캠_50대다이어트대사_260422,1863145537589298,2026-04-22,AGE_35_44,2667,854,1,0.12,3,889,300.00,0,809,KRW
2604_다이트_전환캠페인,(재)_대구_진료셀프캠_50대다이어트대사_260422,1863145537589298,2026-04-22,AGE_45_54,4317,1086,2,0.18,0,0,0.00,0,1032,KRW
2604_다이트_전환캠페인,(재)_대구_진료셀프캠_50대다이어트대사_260422,1863145537589298,2026-04-22,AGE_55_100,4208,1108,4,0.36,0,0,0.00,0,1044,KRW
2604_다이트_전환캠페인,(재)_대구_진료셀프캠_50대다이어트대사_260422,1863145537589298,2026-04-22,NONE,248,42,0,0.00,0,0,0.00,0,0,KRW
2604_다이트_전환캠페인,(재)_대구_진료셀프캠_다이어트의적 밥빵면_260407,1861778669641809,2026-04-22,AGE_35_44,8048,686,3,0.44,0,0,0.00,0,617,KRW
2604_다이트_전환캠페인,(재)_대구_진료셀프캠_다이어트의적 밥빵면_260407,1861778669641809,2026-04-22,AGE_45_54,19883,1177,9,0.76,0,0,0.00,0,1073,KRW
2604_다이트_전환캠페인,(재)_대구_진료셀프캠_다이어트의적 밥빵면_260407,1861778669641809,2026-04-22,AGE_55_100,13926,1060,3,0.28,0,0,0.00,0,934,KRW
2604_다이트_전환캠페인,(재)_대구_진료셀프캠_다이어트의적 밥빵면_260407,1861778669641809,2026-04-22,NONE,179,17,0,0.00,0,0,0.00,0,0,KRW
2604_다이트_전환캠페인,(재)_대구_진료셀프캠_비만주사가놓친것_260414,1862452759074146,2026-04-22,NONE,0,0,0,0.00,0,0,0.00,0,0,KRW
2604_다이트_전환캠페인,(재)_대구_진료셀프캠_식욕억제주사실패 마지막_260407,1861779512219682,2026-04-22,AGE_35_44,8953,877,4,0.46,0,0,0.00,0,771,KRW
2604_다이트_전환캠페인,(재)_대구_진료셀프캠_식욕억제주사실패 마지막_260407,1861779512219682,2026-04-22,AGE_45_54,14365,998,9,0.90,0,0,0.00,0,875,KRW
2604_다이트_전환캠페인,(재)_대구_진료셀프캠_식욕억제주사실패 마지막_260407,1861779512219682,2026-04-22,AGE_55_100,6771,512,1,0.20,0,0,0.00,0,453,KRW
2604_다이트_전환캠페인,(재)_대구_진료셀프캠_식욕억제주사실패 마지막_260407,1861779512219682,2026-04-22,NONE,461,38,0,0.00,0,0,0.00,0,0,KRW
2604_다이트_전환캠페인,(재)_대구_진료셀프캠_운동안해도되는_260416,1862612192785601,2026-04-22,NONE,0,0,0,0.00,0,0,0.00,0,0,KRW
2604_다이트_전환캠페인,(재)_대구_진료셀프캠_주사형비만치료제 고민끝에 50대부부 -32kg_260225,1861278082187298,2026-04-22,AGE_35_44,5308,530,1,0.19,0,0,0.00,0,496,KRW
2604_다이트_전환캠페인,(재)_대구_진료셀프캠_주사형비만치료제 고민끝에 50대부부 -32kg_260225,1861278082187298,2026-04-22,AGE_45_54,12031,933,8,0.86,4,3007,50.00,0,852,KRW
2604_다이트_전환캠페인,(재)_대구_진료셀프캠_주사형비만치료제 고민끝에 50대부부 -32kg_260225,1861278082187298,2026-04-22,AGE_55_100,7276,716,4,0.56,0,0,0.00,0,654,KRW
2604_다이트_전환캠페인,(재)_대구_진료셀프캠_주사형비만치료제 고민끝에 50대부부 -32kg_260225,1861278082187298,2026-04-22,NONE,557,70,1,1.43,0,0,0.00,0,0,KRW
2603_다이트_전환캠페인,(재)_대구_진료셀프캠_주사형비만치료제 고민끝에 50대부부 -32kg_260225,1860546064808049,2026-04-22,NONE,0,0,0,0.00,0,0,0.00,0,0,KRW
2604_다이트_전환캠페인,(재)_대전_인플방문후기_연예인다이어트(플랜비)_260416,1862614549502162,2026-04-22,NONE,0,0,0,0.00,0,0,0.00,0,0,KRW
2604_다이트_전환캠페인,(재)_대전_진료셀프캠_50대다이어트대사_260422,1863145758279698,2026-04-22,AGE_35_44,1053,263,1,0.38,0,0,0.00,0,259,KRW
2604_다이트_전환캠페인,(재)_대전_진료셀프캠_50대다이어트대사_260422,1863145758279698,2026-04-22,AGE_45_54,1760,298,0,0.00,0,0,0.00,0,297,KRW
2604_다이트_전환캠페인,(재)_대전_진료셀프캠_50대다이어트대사_260422,1863145758279698,2026-04-22,AGE_55_100,1393,352,0,0.00,0,0,0.00,0,342,KRW
2604_다이트_전환캠페인,(재)_대전_진료셀프캠_50대다이어트대사_260422,1863145758279698,2026-04-22,NONE,197,34,0,0.00,0,0,0.00,0,0,KRW
2604_다이트_전환캠페인,(재)_대전_진료셀프캠_다이어트의적 밥빵면_260407,1861776478109986,2026-04-22,AGE_35_44,8181,638,1,0.16,0,0,0.00,0,583,KRW
2604_다이트_전환캠페인,(재)_대전_진료셀프캠_다이어트의적 밥빵면_260407,1861776478109986,2026-04-22,AGE_45_54,16467,837,12,1.43,0,0,0.00,0,759,KRW
2604_다이트_전환캠페인,(재)_대전_진료셀프캠_다이어트의적 밥빵면_260407,1861776478109986,2026-04-22,AGE_55_100,10047,653,5,0.77,0,0,0.00,0,569,KRW
2604_다이트_전환캠페인,(재)_대전_진료셀프캠_다이어트의적 밥빵면_260407,1861776478109986,2026-04-22,NONE,423,45,0,0.00,0,0,0.00,0,0,KRW
2604_다이트_전환캠페인,(재)_대전_진료셀프캠_식욕억제주사실패 마지막_260407,1861779986019442,2026-04-22,AGE_35_44,5178,371,3,0.81,0,0,0.00,0,358,KRW
2604_다이트_전환캠페인,(재)_대전_진료셀프캠_식욕억제주사실패 마지막_260407,1861779986019442,2026-04-22,AGE_45_54,5831,363,9,2.48,1,5831,11.11,0,347,KRW
2604_다이트_전환캠페인,(재)_대전_진료셀프캠_식욕억제주사실패 마지막_260407,1861779986019442,2026-04-22,AGE_55_100,1694,204,3,1.47,0,0,0.00,0,192,KRW
2604_다이트_전환캠페인,(재)_대전_진료셀프캠_식욕억제주사실패 마지막_260407,1861779986019442,2026-04-22,NONE,664,57,0,0.00,0,0,0.00,0,0,KRW
2604_다이트_전환캠페인,(재)_대전_진료셀프캠_주사형비만치료제 고민끝에 50대부부 -32kg_260225,1861708178989089,2026-04-22,AGE_35_44,8059,926,0,0.00,0,0,0.00,0,872,KRW
2604_다이트_전환캠페인,(재)_대전_진료셀프캠_주사형비만치료제 고민끝에 50대부부 -32kg_260225,1861708178989089,2026-04-22,AGE_45_54,15699,1293,8,0.62,0,0,0.00,0,1189,KRW
2604_다이트_전환캠페인,(재)_대전_진료셀프캠_주사형비만치료제 고민끝에 50대부부 -32kg_260225,1861708178989089,2026-04-22,AGE_55_100,11507,1066,6,0.56,0,0,0.00,0,970,KRW
2604_다이트_전환캠페인,(재)_대전_진료셀프캠_주사형비만치료제 고민끝에 50대부부 -32kg_260225,1861708178989089,2026-04-22,NONE,1098,116,0,0.00,0,0,0.00,0,0,KRW
2604_다이트_전환캠페인,(재)_부평_인플방문후기_연예인다이어트(플랜비)_260416,1862613882586418,2026-04-22,AGE_35_44,5054,855,2,0.23,0,0,0.00,0,818,KRW
2604_다이트_전환캠페인,(재)_부평_인플방문후기_연예인다이어트(플랜비)_260416,1862613882586418,2026-04-22,AGE_45_54,4775,759,3,0.40,0,0,0.00,0,717,KRW
2604_다이트_전환캠페인,(재)_부평_인플방문후기_연예인다이어트(플랜비)_260416,1862613882586418,2026-04-22,AGE_55_100,2650,523,3,0.57,0,0,0.00,0,510,KRW
2604_다이트_전환캠페인,(재)_부평_인플방문후기_연예인다이어트(플랜비)_260416,1862613882586418,2026-04-22,NONE,316,74,0,0.00,0,0,0.00,0,0,KRW
2604_다이트_전환캠페인,(재)_부평_진료셀프캠_4050다이어트비밀_260414,1862453369868354,2026-04-22,NONE,0,0,0,0.00,0,0,0.00,0,0,KRW
2604_다이트_전환캠페인,(재)_부평_진료셀프캠_50대다이어트대사_260422,1863145317184529,2026-04-22,AGE_35_44,8151,1406,7,0.50,0,0,0.00,0,1363,KRW
2604_다이트_전환캠페인,(재)_부평_진료셀프캠_50대다이어트대사_260422,1863145317184529,2026-04-22,AGE_45_54,8117,1382,7,0.51,0,0,0.00,0,1350,KRW
2604_다이트_전환캠페인,(재)_부평_진료셀프캠_50대다이어트대사_260422,1863145317184529,2026-04-22,AGE_55_100,5477,1045,3,0.29,0,0,0.00,0,1000,KRW
2604_다이트_전환캠페인,(재)_부평_진료셀프캠_50대다이어트대사_260422,1863145317184529,2026-04-22,NONE,1476,262,0,0.00,0,0,0.00,0,0,KRW
2604_다이트_전환캠페인,(재)_부평_진료셀프캠_비만주사가놓친것_260414,1862452531926049,2026-04-22,NONE,0,0,0,0.00,0,0,0.00,0,0,KRW
2604_다이트_전환캠페인,(재)_부평_진료셀프캠_식욕억제주사실패 마지막_260407,1861779276638289,2026-04-22,AGE_35_44,23070,2434,15,0.62,0,0,0.00,0,2286,KRW
2604_다이트_전환캠페인,(재)_부평_진료셀프캠_식욕억제주사실패 마지막_260407,1861779276638289,2026-04-22,AGE_45_54,27416,2157,13,0.60,5,5483,38.46,0,2005,KRW
2604_다이트_전환캠페인,(재)_부평_진료셀프캠_식욕억제주사실패 마지막_260407,1861779276638289,2026-04-22,AGE_55_100,15297,1228,9,0.73,1,15297,11.11,0,1121,KRW
2604_다이트_전환캠페인,(재)_부평_진료셀프캠_식욕억제주사실패 마지막_260407,1861779276638289,2026-04-22,NONE,657,162,1,0.62,0,0,0.00,0,0,KRW
2604_다이트_전환캠페인,(재)_부평_진료셀프캠_운동안해도되는_260416,1862612072337410,2026-04-22,AGE_35_44,6539,1082,6,0.55,0,0,0.00,0,1036,KRW
2604_다이트_전환캠페인,(재)_부평_진료셀프캠_운동안해도되는_260416,1862612072337410,2026-04-22,AGE_45_54,6792,890,2,0.22,0,0,0.00,0,859,KRW
2604_다이트_전환캠페인,(재)_부평_진료셀프캠_운동안해도되는_260416,1862612072337410,2026-04-22,AGE_55_100,5917,666,3,0.45,0,0,0.00,0,639,KRW
2604_다이트_전환캠페인,(재)_부평_진료셀프캠_운동안해도되는_260416,1862612072337410,2026-04-22,NONE,287,107,0,0.00,0,0,0.00,0,0,KRW
2604_다이트_전환캠페인,(재)_부평_진료셀프캠_주사형비만치료제 고민끝에 50대부부 -32kg_260225,1861276697497633,2026-04-22,NONE,0,0,0,0.00,0,0,0.00,0,0,KRW
2603_다이트_전환캠페인,(재)_부평_진료셀프캠_주사형비만치료제 고민끝에 50대부부 -32kg_260225,1858358875905138,2026-04-22,NONE,0,0,0,0.00,0,0,0.00,0,0,KRW
2604_다이트_전환캠페인,(재)_서울_의료진정보_무작정운동으로 팩폭_260406,1861709796228209,2026-04-22,NONE,0,0,0,0.00,0,0,0.00,0,0,KRW
2603_다이트_전환캠페인,"(재)_서울_인플방문후기_건강한다이어트(서울,박고경)_260325",1860614178390386,2026-04-22,NONE,0,0,0,0.00,0,0,0.00,0,0,KRW
2604_다이트_전환캠페인,(재)_서울_인플방문후기_맘껏먹는 다이어트 한달후기_260306,1861276306937889,2026-04-22,NONE,0,0,0,0.00,0,0,0.00,0,0,KRW
2604_다이트_전환캠페인,(재)_서울_인플방문후기_연예인다이어트(플랜비)_260416,1862611925509122,2026-04-22,NONE,0,0,0,0.00,0,0,0.00,0,0,KRW
2604_다이트_전환캠페인,(재)_서울_진료셀프캠_50대다이어트대사_260422,1863141281578129,2026-04-22,AGE_35_44,1506,368,0,0.00,0,0,0.00,0,351,KRW
2604_다이트_전환캠페인,(재)_서울_진료셀프캠_50대다이어트대사_260422,1863141281578129,2026-04-22,AGE_45_54,2534,516,0,0.00,0,0,0.00,0,502,KRW
2604_다이트_전환캠페인,(재)_서울_진료셀프캠_50대다이어트대사_260422,1863141281578129,2026-04-22,AGE_55_100,3867,700,1,0.14,0,0,0.00,0,672,KRW
2604_다이트_전환캠페인,(재)_서울_진료셀프캠_50대다이어트대사_260422,1863141281578129,2026-04-22,NONE,177,33,0,0.00,0,0,0.00,0,0,KRW
2604_다이트_전환캠페인,(재)_서울_진료셀프캠_비만주사가놓친것_260414,1862427431553298,2026-04-22,AGE_35_44,18,4,0,0.00,0,0,0.00,0,4,KRW
2604_다이트_전환캠페인,(재)_서울_진료셀프캠_비만주사가놓친것_260414,1862427431553298,2026-04-22,AGE_45_54,29,9,0,0.00,0,0,0.00,0,9,KRW
2604_다이트_전환캠페인,(재)_서울_진료셀프캠_비만주사가놓친것_260414,1862427431553298,2026-04-22,AGE_55_100,79,11,0,0.00,0,0,0.00,0,11,KRW
2603_다이트_전환캠페인,(재)_서울_진료셀프캠_비만주사끊고15kg_260326,1860713002800561,2026-04-22,NONE,0,0,0,0.00,0,0,0.00,0,0,KRW
2604_다이트_전환캠페인,(재)_서울_진료셀프캠_식욕억제주사실패 마지막_260407,1861778815720546,2026-04-22,AGE_35_44,6893,460,2,0.43,1,6893,50.00,0,423,KRW
2604_다이트_전환캠페인,(재)_서울_진료셀프캠_식욕억제주사실패 마지막_260407,1861778815720546,2026-04-22,AGE_45_54,10343,546,4,0.73,0,0,0.00,0,500,KRW
2604_다이트_전환캠페인,(재)_서울_진료셀프캠_식욕억제주사실패 마지막_260407,1861778815720546,2026-04-22,AGE_55_100,5246,392,1,0.26,0,0,0.00,0,358,KRW
2604_다이트_전환캠페인,(재)_서울_진료셀프캠_식욕억제주사실패 마지막_260407,1861778815720546,2026-04-22,NONE,427,31,0,0.00,0,0,0.00,0,0,KRW
2604_다이트_전환캠페인,(재)_서울_진료셀프캠_운동안해도되는_260416,1862607904464929,2026-04-22,AGE_35_44,1779,90,1,1.11,0,0,0.00,0,81,KRW
2604_다이트_전환캠페인,(재)_서울_진료셀프캠_운동안해도되는_260416,1862607904464929,2026-04-22,AGE_45_54,3313,126,5,3.97,0,0,0.00,0,119,KRW
2604_다이트_전환캠페인,(재)_서울_진료셀프캠_운동안해도되는_260416,1862607904464929,2026-04-22,AGE_55_100,1709,94,1,1.06,0,0,0.00,0,87,KRW
2604_다이트_전환캠페인,(재)_서울_진료셀프캠_운동안해도되는_260416,1862607904464929,2026-04-22,NONE,110,8,0,0.00,0,0,0.00,0,0,KRW
2604_다이트_전환캠페인,(재)_서울_진료셀프캠_의사가권하지않는4050_260414,1862453122462113,2026-04-22,AGE_35_44,79,16,0,0.00,0,0,0.00,0,15,KRW
2604_다이트_전환캠페인,(재)_서울_진료셀프캠_의사가권하지않는4050_260414,1862453122462113,2026-04-22,AGE_45_54,85,23,0,0.00,1,85,0.00,0,21,KRW
2604_다이트_전환캠페인,(재)_서울_진료셀프캠_의사가권하지않는4050_260414,1862453122462113,2026-04-22,AGE_55_100,1454,44,1,2.27,0,0,0.00,0,43,KRW
2604_다이트_전환캠페인,(재)_서울_진료셀프캠_의사가권하지않는4050_260414,1862453122462113,2026-04-22,NONE,10,3,0,0.00,0,0,0.00,0,0,KRW
2604_다이트_전환캠페인,(재)_서울_진료셀프캠_주사형비만치료제 고민끝에 50대부부 -32kg_260225,1861276155386962,2026-04-22,AGE_35_44,1980,194,1,0.52,0,0,0.00,0,188,KRW
2604_다이트_전환캠페인,(재)_서울_진료셀프캠_주사형비만치료제 고민끝에 50대부부 -32kg_260225,1861276155386962,2026-04-22,AGE_45_54,7502,345,5,1.45,0,0,0.00,0,326,KRW
2604_다이트_전환캠페인,(재)_서울_진료셀프캠_주사형비만치료제 고민끝에 50대부부 -32kg_260225,1861276155386962,2026-04-22,AGE_55_100,5868,310,0,0.00,0,0,0.00,0,296,KRW
2603_다이트_전환캠페인,(재)_서울_진료셀프캠_주사형비만치료제 고민끝에 50대부부 -32kg_260225,1859357641001154,2026-04-22,NONE,0,0,0,0.00,0,0,0.00,0,0,KRW
2604_다이트_전환캠페인,(재)_서울_진료셀프캠_주사형비만치료제 고민끝에 50대부부 -32kg_260225,1861276155386962,2026-04-22,NONE,126,16,1,6.25,0,0,0.00,0,0,KRW
2604_다이트_전환캠페인,(재)_수원_의료진정보_4050나잇살 이유는 여기에_260410,1862064207732210,2026-04-22,AGE_25_34,692,186,0,0.00,0,0,0.00,0,178,KRW
2604_다이트_전환캠페인,(재)_수원_의료진정보_4050나잇살 이유는 여기에_260410,1862064207732210,2026-04-22,AGE_35_44,540,125,0,0.00,0,0,0.00,0,122,KRW
2604_다이트_전환캠페인,(재)_수원_의료진정보_4050나잇살 이유는 여기에_260410,1862064207732210,2026-04-22,AGE_45_54,923,126,1,0.79,0,0,0.00,0,120,KRW
2604_다이트_전환캠페인,(재)_수원_의료진정보_4050나잇살 이유는 여기에_260410,1862064207732210,2026-04-22,AGE_55_100,675,156,0,0.00,0,0,0.00,0,133,KRW
2604_다이트_전환캠페인,(재)_수원_의료진정보_4050나잇살 이유는 여기에_260410,1862064207732210,2026-04-22,NONE,75,22,0,0.00,0,0,0.00,0,0,KRW
2603_다이트_전환캠페인,"(재)_수원_인플방문후기_건강한다이어트(수원,박고경)_260325",1860614554255474,2026-04-22,NONE,0,0,0,0.00,0,0,0.00,0,0,KRW
2604_다이트_전환캠페인,"(재)_수원_인플방문후기_건강한다이어트(수원,박고경)_260325",1861277190081841,2026-04-22,NONE,0,0,0,0.00,0,0,0.00,0,0,KRW
2604_다이트_전환캠페인,(재)_수원_인플방문후기_먹고싶은거다먹는(수원잇츠)_260403,1861437972025618,2026-04-22,NONE,0,0,0,0.00,0,0,0.00,0,0,KRW
2604_다이트_전환캠페인,(재)_수원_인플방문후기_연예인다이어트(플랜비)_260416,1862613961447426,2026-04-22,AGE_55_100,0,0,0,0.00,0,0,0.00,0,0,KRW
2604_다이트_전환캠페인,(재)_수원_인플방문후기_연예인다이어트(플랜비)_260416,1862613961447426,2026-04-22,NONE,0,0,0,0.00,0,0,0.00,0,0,KRW
2603_다이트_전환캠페인,(재)_수원_진료셀프캠_50대 20대처럼 체지방_260317,1859897183293617,2026-04-22,NONE,0,0,0,0.00,0,0,0.00,0,0,KRW
2604_다이트_전환캠페인,(재)_수원_진료셀프캠_50대다이어트대사_260422,1863144745203025,2026-04-22,AGE_25_34,2585,810,1,0.12,0,0,0.00,0,779,KRW
2604_다이트_전환캠페인,(재)_수원_진료셀프캠_50대다이어트대사_260422,1863144745203025,2026-04-22,AGE_35_44,5645,1265,1,0.08,0,0,0.00,0,1161,KRW
2604_다이트_전환캠페인,(재)_수원_진료셀프캠_50대다이어트대사_260422,1863144745203025,2026-04-22,AGE_45_54,9202,1534,0,0.00,0,0,0.00,0,1421,KRW
2604_다이트_전환캠페인,(재)_수원_진료셀프캠_50대다이어트대사_260422,1863144745203025,2026-04-22,AGE_55_100,5880,1270,2,0.16,3,1960,150.00,0,1172,KRW
2604_다이트_전환캠페인,(재)_수원_진료셀프캠_50대다이어트대사_260422,1863144745203025,2026-04-22,NONE,499,193,0,0.00,0,0,0.00,0,0,KRW
2604_다이트_전환캠페인,(재)_수원_진료셀프캠_비만주사가놓친것_260414,1862452610512897,2026-04-22,NONE,0,0,0,0.00,0,0,0.00,0,0,KRW
2604_다이트_전환캠페인,(재)_수원_진료셀프캠_비만주사없이 체질_260320,1861277107797025,2026-04-22,NONE,0,0,0,0.00,0,0,0.00,0,0,KRW
2604_다이트_전환캠페인,(재)_수원_진료셀프캠_식욕억제주사실패 마지막_260407,1861779341060274,2026-04-22,AGE_25_34,4010,580,0,0.00,0,0,0.00,0,541,KRW
2604_다이트_전환캠페인,(재)_수원_진료셀프캠_식욕억제주사실패 마지막_260407,1861779341060274,2026-04-22,AGE_35_44,10524,968,4,0.41,0,0,0.00,0,886,KRW
2604_다이트_전환캠페인,(재)_수원_진료셀프캠_식욕억제주사실패 마지막_260407,1861779341060274,2026-04-22,AGE_45_54,18191,1084,8,0.74,0,0,0.00,0,951,KRW
2604_다이트_전환캠페인,(재)_수원_진료셀프캠_식욕억제주사실패 마지막_260407,1861779341060274,2026-04-22,AGE_55_100,12189,679,8,1.18,0,0,0.00,0,603,KRW
2604_다이트_전환캠페인,(재)_수원_진료셀프캠_식욕억제주사실패 마지막_260407,1861779341060274,2026-04-22,NONE,698,36,0,0.00,0,0,0.00,0,0,KRW
2604_다이트_전환캠페인,(재)_수원_진료셀프캠_운동안해도되는_260416,1862612144893169,2026-04-22,AGE_25_34,4336,598,3,0.50,1,4336,33.33,0,547,KRW
2604_다이트_전환캠페인,(재)_수원_진료셀프캠_운동안해도되는_260416,1862612144893169,2026-04-22,AGE_35_44,13062,916,1,0.11,0,0,0.00,0,804,KRW
2604_다이트_전환캠페인,(재)_수원_진료셀프캠_운동안해도되는_260416,1862612144893169,2026-04-22,AGE_45_54,18669,1091,5,0.46,0,0,0.00,0,947,KRW
2604_다이트_전환캠페인,(재)_수원_진료셀프캠_운동안해도되는_260416,1862612144893169,2026-04-22,AGE_55_100,10217,666,4,0.60,0,0,0.00,0,565,KRW
2604_다이트_전환캠페인,(재)_수원_진료셀프캠_운동안해도되는_260416,1862612144893169,2026-04-22,NONE,337,37,0,0.00,0,0,0.00,0,0,KRW
2604_다이트_전환캠페인,(재)_수원_진료셀프캠_의사가권하지않는4050_260414,1862453880112178,2026-04-22,NONE,0,0,0,0.00,0,0,0.00,0,0,KRW
2604_다이트_전환캠페인,(재)_일산_의료진정보_무작정운동으로 팩폭_260406,1861709552021505,2026-04-22,NONE,0,0,0,0.00,0,0,0.00,0,0,KRW
2604_다이트_전환캠페인,(재)_일산_인플방문후기_맘껏먹는 다이어트 한달후기_260306,1861277479159890,2026-04-22,AGE_35_44,5492,837,0,0.00,0,0,0.00,0,813,KRW
2604_다이트_전환캠페인,(재)_일산_인플방문후기_맘껏먹는 다이어트 한달후기_260306,1861277479159890,2026-04-22,AGE_45_54,5469,574,2,0.35,1,5469,50.00,0,553,KRW
2604_다이트_전환캠페인,(재)_일산_인플방문후기_맘껏먹는 다이어트 한달후기_260306,1861277479159890,2026-04-22,AGE_55_100,3425,394,1,0.25,0,0,0.00,0,384,KRW
2603_다이트_전환캠페인,(재)_일산_인플방문후기_맘껏먹는 다이어트 한달후기_260306,1858833441334273,2026-04-22,NONE,0,0,0,0.00,0,0,0.00,0,0,KRW
2604_다이트_전환캠페인,(재)_일산_인플방문후기_맘껏먹는 다이어트 한달후기_260306,1861277479159890,2026-04-22,NONE,237,55,0,0.00,0,0,0.00,0,0,KRW
2604_다이트_전환캠페인,(재)_일산_인플방문후기_먹고싶은거다먹는(수원잇츠)_260403,1861437881987106,2026-04-22,AGE_35_44,591,143,1,0.70,0,0,0.00,0,142,KRW
2604_다이트_전환캠페인,(재)_일산_인플방문후기_먹고싶은거다먹는(수원잇츠)_260403,1861437881987106,2026-04-22,AGE_45_54,750,135,0,0.00,0,0,0.00,0,132,KRW
2604_다이트_전환캠페인,(재)_일산_인플방문후기_먹고싶은거다먹는(수원잇츠)_260403,1861437881987106,2026-04-22,AGE_55_100,687,139,1,0.72,0,0,0.00,0,136,KRW
2604_다이트_전환캠페인,(재)_일산_인플방문후기_먹고싶은거다먹는(수원잇츠)_260403,1861437881987106,2026-04-22,NONE,37,13,0,0.00,0,0,0.00,0,0,KRW
2604_다이트_전환캠페인,(재)_일산_인플방문후기_연예인다이어트(일산 플랜비)_260416,1862614105575633,2026-04-22,AGE_35_44,3969,1012,2,0.20,1,3969,50.00,0,974,KRW
2604_다이트_전환캠페인,(재)_일산_인플방문후기_연예인다이어트(일산 플랜비)_260416,1862614105575633,2026-04-22,AGE_45_54,4404,970,0,0.00,2,2202,0.00,0,927,KRW
2604_다이트_전환캠페인,(재)_일산_인플방문후기_연예인다이어트(일산 플랜비)_260416,1862614105575633,2026-04-22,AGE_55_100,4006,970,3,0.31,0,0,0.00,0,925,KRW
2604_다이트_전환캠페인,(재)_일산_인플방문후기_연예인다이어트(일산 플랜비)_260416,1862614105575633,2026-04-22,NONE,258,84,1,1.19,1,258,100.00,0,0,KRW
2604_다이트_전환캠페인,(재)_일산_진료셀프캠_50대다이어트대사_260422,1863145439744049,2026-04-22,AGE_35_44,3010,1865,4,0.21,0,0,0.00,0,1832,KRW
2604_다이트_전환캠페인,(재)_일산_진료셀프캠_50대다이어트대사_260422,1863145439744049,2026-04-22,AGE_45_54,3980,1853,2,0.11,0,0,0.00,0,1836,KRW
2604_다이트_전환캠페인,(재)_일산_진료셀프캠_50대다이어트대사_260422,1863145439744049,2026-04-22,AGE_55_100,3688,1726,2,0.12,0,0,0.00,0,1702,KRW
2604_다이트_전환캠페인,(재)_일산_진료셀프캠_50대다이어트대사_260422,1863145439744049,2026-04-22,NONE,197,26,0,0.00,0,0,0.00,0,0,KRW
2604_다이트_전환캠페인,(재)_일산_진료셀프캠_비만주사 10년은 늙어보인대요_260326,1861277619225650,2026-04-22,NONE,0,0,0,0.00,0,0,0.00,0,0,KRW
2604_다이트_전환캠페인,(재)_일산_진료셀프캠_비만주사가놓친것_260414,1862452684235121,2026-04-22,NONE,0,0,0,0.00,0,0,0.00,0,0,KRW
2604_다이트_전환캠페인,(재)_일산_진료셀프캠_식욕억제주사실패 마지막_260407,1861779422527666,2026-04-22,AGE_35_44,11052,1215,7,0.58,1,11052,14.29,0,1162,KRW
2604_다이트_전환캠페인,(재)_일산_진료셀프캠_식욕억제주사실패 마지막_260407,1861779422527666,2026-04-22,AGE_45_54,17318,1264,8,0.63,0,0,0.00,0,1203,KRW
2604_다이트_전환캠페인,(재)_일산_진료셀프캠_식욕억제주사실패 마지막_260407,1861779422527666,2026-04-22,AGE_55_100,12380,860,5,0.58,0,0,0.00,0,830,KRW
2604_다이트_전환캠페인,(재)_일산_진료셀프캠_식욕억제주사실패 마지막_260407,1861779422527666,2026-04-22,NONE,472,83,1,1.20,0,0,0.00,0,0,KRW
2604_다이트_전환캠페인,(재)_일산_진료셀프캠_운동안해도되는_260416,1862612254235649,2026-04-22,AGE_35_44,3582,527,5,0.95,5,716,100.00,0,510,KRW
2604_다이트_전환캠페인,(재)_일산_진료셀프캠_운동안해도되는_260416,1862612254235649,2026-04-22,AGE_45_54,3262,440,3,0.68,0,0,0.00,0,429,KRW
2604_다이트_전환캠페인,(재)_일산_진료셀프캠_운동안해도되는_260416,1862612254235649,2026-04-22,AGE_55_100,3909,342,1,0.29,0,0,0.00,0,332,KRW
2604_다이트_전환캠페인,(재)_일산_진료셀프캠_운동안해도되는_260416,1862612254235649,2026-04-22,NONE,197,29,0,0.00,0,0,0.00,0,0,KRW
2604_다이트_전환캠페인,(재)_일산_진료셀프캠_의사가권하지않는4050_260414,1862453943180450,2026-04-22,NONE,0,0,0,0.00,0,0,0.00,0,0,KRW
2603_다이트_전환캠페인,(재)_창원_인플방문후기_맘껏먹는 다이어트 한달후기_260306,1858833707245617,2026-04-22,NONE,0,0,0,0.00,0,0,0.00,0,0,KRW
2604_다이트_전환캠페인,(재)_창원_인플방문후기_먹고싶은거다먹는(수원잇츠)_260403,1861437705571345,2026-04-22,AGE_35_44,2006,538,0,0.00,0,0,0.00,0,504,KRW
2604_다이트_전환캠페인,(재)_창원_인플방문후기_먹고싶은거다먹는(수원잇츠)_260403,1861437705571345,2026-04-22,AGE_45_54,2344,564,4,0.71,0,0,0.00,0,518,KRW
2604_다이트_전환캠페인,(재)_창원_인플방문후기_먹고싶은거다먹는(수원잇츠)_260403,1861437705571345,2026-04-22,AGE_55_100,1893,509,0,0.00,0,0,0.00,0,456,KRW
2604_다이트_전환캠페인,(재)_창원_인플방문후기_먹고싶은거다먹는(수원잇츠)_260403,1861437705571345,2026-04-22,NONE,108,41,0,0.00,0,0,0.00,0,0,KRW
2604_다이트_전환캠페인,(재)_창원_인플방문후기_연예인다이어트(플랜비)_260416,1862614349846529,2026-04-22,NONE,0,0,0,0.00,0,0,0.00,0,0,KRW
2604_다이트_전환캠페인,(재)_창원_진료셀프캠_50대다이어트대사_260422,1863145585749009,2026-04-22,AGE_35_44,6386,1205,4,0.33,0,0,0.00,0,1114,KRW
2604_다이트_전환캠페인,(재)_창원_진료셀프캠_50대다이어트대사_260422,1863145585749009,2026-04-22,AGE_45_54,9985,1644,5,0.30,0,0,0.00,0,1477,KRW
2604_다이트_전환캠페인,(재)_창원_진료셀프캠_50대다이어트대사_260422,1863145585749009,2026-04-22,AGE_55_100,7343,1373,4,0.29,0,0,0.00,0,1261,KRW
2604_다이트_전환캠페인,(재)_창원_진료셀프캠_50대다이어트대사_260422,1863145585749009,2026-04-22,NONE,575,109,0,0.00,0,0,0.00,0,0,KRW
2604_다이트_전환캠페인,(재)_창원_진료셀프캠_식욕억제주사실패 마지막_260407,1861779402873057,2026-04-22,AGE_35_44,15206,1595,4,0.25,0,0,0.00,0,1427,KRW
2604_다이트_전환캠페인,(재)_창원_진료셀프캠_식욕억제주사실패 마지막_260407,1861779402873057,2026-04-22,AGE_45_54,31183,2309,9,0.39,2,15591,22.22,0,1983,KRW
2604_다이트_전환캠페인,(재)_창원_진료셀프캠_식욕억제주사실패 마지막_260407,1861779402873057,2026-04-22,AGE_55_100,15946,1487,7,0.47,0,0,0.00,0,1247,KRW
2604_다이트_전환캠페인,(재)_창원_진료셀프캠_식욕억제주사실패 마지막_260407,1861779402873057,2026-04-22,NONE,693,86,0,0.00,0,0,0.00,0,0,KRW
2604_다이트_전환캠페인,(재)_창원_진료셀프캠_운동안해도되는_260416,1862612192812097,2026-04-22,AGE_35_44,15015,1314,8,0.61,0,0,0.00,0,1106,KRW
2604_다이트_전환캠페인,(재)_창원_진료셀프캠_운동안해도되는_260416,1862612192812097,2026-04-22,AGE_45_54,23838,1809,7,0.39,0,0,0.00,0,1522,KRW
2604_다이트_전환캠페인,(재)_창원_진료셀프캠_운동안해도되는_260416,1862612192812097,2026-04-22,AGE_55_100,13482,1230,7,0.57,1,13482,14.29,0,1041,KRW
2604_다이트_전환캠페인,(재)_창원_진료셀프캠_운동안해도되는_260416,1862612192812097,2026-04-22,NONE,425,67,0,0.00,0,0,0.00,0,0,KRW
2603_다이트_전환캠페인,(재)_창원_진료셀프캠_주사형비만치료제 고민끝에 50대부부 -32kg_260225,1860546141013361,2026-04-22,NONE,0,0,0,0.00,0,0,0.00,0,0,KRW
2604_다이트_전환캠페인,(재)_창원_진료셀프캠_주사형비만치료제 고민끝에 50대부부 -32kg_260225,1861278292523041,2026-04-22,NONE,0,0,0,0.00,0,0,0.00,0,0,KRW
2604_다이트_전환캠페인,"(재)_천안_인플방문후기_건강한다이어트(천안, 박고경)_260325",1861278985311585,2026-04-22,AGE_35_44,0,0,0,0.00,0,0,0.00,0,0,KRW
2603_다이트_전환캠페인,"(재)_천안_인플방문후기_건강한다이어트(천안, 박고경)_260325",1860615057904689,2026-04-22,NONE,0,0,0,0.00,0,0,0.00,0,0,KRW
2604_다이트_전환캠페인,"(재)_천안_인플방문후기_건강한다이어트(천안, 박고경)_260325",1861278985311585,2026-04-22,NONE,0,0,0,0.00,0,0,0.00,0,0,KRW
2604_다이트_전환캠페인,(재)_천안_인플방문후기_먹고싶은거다먹는(수원잇츠)_260403,1861433575335186,2026-04-22,NONE,0,0,0,0.00,0,0,0.00,0,0,KRW
2604_다이트_전환캠페인,(재)_천안_진료셀프캠_50대다이어트대사_260422,1863145660596401,2026-04-22,AGE_35_44,2194,580,0,0.00,0,0,0.00,0,564,KRW
2604_다이트_전환캠페인,(재)_천안_진료셀프캠_50대다이어트대사_260422,1863145660596401,2026-04-22,AGE_45_54,4171,611,3,0.49,0,0,0.00,0,596,KRW
2604_다이트_전환캠페인,(재)_천안_진료셀프캠_50대다이어트대사_260422,1863145660596401,2026-04-22,AGE_55_100,1987,417,0,0.00,0,0,0.00,0,399,KRW
2604_다이트_전환캠페인,(재)_천안_진료셀프캠_50대다이어트대사_260422,1863145660596401,2026-04-22,NONE,303,81,0,0.00,0,0,0.00,0,0,KRW
2604_다이트_전환캠페인,(재)_천안_진료셀프캠_비만주사 10년은 늙어보인대요_260326,1861279133802561,2026-04-22,NONE,0,0,0,0.00,0,0,0.00,0,0,KRW
2604_다이트_전환캠페인,(재)_천안_진료셀프캠_비만주사가놓친것_260414,1862452895498482,2026-04-22,NONE,0,0,0,0.00,0,0,0.00,0,0,KRW
2604_다이트_전환캠페인,(재)_천안_진료셀프캠_식욕억제주사실패 마지막_260407,1861779883450610,2026-04-22,AGE_35_44,6777,506,1,0.20,0,0,0.00,0,480,KRW
2604_다이트_전환캠페인,(재)_천안_진료셀프캠_식욕억제주사실패 마지막_260407,1861779883450610,2026-04-22,AGE_45_54,6793,535,6,1.12,0,0,0.00,0,501,KRW
2604_다이트_전환캠페인,(재)_천안_진료셀프캠_식욕억제주사실패 마지막_260407,1861779883450610,2026-04-22,AGE_55_100,2831,231,3,1.30,0,0,0.00,0,215,KRW
2604_다이트_전환캠페인,(재)_천안_진료셀프캠_식욕억제주사실패 마지막_260407,1861779883450610,2026-04-22,NONE,690,48,0,0.00,0,0,0.00,0,0,KRW
2604_다이트_전환캠페인,(재)_천안_진료셀프캠_운동안해도되는_260416,1862612464960546,2026-04-22,AGE_35_44,3780,402,1,0.25,0,0,0.00,0,386,KRW
2604_다이트_전환캠페인,(재)_천안_진료셀프캠_운동안해도되는_260416,1862612464960546,2026-04-22,AGE_45_54,4720,336,1,0.30,0,0,0.00,0,307,KRW
2604_다이트_전환캠페인,(재)_천안_진료셀프캠_운동안해도되는_260416,1862612464960546,2026-04-22,AGE_55_100,2486,138,3,2.17,0,0,0.00,0,130,KRW
2604_다이트_전환캠페인,(재)_천안_진료셀프캠_운동안해도되는_260416,1862612464960546,2026-04-22,NONE,56,18,0,0.00,0,0,0.00,0,0,KRW
2604_다이트_전환캠페인,(재)_천안_진료셀프캠_주사형비만치료제 고민끝에 50대부부 -32kg_260225,1861968142031009,2026-04-22,NONE,0,0,0,0.00,0,0,0.00,0,0,KRW
2603_다이트_전환캠페인,(신)_대구_인플방문후기_먹으면서 다이어트(대읽남)_251017,1858362316758178,2026-04-23,NONE,0,0,0,0.00,0,0,0.00,0,0,KRW
2604_다이트_전환캠페인,(신)_대구_인플방문후기_밥빵면안당기는원장님(itsmeyuriwon)_260407,1861796218051601,2026-04-23,AGE_35_44,1402,194,2,1.03,0,0,0.00,0,192,KRW
2604_다이트_전환캠페인,(신)_대구_인플방문후기_밥빵면안당기는원장님(itsmeyuriwon)_260407,1861796218051601,2026-04-23,AGE_45_54,963,163,0,0.00,0,0,0.00,0,162,KRW
2604_다이트_전환캠페인,(신)_대구_인플방문후기_밥빵면안당기는원장님(itsmeyuriwon)_260407,1861796218051601,2026-04-23,AGE_55_100,434,141,1,0.71,0,0,0.00,0,141,KRW
2604_다이트_전환캠페인,(신)_대구_인플방문후기_밥빵면안당기는원장님(itsmeyuriwon)_260407,1861796218051601,2026-04-23,NONE,8,1,0,0.00,0,0,0.00,0,0,KRW
2604_다이트_전환캠페인,(신)_대구_인플방문후기_주사형비만치료제(the.hyunniverse)_260403,1861968872286353,2026-04-23,NONE,0,0,0,0.00,0,0,0.00,0,0,KRW
2604_다이트_전환캠페인,(신)_대전_인플방문후기_밥빵면못참는현대인(대전잇츠)_260410,1862064327619745,2026-04-23,NONE,0,0,0,0.00,0,0,0.00,0,0,KRW
2604_다이트_전환캠페인,(신)_대전_인플방문후기_밥빵면안당기는원장님(itsmeyuriwon)_260407,1861796462367905,2026-04-23,AGE_35_44,1652,107,1,0.93,0,0,0.00,0,106,KRW
2604_다이트_전환캠페인,(신)_대전_인플방문후기_밥빵면안당기는원장님(itsmeyuriwon)_260407,1861796462367905,2026-04-23,AGE_45_54,1914,97,0,0.00,0,0,0.00,0,96,KRW
2604_다이트_전환캠페인,(신)_대전_인플방문후기_밥빵면안당기는원장님(itsmeyuriwon)_260407,1861796462367905,2026-04-23,AGE_55_100,324,46,0,0.00,0,0,0.00,0,46,KRW
2604_다이트_전환캠페인,(신)_대전_인플방문후기_주사형비만치료제(the.hyunniverse)_260403,1861968952635729,2026-04-23,AGE_35_44,1103,203,3,1.48,0,0,0.00,0,199,KRW
2604_다이트_전환캠페인,(신)_대전_인플방문후기_주사형비만치료제(the.hyunniverse)_260403,1861968952635729,2026-04-23,AGE_45_54,2005,232,2,0.86,0,0,0.00,0,222,KRW
2604_다이트_전환캠페인,(신)_대전_인플방문후기_주사형비만치료제(the.hyunniverse)_260403,1861968952635729,2026-04-23,AGE_55_100,1000,141,1,0.71,0,0,0.00,0,138,KRW
2604_다이트_전환캠페인,(신)_대전_인플방문후기_주사형비만치료제(the.hyunniverse)_260403,1861968952635729,2026-04-23,NONE,0,0,0,0.00,1,0,0.00,0,0,KRW
2603_다이트_전환캠페인,(신)_부평_의료진정보_주사형비만치료제 10년은_260116,1860716092390562,2026-04-23,NONE,0,0,0,0.00,0,0,0.00,0,0,KRW
2604_다이트_전환캠페인,(신)_부평_인플방문후기_건강한다이어트(박고경)_260324,1861276881397074,2026-04-23,NONE,0,0,0,0.00,0,0,0.00,0,0,KRW
2603_다이트_전환캠페인,(신)_부평_인플방문후기_건강한다이어트(박고경)_260324,1860541278478465,2026-04-23,NONE,0,0,0,0.00,0,0,0.00,0,0,KRW
2604_다이트_전환캠페인,(신)_부평_인플방문후기_밥빵면안당기는원장님(itsmeyuriwon)_260407,1861795578227042,2026-04-23,AGE_35_44,7091,849,1,0.12,0,0,0.00,0,837,KRW
2604_다이트_전환캠페인,(신)_부평_인플방문후기_밥빵면안당기는원장님(itsmeyuriwon)_260407,1861795578227042,2026-04-23,AGE_45_54,5345,621,4,0.64,0,0,0.00,0,614,KRW
2604_다이트_전환캠페인,(신)_부평_인플방문후기_밥빵면안당기는원장님(itsmeyuriwon)_260407,1861795578227042,2026-04-23,AGE_55_100,3177,429,2,0.47,0,0,0.00,0,423,KRW
2604_다이트_전환캠페인,(신)_부평_인플방문후기_밥빵면안당기는원장님(itsmeyuriwon)_260407,1861795578227042,2026-04-23,NONE,34,3,0,0.00,0,0,0.00,0,0,KRW
2604_다이트_전환캠페인,(신)_부평_인플방문후기_주사형비만치료제(the.hyunniverse)_260403,1861968247570690,2026-04-23,AGE_35_44,9398,1630,3,0.18,0,0,0.00,0,1583,KRW
2604_다이트_전환캠페인,(신)_부평_인플방문후기_주사형비만치료제(the.hyunniverse)_260403,1861968247570690,2026-04-23,AGE_45_54,11765,1360,4,0.29,0,0,0.00,0,1315,KRW
2604_다이트_전환캠페인,(신)_부평_인플방문후기_주사형비만치료제(the.hyunniverse)_260403,1861968247570690,2026-04-23,AGE_55_100,7384,973,1,0.10,0,0,0.00,0,944,KRW
2604_다이트_전환캠페인,(신)_부평_인플방문후기_주사형비만치료제(the.hyunniverse)_260403,1861968247570690,2026-04-23,NONE,50,6,0,0.00,0,0,0.00,0,0,KRW
2603_다이트_전환캠페인,(신)_서울_의료진정보_주사형비만치료제 10년은_260116,1861074376185921,2026-04-23,NONE,0,0,0,0.00,0,0,0.00,0,0,KRW
2604_다이트_전환캠페인,(신)_서울_인플방문후기_밥빵면안당기는원장님(itsmeyuriwon)_260407,1861792943047986,2026-04-23,AGE_35_44,1562,92,2,2.17,0,0,0.00,0,88,KRW
2604_다이트_전환캠페인,(신)_서울_인플방문후기_밥빵면안당기는원장님(itsmeyuriwon)_260407,1861792943047986,2026-04-23,AGE_45_54,1735,70,1,1.43,0,0,0.00,0,69,KRW
2604_다이트_전환캠페인,(신)_서울_인플방문후기_밥빵면안당기는원장님(itsmeyuriwon)_260407,1861792943047986,2026-04-23,AGE_55_100,356,25,1,4.00,0,0,0.00,0,25,KRW
2604_다이트_전환캠페인,(신)_서울_인플방문후기_밥빵면안당기는원장님(itsmeyuriwon)_260407,1861792943047986,2026-04-23,NONE,0,0,0,0.00,0,0,0.00,0,0,KRW
2604_다이트_전환캠페인,(신)_서울_인플방문후기_주사형비만치료제(the.hyunniverse)_260403,1861968379365409,2026-04-23,AGE_35_44,985,126,1,0.79,0,0,0.00,0,119,KRW
2604_다이트_전환캠페인,(신)_서울_인플방문후기_주사형비만치료제(the.hyunniverse)_260403,1861968379365409,2026-04-23,AGE_45_54,2071,209,1,0.48,0,0,0.00,0,184,KRW
2604_다이트_전환캠페인,(신)_서울_인플방문후기_주사형비만치료제(the.hyunniverse)_260403,1861968379365409,2026-04-23,AGE_55_100,1424,117,0,0.00,0,0,0.00,0,114,KRW
2604_다이트_전환캠페인,(신)_서울_인플방문후기_주사형비만치료제(the.hyunniverse)_260403,1861968379365409,2026-04-23,NONE,0,0,0,0.00,0,0,0.00,0,0,KRW
2604_다이트_전환캠페인,(신)_수원_인플방문후기_밥빵면안당기는원장님(itsmeyuriwon)_260407,1861796026692689,2026-04-23,AGE_25_34,3852,1184,6,0.51,0,0,0.00,0,1177,KRW
2604_다이트_전환캠페인,(신)_수원_인플방문후기_밥빵면안당기는원장님(itsmeyuriwon)_260407,1861796026692689,2026-04-23,AGE_35_44,5094,622,4,0.64,0,0,0.00,0,609,KRW
2604_다이트_전환캠페인,(신)_수원_인플방문후기_밥빵면안당기는원장님(itsmeyuriwon)_260407,1861796026692689,2026-04-23,AGE_45_54,4339,492,1,0.20,0,0,0.00,0,481,KRW
2604_다이트_전환캠페인,(신)_수원_인플방문후기_밥빵면안당기는원장님(itsmeyuriwon)_260407,1861796026692689,2026-04-23,AGE_55_100,1393,278,0,0.00,0,0,0.00,0,269,KRW
2604_다이트_전환캠페인,(신)_수원_인플방문후기_밥빵면안당기는원장님(itsmeyuriwon)_260407,1861796026692689,2026-04-23,NONE,0,0,0,0.00,0,0,0.00,0,0,KRW
2604_다이트_전환캠페인,(신)_수원_인플방문후기_주사형비만치료제(the.hyunniverse)_260403,1861426333950193,2026-04-23,AGE_25_34,4328,1692,4,0.24,0,0,0.00,0,1674,KRW
2604_다이트_전환캠페인,(신)_수원_인플방문후기_주사형비만치료제(the.hyunniverse)_260403,1861426333950193,2026-04-23,AGE_35_44,4691,922,1,0.11,0,0,0.00,0,901,KRW
2604_다이트_전환캠페인,(신)_수원_인플방문후기_주사형비만치료제(the.hyunniverse)_260403,1861426333950193,2026-04-23,AGE_45_54,5723,874,2,0.23,0,0,0.00,0,847,KRW
2604_다이트_전환캠페인,(신)_수원_인플방문후기_주사형비만치료제(the.hyunniverse)_260403,1861426333950193,2026-04-23,AGE_55_100,2928,562,2,0.36,0,0,0.00,0,542,KRW
2604_다이트_전환캠페인,(신)_수원_인플방문후기_주사형비만치료제(the.hyunniverse)_260403,1861426333950193,2026-04-23,NONE,22,8,0,0.00,0,0,0.00,0,0,KRW
2603_다이트_전환캠페인,(신)_일산_의료진정보_주사형비만치료제 10년은_260116,1861074540154882,2026-04-23,NONE,0,0,0,0.00,0,0,0.00,0,0,KRW
2604_다이트_전환캠페인,(신)_일산_인플방문후기_밥빵면안당기는원장님(itsmeyuriwon)_260407,1861796100333057,2026-04-23,NONE,0,0,0,0.00,0,0,0.00,0,0,KRW
2604_다이트_전환캠페인,(신)_일산_인플방문후기_주사형비만치료제(the.hyunniverse)_260403,1861968797915602,2026-04-23,AGE_35_44,971,324,0,0.00,0,0,0.00,0,320,KRW
2604_다이트_전환캠페인,(신)_일산_인플방문후기_주사형비만치료제(the.hyunniverse)_260403,1861968797915602,2026-04-23,AGE_45_54,1511,327,1,0.31,0,0,0.00,0,323,KRW
2604_다이트_전환캠페인,(신)_일산_인플방문후기_주사형비만치료제(the.hyunniverse)_260403,1861968797915602,2026-04-23,AGE_55_100,917,214,2,0.93,0,0,0.00,0,212,KRW
2604_다이트_전환캠페인,(신)_일산_인플방문후기_주사형비만치료제(the.hyunniverse)_260403,1861968797915602,2026-04-23,NONE,0,1,0,0.00,0,0,0.00,0,0,KRW
2604_다이트_전환캠페인,(신)_창원_인플방문후기_밥빵면안당기는원장님(itsmeyuriwon)_260407,1861796302859538,2026-04-23,AGE_35_44,4397,493,3,0.61,0,0,0.00,0,461,KRW
2604_다이트_전환캠페인,(신)_창원_인플방문후기_밥빵면안당기는원장님(itsmeyuriwon)_260407,1861796302859538,2026-04-23,AGE_45_54,5445,554,5,0.90,1,5445,20.00,0,512,KRW
2604_다이트_전환캠페인,(신)_창원_인플방문후기_밥빵면안당기는원장님(itsmeyuriwon)_260407,1861796302859538,2026-04-23,AGE_55_100,2417,326,1,0.31,0,0,0.00,0,302,KRW
2604_다이트_전환캠페인,(신)_창원_인플방문후기_밥빵면안당기는원장님(itsmeyuriwon)_260407,1861796302859538,2026-04-23,NONE,35,5,0,0.00,0,0,0.00,0,0,KRW
2604_다이트_전환캠페인,(신)_창원_인플방문후기_주사형비만치료제(the.hyunniverse)_260403,1861427124084770,2026-04-23,NONE,0,0,0,0.00,0,0,0.00,0,0,KRW
2604_다이트_전환캠페인,(신)_천안_의료진정보_주사형비만치료제 10년은_260116,1861279064396242,2026-04-23,AGE_35_44,858,156,0,0.00,0,0,0.00,0,154,KRW
2604_다이트_전환캠페인,(신)_천안_의료진정보_주사형비만치료제 10년은_260116,1861279064396242,2026-04-23,AGE_45_54,930,170,0,0.00,0,0,0.00,0,165,KRW
2604_다이트_전환캠페인,(신)_천안_의료진정보_주사형비만치료제 10년은_260116,1861279064396242,2026-04-23,AGE_55_100,1085,160,0,0.00,0,0,0.00,0,146,KRW
2604_다이트_전환캠페인,(신)_천안_인플방문후기_밥빵면안당기는원장님(itsmeyuriwon)_260407,1861796395517250,2026-04-23,AGE_35_44,2017,324,2,0.62,0,0,0.00,0,314,KRW
2604_다이트_전환캠페인,(신)_천안_인플방문후기_밥빵면안당기는원장님(itsmeyuriwon)_260407,1861796395517250,2026-04-23,AGE_45_54,2290,260,1,0.38,0,0,0.00,0,254,KRW
2604_다이트_전환캠페인,(신)_천안_인플방문후기_밥빵면안당기는원장님(itsmeyuriwon)_260407,1861796395517250,2026-04-23,AGE_55_100,1019,133,0,0.00,0,0,0.00,0,127,KRW
2604_다이트_전환캠페인,(신)_천안_인플방문후기_밥빵면안당기는원장님(itsmeyuriwon)_260407,1861796395517250,2026-04-23,NONE,10,2,0,0.00,0,0,0.00,0,0,KRW
2604_다이트_전환캠페인,(신)_천안_인플방문후기_주사형비만치료제(the.hyunniverse)_260403,1861969033799841,2026-04-23,AGE_35_44,3829,843,1,0.12,0,0,0.00,0,825,KRW
2604_다이트_전환캠페인,(신)_천안_인플방문후기_주사형비만치료제(the.hyunniverse)_260403,1861969033799841,2026-04-23,AGE_45_54,4475,612,1,0.16,0,0,0.00,0,590,KRW
2604_다이트_전환캠페인,(신)_천안_인플방문후기_주사형비만치료제(the.hyunniverse)_260403,1861969033799841,2026-04-23,AGE_55_100,2036,334,2,0.60,0,0,0.00,0,328,KRW
2604_다이트_전환캠페인,(신)_천안_인플방문후기_주사형비만치료제(the.hyunniverse)_260403,1861969033799841,2026-04-23,NONE,33,4,0,0.00,0,0,0.00,0,0,KRW
2604_다이트_전환캠페인,(신)_천안_진료셀프캠_주사형 비만치료제보다 더중요한이것_260120,1861969112559697,2026-04-23,AGE_35_44,0,0,0,0.00,0,0,0.00,0,0,KRW
2604_다이트_전환캠페인,(신)_천안_진료셀프캠_주사형 비만치료제보다 더중요한이것_260120,1861969112559697,2026-04-23,AGE_55_100,0,0,0,0.00,0,0,0.00,0,0,KRW
2604_다이트_전환캠페인,(신)_천안_진료셀프캠_주사형 비만치료제보다 더중요한이것_260120,1861969112559697,2026-04-23,NONE,0,0,0,0.00,0,0,0.00,0,0,KRW
2604_다이트_전환캠페인,"(재)_대구_인플방문후기_건강한다이어트(대구,박고경)_260325",1861278128485793,2026-04-23,AGE_35_44,5182,745,3,0.40,0,0,0.00,0,735,KRW
2604_다이트_전환캠페인,"(재)_대구_인플방문후기_건강한다이어트(대구,박고경)_260325",1861278128485793,2026-04-23,AGE_45_54,3950,508,3,0.59,0,0,0.00,0,497,KRW
2604_다이트_전환캠페인,"(재)_대구_인플방문후기_건강한다이어트(대구,박고경)_260325",1861278128485793,2026-04-23,AGE_55_100,1555,417,0,0.00,0,0,0.00,0,408,KRW
2604_다이트_전환캠페인,"(재)_대구_인플방문후기_건강한다이어트(대구,박고경)_260325",1861278128485793,2026-04-23,NONE,0,0,0,0.00,0,0,0.00,0,0,KRW
2604_다이트_전환캠페인,(재)_대구_인플방문후기_먹고싶은거다먹는(수원잇츠)_260403,1861437815982145,2026-04-23,NONE,0,0,0,0.00,0,0,0.00,0,0,KRW
2604_다이트_전환캠페인,(재)_대구_인플방문후기_연예인다이어트(플랜비)_260416,1862614242718769,2026-04-23,NONE,0,0,0,0.00,0,0,0.00,0,0,KRW
2604_다이트_전환캠페인,(재)_대구_진료셀프캠_50대다이어트대사_260422,1863145537589298,2026-04-23,AGE_35_44,2675,560,2,0.36,0,0,0.00,0,524,KRW
2604_다이트_전환캠페인,(재)_대구_진료셀프캠_50대다이어트대사_260422,1863145537589298,2026-04-23,AGE_45_54,4294,617,1,0.16,0,0,0.00,0,578,KRW
2604_다이트_전환캠페인,(재)_대구_진료셀프캠_50대다이어트대사_260422,1863145537589298,2026-04-23,AGE_55_100,2844,552,0,0.00,0,0,0.00,0,507,KRW
2604_다이트_전환캠페인,(재)_대구_진료셀프캠_50대다이어트대사_260422,1863145537589298,2026-04-23,NONE,4,3,0,0.00,0,0,0.00,0,0,KRW
2604_다이트_전환캠페인,(재)_대구_진료셀프캠_다이어트의적 밥빵면_260407,1861778669641809,2026-04-23,AGE_35_44,7563,538,3,0.56,0,0,0.00,0,523,KRW
2604_다이트_전환캠페인,(재)_대구_진료셀프캠_다이어트의적 밥빵면_260407,1861778669641809,2026-04-23,AGE_45_54,12014,704,6,0.85,1,12014,16.67,0,674,KRW
2604_다이트_전환캠페인,(재)_대구_진료셀프캠_다이어트의적 밥빵면_260407,1861778669641809,2026-04-23,AGE_55_100,7451,460,1,0.22,0,0,0.00,0,445,KRW
2604_다이트_전환캠페인,(재)_대구_진료셀프캠_다이어트의적 밥빵면_260407,1861778669641809,2026-04-23,NONE,106,5,0,0.00,0,0,0.00,0,0,KRW
2604_다이트_전환캠페인,(재)_대구_진료셀프캠_비만주사가놓친것_260414,1862452759074146,2026-04-23,NONE,0,0,0,0.00,0,0,0.00,0,0,KRW
2604_다이트_전환캠페인,(재)_대구_진료셀프캠_비만주사끊고15kg_260326,1861278293422097,2026-04-23,NONE,0,0,0,0.00,0,0,0.00,0,0,KRW
2604_다이트_전환캠페인,(재)_대구_진료셀프캠_비만주사는입만막을뿐_260423,1863252567801041,2026-04-23,AGE_35_44,1726,136,1,0.74,0,0,0.00,0,129,KRW
2604_다이트_전환캠페인,(재)_대구_진료셀프캠_비만주사는입만막을뿐_260423,1863252567801041,2026-04-23,AGE_45_54,1077,118,0,0.00,0,0,0.00,0,118,KRW
2604_다이트_전환캠페인,(재)_대구_진료셀프캠_비만주사는입만막을뿐_260423,1863252567801041,2026-04-23,AGE_55_100,720,90,0,0.00,0,0,0.00,0,89,KRW
2604_다이트_전환캠페인,(재)_대구_진료셀프캠_식욕억제주사실패 마지막_260407,1861779512219682,2026-04-23,AGE_35_44,7932,788,4,0.51,0,0,0.00,0,743,KRW
2604_다이트_전환캠페인,(재)_대구_진료셀프캠_식욕억제주사실패 마지막_260407,1861779512219682,2026-04-23,AGE_45_54,11284,810,10,1.23,0,0,0.00,0,770,KRW
2604_다이트_전환캠페인,(재)_대구_진료셀프캠_식욕억제주사실패 마지막_260407,1861779512219682,2026-04-23,AGE_55_100,5047,511,5,0.98,0,0,0.00,0,490,KRW
2604_다이트_전환캠페인,(재)_대구_진료셀프캠_식욕억제주사실패 마지막_260407,1861779512219682,2026-04-23,NONE,23,3,0,0.00,0,0,0.00,0,0,KRW
2604_다이트_전환캠페인,(재)_대구_진료셀프캠_운동안해도되는_260416,1862612192785601,2026-04-23,AGE_45_54,0,0,0,0.00,0,0,0.00,0,0,KRW
2604_다이트_전환캠페인,(재)_대구_진료셀프캠_운동안해도되는_260416,1862612192785601,2026-04-23,AGE_55_100,0,0,0,0.00,0,0,0.00,0,0,KRW
2604_다이트_전환캠페인,(재)_대구_진료셀프캠_주사형비만치료제 고민끝에 50대부부 -32kg_260225,1861278082187298,2026-04-23,AGE_35_44,5732,653,3,0.46,1,5732,33.33,0,638,KRW
2604_다이트_전환캠페인,(재)_대구_진료셀프캠_주사형비만치료제 고민끝에 50대부부 -32kg_260225,1861278082187298,2026-04-23,AGE_45_54,11915,878,1,0.11,0,0,0.00,0,841,KRW
2604_다이트_전환캠페인,(재)_대구_진료셀프캠_주사형비만치료제 고민끝에 50대부부 -32kg_260225,1861278082187298,2026-04-23,AGE_55_100,8530,659,4,0.61,0,0,0.00,0,629,KRW
2603_다이트_전환캠페인,(재)_대구_진료셀프캠_주사형비만치료제 고민끝에 50대부부 -32kg_260225,1860546064808049,2026-04-23,NONE,0,0,0,0.00,0,0,0.00,0,0,KRW
2604_다이트_전환캠페인,(재)_대구_진료셀프캠_주사형비만치료제 고민끝에 50대부부 -32kg_260225,1861278082187298,2026-04-23,NONE,28,5,0,0.00,0,0,0.00,0,0,KRW
2604_다이트_전환캠페인,"(재)_대전_인플방문후기_건강한다이어트(대전, 박고경)_260406",1861709876075633,2026-04-23,NONE,0,0,0,0.00,0,0,0.00,0,0,KRW
2604_다이트_전환캠페인,(재)_대전_인플방문후기_연예인다이어트(플랜비)_260416,1862614549502162,2026-04-23,NONE,0,0,0,0.00,0,0,0.00,0,0,KRW
2604_다이트_전환캠페인,(재)_대전_진료셀프캠_50대다이어트대사_260422,1863145758279698,2026-04-23,AGE_35_44,269,39,0,0.00,0,0,0.00,0,38,KRW
2604_다이트_전환캠페인,(재)_대전_진료셀프캠_50대다이어트대사_260422,1863145758279698,2026-04-23,AGE_45_54,190,39,0,0.00,0,0,0.00,0,38,KRW
2604_다이트_전환캠페인,(재)_대전_진료셀프캠_50대다이어트대사_260422,1863145758279698,2026-04-23,AGE_55_100,270,47,0,0.00,0,0,0.00,0,46,KRW
2604_다이트_전환캠페인,(재)_대전_진료셀프캠_50대다이어트대사_260422,1863145758279698,2026-04-23,NONE,1,1,0,0.00,0,0,0.00,0,0,KRW
2604_다이트_전환캠페인,(재)_대전_진료셀프캠_다이어트의적 밥빵면_260407,1861776478109986,2026-04-23,AGE_35_44,4492,282,1,0.35,0,0,0.00,0,258,KRW
2604_다이트_전환캠페인,(재)_대전_진료셀프캠_다이어트의적 밥빵면_260407,1861776478109986,2026-04-23,AGE_45_54,8020,379,12,3.17,0,0,0.00,0,350,KRW
2604_다이트_전환캠페인,(재)_대전_진료셀프캠_다이어트의적 밥빵면_260407,1861776478109986,2026-04-23,AGE_55_100,5016,283,1,0.35,0,0,0.00,0,258,KRW
2604_다이트_전환캠페인,(재)_대전_진료셀프캠_다이어트의적 밥빵면_260407,1861776478109986,2026-04-23,NONE,16,3,0,0.00,0,0,0.00,0,0,KRW
2604_다이트_전환캠페인,(재)_대전_진료셀프캠_비만주사는입만막을뿐_260423,1863253376478305,2026-04-23,AGE_35_44,717,41,0,0.00,0,0,0.00,0,41,KRW
2604_다이트_전환캠페인,(재)_대전_진료셀프캠_비만주사는입만막을뿐_260423,1863253376478305,2026-04-23,AGE_45_54,427,46,0,0.00,0,0,0.00,0,46,KRW
2604_다이트_전환캠페인,(재)_대전_진료셀프캠_비만주사는입만막을뿐_260423,1863253376478305,2026-04-23,AGE_55_100,415,68,1,1.47,0,0,0.00,0,68,KRW
2604_다이트_전환캠페인,(재)_대전_진료셀프캠_식욕억제주사실패 마지막_260406,1861708051912898,2026-04-23,NONE,0,0,0,0.00,0,0,0.00,0,0,KRW
2604_다이트_전환캠페인,(재)_대전_진료셀프캠_식욕억제주사실패 마지막_260407,1861779986019442,2026-04-23,AGE_35_44,7244,587,4,0.68,0,0,0.00,0,530,KRW
2604_다이트_전환캠페인,(재)_대전_진료셀프캠_식욕억제주사실패 마지막_260407,1861779986019442,2026-04-23,AGE_45_54,12153,700,9,1.29,0,0,0.00,0,634,KRW
2604_다이트_전환캠페인,(재)_대전_진료셀프캠_식욕억제주사실패 마지막_260407,1861779986019442,2026-04-23,AGE_55_100,4391,322,4,1.24,0,0,0.00,0,283,KRW
2604_다이트_전환캠페인,(재)_대전_진료셀프캠_식욕억제주사실패 마지막_260407,1861779986019442,2026-04-23,NONE,6,2,0,0.00,0,0,0.00,0,0,KRW
2604_다이트_전환캠페인,(재)_대전_진료셀프캠_주사형비만치료제 고민끝에 50대부부 -32kg_260225,1861708178989089,2026-04-23,AGE_35_44,3576,328,2,0.61,0,0,0.00,0,313,KRW
2604_다이트_전환캠페인,(재)_대전_진료셀프캠_주사형비만치료제 고민끝에 50대부부 -32kg_260225,1861708178989089,2026-04-23,AGE_45_54,6538,524,2,0.38,0,0,0.00,0,496,KRW
2604_다이트_전환캠페인,(재)_대전_진료셀프캠_주사형비만치료제 고민끝에 50대부부 -32kg_260225,1861708178989089,2026-04-23,AGE_55_100,6029,453,1,0.22,0,0,0.00,0,430,KRW
2604_다이트_전환캠페인,(재)_대전_진료셀프캠_주사형비만치료제 고민끝에 50대부부 -32kg_260225,1861708178989089,2026-04-23,NONE,57,4,0,0.00,0,0,0.00,0,0,KRW
2604_다이트_전환캠페인,(재)_부평_인플방문후기_연예인다이어트(플랜비)_260416,1862613882586418,2026-04-23,AGE_35_44,2471,441,2,0.45,1,2471,50.00,0,423,KRW
2604_다이트_전환캠페인,(재)_부평_인플방문후기_연예인다이어트(플랜비)_260416,1862613882586418,2026-04-23,AGE_45_54,2186,380,1,0.26,1,2186,100.00,0,369,KRW
2604_다이트_전환캠페인,(재)_부평_인플방문후기_연예인다이어트(플랜비)_260416,1862613882586418,2026-04-23,AGE_55_100,1700,272,1,0.37,0,0,0.00,0,262,KRW
2604_다이트_전환캠페인,(재)_부평_인플방문후기_연예인다이어트(플랜비)_260416,1862613882586418,2026-04-23,NONE,1,4,0,0.00,0,0,0.00,0,0,KRW
2604_다이트_전환캠페인,(재)_부평_진료셀프캠_4050다이어트비밀_260414,1862453369868354,2026-04-23,NONE,0,0,0,0.00,0,0,0.00,0,0,KRW
2604_다이트_전환캠페인,(재)_부평_진료셀프캠_50대다이어트대사_260422,1863145317184529,2026-04-23,AGE_35_44,3398,542,0,0.00,0,0,0.00,0,507,KRW
2604_다이트_전환캠페인,(재)_부평_진료셀프캠_50대다이어트대사_260422,1863145317184529,2026-04-23,AGE_45_54,4672,553,2,0.36,0,0,0.00,0,507,KRW
2604_다이트_전환캠페인,(재)_부평_진료셀프캠_50대다이어트대사_260422,1863145317184529,2026-04-23,AGE_55_100,2360,343,1,0.29,0,0,0.00,0,317,KRW
2604_다이트_전환캠페인,(재)_부평_진료셀프캠_50대다이어트대사_260422,1863145317184529,2026-04-23,NONE,0,1,0,0.00,0,0,0.00,0,0,KRW
2604_다이트_전환캠페인,(재)_부평_진료셀프캠_비만주사가놓친것_260414,1862452531926049,2026-04-23,NONE,0,0,0,0.00,0,0,0.00,0,0,KRW
2603_다이트_전환캠페인,(재)_부평_진료셀프캠_비만주사끊고15kg_260326,1860713378682322,2026-04-23,NONE,0,0,0,0.00,0,0,0.00,0,0,KRW
2604_다이트_전환캠페인,(재)_부평_진료셀프캠_비만주사는입만막을뿐_260423,1863251994014802,2026-04-23,AGE_35_44,5371,760,2,0.26,0,0,0.00,0,744,KRW
2604_다이트_전환캠페인,(재)_부평_진료셀프캠_비만주사는입만막을뿐_260423,1863251994014802,2026-04-23,AGE_45_54,6305,691,0,0.00,0,0,0.00,0,674,KRW
2604_다이트_전환캠페인,(재)_부평_진료셀프캠_비만주사는입만막을뿐_260423,1863251994014802,2026-04-23,AGE_55_100,4197,478,2,0.42,0,0,0.00,0,463,KRW
2604_다이트_전환캠페인,(재)_부평_진료셀프캠_비만주사는입만막을뿐_260423,1863251994014802,2026-04-23,NONE,0,0,0,0.00,0,0,0.00,0,0,KRW
2604_다이트_전환캠페인,(재)_부평_진료셀프캠_식욕억제주사실패 마지막_260407,1861779276638289,2026-04-23,AGE_35_44,25293,2118,8,0.38,2,12646,25.00,0,2003,KRW
2604_다이트_전환캠페인,(재)_부평_진료셀프캠_식욕억제주사실패 마지막_260407,1861779276638289,2026-04-23,AGE_45_54,34667,2143,20,0.93,3,11555,15.00,0,2029,KRW
2604_다이트_전환캠페인,(재)_부평_진료셀프캠_식욕억제주사실패 마지막_260407,1861779276638289,2026-04-23,AGE_55_100,16667,1143,7,0.61,0,0,0.00,0,1058,KRW
2604_다이트_전환캠페인,(재)_부평_진료셀프캠_식욕억제주사실패 마지막_260407,1861779276638289,2026-04-23,NONE,177,10,0,0.00,0,0,0.00,0,0,KRW
2604_다이트_전환캠페인,(재)_부평_진료셀프캠_운동안해도되는_260416,1862612072337410,2026-04-23,AGE_35_44,9192,961,5,0.52,0,0,0.00,0,939,KRW
2604_다이트_전환캠페인,(재)_부평_진료셀프캠_운동안해도되는_260416,1862612072337410,2026-04-23,AGE_45_54,9765,803,6,0.75,1,9765,16.67,0,786,KRW
2604_다이트_전환캠페인,(재)_부평_진료셀프캠_운동안해도되는_260416,1862612072337410,2026-04-23,AGE_55_100,5547,478,2,0.42,0,0,0.00,0,466,KRW
2604_다이트_전환캠페인,(재)_부평_진료셀프캠_운동안해도되는_260416,1862612072337410,2026-04-23,NONE,637,5,0,0.00,0,0,0.00,0,0,KRW
2604_다이트_전환캠페인,(재)_부평_진료셀프캠_주사형비만치료제 고민끝에 50대부부 -32kg_260225,1861276697497633,2026-04-23,NONE,0,0,0,0.00,0,0,0.00,0,0,KRW
2603_다이트_전환캠페인,(재)_부평_진료셀프캠_주사형비만치료제 고민끝에 50대부부 -32kg_260225,1858358875905138,2026-04-23,NONE,0,0,0,0.00,0,0,0.00,0,0,KRW
2603_다이트_전환캠페인,"(재)_서울_인플방문후기_건강한다이어트(서울,박고경)_260325",1860614178390386,2026-04-23,NONE,0,0,0,0.00,0,0,0.00,0,0,KRW
2604_다이트_전환캠페인,(재)_서울_인플방문후기_연예인다이어트(플랜비)_260416,1862611925509122,2026-04-23,AGE_45_54,0,0,0,0.00,0,0,0.00,0,0,KRW
2604_다이트_전환캠페인,(재)_서울_인플방문후기_연예인다이어트(플랜비)_260416,1862611925509122,2026-04-23,AGE_55_100,0,0,0,0.00,0,0,0.00,0,0,KRW
2604_다이트_전환캠페인,(재)_서울_인플방문후기_연예인다이어트(플랜비)_260416,1862611925509122,2026-04-23,NONE,0,0,0,0.00,0,0,0.00,0,0,KRW
2604_다이트_전환캠페인,(재)_서울_진료셀프캠_50대다이어트대사_260422,1863141281578129,2026-04-23,AGE_35_44,1082,104,0,0.00,0,0,0.00,0,101,KRW
2604_다이트_전환캠페인,(재)_서울_진료셀프캠_50대다이어트대사_260422,1863141281578129,2026-04-23,AGE_45_54,2910,171,2,1.17,0,0,0.00,0,159,KRW
2604_다이트_전환캠페인,(재)_서울_진료셀프캠_50대다이어트대사_260422,1863141281578129,2026-04-23,AGE_55_100,941,165,0,0.00,0,0,0.00,0,162,KRW
2604_다이트_전환캠페인,(재)_서울_진료셀프캠_50대다이어트대사_260422,1863141281578129,2026-04-23,NONE,0,1,0,0.00,0,0,0.00,0,0,KRW
2604_다이트_전환캠페인,(재)_서울_진료셀프캠_비만주사가놓친것_260414,1862427431553298,2026-04-23,AGE_35_44,22,5,0,0.00,0,0,0.00,0,5,KRW
2604_다이트_전환캠페인,(재)_서울_진료셀프캠_비만주사가놓친것_260414,1862427431553298,2026-04-23,AGE_45_54,10,3,0,0.00,0,0,0.00,0,3,KRW
2604_다이트_전환캠페인,(재)_서울_진료셀프캠_비만주사가놓친것_260414,1862427431553298,2026-04-23,AGE_55_100,22,9,0,0.00,0,0,0.00,0,7,KRW
2604_다이트_전환캠페인,(재)_서울_진료셀프캠_비만주사가놓친것_260414,1862427431553298,2026-04-23,NONE,0,0,0,0.00,0,0,0.00,0,0,KRW
2604_다이트_전환캠페인,(재)_서울_진료셀프캠_비만주사는입만막을뿐_260423,1863250762937489,2026-04-23,AGE_35_44,414,90,0,0.00,0,0,0.00,0,87,KRW
2604_다이트_전환캠페인,(재)_서울_진료셀프캠_비만주사는입만막을뿐_260423,1863250762937489,2026-04-23,AGE_45_54,1052,158,2,1.27,0,0,0.00,0,153,KRW
2604_다이트_전환캠페인,(재)_서울_진료셀프캠_비만주사는입만막을뿐_260423,1863250762937489,2026-04-23,AGE_55_100,666,178,0,0.00,0,0,0.00,0,175,KRW
2604_다이트_전환캠페인,(재)_서울_진료셀프캠_식욕억제주사실패 마지막_260407,1861778815720546,2026-04-23,AGE_35_44,7782,594,3,0.51,0,0,0.00,0,557,KRW
2604_다이트_전환캠페인,(재)_서울_진료셀프캠_식욕억제주사실패 마지막_260407,1861778815720546,2026-04-23,AGE_45_54,15121,817,17,2.08,1,15121,5.88,0,780,KRW
2604_다이트_전환캠페인,(재)_서울_진료셀프캠_식욕억제주사실패 마지막_260407,1861778815720546,2026-04-23,AGE_55_100,4148,400,6,1.50,1,4148,16.67,0,365,KRW
2604_다이트_전환캠페인,(재)_서울_진료셀프캠_식욕억제주사실패 마지막_260407,1861778815720546,2026-04-23,NONE,8,2,0,0.00,0,0,0.00,0,0,KRW
2604_다이트_전환캠페인,(재)_서울_진료셀프캠_운동안해도되는_260416,1862607904464929,2026-04-23,AGE_35_44,2525,103,4,3.88,0,0,0.00,0,99,KRW
2604_다이트_전환캠페인,(재)_서울_진료셀프캠_운동안해도되는_260416,1862607904464929,2026-04-23,AGE_45_54,3887,119,4,3.36,0,0,0.00,0,116,KRW
2604_다이트_전환캠페인,(재)_서울_진료셀프캠_운동안해도되는_260416,1862607904464929,2026-04-23,AGE_55_100,1416,70,2,2.86,0,0,0.00,0,66,KRW
2604_다이트_전환캠페인,(재)_서울_진료셀프캠_운동안해도되는_260416,1862607904464929,2026-04-23,NONE,0,0,0,0.00,0,0,0.00,0,0,KRW
2604_다이트_전환캠페인,(재)_서울_진료셀프캠_의사가권하지않는4050_260414,1862453122462113,2026-04-23,AGE_35_44,88,24,0,0.00,0,0,0.00,0,24,KRW
2604_다이트_전환캠페인,(재)_서울_진료셀프캠_의사가권하지않는4050_260414,1862453122462113,2026-04-23,AGE_45_54,129,30,1,3.33,0,0,0.00,0,27,KRW
2604_다이트_전환캠페인,(재)_서울_진료셀프캠_의사가권하지않는4050_260414,1862453122462113,2026-04-23,AGE_55_100,294,66,0,0.00,0,0,0.00,0,59,KRW
2604_다이트_전환캠페인,(재)_서울_진료셀프캠_의사가권하지않는4050_260414,1862453122462113,2026-04-23,NONE,0,0,0,0.00,0,0,0.00,0,0,KRW
2604_다이트_전환캠페인,(재)_서울_진료셀프캠_주사형비만치료제 고민끝에 50대부부 -32kg_260225,1861276155386962,2026-04-23,AGE_35_44,3698,294,4,1.36,0,0,0.00,0,289,KRW
2604_다이트_전환캠페인,(재)_서울_진료셀프캠_주사형비만치료제 고민끝에 50대부부 -32kg_260225,1861276155386962,2026-04-23,AGE_45_54,11313,695,14,2.01,0,0,0.00,0,670,KRW
2604_다이트_전환캠페인,(재)_서울_진료셀프캠_주사형비만치료제 고민끝에 50대부부 -32kg_260225,1861276155386962,2026-04-23,AGE_55_100,8165,543,11,2.03,2,4082,18.18,0,523,KRW
2603_다이트_전환캠페인,(재)_서울_진료셀프캠_주사형비만치료제 고민끝에 50대부부 -32kg_260225,1859357641001154,2026-04-23,NONE,0,0,0,0.00,0,0,0.00,0,0,KRW
2604_다이트_전환캠페인,(재)_서울_진료셀프캠_주사형비만치료제 고민끝에 50대부부 -32kg_260225,1861276155386962,2026-04-23,NONE,9,1,0,0.00,0,0,0.00,0,0,KRW
2604_다이트_전환캠페인,(재)_수원_의료진정보_4050나잇살 이유는 여기에_260410,1862064207732210,2026-04-23,AGE_25_34,772,248,1,0.40,0,0,0.00,0,243,KRW
2604_다이트_전환캠페인,(재)_수원_의료진정보_4050나잇살 이유는 여기에_260410,1862064207732210,2026-04-23,AGE_35_44,701,153,1,0.65,0,0,0.00,0,152,KRW
2604_다이트_전환캠페인,(재)_수원_의료진정보_4050나잇살 이유는 여기에_260410,1862064207732210,2026-04-23,AGE_45_54,724,157,0,0.00,0,0,0.00,0,153,KRW
2604_다이트_전환캠페인,(재)_수원_의료진정보_4050나잇살 이유는 여기에_260410,1862064207732210,2026-04-23,AGE_55_100,632,137,0,0.00,0,0,0.00,0,129,KRW
2604_다이트_전환캠페인,(재)_수원_의료진정보_4050나잇살 이유는 여기에_260410,1862064207732210,2026-04-23,NONE,0,0,0,0.00,0,0,0.00,0,0,KRW
2603_다이트_전환캠페인,"(재)_수원_인플방문후기_건강한다이어트(수원,박고경)_260325",1860614554255474,2026-04-23,NONE,0,0,0,0.00,0,0,0.00,0,0,KRW
2604_다이트_전환캠페인,(재)_수원_인플방문후기_연예인다이어트(플랜비)_260416,1862613961447426,2026-04-23,NONE,0,0,0,0.00,0,0,0.00,0,0,KRW
2604_다이트_전환캠페인,(재)_수원_진료셀프캠_50대다이어트대사_260422,1863144745203025,2026-04-23,AGE_25_34,2887,706,1,0.14,0,0,0.00,0,665,KRW
2604_다이트_전환캠페인,(재)_수원_진료셀프캠_50대다이어트대사_260422,1863144745203025,2026-04-23,AGE_35_44,6009,912,0,0.00,0,0,0.00,0,813,KRW
2604_다이트_전환캠페인,(재)_수원_진료셀프캠_50대다이어트대사_260422,1863144745203025,2026-04-23,AGE_45_54,9431,1133,6,0.53,0,0,0.00,0,981,KRW
2604_다이트_전환캠페인,(재)_수원_진료셀프캠_50대다이어트대사_260422,1863144745203025,2026-04-23,AGE_55_100,4310,773,4,0.52,0,0,0.00,0,666,KRW
2604_다이트_전환캠페인,(재)_수원_진료셀프캠_50대다이어트대사_260422,1863144745203025,2026-04-23,NONE,54,3,0,0.00,0,0,0.00,0,0,KRW
2604_다이트_전환캠페인,(재)_수원_진료셀프캠_비만주사는입만막을뿐_260423,1863252126952065,2026-04-23,AGE_25_34,1644,517,1,0.19,0,0,0.00,0,517,KRW
2604_다이트_전환캠페인,(재)_수원_진료셀프캠_비만주사는입만막을뿐_260423,1863252126952065,2026-04-23,AGE_35_44,2329,434,0,0.00,0,0,0.00,0,432,KRW
2604_다이트_전환캠페인,(재)_수원_진료셀프캠_비만주사는입만막을뿐_260423,1863252126952065,2026-04-23,AGE_45_54,3071,424,1,0.24,0,0,0.00,0,419,KRW
2604_다이트_전환캠페인,(재)_수원_진료셀프캠_비만주사는입만막을뿐_260423,1863252126952065,2026-04-23,AGE_55_100,2197,311,1,0.32,0,0,0.00,0,309,KRW
2604_다이트_전환캠페인,(재)_수원_진료셀프캠_비만주사없이 체질_260320,1861277107797025,2026-04-23,NONE,0,0,0,0.00,0,0,0.00,0,0,KRW
2604_다이트_전환캠페인,(재)_수원_진료셀프캠_식욕억제주사실패 마지막_260407,1861779341060274,2026-04-23,AGE_25_34,4522,663,3,0.45,0,0,0.00,0,641,KRW
2604_다이트_전환캠페인,(재)_수원_진료셀프캠_식욕억제주사실패 마지막_260407,1861779341060274,2026-04-23,AGE_35_44,9643,822,3,0.36,0,0,0.00,0,779,KRW
2604_다이트_전환캠페인,(재)_수원_진료셀프캠_식욕억제주사실패 마지막_260407,1861779341060274,2026-04-23,AGE_45_54,14581,1029,6,0.58,0,0,0.00,0,974,KRW
2604_다이트_전환캠페인,(재)_수원_진료셀프캠_식욕억제주사실패 마지막_260407,1861779341060274,2026-04-23,AGE_55_100,7359,560,3,0.54,0,0,0.00,0,510,KRW
2604_다이트_전환캠페인,(재)_수원_진료셀프캠_식욕억제주사실패 마지막_260407,1861779341060274,2026-04-23,NONE,4,2,0,0.00,0,0,0.00,0,0,KRW
2604_다이트_전환캠페인,(재)_수원_진료셀프캠_운동안해도되는_260416,1862612144893169,2026-04-23,AGE_25_34,4508,773,5,0.65,0,0,0.00,0,755,KRW
2604_다이트_전환캠페인,(재)_수원_진료셀프캠_운동안해도되는_260416,1862612144893169,2026-04-23,AGE_35_44,6949,649,0,0.00,0,0,0.00,0,618,KRW
2604_다이트_전환캠페인,(재)_수원_진료셀프캠_운동안해도되는_260416,1862612144893169,2026-04-23,AGE_45_54,9644,688,3,0.44,0,0,0.00,0,653,KRW
2604_다이트_전환캠페인,(재)_수원_진료셀프캠_운동안해도되는_260416,1862612144893169,2026-04-23,AGE_55_100,5009,379,3,0.79,0,0,0.00,0,360,KRW
2604_다이트_전환캠페인,(재)_수원_진료셀프캠_운동안해도되는_260416,1862612144893169,2026-04-23,NONE,25,3,0,0.00,0,0,0.00,0,0,KRW
2604_다이트_전환캠페인,(재)_일산_의료진정보_무작정운동으로 팩폭_260406,1861709552021505,2026-04-23,NONE,0,0,0,0.00,0,0,0.00,0,0,KRW
2604_다이트_전환캠페인,(재)_일산_인플방문후기_맘껏먹는 다이어트 한달후기_260306,1861277479159890,2026-04-23,AGE_35_44,2129,354,2,0.56,0,0,0.00,0,348,KRW
2604_다이트_전환캠페인,(재)_일산_인플방문후기_맘껏먹는 다이어트 한달후기_260306,1861277479159890,2026-04-23,AGE_45_54,2097,277,1,0.36,0,0,0.00,0,275,KRW
2604_다이트_전환캠페인,(재)_일산_인플방문후기_맘껏먹는 다이어트 한달후기_260306,1861277479159890,2026-04-23,AGE_55_100,980,159,0,0.00,0,0,0.00,0,158,KRW
2603_다이트_전환캠페인,(재)_일산_인플방문후기_맘껏먹는 다이어트 한달후기_260306,1858833441334273,2026-04-23,NONE,0,0,0,0.00,0,0,0.00,0,0,KRW
2604_다이트_전환캠페인,(재)_일산_인플방문후기_맘껏먹는 다이어트 한달후기_260306,1861277479159890,2026-04-23,NONE,1,3,0,0.00,0,0,0.00,0,0,KRW
2604_다이트_전환캠페인,(재)_일산_인플방문후기_먹고싶은거다먹는(수원잇츠)_260403,1861437881987106,2026-04-23,AGE_35_44,247,52,1,1.92,0,0,0.00,0,51,KRW
2604_다이트_전환캠페인,(재)_일산_인플방문후기_먹고싶은거다먹는(수원잇츠)_260403,1861437881987106,2026-04-23,AGE_45_54,340,56,0,0.00,0,0,0.00,0,56,KRW
2604_다이트_전환캠페인,(재)_일산_인플방문후기_먹고싶은거다먹는(수원잇츠)_260403,1861437881987106,2026-04-23,AGE_55_100,373,51,1,1.96,0,0,0.00,0,51,KRW
2604_다이트_전환캠페인,(재)_일산_인플방문후기_연예인다이어트(일산 플랜비)_260416,1862614105575633,2026-04-23,AGE_35_44,1642,387,0,0.00,0,0,0.00,0,379,KRW
2604_다이트_전환캠페인,(재)_일산_인플방문후기_연예인다이어트(일산 플랜비)_260416,1862614105575633,2026-04-23,AGE_45_54,3339,467,0,0.00,0,0,0.00,0,459,KRW
2604_다이트_전환캠페인,(재)_일산_인플방문후기_연예인다이어트(일산 플랜비)_260416,1862614105575633,2026-04-23,AGE_55_100,2538,465,0,0.00,0,0,0.00,0,458,KRW
2604_다이트_전환캠페인,(재)_일산_인플방문후기_연예인다이어트(일산 플랜비)_260416,1862614105575633,2026-04-23,NONE,83,5,0,0.00,0,0,0.00,0,0,KRW
2604_다이트_전환캠페인,(재)_일산_진료셀프캠_50대다이어트대사_260422,1863145439744049,2026-04-23,AGE_35_44,2486,496,1,0.20,0,0,0.00,0,487,KRW
2604_다이트_전환캠페인,(재)_일산_진료셀프캠_50대다이어트대사_260422,1863145439744049,2026-04-23,AGE_45_54,3314,462,2,0.43,0,0,0.00,0,454,KRW
2604_다이트_전환캠페인,(재)_일산_진료셀프캠_50대다이어트대사_260422,1863145439744049,2026-04-23,AGE_55_100,1563,338,0,0.00,0,0,0.00,0,330,KRW
2604_다이트_전환캠페인,(재)_일산_진료셀프캠_50대다이어트대사_260422,1863145439744049,2026-04-23,NONE,15,6,0,0.00,2,7,0.00,0,0,KRW
2604_다이트_전환캠페인,(재)_일산_진료셀프캠_비만주사가놓친것_260414,1862452684235121,2026-04-23,NONE,0,0,0,0.00,0,0,0.00,0,0,KRW
2604_다이트_전환캠페인,(재)_일산_진료셀프캠_비만주사는입만막을뿐_260423,1863252482871297,2026-04-23,AGE_35_44,1464,532,1,0.19,0,0,0.00,0,528,KRW
2604_다이트_전환캠페인,(재)_일산_진료셀프캠_비만주사는입만막을뿐_260423,1863252482871297,2026-04-23,AGE_45_54,2086,526,0,0.00,0,0,0.00,0,524,KRW
2604_다이트_전환캠페인,(재)_일산_진료셀프캠_비만주사는입만막을뿐_260423,1863252482871297,2026-04-23,AGE_55_100,1728,416,1,0.24,0,0,0.00,0,412,KRW
2604_다이트_전환캠페인,(재)_일산_진료셀프캠_비만주사는입만막을뿐_260423,1863252482871297,2026-04-23,NONE,6,1,0,0.00,0,0,0.00,0,0,KRW
2604_다이트_전환캠페인,(재)_일산_진료셀프캠_식욕억제주사실패 마지막_260407,1861779422527666,2026-04-23,AGE_35_44,7088,657,5,0.76,0,0,0.00,0,641,KRW
2604_다이트_전환캠페인,(재)_일산_진료셀프캠_식욕억제주사실패 마지막_260407,1861779422527666,2026-04-23,AGE_45_54,14081,910,11,1.21,0,0,0.00,0,873,KRW
2604_다이트_전환캠페인,(재)_일산_진료셀프캠_식욕억제주사실패 마지막_260407,1861779422527666,2026-04-23,AGE_55_100,11210,578,5,0.87,1,11210,20.00,0,555,KRW
2604_다이트_전환캠페인,(재)_일산_진료셀프캠_식욕억제주사실패 마지막_260407,1861779422527666,2026-04-23,NONE,10,5,0,0.00,0,0,0.00,0,0,KRW
2604_다이트_전환캠페인,(재)_일산_진료셀프캠_운동안해도되는_260416,1862612254235649,2026-04-23,AGE_35_44,1086,140,0,0.00,0,0,0.00,0,139,KRW
2604_다이트_전환캠페인,(재)_일산_진료셀프캠_운동안해도되는_260416,1862612254235649,2026-04-23,AGE_45_54,1148,123,1,0.81,0,0,0.00,0,121,KRW
2604_다이트_전환캠페인,(재)_일산_진료셀프캠_운동안해도되는_260416,1862612254235649,2026-04-23,AGE_55_100,498,78,1,1.28,0,0,0.00,0,75,KRW
2604_다이트_전환캠페인,(재)_일산_진료셀프캠_운동안해도되는_260416,1862612254235649,2026-04-23,NONE,0,0,0,0.00,0,0,0.00,0,0,KRW
2604_다이트_전환캠페인,(재)_창원_의료진정보_무작정운동으로 팩폭_260406,1861709359069201,2026-04-23,NONE,0,0,0,0.00,0,0,0.00,0,0,KRW
2604_다이트_전환캠페인,"(재)_창원_인플방문후기_건강한다이어트(창원,박고경)_260325",1861278731680866,2026-04-23,NONE,0,0,0,0.00,0,0,0.00,0,0,KRW
2604_다이트_전환캠페인,(재)_창원_인플방문후기_먹고싶은거다먹는(수원잇츠)_260403,1861437705571345,2026-04-23,AGE_35_44,1880,263,1,0.38,0,0,0.00,0,236,KRW
2604_다이트_전환캠페인,(재)_창원_인플방문후기_먹고싶은거다먹는(수원잇츠)_260403,1861437705571345,2026-04-23,AGE_45_54,1785,335,1,0.30,0,0,0.00,0,297,KRW
2604_다이트_전환캠페인,(재)_창원_인플방문후기_먹고싶은거다먹는(수원잇츠)_260403,1861437705571345,2026-04-23,AGE_55_100,1240,307,1,0.33,0,0,0.00,0,284,KRW
2604_다이트_전환캠페인,(재)_창원_인플방문후기_먹고싶은거다먹는(수원잇츠)_260403,1861437705571345,2026-04-23,NONE,0,0,0,0.00,0,0,0.00,0,0,KRW
2604_다이트_전환캠페인,(재)_창원_인플방문후기_연예인다이어트(플랜비)_260416,1862614349846529,2026-04-23,AGE_55_100,0,0,0,0.00,0,0,0.00,0,0,KRW
2604_다이트_전환캠페인,(재)_창원_인플방문후기_연예인다이어트(플랜비)_260416,1862614349846529,2026-04-23,NONE,0,0,0,0.00,0,0,0.00,0,0,KRW
2604_다이트_전환캠페인,(재)_창원_진료셀프캠_50대다이어트대사_260422,1863145585749009,2026-04-23,AGE_35_44,3920,566,1,0.18,0,0,0.00,0,484,KRW
2604_다이트_전환캠페인,(재)_창원_진료셀프캠_50대다이어트대사_260422,1863145585749009,2026-04-23,AGE_45_54,6078,801,2,0.25,0,0,0.00,0,687,KRW
2604_다이트_전환캠페인,(재)_창원_진료셀프캠_50대다이어트대사_260422,1863145585749009,2026-04-23,AGE_55_100,4780,621,2,0.32,0,0,0.00,0,540,KRW
2604_다이트_전환캠페인,(재)_창원_진료셀프캠_50대다이어트대사_260422,1863145585749009,2026-04-23,NONE,92,3,0,0.00,0,0,0.00,0,0,KRW
2604_다이트_전환캠페인,(재)_창원_진료셀프캠_비만주사가놓친것_260414,1862452830171329,2026-04-23,NONE,0,0,0,0.00,0,0,0.00,0,0,KRW
2604_다이트_전환캠페인,(재)_창원_진료셀프캠_비만주사는입만막을뿐_260423,1863252701617361,2026-04-23,AGE_35_44,1313,201,1,0.50,0,0,0.00,0,200,KRW
2604_다이트_전환캠페인,(재)_창원_진료셀프캠_비만주사는입만막을뿐_260423,1863252701617361,2026-04-23,AGE_45_54,2641,285,1,0.35,0,0,0.00,0,285,KRW
2604_다이트_전환캠페인,(재)_창원_진료셀프캠_비만주사는입만막을뿐_260423,1863252701617361,2026-04-23,AGE_55_100,1263,197,0,0.00,0,0,0.00,0,193,KRW
2604_다이트_전환캠페인,(재)_창원_진료셀프캠_비만주사는입만막을뿐_260423,1863252701617361,2026-04-23,NONE,1,1,0,0.00,0,0,0.00,0,0,KRW
2604_다이트_전환캠페인,(재)_창원_진료셀프캠_식욕억제주사실패 마지막_260407,1861779402873057,2026-04-23,AGE_35_44,13586,1145,9,0.79,2,6793,22.22,0,1042,KRW
2604_다이트_전환캠페인,(재)_창원_진료셀프캠_식욕억제주사실패 마지막_260407,1861779402873057,2026-04-23,AGE_45_54,34466,1897,17,0.90,2,17233,11.76,0,1656,KRW
2604_다이트_전환캠페인,(재)_창원_진료셀프캠_식욕억제주사실패 마지막_260407,1861779402873057,2026-04-23,AGE_55_100,16523,1205,8,0.66,0,0,0.00,0,995,KRW
2604_다이트_전환캠페인,(재)_창원_진료셀프캠_식욕억제주사실패 마지막_260407,1861779402873057,2026-04-23,NONE,29,9,0,0.00,0,0,0.00,0,0,KRW
2604_다이트_전환캠페인,(재)_창원_진료셀프캠_운동안해도되는_260416,1862612192812097,2026-04-23,AGE_35_44,7257,578,2,0.35,0,0,0.00,0,526,KRW
2604_다이트_전환캠페인,(재)_창원_진료셀프캠_운동안해도되는_260416,1862612192812097,2026-04-23,AGE_45_54,17350,916,1,0.11,0,0,0.00,0,809,KRW
2604_다이트_전환캠페인,(재)_창원_진료셀프캠_운동안해도되는_260416,1862612192812097,2026-04-23,AGE_55_100,6874,573,4,0.70,0,0,0.00,0,504,KRW
2604_다이트_전환캠페인,(재)_창원_진료셀프캠_운동안해도되는_260416,1862612192812097,2026-04-23,NONE,16,1,0,0.00,0,0,0.00,0,0,KRW
2603_다이트_전환캠페인,(재)_창원_진료셀프캠_주사형비만치료제 고민끝에 50대부부 -32kg_260225,1860546141013361,2026-04-23,NONE,0,0,0,0.00,0,0,0.00,0,0,KRW
2604_다이트_전환캠페인,(재)_창원_진료셀프캠_주사형비만치료제 고민끝에 50대부부 -32kg_260225,1861278292523041,2026-04-23,NONE,0,0,0,0.00,0,0,0.00,0,0,KRW
2603_다이트_전환캠페인,"(재)_천안_인플방문후기_건강한다이어트(천안, 박고경)_260325",1860615057904689,2026-04-23,NONE,0,0,0,0.00,0,0,0.00,0,0,KRW
2604_다이트_전환캠페인,(재)_천안_진료셀프캠_50대다이어트대사_260422,1863145660596401,2026-04-23,AGE_35_44,585,90,0,0.00,0,0,0.00,0,89,KRW
2604_다이트_전환캠페인,(재)_천안_진료셀프캠_50대다이어트대사_260422,1863145660596401,2026-04-23,AGE_45_54,871,84,0,0.00,0,0,0.00,0,82,KRW
2604_다이트_전환캠페인,(재)_천안_진료셀프캠_50대다이어트대사_260422,1863145660596401,2026-04-23,AGE_55_100,212,54,0,0.00,0,0,0.00,0,51,KRW
2604_다이트_전환캠페인,(재)_천안_진료셀프캠_50대다이어트대사_260422,1863145660596401,2026-04-23,NONE,2,1,0,0.00,0,0,0.00,0,0,KRW
2604_다이트_전환캠페인,(재)_천안_진료셀프캠_비만주사는입만막을뿐_260423,1863252775614561,2026-04-23,AGE_35_44,712,104,0,0.00,0,0,0.00,0,104,KRW
2604_다이트_전환캠페인,(재)_천안_진료셀프캠_비만주사는입만막을뿐_260423,1863252775614561,2026-04-23,AGE_45_54,887,106,0,0.00,0,0,0.00,0,105,KRW
2604_다이트_전환캠페인,(재)_천안_진료셀프캠_비만주사는입만막을뿐_260423,1863252775614561,2026-04-23,AGE_55_100,214,72,0,0.00,0,0,0.00,0,72,KRW
2604_다이트_전환캠페인,(재)_천안_진료셀프캠_식욕억제주사실패 마지막_260407,1861779883450610,2026-04-23,AGE_35_44,10689,949,9,0.95,0,0,0.00,0,875,KRW
2604_다이트_전환캠페인,(재)_천안_진료셀프캠_식욕억제주사실패 마지막_260407,1861779883450610,2026-04-23,AGE_45_54,18567,1145,17,1.48,0,0,0.00,0,1032,KRW
2604_다이트_전환캠페인,(재)_천안_진료셀프캠_식욕억제주사실패 마지막_260407,1861779883450610,2026-04-23,AGE_55_100,7027,398,6,1.51,0,0,0.00,0,364,KRW
2604_다이트_전환캠페인,(재)_천안_진료셀프캠_식욕억제주사실패 마지막_260407,1861779883450610,2026-04-23,NONE,0,0,0,0.00,0,0,0.00,0,0,KRW
2604_다이트_전환캠페인,(재)_천안_진료셀프캠_운동안해도되는_260416,1862612464960546,2026-04-23,AGE_35_44,2008,282,2,0.71,0,0,0.00,0,280,KRW
2604_다이트_전환캠페인,(재)_천안_진료셀프캠_운동안해도되는_260416,1862612464960546,2026-04-23,AGE_45_54,2558,230,1,0.43,0,0,0.00,0,221,KRW
2604_다이트_전환캠페인,(재)_천안_진료셀프캠_운동안해도되는_260416,1862612464960546,2026-04-23,AGE_55_100,567,90,1,1.11,0,0,0.00,0,87,KRW
2604_다이트_전환캠페인,(재)_천안_진료셀프캠_운동안해도되는_260416,1862612464960546,2026-04-23,NONE,0,0,0,0.00,0,0,0.00,0,0,KRW
2604_다이트_전환캠페인,(재)_천안_진료셀프캠_의사가권하지않는4050_260414,1862454115509297,2026-04-23,AGE_35_44,0,0,0,0.00,0,0,0.00,0,0,KRW
2604_다이트_전환캠페인,(재)_천안_진료셀프캠_주사형비만치료제 고민끝에 50대부부 -32kg_260225,1861968142031009,2026-04-23,NONE,0,0,0,0.00,0,0,0.00,0,0,KRW
2604_다이트_전환캠페인,(신)_대구_의료진정보_주사형비만치료제 10년은_260116,1861278242108689,2026-04-24,NONE,0,0,0,0.00,0,0,0.00,0,0,KRW
2603_다이트_전환캠페인,(신)_대구_인플방문후기_먹으면서 다이어트(대읽남)_251017,1858362316758178,2026-04-24,NONE,0,0,0,0.00,0,0,0.00,0,0,KRW
2604_다이트_전환캠페인,(신)_대구_인플방문후기_밥빵면안당기는원장님(itsmeyuriwon)_260407,1861796218051601,2026-04-24,AGE_35_44,1393,257,3,1.17,0,0,0.00,0,246,KRW
2604_다이트_전환캠페인,(신)_대구_인플방문후기_밥빵면안당기는원장님(itsmeyuriwon)_260407,1861796218051601,2026-04-24,AGE_45_54,1899,233,1,0.43,0,0,0.00,0,229,KRW
2604_다이트_전환캠페인,(신)_대구_인플방문후기_밥빵면안당기는원장님(itsmeyuriwon)_260407,1861796218051601,2026-04-24,AGE_55_100,1031,192,1,0.52,0,0,0.00,0,189,KRW
2604_다이트_전환캠페인,(신)_대구_인플방문후기_밥빵면안당기는원장님(itsmeyuriwon)_260407,1861796218051601,2026-04-24,NONE,0,0,0,0.00,0,0,0.00,0,0,KRW
2604_다이트_전환캠페인,(신)_대구_인플방문후기_주사형비만치료제(the.hyunniverse)_260403,1861968872286353,2026-04-24,NONE,0,0,0,0.00,0,0,0.00,0,0,KRW
2604_다이트_전환캠페인,(신)_대전_인플방문후기_밥빵면안당기는원장님(itsmeyuriwon)_260407,1861796462367905,2026-04-24,AGE_35_44,2091,137,1,0.73,0,0,0.00,0,132,KRW
2604_다이트_전환캠페인,(신)_대전_인플방문후기_밥빵면안당기는원장님(itsmeyuriwon)_260407,1861796462367905,2026-04-24,AGE_45_54,2165,129,1,0.78,0,0,0.00,0,128,KRW
2604_다이트_전환캠페인,(신)_대전_인플방문후기_밥빵면안당기는원장님(itsmeyuriwon)_260407,1861796462367905,2026-04-24,AGE_55_100,826,104,1,0.96,0,0,0.00,0,102,KRW
2604_다이트_전환캠페인,(신)_대전_인플방문후기_주사형비만치료제(the.hyunniverse)_260403,1861968952635729,2026-04-24,AGE_35_44,1851,298,0,0.00,0,0,0.00,0,281,KRW
2604_다이트_전환캠페인,(신)_대전_인플방문후기_주사형비만치료제(the.hyunniverse)_260403,1861968952635729,2026-04-24,AGE_45_54,3630,328,0,0.00,0,0,0.00,0,295,KRW
2604_다이트_전환캠페인,(신)_대전_인플방문후기_주사형비만치료제(the.hyunniverse)_260403,1861968952635729,2026-04-24,AGE_55_100,1807,218,0,0.00,0,0,0.00,0,208,KRW
2604_다이트_전환캠페인,(신)_부평_의료진정보_주사형비만치료제 10년은_260116,1861276817166401,2026-04-24,NONE,0,0,0,0.00,0,0,0.00,0,0,KRW
2604_다이트_전환캠페인,(신)_부평_인플방문후기_건강한다이어트(박고경)_260324,1861276881397074,2026-04-24,NONE,0,0,0,0.00,0,0,0.00,0,0,KRW
2604_다이트_전환캠페인,(신)_부평_인플방문후기_밥빵면안당기는원장님(itsmeyuriwon)_260407,1861795578227042,2026-04-24,AGE_35_44,8009,905,6,0.66,0,0,0.00,0,877,KRW
2604_다이트_전환캠페인,(신)_부평_인플방문후기_밥빵면안당기는원장님(itsmeyuriwon)_260407,1861795578227042,2026-04-24,AGE_45_54,8173,749,11,1.47,1,8173,9.09,0,722,KRW
2604_다이트_전환캠페인,(신)_부평_인플방문후기_밥빵면안당기는원장님(itsmeyuriwon)_260407,1861795578227042,2026-04-24,AGE_55_100,4130,489,1,0.20,0,0,0.00,0,471,KRW
2604_다이트_전환캠페인,(신)_부평_인플방문후기_밥빵면안당기는원장님(itsmeyuriwon)_260407,1861795578227042,2026-04-24,NONE,0,0,0,0.00,0,0,0.00,0,0,KRW
2604_다이트_전환캠페인,(신)_부평_인플방문후기_주사형비만치료제(the.hyunniverse)_260403,1861968247570690,2026-04-24,AGE_35_44,9439,1718,4,0.23,1,9439,25.00,0,1658,KRW
2604_다이트_전환캠페인,(신)_부평_인플방문후기_주사형비만치료제(the.hyunniverse)_260403,1861968247570690,2026-04-24,AGE_45_54,14282,1492,10,0.67,0,0,0.00,0,1406,KRW
2604_다이트_전환캠페인,(신)_부평_인플방문후기_주사형비만치료제(the.hyunniverse)_260403,1861968247570690,2026-04-24,AGE_55_100,10058,1184,0,0.00,0,0,0.00,0,1110,KRW
2604_다이트_전환캠페인,(신)_부평_인플방문후기_주사형비만치료제(the.hyunniverse)_260403,1861968247570690,2026-04-24,NONE,44,4,0,0.00,0,0,0.00,0,0,KRW
2604_다이트_전환캠페인,(신)_서울_인플방문후기_밥빵면안당기는원장님(itsmeyuriwon)_260407,1861792943047986,2026-04-24,AGE_35_44,1369,85,1,1.18,0,0,0.00,0,84,KRW
2604_다이트_전환캠페인,(신)_서울_인플방문후기_밥빵면안당기는원장님(itsmeyuriwon)_260407,1861792943047986,2026-04-24,AGE_45_54,1942,95,2,2.11,0,0,0.00,0,93,KRW
2604_다이트_전환캠페인,(신)_서울_인플방문후기_밥빵면안당기는원장님(itsmeyuriwon)_260407,1861792943047986,2026-04-24,AGE_55_100,991,47,2,4.26,0,0,0.00,0,46,KRW
2604_다이트_전환캠페인,(신)_서울_인플방문후기_밥빵면안당기는원장님(itsmeyuriwon)_260407,1861792943047986,2026-04-24,NONE,3,1,0,0.00,0,0,0.00,0,0,KRW
2604_다이트_전환캠페인,(신)_서울_인플방문후기_주사형비만치료제(the.hyunniverse)_260403,1861968379365409,2026-04-24,AGE_35_44,1696,159,0,0.00,0,0,0.00,0,151,KRW
2604_다이트_전환캠페인,(신)_서울_인플방문후기_주사형비만치료제(the.hyunniverse)_260403,1861968379365409,2026-04-24,AGE_45_54,2025,245,1,0.41,0,0,0.00,0,228,KRW
2604_다이트_전환캠페인,(신)_서울_인플방문후기_주사형비만치료제(the.hyunniverse)_260403,1861968379365409,2026-04-24,AGE_55_100,1767,180,1,0.56,0,0,0.00,0,168,KRW
2604_다이트_전환캠페인,(신)_서울_인플방문후기_주사형비만치료제(the.hyunniverse)_260403,1861968379365409,2026-04-24,NONE,4,1,0,0.00,0,0,0.00,0,0,KRW
2604_다이트_전환캠페인,(신)_수원_인플방문후기_밥빵면안당기는원장님(itsmeyuriwon)_260407,1861796026692689,2026-04-24,AGE_25_34,1683,383,0,0.00,0,0,0.00,0,379,KRW
2604_다이트_전환캠페인,(신)_수원_인플방문후기_밥빵면안당기는원장님(itsmeyuriwon)_260407,1861796026692689,2026-04-24,AGE_35_44,2476,216,0,0.00,0,0,0.00,0,213,KRW
2604_다이트_전환캠페인,(신)_수원_인플방문후기_밥빵면안당기는원장님(itsmeyuriwon)_260407,1861796026692689,2026-04-24,AGE_45_54,2556,175,3,1.71,0,0,0.00,0,174,KRW
2604_다이트_전환캠페인,(신)_수원_인플방문후기_밥빵면안당기는원장님(itsmeyuriwon)_260407,1861796026692689,2026-04-24,AGE_55_100,1045,119,2,1.68,0,0,0.00,0,118,KRW
2604_다이트_전환캠페인,(신)_수원_인플방문후기_밥빵면안당기는원장님(itsmeyuriwon)_260407,1861796026692689,2026-04-24,NONE,0,0,0,0.00,0,0,0.00,0,0,KRW
2604_다이트_전환캠페인,(신)_수원_인플방문후기_주사형비만치료제(the.hyunniverse)_260403,1861426333950193,2026-04-24,AGE_25_34,3972,1428,3,0.21,0,0,0.00,0,1391,KRW
2604_다이트_전환캠페인,(신)_수원_인플방문후기_주사형비만치료제(the.hyunniverse)_260403,1861426333950193,2026-04-24,AGE_35_44,4942,868,1,0.12,0,0,0.00,0,841,KRW
2604_다이트_전환캠페인,(신)_수원_인플방문후기_주사형비만치료제(the.hyunniverse)_260403,1861426333950193,2026-04-24,AGE_45_54,5469,773,1,0.13,0,0,0.00,0,745,KRW
2604_다이트_전환캠페인,(신)_수원_인플방문후기_주사형비만치료제(the.hyunniverse)_260403,1861426333950193,2026-04-24,AGE_55_100,4279,566,3,0.53,0,0,0.00,0,535,KRW
2604_다이트_전환캠페인,(신)_수원_인플방문후기_주사형비만치료제(the.hyunniverse)_260403,1861426333950193,2026-04-24,NONE,9,4,0,0.00,0,0,0.00,0,0,KRW
2604_다이트_전환캠페인,(신)_일산_인플방문후기_밥빵면안당기는원장님(itsmeyuriwon)_260407,1861796100333057,2026-04-24,NONE,0,0,0,0.00,0,0,0.00,0,0,KRW
2604_다이트_전환캠페인,(신)_일산_인플방문후기_주사형비만치료제(the.hyunniverse)_260403,1861968797915602,2026-04-24,AGE_35_44,1543,434,1,0.23,0,0,0.00,0,430,KRW
2604_다이트_전환캠페인,(신)_일산_인플방문후기_주사형비만치료제(the.hyunniverse)_260403,1861968797915602,2026-04-24,AGE_45_54,2584,400,1,0.25,1,2584,100.00,0,397,KRW
2604_다이트_전환캠페인,(신)_일산_인플방문후기_주사형비만치료제(the.hyunniverse)_260403,1861968797915602,2026-04-24,AGE_55_100,1579,273,1,0.37,0,0,0.00,0,271,KRW
2604_다이트_전환캠페인,(신)_일산_인플방문후기_주사형비만치료제(the.hyunniverse)_260403,1861968797915602,2026-04-24,NONE,7,1,0,0.00,0,0,0.00,0,0,KRW
2603_다이트_전환캠페인,(신)_창원_의료진정보_주사형비만치료제 10년은_260116,1861074964856914,2026-04-24,NONE,0,0,0,0.00,0,0,0.00,0,0,KRW
2604_다이트_전환캠페인,(신)_창원_인플방문후기_밥빵면안당기는원장님(itsmeyuriwon)_260407,1861796302859538,2026-04-24,AGE_35_44,7860,834,3,0.36,0,0,0.00,0,739,KRW
2604_다이트_전환캠페인,(신)_창원_인플방문후기_밥빵면안당기는원장님(itsmeyuriwon)_260407,1861796302859538,2026-04-24,AGE_45_54,13556,1003,8,0.80,0,0,0.00,0,875,KRW
2604_다이트_전환캠페인,(신)_창원_인플방문후기_밥빵면안당기는원장님(itsmeyuriwon)_260407,1861796302859538,2026-04-24,AGE_55_100,5996,551,5,0.91,0,0,0.00,0,503,KRW
2604_다이트_전환캠페인,(신)_창원_인플방문후기_밥빵면안당기는원장님(itsmeyuriwon)_260407,1861796302859538,2026-04-24,NONE,47,4,1,25.00,0,0,0.00,0,0,KRW
2604_다이트_전환캠페인,(신)_창원_인플방문후기_주사형비만치료제(the.hyunniverse)_260403,1861427124084770,2026-04-24,NONE,0,0,0,0.00,0,0,0.00,0,0,KRW
2604_다이트_전환캠페인,(신)_천안_의료진정보_주사형비만치료제 10년은_260116,1861279064396242,2026-04-24,AGE_35_44,1704,344,0,0.00,0,0,0.00,0,329,KRW
2604_다이트_전환캠페인,(신)_천안_의료진정보_주사형비만치료제 10년은_260116,1861279064396242,2026-04-24,AGE_45_54,2662,361,3,0.83,0,0,0.00,0,346,KRW
2604_다이트_전환캠페인,(신)_천안_의료진정보_주사형비만치료제 10년은_260116,1861279064396242,2026-04-24,AGE_55_100,2619,362,0,0.00,0,0,0.00,0,339,KRW
2604_다이트_전환캠페인,(신)_천안_의료진정보_주사형비만치료제 10년은_260116,1861279064396242,2026-04-24,NONE,5,2,0,0.00,0,0,0.00,0,0,KRW
2603_다이트_전환캠페인,(신)_천안_의료진정보_주사형비만치료제 10년은_260116,1861074704982066,2026-04-24,NONE,0,0,0,0.00,0,0,0.00,0,0,KRW
2604_다이트_전환캠페인,(신)_천안_인플방문후기_밥빵면안당기는원장님(itsmeyuriwon)_260407,1861796395517250,2026-04-24,AGE_35_44,4162,377,5,1.33,2,2081,40.00,0,362,KRW
2604_다이트_전환캠페인,(신)_천안_인플방문후기_밥빵면안당기는원장님(itsmeyuriwon)_260407,1861796395517250,2026-04-24,AGE_45_54,3462,271,2,0.74,0,0,0.00,0,260,KRW
2604_다이트_전환캠페인,(신)_천안_인플방문후기_밥빵면안당기는원장님(itsmeyuriwon)_260407,1861796395517250,2026-04-24,AGE_55_100,1810,147,1,0.68,0,0,0.00,0,139,KRW
2604_다이트_전환캠페인,(신)_천안_인플방문후기_밥빵면안당기는원장님(itsmeyuriwon)_260407,1861796395517250,2026-04-24,NONE,0,0,0,0.00,0,0,0.00,0,0,KRW
2604_다이트_전환캠페인,(신)_천안_인플방문후기_주사형비만치료제(the.hyunniverse)_260403,1861969033799841,2026-04-24,AGE_35_44,4214,906,1,0.11,0,0,0.00,0,865,KRW
2604_다이트_전환캠페인,(신)_천안_인플방문후기_주사형비만치료제(the.hyunniverse)_260403,1861969033799841,2026-04-24,AGE_45_54,5200,604,2,0.33,0,0,0.00,0,569,KRW
2604_다이트_전환캠페인,(신)_천안_인플방문후기_주사형비만치료제(the.hyunniverse)_260403,1861969033799841,2026-04-24,AGE_55_100,3092,358,0,0.00,0,0,0.00,0,333,KRW
2604_다이트_전환캠페인,(신)_천안_인플방문후기_주사형비만치료제(the.hyunniverse)_260403,1861969033799841,2026-04-24,NONE,2,2,0,0.00,0,0,0.00,0,0,KRW
2604_다이트_전환캠페인,(신)_천안_진료셀프캠_주사형 비만치료제보다 더중요한이것_260120,1861969112559697,2026-04-24,AGE_35_44,0,0,0,0.00,0,0,0.00,0,0,KRW
2604_다이트_전환캠페인,(신)_천안_진료셀프캠_주사형 비만치료제보다 더중요한이것_260120,1861969112559697,2026-04-24,AGE_45_54,0,0,0,0.00,0,0,0.00,0,0,KRW
2604_다이트_전환캠페인,(신)_천안_진료셀프캠_주사형 비만치료제보다 더중요한이것_260120,1861969112559697,2026-04-24,NONE,0,0,0,0.00,0,0,0.00,0,0,KRW
2604_다이트_전환캠페인,"(재)_대구_인플방문후기_건강한다이어트(대구,박고경)_260325",1861278128485793,2026-04-24,AGE_35_44,6769,900,8,0.89,0,0,0.00,0,876,KRW
2604_다이트_전환캠페인,"(재)_대구_인플방문후기_건강한다이어트(대구,박고경)_260325",1861278128485793,2026-04-24,AGE_45_54,6450,681,5,0.73,0,0,0.00,0,649,KRW
2604_다이트_전환캠페인,"(재)_대구_인플방문후기_건강한다이어트(대구,박고경)_260325",1861278128485793,2026-04-24,AGE_55_100,2837,537,0,0.00,0,0,0.00,0,518,KRW
2604_다이트_전환캠페인,"(재)_대구_인플방문후기_건강한다이어트(대구,박고경)_260325",1861278128485793,2026-04-24,NONE,0,0,0,0.00,0,0,0.00,0,0,KRW
2604_다이트_전환캠페인,(재)_대구_인플방문후기_연예인다이어트(플랜비)_260416,1862614242718769,2026-04-24,NONE,0,0,0,0.00,0,0,0.00,0,0,KRW
2604_다이트_전환캠페인,(재)_대구_진료셀프캠_50대다이어트대사_260422,1863145537589298,2026-04-24,AGE_35_44,2995,562,1,0.18,0,0,0.00,0,518,KRW
2604_다이트_전환캠페인,(재)_대구_진료셀프캠_50대다이어트대사_260422,1863145537589298,2026-04-24,AGE_45_54,6030,501,1,0.20,0,0,0.00,0,479,KRW
2604_다이트_전환캠페인,(재)_대구_진료셀프캠_50대다이어트대사_260422,1863145537589298,2026-04-24,AGE_55_100,2798,477,0,0.00,0,0,0.00,0,446,KRW
2604_다이트_전환캠페인,(재)_대구_진료셀프캠_다이어트의적 밥빵면_260407,1861778669641809,2026-04-24,AGE_35_44,7043,841,6,0.71,0,0,0.00,0,787,KRW
2604_다이트_전환캠페인,(재)_대구_진료셀프캠_다이어트의적 밥빵면_260407,1861778669641809,2026-04-24,AGE_45_54,19615,1154,13,1.13,0,0,0.00,0,1084,KRW
2604_다이트_전환캠페인,(재)_대구_진료셀프캠_다이어트의적 밥빵면_260407,1861778669641809,2026-04-24,AGE_55_100,16353,1004,10,1.00,0,0,0.00,0,938,KRW
2604_다이트_전환캠페인,(재)_대구_진료셀프캠_다이어트의적 밥빵면_260407,1861778669641809,2026-04-24,NONE,11,2,0,0.00,0,0,0.00,0,0,KRW
2604_다이트_전환캠페인,(재)_대구_진료셀프캠_비만주사는입만막을뿐_260423,1863252567801041,2026-04-24,AGE_35_44,1195,229,0,0.00,0,0,0.00,0,219,KRW
2604_다이트_전환캠페인,(재)_대구_진료셀프캠_비만주사는입만막을뿐_260423,1863252567801041,2026-04-24,AGE_45_54,1292,203,2,0.99,0,0,0.00,0,199,KRW
2604_다이트_전환캠페인,(재)_대구_진료셀프캠_비만주사는입만막을뿐_260423,1863252567801041,2026-04-24,AGE_55_100,913,180,0,0.00,0,0,0.00,0,178,KRW
2604_다이트_전환캠페인,(재)_대구_진료셀프캠_비만주사는입만막을뿐_260423,1863252567801041,2026-04-24,NONE,0,0,0,0.00,0,0,0.00,0,0,KRW
2604_다이트_전환캠페인,(재)_대구_진료셀프캠_식욕억제주사실패 마지막_260407,1861779512219682,2026-04-24,AGE_35_44,8490,883,4,0.45,0,0,0.00,0,824,KRW
2604_다이트_전환캠페인,(재)_대구_진료셀프캠_식욕억제주사실패 마지막_260407,1861779512219682,2026-04-24,AGE_45_54,15712,1069,7,0.65,0,0,0.00,0,956,KRW
2604_다이트_전환캠페인,(재)_대구_진료셀프캠_식욕억제주사실패 마지막_260407,1861779512219682,2026-04-24,AGE_55_100,8844,643,3,0.47,0,0,0.00,0,591,KRW
2604_다이트_전환캠페인,(재)_대구_진료셀프캠_식욕억제주사실패 마지막_260407,1861779512219682,2026-04-24,NONE,5,1,0,0.00,0,0,0.00,0,0,KRW
2604_다이트_전환캠페인,(재)_대구_진료셀프캠_운동안해도되는_260416,1862612192785601,2026-04-24,NONE,0,0,0,0.00,0,0,0.00,0,0,KRW
2604_다이트_전환캠페인,(재)_대구_진료셀프캠_주사형비만치료제 고민끝에 50대부부 -32kg_260225,1861278082187298,2026-04-24,AGE_35_44,6363,791,3,0.38,0,0,0.00,0,756,KRW
2604_다이트_전환캠페인,(재)_대구_진료셀프캠_주사형비만치료제 고민끝에 50대부부 -32kg_260225,1861278082187298,2026-04-24,AGE_45_54,11716,998,3,0.30,0,0,0.00,0,938,KRW
2604_다이트_전환캠페인,(재)_대구_진료셀프캠_주사형비만치료제 고민끝에 50대부부 -32kg_260225,1861278082187298,2026-04-24,AGE_55_100,8251,882,4,0.45,0,0,0.00,0,827,KRW
2604_다이트_전환캠페인,(재)_대구_진료셀프캠_주사형비만치료제 고민끝에 50대부부 -32kg_260225,1861278082187298,2026-04-24,NONE,12,2,0,0.00,0,0,0.00,0,0,KRW
2603_다이트_전환캠페인,(재)_대구_진료셀프캠_주사형비만치료제 고민끝에 50대부부 -32kg_260225,1860546064808049,2026-04-24,NONE,0,0,0,0.00,0,0,0.00,0,0,KRW
2604_다이트_전환캠페인,(재)_대전_인플방문후기_연예인다이어트(플랜비)_260416,1862614549502162,2026-04-24,NONE,0,0,0,0.00,0,0,0.00,0,0,KRW
2604_다이트_전환캠페인,(재)_대전_진료셀프캠_50대다이어트대사_260422,1863145758279698,2026-04-24,AGE_35_44,447,41,0,0.00,0,0,0.00,0,38,KRW
2604_다이트_전환캠페인,(재)_대전_진료셀프캠_50대다이어트대사_260422,1863145758279698,2026-04-24,AGE_45_54,1305,69,1,1.45,0,0,0.00,0,59,KRW
2604_다이트_전환캠페인,(재)_대전_진료셀프캠_50대다이어트대사_260422,1863145758279698,2026-04-24,AGE_55_100,514,60,0,0.00,0,0,0.00,0,58,KRW
2604_다이트_전환캠페인,(재)_대전_진료셀프캠_다이어트의적 밥빵면_260407,1861776478109986,2026-04-24,AGE_35_44,9576,450,4,0.89,1,9576,25.00,0,407,KRW
2604_다이트_전환캠페인,(재)_대전_진료셀프캠_다이어트의적 밥빵면_260407,1861776478109986,2026-04-24,AGE_45_54,16132,737,10,1.36,0,0,0.00,0,673,KRW
2604_다이트_전환캠페인,(재)_대전_진료셀프캠_다이어트의적 밥빵면_260407,1861776478109986,2026-04-24,AGE_55_100,12945,609,10,1.64,1,12945,10.00,0,560,KRW
2604_다이트_전환캠페인,(재)_대전_진료셀프캠_다이어트의적 밥빵면_260407,1861776478109986,2026-04-24,NONE,60,1,0,0.00,0,0,0.00,0,0,KRW
2604_다이트_전환캠페인,(재)_대전_진료셀프캠_비만주사는입만막을뿐_260423,1863253376478305,2026-04-24,AGE_35_44,455,114,0,0.00,0,0,0.00,0,107,KRW
2604_다이트_전환캠페인,(재)_대전_진료셀프캠_비만주사는입만막을뿐_260423,1863253376478305,2026-04-24,AGE_45_54,746,135,0,0.00,0,0,0.00,0,130,KRW
2604_다이트_전환캠페인,(재)_대전_진료셀프캠_비만주사는입만막을뿐_260423,1863253376478305,2026-04-24,AGE_55_100,650,204,0,0.00,0,0,0.00,0,183,KRW
2604_다이트_전환캠페인,(재)_대전_진료셀프캠_식욕억제주사실패 마지막_260406,1861708051912898,2026-04-24,NONE,0,0,0,0.00,0,0,0.00,0,0,KRW
2604_다이트_전환캠페인,(재)_대전_진료셀프캠_식욕억제주사실패 마지막_260407,1861779986019442,2026-04-24,AGE_35_44,9761,703,4,0.57,0,0,0.00,0,605,KRW
2604_다이트_전환캠페인,(재)_대전_진료셀프캠_식욕억제주사실패 마지막_260407,1861779986019442,2026-04-24,AGE_45_54,17165,894,12,1.34,0,0,0.00,0,763,KRW
2604_다이트_전환캠페인,(재)_대전_진료셀프캠_식욕억제주사실패 마지막_260407,1861779986019442,2026-04-24,AGE_55_100,9411,444,7,1.58,1,9411,14.29,0,376,KRW
2604_다이트_전환캠페인,(재)_대전_진료셀프캠_주사형비만치료제 고민끝에 50대부부 -32kg_260225,1861708178989089,2026-04-24,AGE_35_44,4942,513,3,0.58,0,0,0.00,0,486,KRW
2604_다이트_전환캠페인,(재)_대전_진료셀프캠_주사형비만치료제 고민끝에 50대부부 -32kg_260225,1861708178989089,2026-04-24,AGE_45_54,9230,731,4,0.55,0,0,0.00,0,698,KRW
2604_다이트_전환캠페인,(재)_대전_진료셀프캠_주사형비만치료제 고민끝에 50대부부 -32kg_260225,1861708178989089,2026-04-24,AGE_55_100,7909,663,2,0.30,0,0,0.00,0,616,KRW
2604_다이트_전환캠페인,(재)_대전_진료셀프캠_주사형비만치료제 고민끝에 50대부부 -32kg_260225,1861708178989089,2026-04-24,NONE,17,2,0,0.00,0,0,0.00,0,0,KRW
2604_다이트_전환캠페인,(재)_부평_인플방문후기_연예인다이어트(플랜비)_260416,1862613882586418,2026-04-24,AGE_35_44,4315,556,2,0.36,0,0,0.00,0,530,KRW
2604_다이트_전환캠페인,(재)_부평_인플방문후기_연예인다이어트(플랜비)_260416,1862613882586418,2026-04-24,AGE_45_54,4766,485,1,0.21,0,0,0.00,0,461,KRW
2604_다이트_전환캠페인,(재)_부평_인플방문후기_연예인다이어트(플랜비)_260416,1862613882586418,2026-04-24,AGE_55_100,2629,340,1,0.29,0,0,0.00,0,328,KRW
2604_다이트_전환캠페인,(재)_부평_인플방문후기_연예인다이어트(플랜비)_260416,1862613882586418,2026-04-24,NONE,1,3,0,0.00,0,0,0.00,0,0,KRW
2604_다이트_전환캠페인,(재)_부평_진료셀프캠_4050다이어트비밀_260414,1862453369868354,2026-04-24,NONE,0,0,0,0.00,0,0,0.00,0,0,KRW
2604_다이트_전환캠페인,(재)_부평_진료셀프캠_50대다이어트대사_260422,1863145317184529,2026-04-24,AGE_35_44,3470,431,0,0.00,0,0,0.00,0,416,KRW
2604_다이트_전환캠페인,(재)_부평_진료셀프캠_50대다이어트대사_260422,1863145317184529,2026-04-24,AGE_45_54,4217,399,2,0.50,0,0,0.00,0,376,KRW
2604_다이트_전환캠페인,(재)_부평_진료셀프캠_50대다이어트대사_260422,1863145317184529,2026-04-24,AGE_55_100,3207,345,6,1.74,1,3207,16.67,0,321,KRW
2604_다이트_전환캠페인,(재)_부평_진료셀프캠_50대다이어트대사_260422,1863145317184529,2026-04-24,NONE,0,0,0,0.00,0,0,0.00,0,0,KRW
2604_다이트_전환캠페인,(재)_부평_진료셀프캠_비만주사가놓친것_260414,1862452531926049,2026-04-24,NONE,0,0,0,0.00,0,0,0.00,0,0,KRW
2604_다이트_전환캠페인,(재)_부평_진료셀프캠_비만주사는입만막을뿐_260423,1863251994014802,2026-04-24,AGE_35_44,10867,1470,4,0.27,0,0,0.00,0,1269,KRW
2604_다이트_전환캠페인,(재)_부평_진료셀프캠_비만주사는입만막을뿐_260423,1863251994014802,2026-04-24,AGE_45_54,14203,1761,8,0.45,0,0,0.00,0,1464,KRW
2604_다이트_전환캠페인,(재)_부평_진료셀프캠_비만주사는입만막을뿐_260423,1863251994014802,2026-04-24,AGE_55_100,11377,1445,9,0.62,2,5688,22.22,0,1192,KRW
2604_다이트_전환캠페인,(재)_부평_진료셀프캠_비만주사는입만막을뿐_260423,1863251994014802,2026-04-24,NONE,25,4,0,0.00,0,0,0.00,0,0,KRW
2604_다이트_전환캠페인,(재)_부평_진료셀프캠_식욕억제주사실패 마지막_260407,1861779276638289,2026-04-24,AGE_35_44,27941,2490,16,0.64,0,0,0.00,0,2292,KRW
2604_다이트_전환캠페인,(재)_부평_진료셀프캠_식욕억제주사실패 마지막_260407,1861779276638289,2026-04-24,AGE_45_54,53773,2759,28,1.01,3,17924,10.71,0,2519,KRW
2604_다이트_전환캠페인,(재)_부평_진료셀프캠_식욕억제주사실패 마지막_260407,1861779276638289,2026-04-24,AGE_55_100,27878,1523,22,1.44,0,0,0.00,0,1385,KRW
2604_다이트_전환캠페인,(재)_부평_진료셀프캠_식욕억제주사실패 마지막_260407,1861779276638289,2026-04-24,NONE,25,6,0,0.00,0,0,0.00,0,0,KRW
2604_다이트_전환캠페인,(재)_부평_진료셀프캠_운동안해도되는_260416,1862612072337410,2026-04-24,AGE_35_44,11189,1032,3,0.29,0,0,0.00,0,992,KRW
2604_다이트_전환캠페인,(재)_부평_진료셀프캠_운동안해도되는_260416,1862612072337410,2026-04-24,AGE_45_54,14844,984,9,0.91,1,14844,11.11,0,935,KRW
2604_다이트_전환캠페인,(재)_부평_진료셀프캠_운동안해도되는_260416,1862612072337410,2026-04-24,AGE_55_100,9010,612,7,1.14,0,0,0.00,0,580,KRW
2604_다이트_전환캠페인,(재)_부평_진료셀프캠_운동안해도되는_260416,1862612072337410,2026-04-24,NONE,75,2,0,0.00,0,0,0.00,0,0,KRW
2604_다이트_전환캠페인,(재)_부평_진료셀프캠_주사형비만치료제 고민끝에 50대부부 -32kg_260225,1861276697497633,2026-04-24,NONE,0,0,0,0.00,0,0,0.00,0,0,KRW
2603_다이트_전환캠페인,(재)_부평_진료셀프캠_주사형비만치료제 고민끝에 50대부부 -32kg_260225,1858358875905138,2026-04-24,NONE,0,0,0,0.00,0,0,0.00,0,0,KRW
2603_다이트_전환캠페인,(재)_서울_인플방문후기_맘껏먹는 다이어트 한달후기_260306,1858832894864657,2026-04-24,NONE,0,0,0,0.00,0,0,0.00,0,0,KRW
2604_다이트_전환캠페인,(재)_서울_인플방문후기_먹고싶은거다먹는(수원잇츠)_260403,1861438096695922,2026-04-24,NONE,0,0,0,0.00,0,0,0.00,0,0,KRW
2604_다이트_전환캠페인,(재)_서울_인플방문후기_연예인다이어트(플랜비)_260416,1862611925509122,2026-04-24,AGE_35_44,0,0,0,0.00,0,0,0.00,0,0,KRW
2604_다이트_전환캠페인,(재)_서울_인플방문후기_연예인다이어트(플랜비)_260416,1862611925509122,2026-04-24,AGE_55_100,0,0,0,0.00,0,0,0.00,0,0,KRW
2604_다이트_전환캠페인,(재)_서울_인플방문후기_연예인다이어트(플랜비)_260416,1862611925509122,2026-04-24,NONE,0,0,0,0.00,0,0,0.00,0,0,KRW
2604_다이트_전환캠페인,(재)_서울_진료셀프캠_50대다이어트대사_260422,1863141281578129,2026-04-24,AGE_35_44,691,94,0,0.00,0,0,0.00,0,90,KRW
2604_다이트_전환캠페인,(재)_서울_진료셀프캠_50대다이어트대사_260422,1863141281578129,2026-04-24,AGE_45_54,2404,160,0,0.00,0,0,0.00,0,145,KRW
2604_다이트_전환캠페인,(재)_서울_진료셀프캠_50대다이어트대사_260422,1863141281578129,2026-04-24,AGE_55_100,1903,192,1,0.52,0,0,0.00,0,182,KRW
2604_다이트_전환캠페인,(재)_서울_진료셀프캠_50대다이어트대사_260422,1863141281578129,2026-04-24,NONE,2,1,0,0.00,0,0,0.00,0,0,KRW
2604_다이트_전환캠페인,(재)_서울_진료셀프캠_비만주사가놓친것_260414,1862427431553298,2026-04-24,AGE_35_44,21,4,0,0.00,0,0,0.00,0,4,KRW
2604_다이트_전환캠페인,(재)_서울_진료셀프캠_비만주사가놓친것_260414,1862427431553298,2026-04-24,AGE_45_54,4,1,0,0.00,0,0,0.00,0,1,KRW
2604_다이트_전환캠페인,(재)_서울_진료셀프캠_비만주사가놓친것_260414,1862427431553298,2026-04-24,AGE_55_100,46,11,1,9.09,0,0,0.00,0,11,KRW
2604_다이트_전환캠페인,(재)_서울_진료셀프캠_비만주사가놓친것_260414,1862427431553298,2026-04-24,NONE,0,0,0,0.00,0,0,0.00,0,0,KRW
2604_다이트_전환캠페인,(재)_서울_진료셀프캠_비만주사는입만막을뿐_260423,1863250762937489,2026-04-24,AGE_35_44,910,228,0,0.00,0,0,0.00,0,200,KRW
2604_다이트_전환캠페인,(재)_서울_진료셀프캠_비만주사는입만막을뿐_260423,1863250762937489,2026-04-24,AGE_45_54,1592,356,0,0.00,0,0,0.00,0,325,KRW
2604_다이트_전환캠페인,(재)_서울_진료셀프캠_비만주사는입만막을뿐_260423,1863250762937489,2026-04-24,AGE_55_100,2183,486,0,0.00,0,0,0.00,0,424,KRW
2604_다이트_전환캠페인,(재)_서울_진료셀프캠_비만주사는입만막을뿐_260423,1863250762937489,2026-04-24,NONE,6,2,0,0.00,0,0,0.00,0,0,KRW
2604_다이트_전환캠페인,(재)_서울_진료셀프캠_식욕억제주사실패 마지막_260407,1861778815720546,2026-04-24,AGE_35_44,8753,617,7,1.13,0,0,0.00,0,576,KRW
2604_다이트_전환캠페인,(재)_서울_진료셀프캠_식욕억제주사실패 마지막_260407,1861778815720546,2026-04-24,AGE_45_54,18582,1004,13,1.29,0,0,0.00,0,915,KRW
2604_다이트_전환캠페인,(재)_서울_진료셀프캠_식욕억제주사실패 마지막_260407,1861778815720546,2026-04-24,AGE_55_100,8955,580,7,1.21,0,0,0.00,0,518,KRW
2604_다이트_전환캠페인,(재)_서울_진료셀프캠_식욕억제주사실패 마지막_260407,1861778815720546,2026-04-24,NONE,39,3,0,0.00,0,0,0.00,0,0,KRW
2604_다이트_전환캠페인,(재)_서울_진료셀프캠_운동안해도되는_260416,1862607904464929,2026-04-24,AGE_35_44,795,50,1,2.00,0,0,0.00,0,48,KRW
2604_다이트_전환캠페인,(재)_서울_진료셀프캠_운동안해도되는_260416,1862607904464929,2026-04-24,AGE_45_54,1939,88,3,3.41,0,0,0.00,0,83,KRW
2604_다이트_전환캠페인,(재)_서울_진료셀프캠_운동안해도되는_260416,1862607904464929,2026-04-24,AGE_55_100,1354,42,3,7.14,0,0,0.00,0,40,KRW
2604_다이트_전환캠페인,(재)_서울_진료셀프캠_운동안해도되는_260416,1862607904464929,2026-04-24,NONE,36,1,0,0.00,0,0,0.00,0,0,KRW
2604_다이트_전환캠페인,(재)_서울_진료셀프캠_의사가권하지않는4050_260414,1862453122462113,2026-04-24,AGE_35_44,83,22,0,0.00,0,0,0.00,0,20,KRW
2604_다이트_전환캠페인,(재)_서울_진료셀프캠_의사가권하지않는4050_260414,1862453122462113,2026-04-24,AGE_45_54,510,32,0,0.00,0,0,0.00,0,30,KRW
2604_다이트_전환캠페인,(재)_서울_진료셀프캠_의사가권하지않는4050_260414,1862453122462113,2026-04-24,AGE_55_100,336,72,1,1.39,0,0,0.00,0,69,KRW
2604_다이트_전환캠페인,(재)_서울_진료셀프캠_의사가권하지않는4050_260414,1862453122462113,2026-04-24,NONE,100,1,0,0.00,0,0,0.00,0,0,KRW
2604_다이트_전환캠페인,(재)_서울_진료셀프캠_주사형비만치료제 고민끝에 50대부부 -32kg_260225,1861276155386962,2026-04-24,AGE_35_44,3948,351,1,0.28,0,0,0.00,0,333,KRW
2604_다이트_전환캠페인,(재)_서울_진료셀프캠_주사형비만치료제 고민끝에 50대부부 -32kg_260225,1861276155386962,2026-04-24,AGE_45_54,13568,830,10,1.20,0,0,0.00,0,787,KRW
2604_다이트_전환캠페인,(재)_서울_진료셀프캠_주사형비만치료제 고민끝에 50대부부 -32kg_260225,1861276155386962,2026-04-24,AGE_55_100,12005,853,9,1.06,0,0,0.00,0,794,KRW
2604_다이트_전환캠페인,(재)_서울_진료셀프캠_주사형비만치료제 고민끝에 50대부부 -32kg_260225,1861276155386962,2026-04-24,NONE,0,0,0,0.00,0,0,0.00,0,0,KRW
2604_다이트_전환캠페인,(재)_수원_의료진정보_4050나잇살 이유는 여기에_260410,1862064207732210,2026-04-24,AGE_25_34,1289,231,1,0.43,0,0,0.00,0,220,KRW
2604_다이트_전환캠페인,(재)_수원_의료진정보_4050나잇살 이유는 여기에_260410,1862064207732210,2026-04-24,AGE_35_44,644,144,0,0.00,0,0,0.00,0,131,KRW
2604_다이트_전환캠페인,(재)_수원_의료진정보_4050나잇살 이유는 여기에_260410,1862064207732210,2026-04-24,AGE_45_54,886,145,0,0.00,0,0,0.00,0,138,KRW
2604_다이트_전환캠페인,(재)_수원_의료진정보_4050나잇살 이유는 여기에_260410,1862064207732210,2026-04-24,AGE_55_100,1009,140,0,0.00,0,0,0.00,0,130,KRW
2604_다이트_전환캠페인,(재)_수원_의료진정보_4050나잇살 이유는 여기에_260410,1862064207732210,2026-04-24,NONE,8,3,0,0.00,0,0,0.00,0,0,KRW
2604_다이트_전환캠페인,(재)_수원_의료진정보_무작정운동으로 팩폭_260406,1861709615890674,2026-04-24,NONE,0,0,0,0.00,0,0,0.00,0,0,KRW
2603_다이트_전환캠페인,"(재)_수원_인플방문후기_건강한다이어트(수원,박고경)_260325",1860614554255474,2026-04-24,NONE,0,0,0,0.00,0,0,0.00,0,0,KRW
2604_다이트_전환캠페인,"(재)_수원_인플방문후기_건강한다이어트(수원,박고경)_260325",1861277190081841,2026-04-24,NONE,0,0,0,0.00,0,0,0.00,0,0,KRW
2604_다이트_전환캠페인,(재)_수원_인플방문후기_먹고싶은거다먹는(수원잇츠)_260403,1861437972025618,2026-04-24,NONE,0,0,0,0.00,0,0,0.00,0,0,KRW
2604_다이트_전환캠페인,(재)_수원_인플방문후기_연예인다이어트(플랜비)_260416,1862613961447426,2026-04-24,AGE_45_54,0,0,0,0.00,0,0,0.00,0,0,KRW
2604_다이트_전환캠페인,(재)_수원_인플방문후기_연예인다이어트(플랜비)_260416,1862613961447426,2026-04-24,NONE,0,0,0,0.00,0,0,0.00,0,0,KRW
2604_다이트_전환캠페인,(재)_수원_진료셀프캠_50대다이어트대사_260422,1863144745203025,2026-04-24,AGE_25_34,2633,642,2,0.31,0,0,0.00,0,602,KRW
2604_다이트_전환캠페인,(재)_수원_진료셀프캠_50대다이어트대사_260422,1863144745203025,2026-04-24,AGE_35_44,4143,541,2,0.37,0,0,0.00,0,497,KRW
2604_다이트_전환캠페인,(재)_수원_진료셀프캠_50대다이어트대사_260422,1863144745203025,2026-04-24,AGE_45_54,6242,619,6,0.97,0,0,0.00,0,566,KRW
2604_다이트_전환캠페인,(재)_수원_진료셀프캠_50대다이어트대사_260422,1863144745203025,2026-04-24,AGE_55_100,3319,358,2,0.56,0,0,0.00,0,331,KRW
2604_다이트_전환캠페인,(재)_수원_진료셀프캠_50대다이어트대사_260422,1863144745203025,2026-04-24,NONE,56,5,0,0.00,0,0,0.00,0,0,KRW
2604_다이트_전환캠페인,(재)_수원_진료셀프캠_비만주사는입만막을뿐_260423,1863252126952065,2026-04-24,AGE_25_34,6751,1087,5,0.46,0,0,0.00,0,937,KRW
2604_다이트_전환캠페인,(재)_수원_진료셀프캠_비만주사는입만막을뿐_260423,1863252126952065,2026-04-24,AGE_35_44,14157,1821,6,0.33,0,0,0.00,0,1458,KRW
2604_다이트_전환캠페인,(재)_수원_진료셀프캠_비만주사는입만막을뿐_260423,1863252126952065,2026-04-24,AGE_45_54,26841,2245,7,0.31,0,0,0.00,0,1778,KRW
2604_다이트_전환캠페인,(재)_수원_진료셀프캠_비만주사는입만막을뿐_260423,1863252126952065,2026-04-24,AGE_55_100,13253,1393,4,0.29,0,0,0.00,0,1101,KRW
2604_다이트_전환캠페인,(재)_수원_진료셀프캠_비만주사는입만막을뿐_260423,1863252126952065,2026-04-24,NONE,3,1,0,0.00,0,0,0.00,0,0,KRW
2604_다이트_전환캠페인,(재)_수원_진료셀프캠_비만주사없이 체질_260320,1861277107797025,2026-04-24,NONE,0,0,0,0.00,0,0,0.00,0,0,KRW
2603_다이트_전환캠페인,(재)_수원_진료셀프캠_비만주사없이 체질_260320,1860263832597618,2026-04-24,NONE,0,0,0,0.00,0,0,0.00,0,0,KRW
2604_다이트_전환캠페인,(재)_수원_진료셀프캠_식욕억제주사실패 마지막_260407,1861779341060274,2026-04-24,AGE_25_34,4397,622,1,0.16,0,0,0.00,0,587,KRW
2604_다이트_전환캠페인,(재)_수원_진료셀프캠_식욕억제주사실패 마지막_260407,1861779341060274,2026-04-24,AGE_35_44,10836,897,5,0.56,0,0,0.00,0,841,KRW
2604_다이트_전환캠페인,(재)_수원_진료셀프캠_식욕억제주사실패 마지막_260407,1861779341060274,2026-04-24,AGE_45_54,23129,1240,8,0.65,0,0,0.00,0,1123,KRW
2604_다이트_전환캠페인,(재)_수원_진료셀프캠_식욕억제주사실패 마지막_260407,1861779341060274,2026-04-24,AGE_55_100,15332,754,12,1.59,1,15332,8.33,0,669,KRW
2604_다이트_전환캠페인,(재)_수원_진료셀프캠_식욕억제주사실패 마지막_260407,1861779341060274,2026-04-24,NONE,58,4,0,0.00,0,0,0.00,0,0,KRW
2604_다이트_전환캠페인,(재)_수원_진료셀프캠_운동안해도되는_260416,1862612144893169,2026-04-24,AGE_25_34,5796,802,5,0.62,0,0,0.00,0,762,KRW
2604_다이트_전환캠페인,(재)_수원_진료셀프캠_운동안해도되는_260416,1862612144893169,2026-04-24,AGE_35_44,8569,688,3,0.44,0,0,0.00,0,636,KRW
2604_다이트_전환캠페인,(재)_수원_진료셀프캠_운동안해도되는_260416,1862612144893169,2026-04-24,AGE_45_54,12058,736,4,0.54,0,0,0.00,0,675,KRW
2604_다이트_전환캠페인,(재)_수원_진료셀프캠_운동안해도되는_260416,1862612144893169,2026-04-24,AGE_55_100,7774,461,5,1.08,0,0,0.00,0,408,KRW
2604_다이트_전환캠페인,(재)_수원_진료셀프캠_운동안해도되는_260416,1862612144893169,2026-04-24,NONE,5,3,0,0.00,0,0,0.00,0,0,KRW
2604_다이트_전환캠페인,(재)_수원_진료셀프캠_의사가권하지않는4050_260414,1862453880112178,2026-04-24,NONE,0,0,0,0.00,0,0,0.00,0,0,KRW
2604_다이트_전환캠페인,(재)_일산_의료진정보_무작정운동으로 팩폭_260406,1861709552021505,2026-04-24,NONE,0,0,0,0.00,0,0,0.00,0,0,KRW
2604_다이트_전환캠페인,(재)_일산_인플방문후기_맘껏먹는 다이어트 한달후기_260306,1861277479159890,2026-04-24,AGE_35_44,3663,463,0,0.00,0,0,0.00,0,450,KRW
2604_다이트_전환캠페인,(재)_일산_인플방문후기_맘껏먹는 다이어트 한달후기_260306,1861277479159890,2026-04-24,AGE_45_54,4766,384,2,0.52,0,0,0.00,0,368,KRW
2604_다이트_전환캠페인,(재)_일산_인플방문후기_맘껏먹는 다이어트 한달후기_260306,1861277479159890,2026-04-24,AGE_55_100,1370,206,1,0.49,0,0,0.00,0,201,KRW
2604_다이트_전환캠페인,(재)_일산_인플방문후기_맘껏먹는 다이어트 한달후기_260306,1861277479159890,2026-04-24,NONE,4,1,0,0.00,0,0,0.00,0,0,KRW
2603_다이트_전환캠페인,(재)_일산_인플방문후기_맘껏먹는 다이어트 한달후기_260306,1858833441334273,2026-04-24,NONE,0,0,0,0.00,0,0,0.00,0,0,KRW
2604_다이트_전환캠페인,(재)_일산_인플방문후기_먹고싶은거다먹는(수원잇츠)_260403,1861437881987106,2026-04-24,AGE_35_44,385,86,0,0.00,0,0,0.00,0,82,KRW
2604_다이트_전환캠페인,(재)_일산_인플방문후기_먹고싶은거다먹는(수원잇츠)_260403,1861437881987106,2026-04-24,AGE_45_54,471,79,0,0.00,0,0,0.00,0,78,KRW
2604_다이트_전환캠페인,(재)_일산_인플방문후기_먹고싶은거다먹는(수원잇츠)_260403,1861437881987106,2026-04-24,AGE_55_100,478,75,1,1.33,0,0,0.00,0,75,KRW
2604_다이트_전환캠페인,(재)_일산_인플방문후기_먹고싶은거다먹는(수원잇츠)_260403,1861437881987106,2026-04-24,NONE,0,0,0,0.00,0,0,0.00,0,0,KRW
2604_다이트_전환캠페인,(재)_일산_인플방문후기_연예인다이어트(일산 플랜비)_260416,1862614105575633,2026-04-24,AGE_35_44,2985,436,1,0.23,0,0,0.00,0,421,KRW
2604_다이트_전환캠페인,(재)_일산_인플방문후기_연예인다이어트(일산 플랜비)_260416,1862614105575633,2026-04-24,AGE_45_54,2602,444,0,0.00,0,0,0.00,0,420,KRW
2604_다이트_전환캠페인,(재)_일산_인플방문후기_연예인다이어트(일산 플랜비)_260416,1862614105575633,2026-04-24,AGE_55_100,2884,513,3,0.58,0,0,0.00,0,495,KRW
2604_다이트_전환캠페인,(재)_일산_인플방문후기_연예인다이어트(일산 플랜비)_260416,1862614105575633,2026-04-24,NONE,3,4,0,0.00,0,0,0.00,0,0,KRW
2604_다이트_전환캠페인,(재)_일산_진료셀프캠_50대다이어트대사_260422,1863145439744049,2026-04-24,AGE_35_44,1073,222,0,0.00,0,0,0.00,0,218,KRW
2604_다이트_전환캠페인,(재)_일산_진료셀프캠_50대다이어트대사_260422,1863145439744049,2026-04-24,AGE_45_54,2569,240,0,0.00,0,0,0.00,0,229,KRW
2604_다이트_전환캠페인,(재)_일산_진료셀프캠_50대다이어트대사_260422,1863145439744049,2026-04-24,AGE_55_100,1274,175,0,0.00,0,0,0.00,0,170,KRW
2604_다이트_전환캠페인,(재)_일산_진료셀프캠_50대다이어트대사_260422,1863145439744049,2026-04-24,NONE,6,5,0,0.00,0,0,0.00,0,0,KRW
2604_다이트_전환캠페인,(재)_일산_진료셀프캠_비만주사가놓친것_260414,1862452684235121,2026-04-24,NONE,0,0,0,0.00,0,0,0.00,0,0,KRW
2603_다이트_전환캠페인,(재)_일산_진료셀프캠_비만주사끊고15kg_260326,1860714059403745,2026-04-24,NONE,0,0,0,0.00,0,0,0.00,0,0,KRW
2604_다이트_전환캠페인,(재)_일산_진료셀프캠_비만주사는입만막을뿐_260423,1863252482871297,2026-04-24,AGE_35_44,3744,1868,4,0.21,0,0,0.00,0,1768,KRW
2604_다이트_전환캠페인,(재)_일산_진료셀프캠_비만주사는입만막을뿐_260423,1863252482871297,2026-04-24,AGE_45_54,6431,1963,1,0.05,0,0,0.00,0,1856,KRW
2604_다이트_전환캠페인,(재)_일산_진료셀프캠_비만주사는입만막을뿐_260423,1863252482871297,2026-04-24,AGE_55_100,8642,1820,8,0.44,0,0,0.00,0,1723,KRW
2604_다이트_전환캠페인,(재)_일산_진료셀프캠_비만주사는입만막을뿐_260423,1863252482871297,2026-04-24,NONE,21,7,0,0.00,0,0,0.00,0,0,KRW
2604_다이트_전환캠페인,(재)_일산_진료셀프캠_식욕억제주사실패 마지막_260407,1861779422527666,2026-04-24,AGE_35_44,9376,884,5,0.57,0,0,0.00,0,855,KRW
2604_다이트_전환캠페인,(재)_일산_진료셀프캠_식욕억제주사실패 마지막_260407,1861779422527666,2026-04-24,AGE_45_54,21016,1168,14,1.20,0,0,0.00,0,1092,KRW
2604_다이트_전환캠페인,(재)_일산_진료셀프캠_식욕억제주사실패 마지막_260407,1861779422527666,2026-04-24,AGE_55_100,14573,831,9,1.08,0,0,0.00,0,780,KRW
2604_다이트_전환캠페인,(재)_일산_진료셀프캠_식욕억제주사실패 마지막_260407,1861779422527666,2026-04-24,NONE,42,3,0,0.00,0,0,0.00,0,0,KRW
2604_다이트_전환캠페인,(재)_일산_진료셀프캠_운동안해도되는_260416,1862612254235649,2026-04-24,AGE_35_44,1539,155,3,1.94,0,0,0.00,0,148,KRW
2604_다이트_전환캠페인,(재)_일산_진료셀프캠_운동안해도되는_260416,1862612254235649,2026-04-24,AGE_45_54,2735,149,0,0.00,0,0,0.00,0,144,KRW
2604_다이트_전환캠페인,(재)_일산_진료셀프캠_운동안해도되는_260416,1862612254235649,2026-04-24,AGE_55_100,1630,103,0,0.00,0,0,0.00,0,101,KRW
2604_다이트_전환캠페인,(재)_일산_진료셀프캠_운동안해도되는_260416,1862612254235649,2026-04-24,NONE,5,1,0,0.00,0,0,0.00,0,0,KRW
2604_다이트_전환캠페인,(재)_일산_진료셀프캠_의사가권하지않는4050_260414,1862453943180450,2026-04-24,NONE,0,0,0,0.00,0,0,0.00,0,0,KRW
2604_다이트_전환캠페인,(재)_창원_의료진정보_4050나잇살 이유는 여기에_260410,1862064114067810,2026-04-24,NONE,0,0,0,0.00,0,0,0.00,0,0,KRW
2604_다이트_전환캠페인,(재)_창원_의료진정보_무작정운동으로 팩폭_260406,1861709359069201,2026-04-24,NONE,0,0,0,0.00,0,0,0.00,0,0,KRW
2604_다이트_전환캠페인,(재)_창원_인플방문후기_먹고싶은거다먹는(수원잇츠)_260403,1861437705571345,2026-04-24,AGE_35_44,764,126,0,0.00,0,0,0.00,0,120,KRW
2604_다이트_전환캠페인,(재)_창원_인플방문후기_먹고싶은거다먹는(수원잇츠)_260403,1861437705571345,2026-04-24,AGE_45_54,1023,135,0,0.00,0,0,0.00,0,127,KRW
2604_다이트_전환캠페인,(재)_창원_인플방문후기_먹고싶은거다먹는(수원잇츠)_260403,1861437705571345,2026-04-24,AGE_55_100,1079,119,3,2.52,0,0,0.00,0,110,KRW
2604_다이트_전환캠페인,(재)_창원_인플방문후기_먹고싶은거다먹는(수원잇츠)_260403,1861437705571345,2026-04-24,NONE,6,1,0,0.00,0,0,0.00,0,0,KRW
2604_다이트_전환캠페인,(재)_창원_인플방문후기_연예인다이어트(플랜비)_260416,1862614349846529,2026-04-24,AGE_55_100,0,0,0,0.00,0,0,0.00,0,0,KRW
2604_다이트_전환캠페인,(재)_창원_인플방문후기_연예인다이어트(플랜비)_260416,1862614349846529,2026-04-24,NONE,0,0,0,0.00,0,0,0.00,0,0,KRW
2604_다이트_전환캠페인,(재)_창원_진료셀프캠_50대다이어트대사_260422,1863145585749009,2026-04-24,AGE_35_44,2502,350,2,0.57,0,0,0.00,0,329,KRW
2604_다이트_전환캠페인,(재)_창원_진료셀프캠_50대다이어트대사_260422,1863145585749009,2026-04-24,AGE_45_54,4254,474,0,0.00,0,0,0.00,0,429,KRW
2604_다이트_전환캠페인,(재)_창원_진료셀프캠_50대다이어트대사_260422,1863145585749009,2026-04-24,AGE_55_100,3279,383,0,0.00,0,0,0.00,0,344,KRW
2604_다이트_전환캠페인,(재)_창원_진료셀프캠_50대다이어트대사_260422,1863145585749009,2026-04-24,NONE,0,0,0,0.00,0,0,0.00,0,0,KRW
2604_다이트_전환캠페인,(재)_창원_진료셀프캠_비만주사가놓친것_260414,1862452830171329,2026-04-24,NONE,0,0,0,0.00,0,0,0.00,0,0,KRW
2604_다이트_전환캠페인,(재)_창원_진료셀프캠_비만주사는입만막을뿐_260423,1863252701617361,2026-04-24,AGE_35_44,2015,346,0,0.00,0,0,0.00,0,318,KRW
2604_다이트_전환캠페인,(재)_창원_진료셀프캠_비만주사는입만막을뿐_260423,1863252701617361,2026-04-24,AGE_45_54,3668,602,1,0.17,0,0,0.00,0,526,KRW
2604_다이트_전환캠페인,(재)_창원_진료셀프캠_비만주사는입만막을뿐_260423,1863252701617361,2026-04-24,AGE_55_100,2857,640,3,0.47,0,0,0.00,0,570,KRW
2604_다이트_전환캠페인,(재)_창원_진료셀프캠_식욕억제주사실패 마지막_260407,1861779402873057,2026-04-24,AGE_35_44,18539,1511,6,0.40,0,0,0.00,0,1307,KRW
2604_다이트_전환캠페인,(재)_창원_진료셀프캠_식욕억제주사실패 마지막_260407,1861779402873057,2026-04-24,AGE_45_54,48665,2498,19,0.76,0,0,0.00,0,2116,KRW
2604_다이트_전환캠페인,(재)_창원_진료셀프캠_식욕억제주사실패 마지막_260407,1861779402873057,2026-04-24,AGE_55_100,29184,1750,17,0.97,1,29184,5.88,0,1409,KRW
2604_다이트_전환캠페인,(재)_창원_진료셀프캠_식욕억제주사실패 마지막_260407,1861779402873057,2026-04-24,NONE,16,4,0,0.00,0,0,0.00,0,0,KRW
2604_다이트_전환캠페인,(재)_창원_진료셀프캠_운동안해도되는_260416,1862612192812097,2026-04-24,AGE_35_44,15764,1121,5,0.45,0,0,0.00,0,927,KRW
2604_다이트_전환캠페인,(재)_창원_진료셀프캠_운동안해도되는_260416,1862612192812097,2026-04-24,AGE_45_54,27660,1619,20,1.24,0,0,0.00,0,1302,KRW
2604_다이트_전환캠페인,(재)_창원_진료셀프캠_운동안해도되는_260416,1862612192812097,2026-04-24,AGE_55_100,16666,1074,8,0.74,0,0,0.00,0,856,KRW
2604_다이트_전환캠페인,(재)_창원_진료셀프캠_운동안해도되는_260416,1862612192812097,2026-04-24,NONE,28,1,0,0.00,0,0,0.00,0,0,KRW
2604_다이트_전환캠페인,(재)_창원_진료셀프캠_주사형비만치료제 고민끝에 50대부부 -32kg_260225,1861278292523041,2026-04-24,NONE,0,0,0,0.00,0,0,0.00,0,0,KRW
2603_다이트_전환캠페인,(재)_창원_진료셀프캠_주사형비만치료제 고민끝에 50대부부 -32kg_260225,1860546141013361,2026-04-24,NONE,0,0,0,0.00,0,0,0.00,0,0,KRW
2604_다이트_전환캠페인,(재)_천안_의료진정보_4050나잇살 이유는 여기에_260410,1862058676263265,2026-04-24,NONE,0,0,0,0.00,0,0,0.00,0,0,KRW
2604_다이트_전환캠페인,"(재)_천안_인플방문후기_건강한다이어트(천안, 박고경)_260325",1861278985311585,2026-04-24,AGE_45_54,0,0,0,0.00,0,0,0.00,0,0,KRW
2604_다이트_전환캠페인,"(재)_천안_인플방문후기_건강한다이어트(천안, 박고경)_260325",1861278985311585,2026-04-24,AGE_55_100,0,0,0,0.00,0,0,0.00,0,0,KRW
2604_다이트_전환캠페인,"(재)_천안_인플방문후기_건강한다이어트(천안, 박고경)_260325",1861278985311585,2026-04-24,NONE,0,0,0,0.00,0,0,0.00,0,0,KRW
2603_다이트_전환캠페인,(재)_천안_인플방문후기_맘껏먹는 다이어트 한달후기_260306,1858834125348929,2026-04-24,NONE,0,0,0,0.00,0,0,0.00,0,0,KRW
2604_다이트_전환캠페인,(재)_천안_인플방문후기_먹고싶은거다먹는(수원잇츠)_260403,1861433575335186,2026-04-24,NONE,0,0,0,0.00,0,0,0.00,0,0,KRW
2604_다이트_전환캠페인,(재)_천안_인플방문후기_연예인다이어트(플랜비)_260416,1862614438420609,2026-04-24,AGE_35_44,0,0,0,0.00,0,0,0.00,0,0,KRW
2604_다이트_전환캠페인,(재)_천안_진료셀프캠_50대다이어트대사_260422,1863145660596401,2026-04-24,AGE_35_44,591,87,0,0.00,0,0,0.00,0,86,KRW
2604_다이트_전환캠페인,(재)_천안_진료셀프캠_50대다이어트대사_260422,1863145660596401,2026-04-24,AGE_45_54,847,94,0,0.00,0,0,0.00,0,89,KRW
2604_다이트_전환캠페인,(재)_천안_진료셀프캠_50대다이어트대사_260422,1863145660596401,2026-04-24,AGE_55_100,311,48,0,0.00,0,0,0.00,0,47,KRW
2604_다이트_전환캠페인,(재)_천안_진료셀프캠_비만주사가놓친것_260414,1862452895498482,2026-04-24,NONE,0,0,0,0.00,0,0,0.00,0,0,KRW
2604_다이트_전환캠페인,(재)_천안_진료셀프캠_비만주사는입만막을뿐_260423,1863252775614561,2026-04-24,AGE_35_44,845,191,0,0.00,0,0,0.00,0,181,KRW
2604_다이트_전환캠페인,(재)_천안_진료셀프캠_비만주사는입만막을뿐_260423,1863252775614561,2026-04-24,AGE_45_54,921,138,0,0.00,0,0,0.00,0,132,KRW
2604_다이트_전환캠페인,(재)_천안_진료셀프캠_비만주사는입만막을뿐_260423,1863252775614561,2026-04-24,AGE_55_100,442,104,0,0.00,0,0,0.00,0,98,KRW
2604_다이트_전환캠페인,(재)_천안_진료셀프캠_식욕억제주사실패 마지막_260407,1861779883450610,2026-04-24,AGE_35_44,16496,1106,7,0.63,0,0,0.00,0,952,KRW
2604_다이트_전환캠페인,(재)_천안_진료셀프캠_식욕억제주사실패 마지막_260407,1861779883450610,2026-04-24,AGE_45_54,24412,1306,20,1.53,0,0,0.00,0,1115,KRW
2604_다이트_전환캠페인,(재)_천안_진료셀프캠_식욕억제주사실패 마지막_260407,1861779883450610,2026-04-24,AGE_55_100,10656,557,6,1.08,0,0,0.00,0,480,KRW
2604_다이트_전환캠페인,(재)_천안_진료셀프캠_식욕억제주사실패 마지막_260407,1861779883450610,2026-04-24,NONE,14,2,0,0.00,0,0,0.00,0,0,KRW
2604_다이트_전환캠페인,(재)_천안_진료셀프캠_운동안해도되는_260416,1862612464960546,2026-04-24,AGE_35_44,5523,389,4,1.03,0,0,0.00,0,371,KRW
2604_다이트_전환캠페인,(재)_천안_진료셀프캠_운동안해도되는_260416,1862612464960546,2026-04-24,AGE_45_54,6709,329,2,0.61,0,0,0.00,0,312,KRW
2604_다이트_전환캠페인,(재)_천안_진료셀프캠_운동안해도되는_260416,1862612464960546,2026-04-24,AGE_55_100,1842,138,0,0.00,0,0,0.00,0,133,KRW
2604_다이트_전환캠페인,(재)_천안_진료셀프캠_운동안해도되는_260416,1862612464960546,2026-04-24,NONE,2,1,0,0.00,0,0,0.00,0,0,KRW
2604_다이트_전환캠페인,(재)_천안_진료셀프캠_주사형비만치료제 고민끝에 50대부부 -32kg_260225,1861968142031009,2026-04-24,NONE,0,0,0,0.00,0,0,0.00,0,0,KRW
2604_다이트_전환캠페인,(신)_대구_인플방문후기_밥빵면안당기는원장님(itsmeyuriwon)_260407,1861796218051601,2026-04-25,AGE_35_44,103,18,0,0.00,0,0,0.00,0,25,KRW
2604_다이트_전환캠페인,(신)_대구_인플방문후기_밥빵면안당기는원장님(itsmeyuriwon)_260407,1861796218051601,2026-04-25,AGE_45_54,94,19,0,0.00,0,0,0.00,0,24,KRW
2604_다이트_전환캠페인,(신)_대구_인플방문후기_밥빵면안당기는원장님(itsmeyuriwon)_260407,1861796218051601,2026-04-25,AGE_55_100,47,11,0,0.00,0,0,0.00,0,16,KRW
2604_다이트_전환캠페인,(신)_대전_인플방문후기_밥빵면안당기는원장님(itsmeyuriwon)_260407,1861796462367905,2026-04-25,AGE_35_44,188,18,0,0.00,0,0,0.00,0,24,KRW
2604_다이트_전환캠페인,(신)_대전_인플방문후기_밥빵면안당기는원장님(itsmeyuriwon)_260407,1861796462367905,2026-04-25,AGE_45_54,229,21,0,0.00,0,0,0.00,0,26,KRW
2604_다이트_전환캠페인,(신)_대전_인플방문후기_밥빵면안당기는원장님(itsmeyuriwon)_260407,1861796462367905,2026-04-25,AGE_55_100,83,10,0,0.00,0,0,0.00,0,15,KRW
2604_다이트_전환캠페인,(신)_대전_인플방문후기_주사형비만치료제(the.hyunniverse)_260403,1861968952635729,2026-04-25,AGE_35_44,307,57,0,0.00,0,0,0.00,0,64,KRW
2604_다이트_전환캠페인,(신)_대전_인플방문후기_주사형비만치료제(the.hyunniverse)_260403,1861968952635729,2026-04-25,AGE_45_54,225,46,0,0.00,0,0,0.00,0,55,KRW
2604_다이트_전환캠페인,(신)_대전_인플방문후기_주사형비만치료제(the.hyunniverse)_260403,1861968952635729,2026-04-25,AGE_55_100,197,26,0,0.00,0,0,0.00,0,40,KRW
2604_다이트_전환캠페인,(신)_부평_인플방문후기_밥빵면안당기는원장님(itsmeyuriwon)_260407,1861795578227042,2026-04-25,AGE_35_44,1549,192,2,1.04,0,0,0.00,0,211,KRW
2604_다이트_전환캠페인,(신)_부평_인플방문후기_밥빵면안당기는원장님(itsmeyuriwon)_260407,1861795578227042,2026-04-25,AGE_45_54,3924,190,0,0.00,0,0,0.00,0,212,KRW
2604_다이트_전환캠페인,(신)_부평_인플방문후기_밥빵면안당기는원장님(itsmeyuriwon)_260407,1861795578227042,2026-04-25,AGE_55_100,1117,134,4,2.99,0,0,0.00,0,161,KRW
2604_다이트_전환캠페인,(신)_부평_인플방문후기_주사형비만치료제(the.hyunniverse)_260403,1861968247570690,2026-04-25,AGE_35_44,2101,325,0,0.00,0,0,0.00,0,391,KRW
2604_다이트_전환캠페인,(신)_부평_인플방문후기_주사형비만치료제(the.hyunniverse)_260403,1861968247570690,2026-04-25,AGE_45_54,2034,293,1,0.34,0,0,0.00,0,378,KRW
2604_다이트_전환캠페인,(신)_부평_인플방문후기_주사형비만치료제(the.hyunniverse)_260403,1861968247570690,2026-04-25,AGE_55_100,2174,290,1,0.34,0,0,0.00,0,396,KRW
2604_다이트_전환캠페인,(신)_부평_인플방문후기_주사형비만치료제(the.hyunniverse)_260403,1861968247570690,2026-04-25,NONE,0,0,0,0.00,0,0,0.00,0,0,KRW
2604_다이트_전환캠페인,(신)_서울_인플방문후기_밥빵면안당기는원장님(itsmeyuriwon)_260407,1861792943047986,2026-04-25,AGE_35_44,56,16,0,0.00,0,0,0.00,0,23,KRW
2604_다이트_전환캠페인,(신)_서울_인플방문후기_밥빵면안당기는원장님(itsmeyuriwon)_260407,1861792943047986,2026-04-25,AGE_45_54,97,5,0,0.00,0,0,0.00,0,22,KRW
2604_다이트_전환캠페인,(신)_서울_인플방문후기_밥빵면안당기는원장님(itsmeyuriwon)_260407,1861792943047986,2026-04-25,AGE_55_100,63,8,0,0.00,0,0,0.00,0,20,KRW
2604_다이트_전환캠페인,(신)_서울_인플방문후기_주사형비만치료제(the.hyunniverse)_260403,1861968379365409,2026-04-25,AGE_35_44,158,26,1,3.85,0,0,0.00,0,37,KRW
2604_다이트_전환캠페인,(신)_서울_인플방문후기_주사형비만치료제(the.hyunniverse)_260403,1861968379365409,2026-04-25,AGE_45_54,466,33,0,0.00,0,0,0.00,0,62,KRW
2604_다이트_전환캠페인,(신)_서울_인플방문후기_주사형비만치료제(the.hyunniverse)_260403,1861968379365409,2026-04-25,AGE_55_100,205,31,0,0.00,0,0,0.00,0,57,KRW
2604_다이트_전환캠페인,(신)_수원_인플방문후기_주사형비만치료제(the.hyunniverse)_260403,1861426333950193,2026-04-25,AGE_25_34,377,159,2,1.26,0,0,0.00,0,175,KRW
2604_다이트_전환캠페인,(신)_수원_인플방문후기_주사형비만치료제(the.hyunniverse)_260403,1861426333950193,2026-04-25,AGE_35_44,386,93,0,0.00,0,0,0.00,0,110,KRW
2604_다이트_전환캠페인,(신)_수원_인플방문후기_주사형비만치료제(the.hyunniverse)_260403,1861426333950193,2026-04-25,AGE_45_54,423,77,0,0.00,0,0,0.00,0,96,KRW
2604_다이트_전환캠페인,(신)_수원_인플방문후기_주사형비만치료제(the.hyunniverse)_260403,1861426333950193,2026-04-25,AGE_55_100,461,64,0,0.00,0,0,0.00,0,78,KRW
2604_다이트_전환캠페인,(신)_수원_인플방문후기_주사형비만치료제(the.hyunniverse)_260403,1861426333950193,2026-04-25,NONE,31,2,0,0.00,0,0,0.00,0,0,KRW
2604_다이트_전환캠페인,(신)_일산_인플방문후기_주사형비만치료제(the.hyunniverse)_260403,1861968797915602,2026-04-25,AGE_35_44,129,49,0,0.00,0,0,0.00,0,54,KRW
2604_다이트_전환캠페인,(신)_일산_인플방문후기_주사형비만치료제(the.hyunniverse)_260403,1861968797915602,2026-04-25,AGE_45_54,355,46,0,0.00,0,0,0.00,0,54,KRW
2604_다이트_전환캠페인,(신)_일산_인플방문후기_주사형비만치료제(the.hyunniverse)_260403,1861968797915602,2026-04-25,AGE_55_100,224,34,0,0.00,0,0,0.00,0,39,KRW
2604_다이트_전환캠페인,(신)_일산_인플방문후기_주사형비만치료제(the.hyunniverse)_260403,1861968797915602,2026-04-25,NONE,0,0,0,0.00,0,0,0.00,0,0,KRW
2604_다이트_전환캠페인,(신)_창원_인플방문후기_밥빵면안당기는원장님(itsmeyuriwon)_260407,1861796302859538,2026-04-25,AGE_35_44,1107,119,0,0.00,0,0,0.00,0,143,KRW
2604_다이트_전환캠페인,(신)_창원_인플방문후기_밥빵면안당기는원장님(itsmeyuriwon)_260407,1861796302859538,2026-04-25,AGE_45_54,1180,143,2,1.40,0,0,0.00,0,199,KRW
2604_다이트_전환캠페인,(신)_창원_인플방문후기_밥빵면안당기는원장님(itsmeyuriwon)_260407,1861796302859538,2026-04-25,AGE_55_100,905,73,0,0.00,0,0,0.00,0,116,KRW
2604_다이트_전환캠페인,(신)_천안_의료진정보_주사형비만치료제 10년은_260116,1861279064396242,2026-04-25,AGE_35_44,312,86,0,0.00,0,0,0.00,0,102,KRW
2604_다이트_전환캠페인,(신)_천안_의료진정보_주사형비만치료제 10년은_260116,1861279064396242,2026-04-25,AGE_45_54,609,95,0,0.00,0,0,0.00,0,114,KRW
2604_다이트_전환캠페인,(신)_천안_의료진정보_주사형비만치료제 10년은_260116,1861279064396242,2026-04-25,AGE_55_100,809,82,1,1.22,0,0,0.00,0,107,KRW
2604_다이트_전환캠페인,(신)_천안_인플방문후기_밥빵면안당기는원장님(itsmeyuriwon)_260407,1861796395517250,2026-04-25,AGE_35_44,335,54,1,1.85,0,0,0.00,0,71,KRW
2604_다이트_전환캠페인,(신)_천안_인플방문후기_밥빵면안당기는원장님(itsmeyuriwon)_260407,1861796395517250,2026-04-25,AGE_45_54,301,46,0,0.00,0,0,0.00,0,67,KRW
2604_다이트_전환캠페인,(신)_천안_인플방문후기_밥빵면안당기는원장님(itsmeyuriwon)_260407,1861796395517250,2026-04-25,AGE_55_100,133,26,1,3.85,0,0,0.00,0,39,KRW
2604_다이트_전환캠페인,(신)_천안_인플방문후기_주사형비만치료제(the.hyunniverse)_260403,1861969033799841,2026-04-25,AGE_35_44,875,194,1,0.52,0,0,0.00,0,248,KRW
2604_다이트_전환캠페인,(신)_천안_인플방문후기_주사형비만치료제(the.hyunniverse)_260403,1861969033799841,2026-04-25,AGE_45_54,810,128,1,0.78,0,0,0.00,0,178,KRW
2604_다이트_전환캠페인,(신)_천안_인플방문후기_주사형비만치료제(the.hyunniverse)_260403,1861969033799841,2026-04-25,AGE_55_100,302,77,1,1.30,0,0,0.00,0,120,KRW
2604_다이트_전환캠페인,"(재)_대구_인플방문후기_건강한다이어트(대구,박고경)_260325",1861278128485793,2026-04-25,AGE_35_44,581,69,0,0.00,0,0,0.00,0,80,KRW
2604_다이트_전환캠페인,"(재)_대구_인플방문후기_건강한다이어트(대구,박고경)_260325",1861278128485793,2026-04-25,AGE_45_54,425,55,0,0.00,0,0,0.00,0,63,KRW
2604_다이트_전환캠페인,"(재)_대구_인플방문후기_건강한다이어트(대구,박고경)_260325",1861278128485793,2026-04-25,AGE_55_100,191,30,0,0.00,0,0,0.00,0,42,KRW
2604_다이트_전환캠페인,"(재)_대구_인플방문후기_건강한다이어트(대구,박고경)_260325",1861278128485793,2026-04-25,NONE,8,1,0,0.00,0,0,0.00,0,0,KRW
2604_다이트_전환캠페인,(재)_대구_진료셀프캠_50대다이어트대사_260422,1863145537589298,2026-04-25,AGE_35_44,90,24,0,0.00,0,0,0.00,0,36,KRW
2604_다이트_전환캠페인,(재)_대구_진료셀프캠_50대다이어트대사_260422,1863145537589298,2026-04-25,AGE_45_54,640,25,0,0.00,0,0,0.00,0,36,KRW
2604_다이트_전환캠페인,(재)_대구_진료셀프캠_50대다이어트대사_260422,1863145537589298,2026-04-25,AGE_55_100,509,27,0,0.00,0,0,0.00,0,42,KRW
2604_다이트_전환캠페인,(재)_대구_진료셀프캠_다이어트의적 밥빵면_260407,1861778669641809,2026-04-25,AGE_35_44,546,64,1,1.56,0,0,0.00,0,94,KRW
2604_다이트_전환캠페인,(재)_대구_진료셀프캠_다이어트의적 밥빵면_260407,1861778669641809,2026-04-25,AGE_45_54,2717,145,1,0.69,0,0,0.00,0,208,KRW
2604_다이트_전환캠페인,(재)_대구_진료셀프캠_다이어트의적 밥빵면_260407,1861778669641809,2026-04-25,AGE_55_100,2276,114,1,0.88,0,0,0.00,0,189,KRW
2604_다이트_전환캠페인,(재)_대구_진료셀프캠_비만주사는입만막을뿐_260423,1863252567801041,2026-04-25,AGE_35_44,81,12,0,0.00,0,0,0.00,0,14,KRW
2604_다이트_전환캠페인,(재)_대구_진료셀프캠_비만주사는입만막을뿐_260423,1863252567801041,2026-04-25,AGE_45_54,44,11,0,0.00,0,0,0.00,0,14,KRW
2604_다이트_전환캠페인,(재)_대구_진료셀프캠_비만주사는입만막을뿐_260423,1863252567801041,2026-04-25,AGE_55_100,178,17,1,5.88,0,0,0.00,0,26,KRW
2604_다이트_전환캠페인,(재)_대구_진료셀프캠_식욕억제주사실패 마지막_260407,1861779512219682,2026-04-25,AGE_35_44,672,82,0,0.00,0,0,0.00,0,105,KRW
2604_다이트_전환캠페인,(재)_대구_진료셀프캠_식욕억제주사실패 마지막_260407,1861779512219682,2026-04-25,AGE_45_54,1403,76,1,1.32,0,0,0.00,0,122,KRW
2604_다이트_전환캠페인,(재)_대구_진료셀프캠_식욕억제주사실패 마지막_260407,1861779512219682,2026-04-25,AGE_55_100,756,40,0,0.00,0,0,0.00,0,57,KRW
2604_다이트_전환캠페인,(재)_대구_진료셀프캠_식욕억제주사실패 마지막_260407,1861779512219682,2026-04-25,NONE,14,1,0,0.00,0,0,0.00,0,0,KRW
2604_다이트_전환캠페인,(재)_대구_진료셀프캠_운동안해도되는_260416,1862612192785601,2026-04-25,AGE_55_100,0,0,0,0.00,0,0,0.00,0,0,KRW
2604_다이트_전환캠페인,(재)_대구_진료셀프캠_주사형비만치료제 고민끝에 50대부부 -32kg_260225,1861278082187298,2026-04-25,AGE_35_44,448,51,0,0.00,0,0,0.00,0,65,KRW
2604_다이트_전환캠페인,(재)_대구_진료셀프캠_주사형비만치료제 고민끝에 50대부부 -32kg_260225,1861278082187298,2026-04-25,AGE_45_54,542,65,0,0.00,0,0,0.00,0,79,KRW
2604_다이트_전환캠페인,(재)_대구_진료셀프캠_주사형비만치료제 고민끝에 50대부부 -32kg_260225,1861278082187298,2026-04-25,AGE_55_100,968,55,0,0.00,1,968,0.00,0,85,KRW
2604_다이트_전환캠페인,(재)_대전_진료셀프캠_50대다이어트대사_260422,1863145758279698,2026-04-25,AGE_35_44,27,2,0,0.00,0,0,0.00,0,2,KRW
2604_다이트_전환캠페인,(재)_대전_진료셀프캠_50대다이어트대사_260422,1863145758279698,2026-04-25,AGE_45_54,348,8,0,0.00,0,0,0.00,0,8,KRW
2604_다이트_전환캠페인,(재)_대전_진료셀프캠_50대다이어트대사_260422,1863145758279698,2026-04-25,AGE_55_100,26,7,0,0.00,0,0,0.00,0,10,KRW
2604_다이트_전환캠페인,(재)_대전_진료셀프캠_다이어트의적 밥빵면_260407,1861776478109986,2026-04-25,AGE_35_44,1194,70,1,1.43,0,0,0.00,0,91,KRW
2604_다이트_전환캠페인,(재)_대전_진료셀프캠_다이어트의적 밥빵면_260407,1861776478109986,2026-04-25,AGE_45_54,1290,104,0,0.00,0,0,0.00,0,175,KRW
2604_다이트_전환캠페인,(재)_대전_진료셀프캠_다이어트의적 밥빵면_260407,1861776478109986,2026-04-25,AGE_55_100,1820,93,0,0.00,0,0,0.00,0,154,KRW
2604_다이트_전환캠페인,(재)_대전_진료셀프캠_비만주사는입만막을뿐_260423,1863253376478305,2026-04-25,AGE_35_44,28,9,0,0.00,0,0,0.00,0,13,KRW
2604_다이트_전환캠페인,(재)_대전_진료셀프캠_비만주사는입만막을뿐_260423,1863253376478305,2026-04-25,AGE_45_54,16,6,0,0.00,0,0,0.00,0,8,KRW
2604_다이트_전환캠페인,(재)_대전_진료셀프캠_비만주사는입만막을뿐_260423,1863253376478305,2026-04-25,AGE_55_100,34,11,0,0.00,0,0,0.00,0,15,KRW
2604_다이트_전환캠페인,(재)_대전_진료셀프캠_식욕억제주사실패 마지막_260407,1861779986019442,2026-04-25,AGE_35_44,732,78,0,0.00,0,0,0.00,0,104,KRW
2604_다이트_전환캠페인,(재)_대전_진료셀프캠_식욕억제주사실패 마지막_260407,1861779986019442,2026-04-25,AGE_45_54,1992,84,1,1.19,0,0,0.00,0,133,KRW
2604_다이트_전환캠페인,(재)_대전_진료셀프캠_식욕억제주사실패 마지막_260407,1861779986019442,2026-04-25,AGE_55_100,537,37,1,2.70,0,0,0.00,0,59,KRW
2604_다이트_전환캠페인,(재)_대전_진료셀프캠_주사형비만치료제 고민끝에 50대부부 -32kg_260225,1861708178989089,2026-04-25,AGE_35_44,390,56,0,0.00,0,0,0.00,0,70,KRW
2604_다이트_전환캠페인,(재)_대전_진료셀프캠_주사형비만치료제 고민끝에 50대부부 -32kg_260225,1861708178989089,2026-04-25,AGE_45_54,718,54,0,0.00,0,0,0.00,0,79,KRW
2604_다이트_전환캠페인,(재)_대전_진료셀프캠_주사형비만치료제 고민끝에 50대부부 -32kg_260225,1861708178989089,2026-04-25,AGE_55_100,617,72,0,0.00,0,0,0.00,0,106,KRW
2604_다이트_전환캠페인,(재)_부평_인플방문후기_연예인다이어트(플랜비)_260416,1862613882586418,2026-04-25,AGE_35_44,998,123,0,0.00,0,0,0.00,0,132,KRW
2604_다이트_전환캠페인,(재)_부평_인플방문후기_연예인다이어트(플랜비)_260416,1862613882586418,2026-04-25,AGE_45_54,1100,127,0,0.00,0,0,0.00,0,146,KRW
2604_다이트_전환캠페인,(재)_부평_인플방문후기_연예인다이어트(플랜비)_260416,1862613882586418,2026-04-25,AGE_55_100,469,83,1,1.20,0,0,0.00,0,103,KRW
2604_다이트_전환캠페인,(재)_부평_진료셀프캠_50대다이어트대사_260422,1863145317184529,2026-04-25,AGE_35_44,393,54,0,0.00,0,0,0.00,0,60,KRW
2604_다이트_전환캠페인,(재)_부평_진료셀프캠_50대다이어트대사_260422,1863145317184529,2026-04-25,AGE_45_54,328,50,0,0.00,0,0,0.00,0,59,KRW
2604_다이트_전환캠페인,(재)_부평_진료셀프캠_50대다이어트대사_260422,1863145317184529,2026-04-25,AGE_55_100,319,35,0,0.00,0,0,0.00,0,41,KRW
2604_다이트_전환캠페인,(재)_부평_진료셀프캠_50대다이어트대사_260422,1863145317184529,2026-04-25,NONE,0,0,0,0.00,0,0,0.00,0,0,KRW
2604_다이트_전환캠페인,(재)_부평_진료셀프캠_비만주사는입만막을뿐_260423,1863251994014802,2026-04-25,AGE_35_44,815,135,0,0.00,0,0,0.00,0,171,KRW
2604_다이트_전환캠페인,(재)_부평_진료셀프캠_비만주사는입만막을뿐_260423,1863251994014802,2026-04-25,AGE_45_54,1137,157,0,0.00,0,0,0.00,0,207,KRW
2604_다이트_전환캠페인,(재)_부평_진료셀프캠_비만주사는입만막을뿐_260423,1863251994014802,2026-04-25,AGE_55_100,1017,112,1,0.89,0,0,0.00,0,177,KRW
2604_다이트_전환캠페인,(재)_부평_진료셀프캠_식욕억제주사실패 마지막_260407,1861779276638289,2026-04-25,AGE_35_44,4379,391,2,0.51,0,0,0.00,0,515,KRW
2604_다이트_전환캠페인,(재)_부평_진료셀프캠_식욕억제주사실패 마지막_260407,1861779276638289,2026-04-25,AGE_45_54,5257,390,5,1.28,0,0,0.00,0,648,KRW
2604_다이트_전환캠페인,(재)_부평_진료셀프캠_식욕억제주사실패 마지막_260407,1861779276638289,2026-04-25,AGE_55_100,2977,225,3,1.33,1,2977,33.33,0,414,KRW
2604_다이트_전환캠페인,(재)_부평_진료셀프캠_식욕억제주사실패 마지막_260407,1861779276638289,2026-04-25,NONE,5,2,0,0.00,0,0,0.00,0,0,KRW
2604_다이트_전환캠페인,(재)_부평_진료셀프캠_운동안해도되는_260416,1862612072337410,2026-04-25,AGE_35_44,2611,211,0,0.00,0,0,0.00,0,240,KRW
2604_다이트_전환캠페인,(재)_부평_진료셀프캠_운동안해도되는_260416,1862612072337410,2026-04-25,AGE_45_54,4288,199,2,1.01,0,0,0.00,0,247,KRW
2604_다이트_전환캠페인,(재)_부평_진료셀프캠_운동안해도되는_260416,1862612072337410,2026-04-25,AGE_55_100,1948,125,1,0.80,0,0,0.00,0,163,KRW
2604_다이트_전환캠페인,(재)_부평_진료셀프캠_운동안해도되는_260416,1862612072337410,2026-04-25,NONE,1,1,0,0.00,0,0,0.00,0,0,KRW
2604_다이트_전환캠페인,(재)_부평_진료셀프캠_주사형비만치료제 고민끝에 50대부부 -32kg_260225,1861276697497633,2026-04-25,NONE,0,0,0,0.00,0,0,0.00,0,0,KRW
2604_다이트_전환캠페인,(재)_서울_진료셀프캠_50대다이어트대사_260422,1863141281578129,2026-04-25,AGE_35_44,41,9,0,0.00,0,0,0.00,0,11,KRW
2604_다이트_전환캠페인,(재)_서울_진료셀프캠_50대다이어트대사_260422,1863141281578129,2026-04-25,AGE_45_54,135,10,0,0.00,0,0,0.00,0,15,KRW
2604_다이트_전환캠페인,(재)_서울_진료셀프캠_50대다이어트대사_260422,1863141281578129,2026-04-25,AGE_55_100,224,18,0,0.00,0,0,0.00,0,28,KRW
2604_다이트_전환캠페인,(재)_서울_진료셀프캠_비만주사가놓친것_260414,1862427431553298,2026-04-25,AGE_35_44,2,1,0,0.00,0,0,0.00,0,1,KRW
2604_다이트_전환캠페인,(재)_서울_진료셀프캠_비만주사가놓친것_260414,1862427431553298,2026-04-25,AGE_45_54,7,1,0,0.00,0,0,0.00,0,1,KRW
2604_다이트_전환캠페인,(재)_서울_진료셀프캠_비만주사가놓친것_260414,1862427431553298,2026-04-25,AGE_55_100,3,1,0,0.00,0,0,0.00,0,1,KRW
2604_다이트_전환캠페인,(재)_서울_진료셀프캠_비만주사는입만막을뿐_260423,1863250762937489,2026-04-25,AGE_35_44,53,10,0,0.00,0,0,0.00,0,13,KRW
2604_다이트_전환캠페인,(재)_서울_진료셀프캠_비만주사는입만막을뿐_260423,1863250762937489,2026-04-25,AGE_45_54,197,18,0,0.00,0,0,0.00,0,26,KRW
2604_다이트_전환캠페인,(재)_서울_진료셀프캠_비만주사는입만막을뿐_260423,1863250762937489,2026-04-25,AGE_55_100,62,15,0,0.00,0,0,0.00,0,29,KRW
2604_다이트_전환캠페인,(재)_서울_진료셀프캠_식욕억제주사실패 마지막_260407,1861778815720546,2026-04-25,AGE_35_44,812,48,2,4.17,1,812,50.00,0,76,KRW
2604_다이트_전환캠페인,(재)_서울_진료셀프캠_식욕억제주사실패 마지막_260407,1861778815720546,2026-04-25,AGE_45_54,1074,71,3,4.23,0,0,0.00,0,109,KRW
2604_다이트_전환캠페인,(재)_서울_진료셀프캠_식욕억제주사실패 마지막_260407,1861778815720546,2026-04-25,AGE_55_100,481,44,1,2.27,0,0,0.00,0,94,KRW
2604_다이트_전환캠페인,(재)_서울_진료셀프캠_식욕억제주사실패 마지막_260407,1861778815720546,2026-04-25,NONE,0,0,0,0.00,0,0,0.00,0,0,KRW
2604_다이트_전환캠페인,(재)_서울_진료셀프캠_의사가권하지않는4050_260414,1862453122462113,2026-04-25,AGE_35_44,78,1,0,0.00,0,0,0.00,0,2,KRW
2604_다이트_전환캠페인,(재)_서울_진료셀프캠_의사가권하지않는4050_260414,1862453122462113,2026-04-25,AGE_45_54,50,1,0,0.00,0,0,0.00,0,1,KRW
2604_다이트_전환캠페인,(재)_서울_진료셀프캠_의사가권하지않는4050_260414,1862453122462113,2026-04-25,AGE_55_100,14,4,0,0.00,0,0,0.00,0,5,KRW
2604_다이트_전환캠페인,(재)_서울_진료셀프캠_주사형비만치료제 고민끝에 50대부부 -32kg_260225,1861276155386962,2026-04-25,AGE_35_44,289,37,0,0.00,0,0,0.00,0,47,KRW
2604_다이트_전환캠페인,(재)_서울_진료셀프캠_주사형비만치료제 고민끝에 50대부부 -32kg_260225,1861276155386962,2026-04-25,AGE_45_54,879,63,0,0.00,0,0,0.00,0,98,KRW
2604_다이트_전환캠페인,(재)_서울_진료셀프캠_주사형비만치료제 고민끝에 50대부부 -32kg_260225,1861276155386962,2026-04-25,AGE_55_100,994,57,0,0.00,0,0,0.00,0,109,KRW
2604_다이트_전환캠페인,(재)_수원_의료진정보_4050나잇살 이유는 여기에_260410,1862064207732210,2026-04-25,AGE_25_34,40,17,0,0.00,0,0,0.00,0,19,KRW
2604_다이트_전환캠페인,(재)_수원_의료진정보_4050나잇살 이유는 여기에_260410,1862064207732210,2026-04-25,AGE_35_44,47,9,0,0.00,0,0,0.00,0,11,KRW
2604_다이트_전환캠페인,(재)_수원_의료진정보_4050나잇살 이유는 여기에_260410,1862064207732210,2026-04-25,AGE_45_54,58,13,0,0.00,0,0,0.00,0,16,KRW
2604_다이트_전환캠페인,(재)_수원_의료진정보_4050나잇살 이유는 여기에_260410,1862064207732210,2026-04-25,AGE_55_100,19,5,0,0.00,0,0,0.00,0,12,KRW
2604_다이트_전환캠페인,(재)_수원_진료셀프캠_50대다이어트대사_260422,1863144745203025,2026-04-25,AGE_25_34,222,66,0,0.00,0,0,0.00,0,76,KRW
2604_다이트_전환캠페인,(재)_수원_진료셀프캠_50대다이어트대사_260422,1863144745203025,2026-04-25,AGE_35_44,178,45,0,0.00,0,0,0.00,0,53,KRW
2604_다이트_전환캠페인,(재)_수원_진료셀프캠_50대다이어트대사_260422,1863144745203025,2026-04-25,AGE_45_54,575,40,0,0.00,0,0,0.00,0,55,KRW
2604_다이트_전환캠페인,(재)_수원_진료셀프캠_50대다이어트대사_260422,1863144745203025,2026-04-25,AGE_55_100,205,31,0,0.00,0,0,0.00,0,43,KRW
2604_다이트_전환캠페인,(재)_수원_진료셀프캠_비만주사끊고15kg_260326,1861277272418370,2026-04-25,NONE,0,0,0,0.00,0,0,0.00,0,0,KRW
2604_다이트_전환캠페인,(재)_수원_진료셀프캠_비만주사는입만막을뿐_260423,1863252126952065,2026-04-25,AGE_25_34,599,107,0,0.00,0,0,0.00,0,118,KRW
2604_다이트_전환캠페인,(재)_수원_진료셀프캠_비만주사는입만막을뿐_260423,1863252126952065,2026-04-25,AGE_35_44,912,154,0,0.00,0,0,0.00,0,182,KRW
2604_다이트_전환캠페인,(재)_수원_진료셀프캠_비만주사는입만막을뿐_260423,1863252126952065,2026-04-25,AGE_45_54,2559,176,0,0.00,0,0,0.00,0,231,KRW
2604_다이트_전환캠페인,(재)_수원_진료셀프캠_비만주사는입만막을뿐_260423,1863252126952065,2026-04-25,AGE_55_100,1505,109,1,0.92,0,0,0.00,0,136,KRW
2604_다이트_전환캠페인,(재)_수원_진료셀프캠_비만주사는입만막을뿐_260423,1863252126952065,2026-04-25,NONE,14,1,0,0.00,0,0,0.00,0,0,KRW
2604_다이트_전환캠페인,(재)_수원_진료셀프캠_식욕억제주사실패 마지막_260407,1861779341060274,2026-04-25,AGE_25_34,677,81,0,0.00,0,0,0.00,0,96,KRW
2604_다이트_전환캠페인,(재)_수원_진료셀프캠_식욕억제주사실패 마지막_260407,1861779341060274,2026-04-25,AGE_35_44,1284,112,1,0.89,0,0,0.00,0,142,KRW
2604_다이트_전환캠페인,(재)_수원_진료셀프캠_식욕억제주사실패 마지막_260407,1861779341060274,2026-04-25,AGE_45_54,2306,133,2,1.50,0,0,0.00,0,198,KRW
2604_다이트_전환캠페인,(재)_수원_진료셀프캠_식욕억제주사실패 마지막_260407,1861779341060274,2026-04-25,AGE_55_100,1586,98,1,1.02,0,0,0.00,0,150,KRW
2604_다이트_전환캠페인,(재)_수원_진료셀프캠_식욕억제주사실패 마지막_260407,1861779341060274,2026-04-25,NONE,0,0,0,0.00,0,0,0.00,0,0,KRW
2604_다이트_전환캠페인,(재)_수원_진료셀프캠_운동안해도되는_260416,1862612144893169,2026-04-25,AGE_25_34,766,135,1,0.74,0,0,0.00,0,152,KRW
2604_다이트_전환캠페인,(재)_수원_진료셀프캠_운동안해도되는_260416,1862612144893169,2026-04-25,AGE_35_44,1271,123,1,0.81,0,0,0.00,0,153,KRW
2604_다이트_전환캠페인,(재)_수원_진료셀프캠_운동안해도되는_260416,1862612144893169,2026-04-25,AGE_45_54,3107,121,3,2.48,1,3107,33.33,0,155,KRW
2604_다이트_전환캠페인,(재)_수원_진료셀프캠_운동안해도되는_260416,1862612144893169,2026-04-25,AGE_55_100,1440,86,1,1.16,0,0,0.00,0,121,KRW
2604_다이트_전환캠페인,(재)_수원_진료셀프캠_운동안해도되는_260416,1862612144893169,2026-04-25,NONE,0,0,0,0.00,0,0,0.00,0,0,KRW
2604_다이트_전환캠페인,(재)_일산_인플방문후기_맘껏먹는 다이어트 한달후기_260306,1861277479159890,2026-04-25,AGE_35_44,523,60,1,1.67,0,0,0.00,0,72,KRW
2604_다이트_전환캠페인,(재)_일산_인플방문후기_맘껏먹는 다이어트 한달후기_260306,1861277479159890,2026-04-25,AGE_45_54,783,64,0,0.00,0,0,0.00,0,81,KRW
2604_다이트_전환캠페인,(재)_일산_인플방문후기_맘껏먹는 다이어트 한달후기_260306,1861277479159890,2026-04-25,AGE_55_100,259,40,0,0.00,0,0,0.00,0,45,KRW
2604_다이트_전환캠페인,(재)_일산_인플방문후기_먹고싶은거다먹는(수원잇츠)_260403,1861437881987106,2026-04-25,AGE_35_44,18,6,0,0.00,0,0,0.00,0,8,KRW
2604_다이트_전환캠페인,(재)_일산_인플방문후기_먹고싶은거다먹는(수원잇츠)_260403,1861437881987106,2026-04-25,AGE_45_54,52,8,0,0.00,0,0,0.00,0,10,KRW
2604_다이트_전환캠페인,(재)_일산_인플방문후기_먹고싶은거다먹는(수원잇츠)_260403,1861437881987106,2026-04-25,AGE_55_100,25,6,0,0.00,0,0,0.00,0,9,KRW
2604_다이트_전환캠페인,(재)_일산_인플방문후기_연예인다이어트(일산 플랜비)_260416,1862614105575633,2026-04-25,AGE_35_44,313,29,0,0.00,0,0,0.00,0,37,KRW
2604_다이트_전환캠페인,(재)_일산_인플방문후기_연예인다이어트(일산 플랜비)_260416,1862614105575633,2026-04-25,AGE_45_54,230,28,1,3.57,0,0,0.00,0,38,KRW
2604_다이트_전환캠페인,(재)_일산_인플방문후기_연예인다이어트(일산 플랜비)_260416,1862614105575633,2026-04-25,AGE_55_100,115,25,0,0.00,0,0,0.00,0,37,KRW
2604_다이트_전환캠페인,(재)_일산_진료셀프캠_50대다이어트대사_260422,1863145439744049,2026-04-25,AGE_35_44,143,26,0,0.00,0,0,0.00,0,30,KRW
2604_다이트_전환캠페인,(재)_일산_진료셀프캠_50대다이어트대사_260422,1863145439744049,2026-04-25,AGE_45_54,432,28,1,3.57,0,0,0.00,0,35,KRW
2604_다이트_전환캠페인,(재)_일산_진료셀프캠_50대다이어트대사_260422,1863145439744049,2026-04-25,AGE_55_100,165,30,0,0.00,0,0,0.00,0,36,KRW
2604_다이트_전환캠페인,(재)_일산_진료셀프캠_비만주사는입만막을뿐_260423,1863252482871297,2026-04-25,AGE_35_44,181,28,0,0.00,0,0,0.00,0,40,KRW
2604_다이트_전환캠페인,(재)_일산_진료셀프캠_비만주사는입만막을뿐_260423,1863252482871297,2026-04-25,AGE_45_54,392,35,0,0.00,0,0,0.00,0,48,KRW
2604_다이트_전환캠페인,(재)_일산_진료셀프캠_비만주사는입만막을뿐_260423,1863252482871297,2026-04-25,AGE_55_100,185,23,0,0.00,0,0,0.00,0,43,KRW
2604_다이트_전환캠페인,(재)_일산_진료셀프캠_식욕억제주사실패 마지막_260407,1861779422527666,2026-04-25,AGE_35_44,1754,116,1,0.86,0,0,0.00,0,147,KRW
2604_다이트_전환캠페인,(재)_일산_진료셀프캠_식욕억제주사실패 마지막_260407,1861779422527666,2026-04-25,AGE_45_54,1375,137,3,2.19,0,0,0.00,0,212,KRW
2604_다이트_전환캠페인,(재)_일산_진료셀프캠_식욕억제주사실패 마지막_260407,1861779422527666,2026-04-25,AGE_55_100,1857,140,2,1.43,0,0,0.00,0,199,KRW
2604_다이트_전환캠페인,(재)_일산_진료셀프캠_운동안해도되는_260416,1862612254235649,2026-04-25,AGE_35_44,264,27,0,0.00,0,0,0.00,0,33,KRW
2604_다이트_전환캠페인,(재)_일산_진료셀프캠_운동안해도되는_260416,1862612254235649,2026-04-25,AGE_45_54,656,25,0,0.00,0,0,0.00,0,36,KRW
2604_다이트_전환캠페인,(재)_일산_진료셀프캠_운동안해도되는_260416,1862612254235649,2026-04-25,AGE_55_100,418,23,0,0.00,0,0,0.00,0,35,KRW
2604_다이트_전환캠페인,(재)_일산_진료셀프캠_운동안해도되는_260416,1862612254235649,2026-04-25,NONE,0,0,0,0.00,0,0,0.00,0,0,KRW
2604_다이트_전환캠페인,(재)_창원_진료셀프캠_50대다이어트대사_260422,1863145585749009,2026-04-25,AGE_35_44,175,38,0,0.00,0,0,0.00,0,42,KRW
2604_다이트_전환캠페인,(재)_창원_진료셀프캠_50대다이어트대사_260422,1863145585749009,2026-04-25,AGE_45_54,480,48,0,0.00,0,0,0.00,0,53,KRW
2604_다이트_전환캠페인,(재)_창원_진료셀프캠_50대다이어트대사_260422,1863145585749009,2026-04-25,AGE_55_100,188,42,0,0.00,0,0,0.00,0,60,KRW
2604_다이트_전환캠페인,(재)_창원_진료셀프캠_비만주사는입만막을뿐_260423,1863252701617361,2026-04-25,AGE_35_44,81,20,0,0.00,0,0,0.00,0,23,KRW
2604_다이트_전환캠페인,(재)_창원_진료셀프캠_비만주사는입만막을뿐_260423,1863252701617361,2026-04-25,AGE_45_54,117,24,0,0.00,0,0,0.00,0,36,KRW
2604_다이트_전환캠페인,(재)_창원_진료셀프캠_비만주사는입만막을뿐_260423,1863252701617361,2026-04-25,AGE_55_100,160,41,0,0.00,0,0,0.00,0,49,KRW
2604_다이트_전환캠페인,(재)_창원_진료셀프캠_식욕억제주사실패 마지막_260407,1861779402873057,2026-04-25,AGE_35_44,1581,172,0,0.00,0,0,0.00,0,238,KRW
2604_다이트_전환캠페인,(재)_창원_진료셀프캠_식욕억제주사실패 마지막_260407,1861779402873057,2026-04-25,AGE_45_54,3415,260,1,0.38,0,0,0.00,0,404,KRW
2604_다이트_전환캠페인,(재)_창원_진료셀프캠_식욕억제주사실패 마지막_260407,1861779402873057,2026-04-25,AGE_55_100,2921,183,2,1.09,0,0,0.00,0,330,KRW
2604_다이트_전환캠페인,(재)_창원_진료셀프캠_식욕억제주사실패 마지막_260407,1861779402873057,2026-04-25,NONE,28,1,0,0.00,0,0,0.00,0,0,KRW
2604_다이트_전환캠페인,(재)_창원_진료셀프캠_운동안해도되는_260416,1862612192812097,2026-04-25,AGE_35_44,1705,162,3,1.85,0,0,0.00,0,195,KRW
2604_다이트_전환캠페인,(재)_창원_진료셀프캠_운동안해도되는_260416,1862612192812097,2026-04-25,AGE_45_54,2561,202,3,1.49,0,0,0.00,0,267,KRW
2604_다이트_전환캠페인,(재)_창원_진료셀프캠_운동안해도되는_260416,1862612192812097,2026-04-25,AGE_55_100,2464,152,2,1.32,0,0,0.00,0,221,KRW
2604_다이트_전환캠페인,(재)_창원_진료셀프캠_운동안해도되는_260416,1862612192812097,2026-04-25,NONE,2,1,0,0.00,0,0,0.00,0,0,KRW
2604_다이트_전환캠페인,(재)_천안_진료셀프캠_50대다이어트대사_260422,1863145660596401,2026-04-25,AGE_35_44,175,18,0,0.00,0,0,0.00,0,21,KRW
2604_다이트_전환캠페인,(재)_천안_진료셀프캠_50대다이어트대사_260422,1863145660596401,2026-04-25,AGE_45_54,187,9,0,0.00,0,0,0.00,0,13,KRW
2604_다이트_전환캠페인,(재)_천안_진료셀프캠_50대다이어트대사_260422,1863145660596401,2026-04-25,AGE_55_100,90,10,0,0.00,0,0,0.00,0,11,KRW
2604_다이트_전환캠페인,(재)_천안_진료셀프캠_비만주사가놓친것_260414,1862452895498482,2026-04-25,NONE,0,0,0,0.00,0,0,0.00,0,0,KRW
2604_다이트_전환캠페인,(재)_천안_진료셀프캠_비만주사는입만막을뿐_260423,1863252775614561,2026-04-25,AGE_35_44,132,27,0,0.00,0,0,0.00,0,29,KRW
2604_다이트_전환캠페인,(재)_천안_진료셀프캠_비만주사는입만막을뿐_260423,1863252775614561,2026-04-25,AGE_45_54,48,15,0,0.00,0,0,0.00,0,20,KRW
2604_다이트_전환캠페인,(재)_천안_진료셀프캠_비만주사는입만막을뿐_260423,1863252775614561,2026-04-25,AGE_55_100,29,9,0,0.00,0,0,0.00,0,15,KRW
2604_다이트_전환캠페인,(재)_천안_진료셀프캠_식욕억제주사실패 마지막_260407,1861779883450610,2026-04-25,AGE_35_44,1642,175,0,0.00,0,0,0.00,0,232,KRW
2604_다이트_전환캠페인,(재)_천안_진료셀프캠_식욕억제주사실패 마지막_260407,1861779883450610,2026-04-25,AGE_45_54,2134,174,2,1.15,0,0,0.00,0,262,KRW
2604_다이트_전환캠페인,(재)_천안_진료셀프캠_식욕억제주사실패 마지막_260407,1861779883450610,2026-04-25,AGE_55_100,758,64,2,3.13,0,0,0.00,0,101,KRW
2604_다이트_전환캠페인,(재)_천안_진료셀프캠_식욕억제주사실패 마지막_260407,1861779883450610,2026-04-25,NONE,0,0,0,0.00,0,0,0.00,0,0,KRW
2604_다이트_전환캠페인,(재)_천안_진료셀프캠_운동안해도되는_260416,1862612464960546,2026-04-25,AGE_35_44,1288,69,0,0.00,0,0,0.00,0,93,KRW
2604_다이트_전환캠페인,(재)_천안_진료셀프캠_운동안해도되는_260416,1862612464960546,2026-04-25,AGE_45_54,1407,76,0,0.00,0,0,0.00,0,109,KRW
2604_다이트_전환캠페인,(재)_천안_진료셀프캠_운동안해도되는_260416,1862612464960546,2026-04-25,AGE_55_100,593,37,0,0.00,0,0,0.00,0,47,KRW
