캠페인 이름,광고 이름,광고 ID,일별,비용,노출수,CPM,클릭수(목적지),CPC(목적지),CTR(목적지),전환수,전환당 비용,전환율(CVR),빈도,동영상 조회수,통화,랜딩 페이지 조회(웹사이트),도달
2604_다이트_전환캠페인,(신)_대구_인플방문후기_먹으면서 다이어트(대읽남)_251017,1861277850752146,2026-04-25,0,0,0,0,0,0.00,0,0,0.00,0.00,0,KRW,0,0
2603_다이트_전환캠페인,(신)_대구_인플방문후기_먹으면서 다이어트(대읽남)_251017,1858362316758178,2026-04-25,0,0,0,0,0,0.00,0,0,0.00,0.00,0,KRW,0,0
2604_다이트_전환캠페인,(신)_대구_인플방문후기_밥빵면안당기는원장님(itsmeyuriwon)_260407,1861796218051601,2026-04-25,3536,343,10309,3,1178,0.87,0,0,0.00,1.01,341,KRW,3,338
2604_다이트_전환캠페인,(신)_대전_인플방문후기_밥빵면안당기는원장님(itsmeyuriwon)_260407,1861796462367905,2026-04-25,4208,325,12947,1,4208,0.31,1,4208,100.00,1.04,316,KRW,2,313
2604_다이트_전환캠페인,(신)_대전_인플방문후기_주사형비만치료제(the.hyunniverse)_260403,1861968952635729,2026-04-25,5086,676,7523,3,1695,0.44,0,0,0.00,1.09,665,KRW,1,623
2603_다이트_전환캠페인,(신)_부평_의료진정보_주사형비만치료제 10년은_260116,1860716092390562,2026-04-25,0,0,0,0,0,0.00,0,0,0.00,0.00,0,KRW,0,0
2604_다이트_전환캠페인,(신)_부평_의료진정보_주사형비만치료제 10년은_260116,1861276817166401,2026-04-25,0,0,0,0,0,0.00,0,0,0.00,0.00,0,KRW,0,0
2603_다이트_전환캠페인,(신)_부평_인플방문후기_건강한다이어트(박고경)_260324,1860541278478465,2026-04-25,0,0,0,0,0,0.00,0,0,0.00,0.00,0,KRW,0,0
2604_다이트_전환캠페인,(신)_부평_인플방문후기_건강한다이어트(박고경)_260324,1861276881397074,2026-04-25,0,0,0,0,0,0.00,0,0,0.00,0.00,0,KRW,0,0
2604_다이트_전환캠페인,(신)_부평_인플방문후기_밥빵면안당기는원장님(itsmeyuriwon)_260407,1861795578227042,2026-04-25,25463,1609,15825,17,1497,1.06,1,25463,5.88,1.08,1590,KRW,16,1487
2604_다이트_전환캠페인,(신)_부평_인플방문후기_주사형비만치료제(the.hyunniverse)_260403,1861968247570690,2026-04-25,24642,3125,7885,5,4928,0.16,1,24642,20.00,1.09,3069,KRW,8,2864
2604_다이트_전환캠페인,(신)_서울_인플방문후기_밥빵면안당기는원장님(itsmeyuriwon)_260407,1861792943047986,2026-04-25,5870,329,17841,5,1174,1.52,1,5870,20.00,1.05,324,KRW,5,313
2604_다이트_전환캠페인,(신)_서울_인플방문후기_주사형비만치료제(the.hyunniverse)_260403,1861968379365409,2026-04-25,8235,696,11831,5,1647,0.72,0,0,0.00,1.10,676,KRW,2,632
2604_다이트_전환캠페인,(신)_수원_인플방문후기_밥빵면안당기는원장님(itsmeyuriwon)_260407,1861796026692689,2026-04-25,0,0,0,0,0,0.00,0,0,0.00,0.00,0,KRW,0,0
2604_다이트_전환캠페인,(신)_수원_인플방문후기_주사형비만치료제(the.hyunniverse)_260403,1861426333950193,2026-04-25,16342,2299,7108,11,1485,0.48,0,0,0.00,1.07,2267,KRW,11,2139
2604_다이트_전환캠페인,(신)_일산_인플방문후기_주사형비만치료제(the.hyunniverse)_260403,1861968797915602,2026-04-25,3008,557,5400,0,0,0.00,0,0,0.00,1.02,544,KRW,0,544
2604_다이트_전환캠페인,(신)_창원_인플방문후기_밥빵면안당기는원장님(itsmeyuriwon)_260407,1861796302859538,2026-04-25,34180,2629,13001,20,1709,0.76,0,0,0.00,1.17,2590,KRW,16,2245
2604_다이트_전환캠페인,(신)_천안_의료진정보_주사형비만치료제 10년은_260116,1861279064396242,2026-04-25,7139,1251,5706,5,1427,0.40,0,0,0.00,1.09,1229,KRW,7,1143
2604_다이트_전환캠페인,(신)_천안_인플방문후기_밥빵면안당기는원장님(itsmeyuriwon)_260407,1861796395517250,2026-04-25,6208,729,8515,7,886,0.96,0,0,0.00,1.06,721,KRW,6,689
2604_다이트_전환캠페인,(신)_천안_인플방문후기_주사형비만치료제(the.hyunniverse)_260403,1861969033799841,2026-04-25,11339,1809,6268,9,1259,0.50,0,0,0.00,1.08,1787,KRW,11,1681
2604_다이트_전환캠페인,(신)_천안_진료셀프캠_주사형 비만치료제보다 더중요한이것_260120,1861969112559697,2026-04-25,0,0,0,0,0,0.00,0,0,0.00,0.00,0,KRW,0,0
2603_다이트_전환캠페인,(재)_대구_의료진정보_비만주사요요 탄수중독_260320,1860170996611154,2026-04-25,0,0,0,0,0,0.00,0,0,0.00,0.00,0,KRW,0,0
2603_다이트_전환캠페인,"(재)_대구_인플방문후기_건강한다이어트(대구,박고경)_260325",1860614125298753,2026-04-25,0,0,0,0,0,0.00,0,0,0.00,0.00,0,KRW,0,0
2604_다이트_전환캠페인,"(재)_대구_인플방문후기_건강한다이어트(대구,박고경)_260325",1861278128485793,2026-04-25,8941,1288,6941,5,1788,0.39,0,0,0.00,1.07,1261,KRW,9,1208
2604_다이트_전환캠페인,(재)_대구_인플방문후기_연예인다이어트(플랜비)_260416,1862614242718769,2026-04-25,0,0,0,0,0,0.00,0,0,0.00,0.00,0,KRW,0,0
2604_다이트_전환캠페인,(재)_대구_진료셀프캠_50대다이어트대사_260422,1863145537589298,2026-04-25,3968,453,8759,2,1984,0.44,0,0,0.00,1.07,447,KRW,4,423
2604_다이트_전환캠페인,(재)_대구_진료셀프캠_다이어트의적 밥빵면_260407,1861778669641809,2026-04-25,45654,2179,20951,29,1574,1.33,2,22827,6.90,1.11,2142,KRW,25,1962
2604_다이트_전환캠페인,(재)_대구_진료셀프캠_비만주사는입만막을뿐_260423,1863252567801041,2026-04-25,1910,308,6201,2,955,0.65,0,0,0.00,1.03,302,KRW,2,298
2604_다이트_전환캠페인,(재)_대구_진료셀프캠_식욕억제주사실패 마지막_260407,1861779512219682,2026-04-25,32673,1940,16841,20,1633,1.03,1,32673,5.00,1.13,1912,KRW,21,1719
2604_다이트_전환캠페인,(재)_대구_진료셀프캠_운동안해도되는_260416,1862612192785601,2026-04-25,0,0,0,0,0,0.00,0,0,0.00,0.00,0,KRW,0,0
2604_다이트_전환캠페인,(재)_대구_진료셀프캠_주사형비만치료제 고민끝에 50대부부 -32kg_260225,1861278082187298,2026-04-25,20700,1788,11577,10,2070,0.56,1,20700,10.00,1.10,1759,KRW,12,1620
2603_다이트_전환캠페인,(재)_대구_진료셀프캠_주사형비만치료제 고민끝에 50대부부 -32kg_260225,1860546064808049,2026-04-25,0,0,0,0,0,0.00,0,0,0.00,0.00,0,KRW,0,0
2604_다이트_전환캠페인,"(재)_대전_인플방문후기_건강한다이어트(대전, 박고경)_260406",1861709876075633,2026-04-25,0,0,0,0,0,0.00,0,0,0.00,0.00,0,KRW,0,0
2604_다이트_전환캠페인,(재)_대전_진료셀프캠_50대다이어트대사_260422,1863145758279698,2026-04-25,700,73,9589,0,0,0.00,0,0,0.00,1.01,70,KRW,0,72
2604_다이트_전환캠페인,(재)_대전_진료셀프캠_다이어트의적 밥빵면_260407,1861776478109986,2026-04-25,39655,1842,21528,15,2643,0.81,1,39655,6.67,1.12,1808,KRW,12,1639
2604_다이트_전환캠페인,(재)_대전_진료셀프캠_비만주사는입만막을뿐_260423,1863253376478305,2026-04-25,723,213,3394,0,0,0.00,0,0,0.00,1.03,212,KRW,0,206
2604_다이트_전환캠페인,(재)_대전_진료셀프캠_식욕억제주사실패 마지막_260406,1861708051912898,2026-04-25,0,0,0,0,0,0.00,0,0,0.00,0.00,0,KRW,0,0
2604_다이트_전환캠페인,(재)_대전_진료셀프캠_식욕억제주사실패 마지막_260407,1861779986019442,2026-04-25,31742,1853,17130,18,1763,0.97,0,0,0.00,1.19,1821,KRW,18,1562
2604_다이트_전환캠페인,(재)_대전_진료셀프캠_운동안해도되는_260416,1862612373033250,2026-04-25,0,0,0,0,0,0.00,0,0,0.00,0.00,0,KRW,0,0
2604_다이트_전환캠페인,(재)_대전_진료셀프캠_주사형비만치료제 고민끝에 50대부부 -32kg_260225,1861708178989089,2026-04-25,15426,1566,9850,9,1714,0.57,1,15426,11.11,1.08,1538,KRW,11,1452
2604_다이트_전환캠페인,(재)_부평_인플방문후기_연예인다이어트(플랜비)_260416,1862613882586418,2026-04-25,7544,861,8761,4,1886,0.46,0,0,0.00,1.06,843,KRW,5,811
2604_다이트_전환캠페인,(재)_부평_진료셀프캠_50대다이어트대사_260422,1863145317184529,2026-04-25,3172,261,12153,2,1586,0.77,1,3172,50.00,1.08,258,KRW,2,242
2604_다이트_전환캠페인,(재)_부평_진료셀프캠_비만주사가놓친것_260414,1862452531926049,2026-04-25,0,0,0,0,0,0.00,0,0,0.00,0.00,0,KRW,0,0
2604_다이트_전환캠페인,(재)_부평_진료셀프캠_비만주사는입만막을뿐_260423,1863251994014802,2026-04-25,13597,2380,5713,8,1699,0.34,2,6798,25.00,1.22,2318,KRW,11,1956
2604_다이트_전환캠페인,(재)_부평_진료셀프캠_식욕억제주사실패 마지막_260407,1861779276638289,2026-04-25,113465,6079,18665,53,2140,0.87,2,56732,3.77,1.17,5991,KRW,59,5191
2604_다이트_전환캠페인,(재)_부평_진료셀프캠_운동안해도되는_260416,1862612072337410,2026-04-25,35281,2367,14905,13,2713,0.55,1,35281,7.69,1.11,2329,KRW,10,2129
2604_다이트_전환캠페인,(재)_부평_진료셀프캠_주사형비만치료제 고민끝에 50대부부 -32kg_260225,1861276697497633,2026-04-25,0,0,0,0,0,0.00,0,0,0.00,0.00,0,KRW,0,0
2603_다이트_전환캠페인,(재)_부평_진료셀프캠_주사형비만치료제 고민끝에 50대부부 -32kg_260225,1858358875905138,2026-04-25,0,0,0,0,0,0.00,0,0,0.00,0.00,0,KRW,0,0
2604_다이트_전환캠페인,(재)_서울_인플방문후기_연예인다이어트(플랜비)_260416,1862611925509122,2026-04-25,0,0,0,0,0,0.00,0,0,0.00,0.00,0,KRW,0,0
2604_다이트_전환캠페인,(재)_서울_진료셀프캠_50대다이어트대사_260422,1863141281578129,2026-04-25,2383,237,10054,0,0,0.00,0,0,0.00,1.06,234,KRW,0,224
2604_다이트_전환캠페인,(재)_서울_진료셀프캠_비만주사가놓친것_260414,1862427431553298,2026-04-25,70,23,3043,0,0,0.00,0,0,0.00,1.05,23,KRW,0,22
2604_다이트_전환캠페인,(재)_서울_진료셀프캠_비만주사는입만막을뿐_260423,1863250762937489,2026-04-25,2379,268,8876,1,2379,0.37,0,0,0.00,1.06,260,KRW,1,252
2604_다이트_전환캠페인,(재)_서울_진료셀프캠_식욕억제주사실패 마지막_260407,1861778815720546,2026-04-25,34852,2115,16478,28,1244,1.32,1,34852,3.57,1.12,2069,KRW,35,1894
2604_다이트_전환캠페인,(재)_서울_진료셀프캠_운동안해도되는_260416,1862607904464929,2026-04-25,0,0,0,0,0,0.00,0,0,0.00,0.00,0,KRW,0,0
2604_다이트_전환캠페인,(재)_서울_진료셀프캠_의사가권하지않는4050_260414,1862453122462113,2026-04-25,661,125,5288,0,0,0.00,0,0,0.00,1.06,120,KRW,1,118
2604_다이트_전환캠페인,(재)_서울_진료셀프캠_주사형비만치료제 고민끝에 50대부부 -32kg_260225,1861276155386962,2026-04-25,27153,1783,15228,9,3017,0.50,0,0,0.00,1.10,1741,KRW,9,1623
2603_다이트_전환캠페인,(재)_서울_진료셀프캠_주사형비만치료제 고민끝에 50대부부 -32kg_260225,1859357641001154,2026-04-25,0,0,0,0,0,0.00,0,0,0.00,0.00,0,KRW,0,0
2604_다이트_전환캠페인,(재)_수원_의료진정보_4050나잇살 이유는 여기에_260410,1862064207732210,2026-04-25,1813,344,5270,0,0,0.00,0,0,0.00,1.09,338,KRW,0,315
2604_다이트_전환캠페인,(재)_수원_인플방문후기_연예인다이어트(플랜비)_260416,1862613961447426,2026-04-25,0,0,0,0,0,0.00,0,0,0.00,0.00,0,KRW,0,0
2604_다이트_전환캠페인,(재)_수원_진료셀프캠_50대다이어트대사_260422,1863144745203025,2026-04-25,5605,839,6680,1,5605,0.12,0,0,0.00,1.10,830,KRW,3,763
2604_다이트_전환캠페인,(재)_수원_진료셀프캠_비만주사끊고15kg_260326,1861277272418370,2026-04-25,0,0,0,0,0,0.00,0,0,0.00,0.00,0,KRW,0,0
2604_다이트_전환캠페인,(재)_수원_진료셀프캠_비만주사는입만막을뿐_260423,1863252126952065,2026-04-25,28272,3127,9041,5,5654,0.16,0,0,0.00,1.20,3060,KRW,7,2615
2604_다이트_전환캠페인,(재)_수원_진료셀프캠_비만주사없이 체질_260320,1861277107797025,2026-04-25,0,0,0,0,0,0.00,0,0,0.00,0.00,0,KRW,0,0
2604_다이트_전환캠페인,(재)_수원_진료셀프캠_식욕억제주사실패 마지막_260407,1861779341060274,2026-04-25,63439,3652,17371,25,2537,0.68,3,21146,12.00,1.19,3603,KRW,30,3061
2604_다이트_전환캠페인,(재)_수원_진료셀프캠_운동안해도되는_260416,1862612144893169,2026-04-25,45535,3455,13179,16,2845,0.46,2,22767,12.50,1.15,3397,KRW,17,3006
2604_다이트_전환캠페인,(재)_일산_의료진정보_무작정운동으로 팩폭_260406,1861709552021505,2026-04-25,0,0,0,0,0,0.00,0,0,0.00,0.00,0,KRW,0,0
2604_다이트_전환캠페인,"(재)_일산_인플방문후기_건강한다이어트(일산, 박고경)_260325",1861277705679282,2026-04-25,0,0,0,0,0,0.00,0,0,0.00,0.00,0,KRW,0,0
2603_다이트_전환캠페인,(재)_일산_인플방문후기_맘껏먹는 다이어트 한달후기_260306,1858833441334273,2026-04-25,0,0,0,0,0,0.00,0,0,0.00,0.00,0,KRW,0,0
2604_다이트_전환캠페인,(재)_일산_인플방문후기_맘껏먹는 다이어트 한달후기_260306,1861277479159890,2026-04-25,7078,759,9325,6,1179,0.79,0,0,0.00,1.03,748,KRW,7,739
2604_다이트_전환캠페인,(재)_일산_인플방문후기_먹고싶은거다먹는(수원잇츠)_260403,1861437881987106,2026-04-25,822,109,7541,0,0,0.00,0,0,0.00,1.01,108,KRW,0,108
2604_다이트_전환캠페인,(재)_일산_인플방문후기_연예인다이어트(일산 플랜비)_260416,1862614105575633,2026-04-25,5497,761,7223,3,1832,0.39,0,0,0.00,1.04,742,KRW,2,734
2604_다이트_전환캠페인,(재)_일산_진료셀프캠_50대다이어트대사_260422,1863145439744049,2026-04-25,2617,329,7954,3,872,0.91,0,0,0.00,1.05,325,KRW,4,312
2604_다이트_전환캠페인,(재)_일산_진료셀프캠_비만주사는입만막을뿐_260423,1863252482871297,2026-04-25,8116,771,10526,4,2029,0.52,2,4058,50.00,1.04,757,KRW,7,740
2604_다이트_전환캠페인,(재)_일산_진료셀프캠_식욕억제주사실패 마지막_260407,1861779422527666,2026-04-25,40142,2512,15980,30,1338,1.19,2,20071,6.67,1.09,2487,KRW,29,2312
2604_다이트_전환캠페인,(재)_일산_진료셀프캠_운동안해도되는_260416,1862612254235649,2026-04-25,7769,425,18280,6,1294,1.41,0,0,0.00,1.04,419,KRW,4,410
2604_다이트_전환캠페인,(재)_창원_의료진정보_무작정운동으로 팩폭_260406,1861709359069201,2026-04-25,0,0,0,0,0,0.00,0,0,0.00,0.00,0,KRW,0,0
2604_다이트_전환캠페인,"(재)_창원_인플방문후기_건강한다이어트(창원,박고경)_260325",1861278731680866,2026-04-25,0,0,0,0,0,0.00,0,0,0.00,0.00,0,KRW,0,0
2603_다이트_전환캠페인,(재)_창원_인플방문후기_맘껏먹는 다이어트 한달후기_260306,1858833707245617,2026-04-25,0,0,0,0,0,0.00,0,0,0.00,0.00,0,KRW,0,0
2604_다이트_전환캠페인,(재)_창원_인플방문후기_먹고싶은거다먹는(수원잇츠)_260403,1861437705571345,2026-04-25,0,0,0,0,0,0.00,0,0,0.00,0.00,0,KRW,0,0
2604_다이트_전환캠페인,(재)_창원_인플방문후기_연예인다이어트(플랜비)_260416,1862614349846529,2026-04-25,0,0,0,0,0,0.00,0,0,0.00,0.00,0,KRW,0,0
2604_다이트_전환캠페인,(재)_창원_진료셀프캠_50대다이어트대사_260422,1863145585749009,2026-04-25,3560,583,6106,3,1186,0.51,0,0,0.00,1.08,568,KRW,6,538
2604_다이트_전환캠페인,(재)_창원_진료셀프캠_비만주사는입만막을뿐_260423,1863252701617361,2026-04-25,3553,504,7049,1,3553,0.20,0,0,0.00,1.08,488,KRW,4,468
2604_다이트_전환캠페인,(재)_창원_진료셀프캠_식욕억제주사실패 마지막_260407,1861779402873057,2026-04-25,95308,4983,19126,40,2382,0.80,1,95308,2.50,1.24,4874,KRW,37,4011
2604_다이트_전환캠페인,(재)_창원_진료셀프캠_운동안해도되는_260416,1862612192812097,2026-04-25,40583,2913,13931,22,1844,0.76,3,13527,13.64,1.17,2854,KRW,18,2486
2604_다이트_전환캠페인,(재)_창원_진료셀프캠_주사형비만치료제 고민끝에 50대부부 -32kg_260225,1861278292523041,2026-04-25,0,0,0,0,0,0.00,0,0,0.00,0.00,0,KRW,0,0
2603_다이트_전환캠페인,(재)_창원_진료셀프캠_주사형비만치료제 고민끝에 50대부부 -32kg_260225,1860546141013361,2026-04-25,0,0,0,0,0,0.00,0,0,0.00,0.00,0,KRW,0,0
2603_다이트_전환캠페인,(재)_창원_진료셀프캠_창원 다이어트 성지_260309,1860542105384290,2026-04-25,0,0,0,0,0,0.00,0,0,0.00,0.00,0,KRW,0,0
2604_다이트_전환캠페인,"(재)_천안_인플방문후기_건강한다이어트(천안, 박고경)_260325",1861278985311585,2026-04-25,0,0,0,0,0,0.00,0,0,0.00,0.00,0,KRW,0,0
2604_다이트_전환캠페인,(재)_천안_진료셀프캠_50대다이어트대사_260422,1863145660596401,2026-04-25,886,130,6815,1,886,0.77,0,0,0.00,1.02,131,KRW,1,128
2604_다이트_전환캠페인,(재)_천안_진료셀프캠_비만주사가놓친것_260414,1862452895498482,2026-04-25,0,0,0,0,0,0.00,0,0,0.00,0.00,0,KRW,0,0
2604_다이트_전환캠페인,(재)_천안_진료셀프캠_비만주사는입만막을뿐_260423,1863252775614561,2026-04-25,956,260,3676,1,956,0.38,0,0,0.00,1.07,251,KRW,0,244
2604_다이트_전환캠페인,(재)_천안_진료셀프캠_식욕억제주사실패 마지막_260407,1861779883450610,2026-04-25,41358,2626,15749,33,1253,1.26,1,41358,3.03,1.15,2600,KRW,36,2275
2604_다이트_전환캠페인,(재)_천안_진료셀프캠_운동안해도되는_260416,1862612464960546,2026-04-25,13003,992,13107,8,1625,0.81,0,0,0.00,1.09,985,KRW,10,912
2604_다이트_전환캠페인,(재)_천안_진료셀프캠_주사형비만치료제 고민끝에 50대부부 -32kg_260225,1861968142031009,2026-04-25,0,0,0,0,0,0.00,0,0,0.00,0.00,0,KRW,0,0
2604_다이트_전환캠페인,(신)_대구_인플방문후기_먹으면서 다이어트(대읽남)_251017,1861277850752146,2026-04-26,0,0,0,0,0,0.00,0,0,0.00,0.00,0,KRW,0,0
2603_다이트_전환캠페인,(신)_대구_인플방문후기_먹으면서 다이어트(대읽남)_251017,1858362316758178,2026-04-26,0,0,0,0,0,0.00,0,0,0.00,0.00,0,KRW,0,0
2604_다이트_전환캠페인,(신)_대구_인플방문후기_밥빵면안당기는원장님(itsmeyuriwon)_260407,1861796218051601,2026-04-26,7809,514,15192,5,1561,0.97,0,0,0.00,1.06,506,KRW,5,486
2604_다이트_전환캠페인,(신)_대구_인플방문후기_주사형비만치료제(the.hyunniverse)_260403,1861968872286353,2026-04-26,0,0,0,0,0,0.00,0,0,0.00,0.00,0,KRW,0,0
2604_다이트_전환캠페인,(신)_대전_인플방문후기_밥빵면안당기는원장님(itsmeyuriwon)_260407,1861796462367905,2026-04-26,7847,631,12435,9,871,1.43,0,0,0.00,1.07,622,KRW,8,591
2604_다이트_전환캠페인,(신)_대전_인플방문후기_주사형비만치료제(the.hyunniverse)_260403,1861968952635729,2026-04-26,5771,787,7332,2,2885,0.25,0,0,0.00,1.06,777,KRW,1,741
2603_다이트_전환캠페인,(신)_부평_의료진정보_주사형비만치료제 10년은_260116,1860716092390562,2026-04-26,0,0,0,0,0,0.00,0,0,0.00,0.00,0,KRW,0,0
2604_다이트_전환캠페인,(신)_부평_인플방문후기_건강한다이어트(박고경)_260324,1861276881397074,2026-04-26,0,0,0,0,0,0.00,0,0,0.00,0.00,0,KRW,0,0
2603_다이트_전환캠페인,(신)_부평_인플방문후기_건강한다이어트(박고경)_260324,1860541278478465,2026-04-26,0,0,0,0,0,0.00,0,0,0.00,0.00,0,KRW,0,0
2604_다이트_전환캠페인,(신)_부평_인플방문후기_밥빵면안당기는원장님(itsmeyuriwon)_260407,1861795578227042,2026-04-26,24342,1875,12982,18,1352,0.96,0,0,0.00,1.07,1854,KRW,22,1749
2604_다이트_전환캠페인,(신)_부평_인플방문후기_주사형비만치료제(the.hyunniverse)_260403,1861968247570690,2026-04-26,16947,2444,6934,10,1694,0.41,0,0,0.00,1.07,2401,KRW,20,2280
2603_다이트_전환캠페인,(신)_서울_의료진정보_주사형비만치료제 10년은_260116,1861074376185921,2026-04-26,0,0,0,0,0,0.00,0,0,0.00,0.00,0,KRW,0,0
2604_다이트_전환캠페인,(신)_서울_인플방문후기_밥빵면안당기는원장님(itsmeyuriwon)_260407,1861792943047986,2026-04-26,10200,489,20858,6,1700,1.23,0,0,0.00,1.07,484,KRW,5,457
2604_다이트_전환캠페인,(신)_서울_인플방문후기_주사형비만치료제(the.hyunniverse)_260403,1861968379365409,2026-04-26,8755,684,12799,4,2188,0.58,1,8755,25.00,1.11,667,KRW,3,619
2604_다이트_전환캠페인,(신)_수원_인플방문후기_밥빵면안당기는원장님(itsmeyuriwon)_260407,1861796026692689,2026-04-26,0,0,0,0,0,0.00,0,0,0.00,0.00,0,KRW,0,0
2604_다이트_전환캠페인,(신)_수원_인플방문후기_주사형비만치료제(the.hyunniverse)_260403,1861426333950193,2026-04-26,28112,4047,6946,17,1653,0.42,2,14056,11.76,1.04,3980,KRW,18,3878
2604_다이트_전환캠페인,(신)_일산_인플방문후기_밥빵면안당기는원장님(itsmeyuriwon)_260407,1861796100333057,2026-04-26,0,0,0,0,0,0.00,0,0,0.00,0.00,0,KRW,0,0
2604_다이트_전환캠페인,(신)_일산_인플방문후기_주사형비만치료제(the.hyunniverse)_260403,1861968797915602,2026-04-26,4967,914,5434,7,709,0.77,0,0,0.00,1.02,904,KRW,10,900
2604_다이트_전환캠페인,(신)_창원_인플방문후기_밥빵면안당기는원장님(itsmeyuriwon)_260407,1861796302859538,2026-04-26,31563,2320,13604,18,1753,0.78,0,0,0.00,1.17,2288,KRW,16,1977
2604_다이트_전환캠페인,(신)_천안_의료진정보_주사형비만치료제 10년은_260116,1861279064396242,2026-04-26,5979,825,7247,1,5979,0.12,0,0,0.00,1.08,813,KRW,2,763
2604_다이트_전환캠페인,(신)_천안_인플방문후기_밥빵면안당기는원장님(itsmeyuriwon)_260407,1861796395517250,2026-04-26,8685,795,10924,7,1240,0.88,0,0,0.00,1.06,784,KRW,8,752
2604_다이트_전환캠페인,(신)_천안_인플방문후기_주사형비만치료제(the.hyunniverse)_260403,1861969033799841,2026-04-26,11647,1343,8672,4,2911,0.30,0,0,0.00,1.07,1324,KRW,7,1250
2604_다이트_전환캠페인,(신)_천안_진료셀프캠_주사형 비만치료제보다 더중요한이것_260120,1861969112559697,2026-04-26,0,0,0,0,0,0.00,0,0,0.00,0.00,0,KRW,0,0
2604_다이트_전환캠페인,"(재)_대구_인플방문후기_건강한다이어트(대구,박고경)_260325",1861278128485793,2026-04-26,12601,1610,7826,10,1260,0.62,0,0,0.00,1.07,1578,KRW,6,1502
2604_다이트_전환캠페인,(재)_대구_인플방문후기_연예인다이어트(플랜비)_260416,1862614242718769,2026-04-26,0,0,0,0,0,0.00,0,0,0.00,0.00,0,KRW,0,0
2604_다이트_전환캠페인,(재)_대구_진료셀프캠_50대다이어트대사_260422,1863145537589298,2026-04-26,1023,166,6162,0,0,0.00,0,0,0.00,1.07,166,KRW,0,155
2604_다이트_전환캠페인,(재)_대구_진료셀프캠_다이어트의적 밥빵면_260407,1861778669641809,2026-04-26,48437,2506,19328,25,1937,1.00,1,48437,4.00,1.10,2449,KRW,28,2274
2604_다이트_전환캠페인,(재)_대구_진료셀프캠_비만주사는입만막을뿐_260423,1863252567801041,2026-04-26,3959,553,7159,2,1979,0.36,0,0,0.00,1.06,549,KRW,2,521
2604_다이트_전환캠페인,(재)_대구_진료셀프캠_식욕억제주사실패 마지막_260407,1861779512219682,2026-04-26,41759,2943,14189,36,1159,1.22,2,20879,5.56,1.17,2887,KRW,39,2524
2604_다이트_전환캠페인,(재)_대구_진료셀프캠_운동안해도되는_260416,1862612192785601,2026-04-26,0,0,0,0,0,0.00,0,0,0.00,0.00,0,KRW,0,0
2604_다이트_전환캠페인,(재)_대구_진료셀프캠_주사형비만치료제 고민끝에 50대부부 -32kg_260225,1861278082187298,2026-04-26,21376,2209,9676,9,2375,0.41,0,0,0.00,1.11,2162,KRW,11,1987
2604_다이트_전환캠페인,(재)_대전_인플방문후기_연예인다이어트(플랜비)_260416,1862614549502162,2026-04-26,0,0,0,0,0,0.00,0,0,0.00,0.00,0,KRW,0,0
2604_다이트_전환캠페인,(재)_대전_진료셀프캠_50대다이어트대사_260422,1863145758279698,2026-04-26,171,39,4384,0,0,0.00,0,0,0.00,1.00,39,KRW,0,39
2604_다이트_전환캠페인,(재)_대전_진료셀프캠_다이어트의적 밥빵면_260407,1861776478109986,2026-04-26,34639,1897,18259,19,1823,1.00,3,11546,15.79,1.11,1867,KRW,25,1711
2604_다이트_전환캠페인,(재)_대전_진료셀프캠_비만주사는입만막을뿐_260423,1863253376478305,2026-04-26,1151,277,4155,0,0,0.00,0,0,0.00,1.07,272,KRW,0,259
2604_다이트_전환캠페인,(재)_대전_진료셀프캠_식욕억제주사실패 마지막_260406,1861708051912898,2026-04-26,0,0,0,0,0,0.00,0,0,0.00,0.00,0,KRW,0,0
2604_다이트_전환캠페인,(재)_대전_진료셀프캠_식욕억제주사실패 마지막_260407,1861779986019442,2026-04-26,31404,1986,15812,24,1308,1.21,2,15702,8.33,1.13,1960,KRW,25,1754
2604_다이트_전환캠페인,(재)_대전_진료셀프캠_주사형비만치료제 고민끝에 50대부부 -32kg_260225,1861708178989089,2026-04-26,14188,1622,8747,4,3547,0.25,0,0,0.00,1.07,1585,KRW,5,1515
2604_다이트_전환캠페인,(재)_부평_의료진정보_무작정운동으로 팩폭_260406,1861709708534065,2026-04-26,0,0,0,0,0,0.00,0,0,0.00,0.00,0,KRW,0,0
2604_다이트_전환캠페인,(재)_부평_인플방문후기_연예인다이어트(플랜비)_260416,1862613882586418,2026-04-26,7252,806,8997,4,1813,0.50,0,0,0.00,1.07,795,KRW,3,755
2604_다이트_전환캠페인,(재)_부평_진료셀프캠_4050다이어트비밀_260414,1862453369868354,2026-04-26,0,0,0,0,0,0.00,0,0,0.00,0.00,0,KRW,0,0
2604_다이트_전환캠페인,(재)_부평_진료셀프캠_50대다이어트대사_260422,1863145317184529,2026-04-26,1459,161,9062,0,0,0.00,0,0,0.00,1.04,157,KRW,1,155
2604_다이트_전환캠페인,(재)_부평_진료셀프캠_비만주사는입만막을뿐_260423,1863251994014802,2026-04-26,11837,2411,4909,1,11837,0.04,0,0,0.00,1.18,2367,KRW,2,2040
2604_다이트_전환캠페인,(재)_부평_진료셀프캠_식욕억제주사실패 마지막_260407,1861779276638289,2026-04-26,100194,5783,17325,56,1789,0.97,6,16699,10.71,1.14,5698,KRW,60,5074
2604_다이트_전환캠페인,(재)_부평_진료셀프캠_운동안해도되는_260416,1862612072337410,2026-04-26,30550,2724,11215,15,2036,0.55,1,30550,6.67,1.10,2686,KRW,19,2487
2603_다이트_전환캠페인,(재)_부평_진료셀프캠_주사형비만치료제 고민끝에 50대부부 -32kg_260225,1858358875905138,2026-04-26,0,0,0,0,0,0.00,0,0,0.00,0.00,0,KRW,0,0
2604_다이트_전환캠페인,(재)_부평_진료셀프캠_주사형비만치료제 고민끝에 50대부부 -32kg_260225,1861276697497633,2026-04-26,0,0,0,0,0,0.00,0,0,0.00,0.00,0,KRW,0,0
2604_다이트_전환캠페인,(재)_서울_인플방문후기_맘껏먹는 다이어트 한달후기_260306,1861276306937889,2026-04-26,0,0,0,0,0,0.00,0,0,0.00,0.00,0,KRW,0,0
2604_다이트_전환캠페인,(재)_서울_인플방문후기_먹고싶은거다먹는(수원잇츠)_260403,1861438096695922,2026-04-26,0,0,0,0,0,0.00,0,0,0.00,0.00,0,KRW,0,0
2604_다이트_전환캠페인,(재)_서울_인플방문후기_연예인다이어트(플랜비)_260416,1862611925509122,2026-04-26,0,0,0,0,0,0.00,0,0,0.00,0.00,0,KRW,0,0
2604_다이트_전환캠페인,(재)_서울_진료셀프캠_50대다이어트대사_260422,1863141281578129,2026-04-26,2807,163,17220,1,2807,0.61,0,0,0.00,1.04,160,KRW,5,156
2604_다이트_전환캠페인,(재)_서울_진료셀프캠_비만주사가놓친것_260414,1862427431553298,2026-04-26,79,20,3950,0,0,0.00,0,0,0.00,1.00,20,KRW,0,20
2604_다이트_전환캠페인,(재)_서울_진료셀프캠_비만주사는입만막을뿐_260423,1863250762937489,2026-04-26,4473,365,12254,0,0,0.00,0,0,0.00,1.14,357,KRW,1,321
2604_다이트_전환캠페인,(재)_서울_진료셀프캠_식욕억제주사실패 마지막_260407,1861778815720546,2026-04-26,34826,2092,16647,19,1832,0.91,0,0,0.00,1.13,2057,KRW,24,1846
2604_다이트_전환캠페인,(재)_서울_진료셀프캠_운동안해도되는_260416,1862607904464929,2026-04-26,0,0,0,0,0,0.00,0,0,0.00,0.00,0,KRW,0,0
2604_다이트_전환캠페인,(재)_서울_진료셀프캠_의사가권하지않는4050_260414,1862453122462113,2026-04-26,1169,112,10437,0,0,0.00,0,0,0.00,1.10,109,KRW,0,102
2604_다이트_전환캠페인,(재)_서울_진료셀프캠_주사형비만치료제 고민끝에 50대부부 -32kg_260225,1861276155386962,2026-04-26,26726,1621,16487,24,1113,1.48,3,8908,12.50,1.08,1588,KRW,27,1495
2603_다이트_전환캠페인,(재)_서울_진료셀프캠_주사형비만치료제 고민끝에 50대부부 -32kg_260225,1859357641001154,2026-04-26,0,0,0,0,0,0.00,0,0,0.00,0.00,0,KRW,0,0
2604_다이트_전환캠페인,(재)_수원_의료진정보_4050나잇살 이유는 여기에_260410,1862064207732210,2026-04-26,2851,697,4090,4,712,0.57,0,0,0.00,1.04,685,KRW,3,670
2603_다이트_전환캠페인,"(재)_수원_인플방문후기_건강한다이어트(수원,박고경)_260325",1860614554255474,2026-04-26,0,0,0,0,0,0.00,0,0,0.00,0.00,0,KRW,0,0
2604_다이트_전환캠페인,"(재)_수원_인플방문후기_건강한다이어트(수원,박고경)_260325",1861277190081841,2026-04-26,0,0,0,0,0,0.00,0,0,0.00,0.00,0,KRW,0,0
2604_다이트_전환캠페인,(재)_수원_인플방문후기_연예인다이어트(플랜비)_260416,1862613961447426,2026-04-26,0,0,0,0,0,0.00,0,0,0.00,0.00,0,KRW,0,0
2604_다이트_전환캠페인,(재)_수원_진료셀프캠_50대다이어트대사_260422,1863144745203025,2026-04-26,6012,848,7089,3,2004,0.35,0,0,0.00,1.06,828,KRW,2,797
2604_다이트_전환캠페인,(재)_수원_진료셀프캠_비만주사가놓친것_260414,1862452610512897,2026-04-26,0,0,0,0,0,0.00,0,0,0.00,0.00,0,KRW,0,0
2604_다이트_전환캠페인,(재)_수원_진료셀프캠_비만주사는입만막을뿐_260423,1863252126952065,2026-04-26,27840,3581,7774,17,1637,0.47,3,9280,17.65,1.14,3533,KRW,17,3136
2604_다이트_전환캠페인,(재)_수원_진료셀프캠_비만주사없이 체질_260320,1861277107797025,2026-04-26,0,0,0,0,0,0.00,0,0,0.00,0.00,0,KRW,0,0
2603_다이트_전환캠페인,(재)_수원_진료셀프캠_비만주사없이 체질_260320,1860263832597618,2026-04-26,0,0,0,0,0,0.00,0,0,0.00,0.00,0,KRW,0,0
2604_다이트_전환캠페인,(재)_수원_진료셀프캠_식욕억제주사실패 마지막_260407,1861779341060274,2026-04-26,71645,4269,16782,29,2470,0.68,3,23881,10.34,1.15,4205,KRW,31,3713
2604_다이트_전환캠페인,(재)_수원_진료셀프캠_운동안해도되는_260416,1862612144893169,2026-04-26,57576,5627,10232,31,1857,0.55,1,57576,3.23,1.12,5568,KRW,33,5008
2604_다이트_전환캠페인,(재)_일산_의료진정보_무작정운동으로 팩폭_260406,1861709552021505,2026-04-26,0,0,0,0,0,0.00,0,0,0.00,0.00,0,KRW,0,0
2604_다이트_전환캠페인,(재)_일산_인플방문후기_맘껏먹는 다이어트 한달후기_260306,1861277479159890,2026-04-26,5957,848,7024,2,2978,0.24,0,0,0.00,1.03,842,KRW,3,824
2603_다이트_전환캠페인,(재)_일산_인플방문후기_맘껏먹는 다이어트 한달후기_260306,1858833441334273,2026-04-26,0,0,0,0,0,0.00,0,0,0.00,0.00,0,KRW,0,0
2604_다이트_전환캠페인,(재)_일산_인플방문후기_먹고싶은거다먹는(수원잇츠)_260403,1861437881987106,2026-04-26,1454,190,7652,0,0,0.00,0,0,0.00,1.03,179,KRW,1,184
2604_다이트_전환캠페인,(재)_일산_인플방문후기_연예인다이어트(일산 플랜비)_260416,1862614105575633,2026-04-26,5366,1335,4019,5,1073,0.37,1,5366,20.00,1.04,1315,KRW,5,1279
2604_다이트_전환캠페인,(재)_일산_진료셀프캠_50대다이어트대사_260422,1863145439744049,2026-04-26,1611,252,6392,0,0,0.00,0,0,0.00,1.05,253,KRW,0,241
2604_다이트_전환캠페인,(재)_일산_진료셀프캠_비만주사는입만막을뿐_260423,1863252482871297,2026-04-26,11789,1218,9678,6,1964,0.49,1,11789,16.67,1.05,1205,KRW,7,1162
2604_다이트_전환캠페인,(재)_일산_진료셀프캠_식욕억제주사실패 마지막_260407,1861779422527666,2026-04-26,30350,1807,16795,24,1264,1.33,1,30350,4.17,1.08,1791,KRW,25,1677
2604_다이트_전환캠페인,(재)_일산_진료셀프캠_운동안해도되는_260416,1862612254235649,2026-04-26,6614,458,14441,4,1653,0.87,0,0,0.00,1.04,450,KRW,4,442
2604_다이트_전환캠페인,(재)_일산_진료셀프캠_의사가권하지않는4050_260414,1862453943180450,2026-04-26,0,0,0,0,0,0.00,0,0,0.00,0.00,0,KRW,0,0
2604_다이트_전환캠페인,"(재)_창원_인플방문후기_건강한다이어트(창원,박고경)_260325",1861278731680866,2026-04-26,0,0,0,0,0,0.00,0,0,0.00,0.00,0,KRW,0,0
2603_다이트_전환캠페인,(재)_창원_인플방문후기_맘껏먹는 다이어트 한달후기_260306,1858833707245617,2026-04-26,0,0,0,0,0,0.00,0,0,0.00,0.00,0,KRW,0,0
2604_다이트_전환캠페인,(재)_창원_인플방문후기_먹고싶은거다먹는(수원잇츠)_260403,1861437705571345,2026-04-26,0,0,0,0,0,0.00,0,0,0.00,0.00,0,KRW,0,0
2604_다이트_전환캠페인,(재)_창원_진료셀프캠_50대다이어트대사_260422,1863145585749009,2026-04-26,1600,237,6751,0,0,0.00,0,0,0.00,1.05,232,KRW,0,225
2604_다이트_전환캠페인,(재)_창원_진료셀프캠_비만주사가놓친것_260414,1862452830171329,2026-04-26,0,0,0,0,0,0.00,0,0,0.00,0.00,0,KRW,0,0
2604_다이트_전환캠페인,(재)_창원_진료셀프캠_비만주사는입만막을뿐_260423,1863252701617361,2026-04-26,5004,774,6465,3,1668,0.39,0,0,0.00,1.10,752,KRW,3,705
2604_다이트_전환캠페인,(재)_창원_진료셀프캠_식욕억제주사실패 마지막_260407,1861779402873057,2026-04-26,82766,4596,18008,24,3448,0.52,3,27588,12.50,1.24,4501,KRW,27,3716
2604_다이트_전환캠페인,(재)_창원_진료셀프캠_운동안해도되는_260416,1862612192812097,2026-04-26,50261,3423,14683,30,1675,0.88,1,50261,3.33,1.20,3369,KRW,30,2859
2603_다이트_전환캠페인,(재)_창원_진료셀프캠_주사형비만치료제 고민끝에 50대부부 -32kg_260225,1860546141013361,2026-04-26,0,0,0,0,0,0.00,0,0,0.00,0.00,0,KRW,0,0
2604_다이트_전환캠페인,"(재)_천안_인플방문후기_건강한다이어트(천안, 박고경)_260325",1861278985311585,2026-04-26,0,0,0,0,0,0.00,0,0,0.00,0.00,0,KRW,0,0
2603_다이트_전환캠페인,(재)_천안_진료QnA_지긋지긋 40대 뱃살 고생없이_260309,1859177225163890,2026-04-26,0,0,0,0,0,0.00,0,0,0.00,0.00,0,KRW,0,0
2604_다이트_전환캠페인,(재)_천안_진료셀프캠_50대다이어트대사_260422,1863145660596401,2026-04-26,311,53,5867,1,311,1.89,0,0,0.00,1.06,53,KRW,1,50
2604_다이트_전환캠페인,(재)_천안_진료셀프캠_비만주사는입만막을뿐_260423,1863252775614561,2026-04-26,2599,280,9282,1,2599,0.36,0,0,0.00,1.08,277,KRW,1,260
2604_다이트_전환캠페인,(재)_천안_진료셀프캠_식욕억제주사실패 마지막_260407,1861779883450610,2026-04-26,54273,3028,17923,32,1696,1.06,5,10854,15.63,1.18,2993,KRW,33,2557
2604_다이트_전환캠페인,(재)_천안_진료셀프캠_운동안해도되는_260416,1862612464960546,2026-04-26,14033,1093,12838,7,2004,0.64,1,14033,14.29,1.13,1079,KRW,7,970
2604_다이트_전환캠페인,(재)_천안_진료셀프캠_주사형비만치료제 고민끝에 50대부부 -32kg_260225,1861968142031009,2026-04-26,0,0,0,0,0,0.00,0,0,0.00,0.00,0,KRW,0,0
2604_다이트_전환캠페인,(신)_대구_인플방문후기_먹으면서 다이어트(대읽남)_251017,1861277850752146,2026-04-27,0,0,0,0,0,0.00,0,0,0.00,0.00,0,KRW,0,0
2604_다이트_전환캠페인,(신)_대구_인플방문후기_밥빵면안당기는원장님(itsmeyuriwon)_260407,1861796218051601,2026-04-27,5177,407,12719,5,1035,1.23,0,0,0.00,1.05,400,KRW,6,387
2604_다이트_전환캠페인,(신)_대전_인플방문후기_밥빵면안당기는원장님(itsmeyuriwon)_260407,1861796462367905,2026-04-27,8139,474,17170,4,2034,0.84,0,0,0.00,1.06,466,KRW,4,449
2604_다이트_전환캠페인,(신)_대전_인플방문후기_주사형비만치료제(the.hyunniverse)_260403,1861968952635729,2026-04-27,3265,468,6976,0,0,0.00,0,0,0.00,1.07,459,KRW,0,439
2604_다이트_전환캠페인,(신)_부평_의료진정보_주사형비만치료제 10년은_260116,1861276817166401,2026-04-27,0,0,0,0,0,0.00,0,0,0.00,0.00,0,KRW,0,0
2604_다이트_전환캠페인,(신)_부평_인플방문후기_건강한다이어트(박고경)_260324,1861276881397074,2026-04-27,0,0,0,0,0,0.00,0,0,0.00,0.00,0,KRW,0,0
2604_다이트_전환캠페인,(신)_부평_인플방문후기_밥빵면안당기는원장님(itsmeyuriwon)_260407,1861795578227042,2026-04-27,90413,5648,16007,36,2511,0.64,4,22603,11.11,1.10,5549,KRW,36,5156
2604_다이트_전환캠페인,(신)_부평_인플방문후기_주사형비만치료제(the.hyunniverse)_260403,1861968247570690,2026-04-27,65419,6983,9368,11,5947,0.16,0,0,0.00,1.10,6858,KRW,14,6347
2604_다이트_전환캠페인,(신)_서울_인플방문후기_밥빵면안당기는원장님(itsmeyuriwon)_260407,1861792943047986,2026-04-27,4658,271,17188,4,1164,1.48,0,0,0.00,1.04,263,KRW,5,261
2604_다이트_전환캠페인,(신)_서울_인플방문후기_주사형비만치료제(the.hyunniverse)_260403,1861968379365409,2026-04-27,4702,424,11089,3,1567,0.71,0,0,0.00,1.07,417,KRW,4,397
2604_다이트_전환캠페인,(신)_수원_인플방문후기_밥빵면안당기는원장님(itsmeyuriwon)_260407,1861796026692689,2026-04-27,0,0,0,0,0,0.00,0,0,0.00,0.00,0,KRW,0,0
2604_다이트_전환캠페인,(신)_수원_인플방문후기_주사형비만치료제(the.hyunniverse)_260403,1861426333950193,2026-04-27,19339,2866,6747,4,4834,0.14,0,0,0.00,1.04,2829,KRW,6,2753
2604_다이트_전환캠페인,(신)_일산_인플방문후기_주사형비만치료제(the.hyunniverse)_260403,1861968797915602,2026-04-27,2889,415,6961,1,2889,0.24,0,0,0.00,1.03,406,KRW,2,404
2603_다이트_전환캠페인,(신)_창원_의료진정보_주사형비만치료제 10년은_260116,1861074964856914,2026-04-27,0,0,0,0,0,0.00,0,0,0.00,0.00,0,KRW,0,0
2604_다이트_전환캠페인,(신)_창원_인플방문후기_밥빵면안당기는원장님(itsmeyuriwon)_260407,1861796302859538,2026-04-27,42219,3334,12663,13,3247,0.39,2,21109,15.38,1.20,3273,KRW,22,2781
2604_다이트_전환캠페인,(신)_창원_인플방문후기_주사형비만치료제(the.hyunniverse)_260403,1861427124084770,2026-04-27,0,0,0,0,0,0.00,0,0,0.00,0.00,0,KRW,0,0
2604_다이트_전환캠페인,(신)_천안_의료진정보_주사형비만치료제 10년은_260116,1861279064396242,2026-04-27,2963,501,5914,1,2963,0.20,0,0,0.00,1.07,493,KRW,1,467
2604_다이트_전환캠페인,(신)_천안_인플방문후기_밥빵면안당기는원장님(itsmeyuriwon)_260407,1861796395517250,2026-04-27,9260,667,13883,6,1543,0.90,0,0,0.00,1.07,662,KRW,6,624
2604_다이트_전환캠페인,(신)_천안_인플방문후기_주사형비만치료제(the.hyunniverse)_260403,1861969033799841,2026-04-27,7059,874,8076,2,3529,0.23,0,0,0.00,1.07,861,KRW,3,819
2604_다이트_전환캠페인,(신)_천안_진료셀프캠_주사형 비만치료제보다 더중요한이것_260120,1861969112559697,2026-04-27,0,0,0,0,0,0.00,0,0,0.00,0.00,0,KRW,0,0
2604_다이트_전환캠페인,(재)_대구_의료진정보_무작정운동으로 팩폭_260406,1861709464313057,2026-04-27,0,0,0,0,0,0.00,0,0,0.00,0.00,0,KRW,0,0
2604_다이트_전환캠페인,"(재)_대구_인플방문후기_건강한다이어트(대구,박고경)_260325",1861278128485793,2026-04-27,11601,1502,7723,13,892,0.87,0,0,0.00,1.07,1472,KRW,9,1403
2604_다이트_전환캠페인,(재)_대구_인플방문후기_연예인다이어트(플랜비)_260416,1862614242718769,2026-04-27,0,0,0,0,0,0.00,0,0,0.00,0.00,0,KRW,0,0
2604_다이트_전환캠페인,(재)_대구_진료셀프캠_50대다이어트대사_260422,1863145537589298,2026-04-27,840,147,5714,0,0,0.00,0,0,0.00,1.06,141,KRW,0,139
2604_다이트_전환캠페인,(재)_대구_진료셀프캠_다이어트의적 밥빵면_260407,1861778669641809,2026-04-27,34149,1826,18701,13,2626,0.71,0,0,0.00,1.07,1772,KRW,14,1702
2604_다이트_전환캠페인,(재)_대구_진료셀프캠_비만주사가놓친것_260414,1862452759074146,2026-04-27,0,0,0,0,0,0.00,0,0,0.00,0.00,0,KRW,0,0
2604_다이트_전환캠페인,(재)_대구_진료셀프캠_비만주사는입만막을뿐_260423,1863252567801041,2026-04-27,2534,392,6464,1,2534,0.26,0,0,0.00,1.06,385,KRW,1,370
2604_다이트_전환캠페인,(재)_대구_진료셀프캠_식욕억제주사실패 마지막_260407,1861779512219682,2026-04-27,42310,3246,13034,22,1923,0.68,3,14103,13.64,1.18,3208,KRW,25,2746
2604_다이트_전환캠페인,(재)_대구_진료셀프캠_운동안해도되는_260416,1862612192785601,2026-04-27,0,0,0,0,0,0.00,0,0,0.00,0.00,0,KRW,0,0
2604_다이트_전환캠페인,(재)_대구_진료셀프캠_주사형비만치료제 고민끝에 50대부부 -32kg_260225,1861278082187298,2026-04-27,21449,2074,10341,11,1949,0.53,1,21449,9.09,1.10,2032,KRW,10,1878
2604_다이트_전환캠페인,(재)_대전_인플방문후기_연예인다이어트(플랜비)_260416,1862614549502162,2026-04-27,0,0,0,0,0,0.00,0,0,0.00,0.00,0,KRW,0,0
2604_다이트_전환캠페인,(재)_대전_진료셀프캠_50대다이어트대사_260422,1863145758279698,2026-04-27,145,25,5800,0,0,0.00,0,0,0.00,1.00,24,KRW,0,25
2604_다이트_전환캠페인,(재)_대전_진료셀프캠_다이어트의적 밥빵면_260407,1861776478109986,2026-04-27,28916,1536,18825,14,2065,0.91,4,7229,28.57,1.09,1497,KRW,17,1412
2604_다이트_전환캠페인,(재)_대전_진료셀프캠_비만주사는입만막을뿐_260423,1863253376478305,2026-04-27,831,217,3829,2,415,0.92,0,0,0.00,1.09,212,KRW,2,200
2604_다이트_전환캠페인,(재)_대전_진료셀프캠_식욕억제주사실패 마지막_260406,1861708051912898,2026-04-27,0,0,0,0,0,0.00,0,0,0.00,0.00,0,KRW,0,0
2604_다이트_전환캠페인,(재)_대전_진료셀프캠_식욕억제주사실패 마지막_260407,1861779986019442,2026-04-27,36568,2242,16310,20,1828,0.89,0,0,0.00,1.13,2215,KRW,21,1986
2604_다이트_전환캠페인,(재)_대전_진료셀프캠_주사형비만치료제 고민끝에 50대부부 -32kg_260225,1861708178989089,2026-04-27,14648,1590,9212,8,1831,0.50,1,14648,12.50,1.06,1554,KRW,7,1501
2604_다이트_전환캠페인,(재)_부평_인플방문후기_연예인다이어트(플랜비)_260416,1862613882586418,2026-04-27,22233,2021,11000,6,3705,0.30,0,0,0.00,1.05,1988,KRW,11,1921
2604_다이트_전환캠페인,(재)_부평_진료셀프캠_4050다이어트비밀_260414,1862453369868354,2026-04-27,0,0,0,0,0,0.00,0,0,0.00,0.00,0,KRW,0,0
2604_다이트_전환캠페인,(재)_부평_진료셀프캠_50대다이어트대사_260422,1863145317184529,2026-04-27,4550,591,7698,0,0,0.00,0,0,0.00,1.03,582,KRW,0,572
2604_다이트_전환캠페인,(재)_부평_진료셀프캠_비만주사는입만막을뿐_260423,1863251994014802,2026-04-27,42999,6726,6392,11,3909,0.16,1,42999,9.09,1.15,6605,KRW,16,5867
2604_다이트_전환캠페인,(재)_부평_진료셀프캠_식욕억제주사실패 마지막_260407,1861779276638289,2026-04-27,325921,19365,16830,113,2884,0.58,3,108640,2.65,1.18,19066,KRW,116,16364
2604_다이트_전환캠페인,(재)_부평_진료셀프캠_운동안해도되는_260416,1862612072337410,2026-04-27,61371,5212,11774,24,2557,0.46,0,0,0.00,1.08,5122,KRW,21,4847
2603_다이트_전환캠페인,(재)_부평_진료셀프캠_주사형비만치료제 고민끝에 50대부부 -32kg_260225,1858358875905138,2026-04-27,0,0,0,0,0,0.00,0,0,0.00,0.00,0,KRW,0,0
2604_다이트_전환캠페인,(재)_부평_진료셀프캠_주사형비만치료제 고민끝에 50대부부 -32kg_260225,1861276697497633,2026-04-27,0,0,0,0,0,0.00,0,0,0.00,0.00,0,KRW,0,0
2604_다이트_전환캠페인,(재)_서울_인플방문후기_먹고싶은거다먹는(수원잇츠)_260403,1861438096695922,2026-04-27,0,0,0,0,0,0.00,0,0,0.00,0.00,0,KRW,0,0
2604_다이트_전환캠페인,(재)_서울_진료셀프캠_50대다이어트대사_260422,1863141281578129,2026-04-27,2425,146,16609,1,2425,0.68,0,0,0.00,1.02,143,KRW,2,143
2604_다이트_전환캠페인,(재)_서울_진료셀프캠_비만주사가놓친것_260414,1862427431553298,2026-04-27,61,16,3812,0,0,0.00,0,0,0.00,1.00,15,KRW,0,16
2604_다이트_전환캠페인,(재)_서울_진료셀프캠_비만주사는입만막을뿐_260423,1863250762937489,2026-04-27,1086,153,7098,1,1086,0.65,0,0,0.00,1.06,151,KRW,2,145
2604_다이트_전환캠페인,(재)_서울_진료셀프캠_식욕억제주사실패 마지막_260407,1861778815720546,2026-04-27,48476,2552,18995,38,1275,1.49,7,6925,18.42,1.10,2525,KRW,46,2316
2604_다이트_전환캠페인,(재)_서울_진료셀프캠_의사가권하지않는4050_260414,1862453122462113,2026-04-27,428,80,5350,1,428,1.25,0,0,0.00,1.11,78,KRW,2,72
2604_다이트_전환캠페인,(재)_서울_진료셀프캠_주사형비만치료제 고민끝에 50대부부 -32kg_260225,1861276155386962,2026-04-27,18205,1447,12581,21,866,1.45,0,0,0.00,1.07,1407,KRW,25,1348
2604_다이트_전환캠페인,(재)_수원_의료진정보_4050나잇살 이유는 여기에_260410,1862064207732210,2026-04-27,3754,731,5135,1,3754,0.14,0,0,0.00,1.04,721,KRW,1,706
2604_다이트_전환캠페인,(재)_수원_의료진정보_무작정운동으로 팩폭_260406,1861709615890674,2026-04-27,0,0,0,0,0,0.00,0,0,0.00,0.00,0,KRW,0,0
2604_다이트_전환캠페인,"(재)_수원_인플방문후기_건강한다이어트(수원,박고경)_260325",1861277190081841,2026-04-27,0,0,0,0,0,0.00,0,0,0.00,0.00,0,KRW,0,0
2604_다이트_전환캠페인,(재)_수원_인플방문후기_연예인다이어트(플랜비)_260416,1862613961447426,2026-04-27,0,0,0,0,0,0.00,0,0,0.00,0.00,0,KRW,0,0
2604_다이트_전환캠페인,(재)_수원_진료셀프캠_50대다이어트대사_260422,1863144745203025,2026-04-27,5187,880,5894,3,1729,0.34,0,0,0.00,1.04,869,KRW,5,844
2604_다이트_전환캠페인,(재)_수원_진료셀프캠_비만주사가놓친것_260414,1862452610512897,2026-04-27,0,0,0,0,0,0.00,0,0,0.00,0.00,0,KRW,0,0
2604_다이트_전환캠페인,(재)_수원_진료셀프캠_비만주사는입만막을뿐_260423,1863252126952065,2026-04-27,36549,4246,8607,11,3322,0.26,0,0,0.00,1.13,4198,KRW,15,3764
2604_다이트_전환캠페인,(재)_수원_진료셀프캠_식욕억제주사실패 마지막_260407,1861779341060274,2026-04-27,50321,3410,14756,15,3354,0.44,0,0,0.00,1.12,3343,KRW,21,3040
2604_다이트_전환캠페인,(재)_수원_진료셀프캠_운동안해도되는_260416,1862612144893169,2026-04-27,39723,3688,10770,25,1588,0.68,0,0,0.00,1.07,3648,KRW,24,3437
2604_다이트_전환캠페인,(재)_수원_진료셀프캠_의사가권하지않는4050_260414,1862453880112178,2026-04-27,0,0,0,0,0,0.00,0,0,0.00,0.00,0,KRW,0,0
2604_다이트_전환캠페인,"(재)_일산_인플방문후기_건강한다이어트(일산, 박고경)_260325",1861277705679282,2026-04-27,0,0,0,0,0,0.00,0,0,0.00,0.00,0,KRW,0,0
2604_다이트_전환캠페인,(재)_일산_인플방문후기_맘껏먹는 다이어트 한달후기_260306,1861277479159890,2026-04-27,5918,535,11061,1,5918,0.19,0,0,0.00,1.04,530,KRW,3,514
2604_다이트_전환캠페인,(재)_일산_인플방문후기_먹고싶은거다먹는(수원잇츠)_260403,1861437881987106,2026-04-27,761,78,9756,0,0,0.00,0,0,0.00,1.04,77,KRW,0,75
2604_다이트_전환캠페인,(재)_일산_인플방문후기_연예인다이어트(일산 플랜비)_260416,1862614105575633,2026-04-27,4074,616,6613,2,2037,0.32,0,0,0.00,1.04,606,KRW,2,595
2604_다이트_전환캠페인,(재)_일산_진료셀프캠_50대다이어트대사_260422,1863145439744049,2026-04-27,816,103,7922,0,0,0.00,0,0,0.00,1.01,102,KRW,1,102
2604_다이트_전환캠페인,(재)_일산_진료셀프캠_비만주사는입만막을뿐_260423,1863252482871297,2026-04-27,10707,622,17213,5,2141,0.80,2,5353,40.00,1.03,614,KRW,6,602
2604_다이트_전환캠페인,(재)_일산_진료셀프캠_식욕억제주사실패 마지막_260407,1861779422527666,2026-04-27,51950,2978,17444,35,1484,1.18,6,8658,17.14,1.14,2941,KRW,42,2613
2604_다이트_전환캠페인,(재)_일산_진료셀프캠_운동안해도되는_260416,1862612254235649,2026-04-27,6015,296,20320,2,3007,0.68,0,0,0.00,1.03,293,KRW,1,288
2604_다이트_전환캠페인,(재)_일산_진료셀프캠_의사가권하지않는4050_260414,1862453943180450,2026-04-27,0,0,0,0,0,0.00,0,0,0.00,0.00,0,KRW,0,0
2604_다이트_전환캠페인,(재)_일산_진료셀프캠_주사형비만치료제 고민끝에 40대부부 -32kg_260225,1861277533224961,2026-04-27,0,0,0,0,0,0.00,0,0,0.00,0.00,0,KRW,0,0
2604_다이트_전환캠페인,(재)_창원_의료진정보_무작정운동으로 팩폭_260406,1861709359069201,2026-04-27,0,0,0,0,0,0.00,0,0,0.00,0.00,0,KRW,0,0
2604_다이트_전환캠페인,(재)_창원_인플방문후기_먹고싶은거다먹는(수원잇츠)_260403,1861437705571345,2026-04-27,0,0,0,0,0,0.00,0,0,0.00,0.00,0,KRW,0,0
2604_다이트_전환캠페인,(재)_창원_진료셀프캠_50대다이어트대사_260422,1863145585749009,2026-04-27,2885,406,7105,0,0,0.00,0,0,0.00,1.07,398,KRW,2,378
2604_다이트_전환캠페인,(재)_창원_진료셀프캠_비만주사는입만막을뿐_260423,1863252701617361,2026-04-27,11368,1442,7883,9,1263,0.62,1,11368,11.11,1.10,1417,KRW,14,1314
2604_다이트_전환캠페인,(재)_창원_진료셀프캠_식욕억제주사실패 마지막_260407,1861779402873057,2026-04-27,108429,6734,16101,31,3497,0.46,2,54214,6.45,1.21,6604,KRW,37,5553
2604_다이트_전환캠페인,(재)_창원_진료셀프캠_운동안해도되는_260416,1862612192812097,2026-04-27,43179,3032,14241,14,3084,0.46,0,0,0.00,1.13,2973,KRW,13,2694
2604_다이트_전환캠페인,(재)_창원_진료셀프캠_주사형비만치료제 고민끝에 50대부부 -32kg_260225,1861278292523041,2026-04-27,0,0,0,0,0,0.00,0,0,0.00,0.00,0,KRW,0,0
2604_다이트_전환캠페인,"(재)_천안_인플방문후기_건강한다이어트(천안, 박고경)_260325",1861278985311585,2026-04-27,0,0,0,0,0,0.00,0,0,0.00,0.00,0,KRW,0,0
2604_다이트_전환캠페인,(재)_천안_인플방문후기_연예인다이어트(플랜비)_260416,1862614438420609,2026-04-27,0,0,0,0,0,0.00,0,0,0.00,0.00,0,KRW,0,0
2604_다이트_전환캠페인,(재)_천안_진료셀프캠_50대다이어트대사_260422,1863145660596401,2026-04-27,139,25,5560,0,0,0.00,0,0,0.00,1.00,25,KRW,0,25
2604_다이트_전환캠페인,(재)_천안_진료셀프캠_비만주사 10년은 늙어보인대요_260326,1861279133802561,2026-04-27,0,0,0,0,0,0.00,0,0,0.00,0.00,0,KRW,0,0
2604_다이트_전환캠페인,(재)_천안_진료셀프캠_비만주사가놓친것_260414,1862452895498482,2026-04-27,0,0,0,0,0,0.00,0,0,0.00,0.00,0,KRW,0,0
2604_다이트_전환캠페인,(재)_천안_진료셀프캠_비만주사는입만막을뿐_260423,1863252775614561,2026-04-27,1413,248,5697,0,0,0.00,0,0,0.00,1.09,245,KRW,0,228
2604_다이트_전환캠페인,(재)_천안_진료셀프캠_식욕억제주사실패 마지막_260407,1861779883450610,2026-04-27,50245,3015,16665,31,1620,1.03,5,10049,16.13,1.16,2975,KRW,30,2595
2604_다이트_전환캠페인,(재)_천안_진료셀프캠_운동안해도되는_260416,1862612464960546,2026-04-27,7138,554,12884,7,1019,1.26,0,0,0.00,1.07,547,KRW,7,516
2604_다이트_전환캠페인,(재)_천안_진료셀프캠_주사형비만치료제 고민끝에 50대부부 -32kg_260225,1861968142031009,2026-04-27,0,0,0,0,0,0.00,0,0,0.00,0.00,0,KRW,0,0
2604_다이트_전환캠페인,(신)_대구_인플방문후기_먹으면서 다이어트(대읽남)_251017,1861277850752146,2026-04-28,0,0,0,0,0,0.00,0,0,0.00,0.00,0,KRW,0,0
2604_다이트_전환캠페인,(신)_대구_인플방문후기_밥빵면안당기는원장님(itsmeyuriwon)_260407,1861796218051601,2026-04-28,6110,277,22057,3,2036,1.08,0,0,0.00,1.05,275,KRW,5,265
2604_다이트_전환캠페인,(신)_대구_인플방문후기_주사형비만치료제(the.hyunniverse)_260403,1861968872286353,2026-04-28,0,0,0,0,0,0.00,0,0,0.00,0.00,0,KRW,0,0
2604_다이트_전환캠페인,(신)_대전_인플방문후기_밥빵면안당기는원장님(itsmeyuriwon)_260407,1861796462367905,2026-04-28,5121,299,17127,2,2560,0.67,0,0,0.00,1.05,296,KRW,2,285
2604_다이트_전환캠페인,(신)_대전_인플방문후기_주사형비만치료제(the.hyunniverse)_260403,1861968952635729,2026-04-28,3493,511,6835,4,873,0.78,0,0,0.00,1.04,499,KRW,4,489
2604_다이트_전환캠페인,(신)_부평_의료진정보_주사형비만치료제 10년은_260116,1861276817166401,2026-04-28,0,0,0,0,0,0.00,0,0,0.00,0.00,0,KRW,0,0
2604_다이트_전환캠페인,(신)_부평_인플방문후기_건강한다이어트(박고경)_260324,1861276881397074,2026-04-28,0,0,0,0,0,0.00,0,0,0.00,0.00,0,KRW,0,0
2604_다이트_전환캠페인,(신)_부평_인플방문후기_밥빵면안당기는원장님(itsmeyuriwon)_260407,1861795578227042,2026-04-28,176178,8321,21172,64,2752,0.77,0,0,0.00,1.12,8139,KRW,60,7440
2604_다이트_전환캠페인,(신)_부평_인플방문후기_주사형비만치료제(the.hyunniverse)_260403,1861968247570690,2026-04-28,136548,11842,11530,43,3175,0.36,0,0,0.00,1.14,11513,KRW,38,10394
2604_다이트_전환캠페인,(신)_서울_인플방문후기_밥빵면안당기는원장님(itsmeyuriwon)_260407,1861792943047986,2026-04-28,4708,208,22634,5,941,2.40,0,0,0.00,1.03,204,KRW,5,201
2604_다이트_전환캠페인,(신)_서울_인플방문후기_주사형비만치료제(the.hyunniverse)_260403,1861968379365409,2026-04-28,4652,411,11318,5,930,1.22,0,0,0.00,1.05,404,KRW,4,391
2604_다이트_전환캠페인,(신)_수원_인플방문후기_주사형비만치료제(the.hyunniverse)_260403,1861426333950193,2026-04-28,20677,2575,8029,8,2584,0.31,0,0,0.00,1.06,2545,KRW,6,2440
2604_다이트_전환캠페인,(신)_일산_인플방문후기_주사형비만치료제(the.hyunniverse)_260403,1861968797915602,2026-04-28,2197,192,11442,1,2197,0.52,0,0,0.00,1.08,187,KRW,2,178
2604_다이트_전환캠페인,(신)_창원_인플방문후기_밥빵면안당기는원장님(itsmeyuriwon)_260407,1861796302859538,2026-04-28,24052,1629,14764,11,2186,0.68,0,0,0.00,1.10,1600,KRW,11,1480
2604_다이트_전환캠페인,(신)_창원_인플방문후기_주사형비만치료제(the.hyunniverse)_260403,1861427124084770,2026-04-28,0,0,0,0,0,0.00,0,0,0.00,0.00,0,KRW,0,0
2604_다이트_전환캠페인,(신)_천안_의료진정보_주사형비만치료제 10년은_260116,1861279064396242,2026-04-28,5212,914,5702,2,2606,0.22,0,0,0.00,1.05,898,KRW,3,867
2604_다이트_전환캠페인,(신)_천안_인플방문후기_밥빵면안당기는원장님(itsmeyuriwon)_260407,1861796395517250,2026-04-28,4991,431,11580,2,2495,0.46,0,0,0.00,1.03,423,KRW,2,417
2604_다이트_전환캠페인,(신)_천안_인플방문후기_주사형비만치료제(the.hyunniverse)_260403,1861969033799841,2026-04-28,8599,1118,7691,3,2866,0.27,0,0,0.00,1.05,1103,KRW,1,1067
2604_다이트_전환캠페인,(신)_천안_진료셀프캠_주사형 비만치료제보다 더중요한이것_260120,1861969112559697,2026-04-28,0,0,0,0,0,0.00,0,0,0.00,0.00,0,KRW,0,0
2604_다이트_전환캠페인,(재)_대구_의료진정보_무작정운동으로 팩폭_260406,1861709464313057,2026-04-28,0,0,0,0,0,0.00,0,0,0.00,0.00,0,KRW,0,0
2604_다이트_전환캠페인,"(재)_대구_인플방문후기_건강한다이어트(대구,박고경)_260325",1861278128485793,2026-04-28,7173,725,9893,4,1793,0.55,0,0,0.00,1.06,707,KRW,4,686
2603_다이트_전환캠페인,"(재)_대구_인플방문후기_건강한다이어트(대구,박고경)_260325",1860614125298753,2026-04-28,0,0,0,0,0,0.00,0,0,0.00,0.00,0,KRW,0,0
2604_다이트_전환캠페인,(재)_대구_진료셀프캠_50대다이어트대사_260422,1863145537589298,2026-04-28,1196,223,5363,0,0,0.00,0,0,0.00,1.02,218,KRW,0,218
2604_다이트_전환캠페인,(재)_대구_진료셀프캠_다이어트의적 밥빵면_260407,1861778669641809,2026-04-28,42068,2206,19069,15,2804,0.68,2,21034,13.33,1.09,2153,KRW,13,2031
2604_다이트_전환캠페인,(재)_대구_진료셀프캠_비만주사는입만막을뿐_260423,1863252567801041,2026-04-28,4428,548,8080,1,4428,0.18,0,0,0.00,1.09,531,KRW,1,502
2604_다이트_전환캠페인,(재)_대구_진료셀프캠_식욕억제주사실패 마지막_260407,1861779512219682,2026-04-28,57096,3782,15096,30,1903,0.79,5,11419,16.67,1.20,3724,KRW,36,3139
2604_다이트_전환캠페인,(재)_대구_진료셀프캠_운동안해도되는_260416,1862612192785601,2026-04-28,0,0,0,0,0,0.00,0,0,0.00,0.00,0,KRW,0,0
2604_다이트_전환캠페인,(재)_대구_진료셀프캠_주사형비만치료제 고민끝에 50대부부 -32kg_260225,1861278082187298,2026-04-28,23488,2496,9410,15,1565,0.60,0,0,0.00,1.12,2449,KRW,16,2226
2604_다이트_전환캠페인,(재)_대전_인플방문후기_연예인다이어트(플랜비)_260416,1862614549502162,2026-04-28,0,0,0,0,0,0.00,0,0,0.00,0.00,0,KRW,0,0
2604_다이트_전환캠페인,(재)_대전_진료셀프캠_50대다이어트대사_260422,1863145758279698,2026-04-28,139,38,3657,1,139,2.63,0,0,0.00,1.00,38,KRW,1,38
2604_다이트_전환캠페인,(재)_대전_진료셀프캠_다이어트의적 밥빵면_260407,1861776478109986,2026-04-28,34947,1811,19297,16,2184,0.88,1,34947,6.25,1.10,1775,KRW,16,1649
2604_다이트_전환캠페인,(재)_대전_진료셀프캠_비만주사는입만막을뿐_260423,1863253376478305,2026-04-28,1176,286,4111,0,0,0.00,0,0,0.00,1.04,282,KRW,1,274
2604_다이트_전환캠페인,(재)_대전_진료셀프캠_식욕억제주사실패 마지막_260406,1861708051912898,2026-04-28,0,0,0,0,0,0.00,0,0,0.00,0.00,0,KRW,0,0
2604_다이트_전환캠페인,(재)_대전_진료셀프캠_식욕억제주사실패 마지막_260407,1861779986019442,2026-04-28,26050,1993,13070,17,1532,0.85,1,26050,5.88,1.12,1963,KRW,22,1772
2604_다이트_전환캠페인,(재)_대전_진료셀프캠_주사형비만치료제 고민끝에 50대부부 -32kg_260225,1861708178989089,2026-04-28,16064,1683,9544,9,1784,0.53,1,16064,11.11,1.07,1654,KRW,10,1572
2604_다이트_전환캠페인,(재)_부평_인플방문후기_연예인다이어트(플랜비)_260416,1862613882586418,2026-04-28,26776,3106,8620,7,3825,0.23,0,0,0.00,1.07,3033,KRW,8,2896
2604_다이트_전환캠페인,(재)_부평_진료셀프캠_50대다이어트대사_260422,1863145317184529,2026-04-28,8976,1133,7922,2,4488,0.18,0,0,0.00,1.08,1118,KRW,2,1046
2604_다이트_전환캠페인,(재)_부평_진료셀프캠_비만주사가놓친것_260414,1862452531926049,2026-04-28,0,0,0,0,0,0.00,0,0,0.00,0.00,0,KRW,0,0
2604_다이트_전환캠페인,(재)_부평_진료셀프캠_비만주사는입만막을뿐_260423,1863251994014802,2026-04-28,92787,15757,5888,38,2441,0.24,0,0,0.00,1.25,15334,KRW,42,12651
2604_다이트_전환캠페인,(재)_부평_진료셀프캠_식욕억제주사실패 마지막_260407,1861779276638289,2026-04-28,628283,34016,18470,176,3569,0.52,9,69809,5.11,1.27,33149,KRW,182,26840
2604_다이트_전환캠페인,(재)_부평_진료셀프캠_운동안해도되는_260416,1862612072337410,2026-04-28,91199,9289,9817,35,2605,0.38,3,30399,8.57,1.12,9050,KRW,37,8285
2604_다이트_전환캠페인,(재)_서울_인플방문후기_연예인다이어트(플랜비)_260416,1862611925509122,2026-04-28,0,0,0,0,0,0.00,0,0,0.00,0.00,0,KRW,0,0
2604_다이트_전환캠페인,(재)_서울_진료셀프캠_50대다이어트대사_260422,1863141281578129,2026-04-28,1217,153,7954,1,1217,0.65,0,0,0.00,1.03,150,KRW,1,149
2604_다이트_전환캠페인,(재)_서울_진료셀프캠_비만주사가놓친것_260414,1862427431553298,2026-04-28,26,13,2000,0,0,0.00,0,0,0.00,1.08,13,KRW,0,12
2604_다이트_전환캠페인,(재)_서울_진료셀프캠_비만주사는입만막을뿐_260423,1863250762937489,2026-04-28,1311,205,6395,0,0,0.00,0,0,0.00,1.05,201,KRW,1,195
2604_다이트_전환캠페인,(재)_서울_진료셀프캠_식욕억제주사실패 마지막_260407,1861778815720546,2026-04-28,38482,2274,16922,46,836,2.02,4,9620,8.70,1.09,2240,KRW,45,2093
2604_다이트_전환캠페인,(재)_서울_진료셀프캠_운동안해도되는_260416,1862607904464929,2026-04-28,0,0,0,0,0,0.00,0,0,0.00,0.00,0,KRW,0,0
2604_다이트_전환캠페인,(재)_서울_진료셀프캠_의사가권하지않는4050_260414,1862453122462113,2026-04-28,469,117,4008,0,0,0.00,0,0,0.00,1.05,109,KRW,1,111
2604_다이트_전환캠페인,(재)_서울_진료셀프캠_주사형비만치료제 고민끝에 50대부부 -32kg_260225,1861276155386962,2026-04-28,16669,1603,10398,16,1041,1.00,1,16669,6.25,1.07,1566,KRW,21,1498
2604_다이트_전환캠페인,(재)_수원_의료진정보_4050나잇살 이유는 여기에_260410,1862064207732210,2026-04-28,3341,660,5062,1,3341,0.15,0,0,0.00,1.07,650,KRW,2,619
2604_다이트_전환캠페인,(재)_수원_의료진정보_무작정운동으로 팩폭_260406,1861709615890674,2026-04-28,0,0,0,0,0,0.00,0,0,0.00,0.00,0,KRW,0,0
2604_다이트_전환캠페인,"(재)_수원_인플방문후기_건강한다이어트(수원,박고경)_260325",1861277190081841,2026-04-28,0,0,0,0,0,0.00,0,0,0.00,0.00,0,KRW,0,0
2604_다이트_전환캠페인,(재)_수원_인플방문후기_연예인다이어트(플랜비)_260416,1862613961447426,2026-04-28,0,0,0,0,0,0.00,0,0,0.00,0.00,0,KRW,0,0
2604_다이트_전환캠페인,(재)_수원_진료셀프캠_50대다이어트대사_260422,1863144745203025,2026-04-28,3801,682,5573,4,950,0.59,0,0,0.00,1.04,671,KRW,4,654
2604_다이트_전환캠페인,(재)_수원_진료셀프캠_비만주사는입만막을뿐_260423,1863252126952065,2026-04-28,23999,3391,7077,12,1999,0.35,0,0,0.00,1.13,3334,KRW,19,3005
2604_다이트_전환캠페인,(재)_수원_진료셀프캠_식욕억제주사실패 마지막_260407,1861779341060274,2026-04-28,70076,4485,15624,13,5390,0.29,1,70076,7.69,1.17,4412,KRW,13,3848
2604_다이트_전환캠페인,(재)_수원_진료셀프캠_운동안해도되는_260416,1862612144893169,2026-04-28,33645,3961,8494,15,2243,0.38,0,0,0.00,1.07,3909,KRW,20,3697
2604_다이트_전환캠페인,"(재)_일산_인플방문후기_건강한다이어트(일산, 박고경)_260325",1861277705679282,2026-04-28,0,0,0,0,0,0.00,0,0,0.00,0.00,0,KRW,0,0
2604_다이트_전환캠페인,(재)_일산_인플방문후기_맘껏먹는 다이어트 한달후기_260306,1861277479159890,2026-04-28,5912,453,13050,7,844,1.55,0,0,0.00,1.11,447,KRW,6,409
2604_다이트_전환캠페인,(재)_일산_인플방문후기_먹고싶은거다먹는(수원잇츠)_260403,1861437881987106,2026-04-28,845,65,13000,0,0,0.00,0,0,0.00,1.16,64,KRW,0,56
2604_다이트_전환캠페인,(재)_일산_인플방문후기_연예인다이어트(일산 플랜비)_260416,1862614105575633,2026-04-28,360,55,6545,0,0,0.00,0,0,0.00,1.00,54,KRW,0,55
2604_다이트_전환캠페인,(재)_일산_진료셀프캠_50대다이어트대사_260422,1863145439744049,2026-04-28,179,24,7458,1,179,4.17,0,0,0.00,1.00,23,KRW,1,24
2604_다이트_전환캠페인,(재)_일산_진료셀프캠_비만주사가놓친것_260414,1862452684235121,2026-04-28,0,0,0,0,0,0.00,0,0,0.00,0.00,0,KRW,0,0
2604_다이트_전환캠페인,(재)_일산_진료셀프캠_비만주사는입만막을뿐_260423,1863252482871297,2026-04-28,1897,175,10840,0,0,0.00,0,0,0.00,1.06,170,KRW,1,165
2604_다이트_전환캠페인,(재)_일산_진료셀프캠_식욕억제주사실패 마지막_260407,1861779422527666,2026-04-28,67098,4213,15926,43,1560,1.02,5,13419,11.63,1.20,4142,KRW,43,3509
2604_다이트_전환캠페인,(재)_일산_진료셀프캠_운동안해도되는_260416,1862612254235649,2026-04-28,5449,247,22060,6,908,2.43,0,0,0.00,1.04,245,KRW,6,237
2604_다이트_전환캠페인,(재)_일산_진료셀프캠_의사가권하지않는4050_260414,1862453943180450,2026-04-28,0,0,0,0,0,0.00,0,0,0.00,0.00,0,KRW,0,0
2604_다이트_전환캠페인,(재)_창원_의료진정보_4050나잇살 이유는 여기에_260410,1862064114067810,2026-04-28,0,0,0,0,0,0.00,0,0,0.00,0.00,0,KRW,0,0
2604_다이트_전환캠페인,"(재)_창원_인플방문후기_건강한다이어트(창원,박고경)_260325",1861278731680866,2026-04-28,0,0,0,0,0,0.00,0,0,0.00,0.00,0,KRW,0,0
2604_다이트_전환캠페인,(재)_창원_인플방문후기_먹고싶은거다먹는(수원잇츠)_260403,1861437705571345,2026-04-28,0,0,0,0,0,0.00,0,0,0.00,0.00,0,KRW,0,0
2604_다이트_전환캠페인,(재)_창원_인플방문후기_연예인다이어트(플랜비)_260416,1862614349846529,2026-04-28,0,0,0,0,0,0.00,0,0,0.00,0.00,0,KRW,0,0
2604_다이트_전환캠페인,(재)_창원_진료셀프캠_50대다이어트대사_260422,1863145585749009,2026-04-28,2947,378,7796,2,1473,0.53,0,0,0.00,1.06,372,KRW,2,357
2604_다이트_전환캠페인,(재)_창원_진료셀프캠_비만주사가놓친것_260414,1862452830171329,2026-04-28,0,0,0,0,0,0.00,0,0,0.00,0.00,0,KRW,0,0
2604_다이트_전환캠페인,(재)_창원_진료셀프캠_비만주사는입만막을뿐_260423,1863252701617361,2026-04-28,7061,1473,4793,2,3530,0.14,1,7061,50.00,1.11,1438,KRW,10,1332
2604_다이트_전환캠페인,(재)_창원_진료셀프캠_식욕억제주사실패 마지막_260407,1861779402873057,2026-04-28,77795,5665,13732,35,2222,0.62,0,0,0.00,1.22,5577,KRW,42,4652
2604_다이트_전환캠페인,(재)_창원_진료셀프캠_운동안해도되는_260416,1862612192812097,2026-04-28,21026,2483,8467,10,2102,0.40,1,21026,10.00,1.11,2438,KRW,9,2230
2604_다이트_전환캠페인,(재)_창원_진료셀프캠_주사형비만치료제 고민끝에 50대부부 -32kg_260225,1861278292523041,2026-04-28,0,0,0,0,0,0.00,0,0,0.00,0.00,0,KRW,0,0
2604_다이트_전환캠페인,(재)_천안_인플방문후기_연예인다이어트(플랜비)_260416,1862614438420609,2026-04-28,0,0,0,0,0,0.00,0,0,0.00,0.00,0,KRW,0,0
2604_다이트_전환캠페인,(재)_천안_진료셀프캠_50대다이어트대사_260422,1863145660596401,2026-04-28,298,64,4656,0,0,0.00,0,0,0.00,1.00,65,KRW,0,64
2604_다이트_전환캠페인,(재)_천안_진료셀프캠_비만주사는입만막을뿐_260423,1863252775614561,2026-04-28,1471,323,4554,0,0,0.00,0,0,0.00,1.07,315,KRW,1,302
2604_다이트_전환캠페인,(재)_천안_진료셀프캠_식욕억제주사실패 마지막_260407,1861779883450610,2026-04-28,49897,3357,14863,29,1720,0.86,0,0,0.00,1.14,3320,KRW,28,2941
2604_다이트_전환캠페인,(재)_천안_진료셀프캠_운동안해도되는_260416,1862612464960546,2026-04-28,7706,741,10399,5,1541,0.67,0,0,0.00,1.06,723,KRW,6,697
2604_다이트_전환캠페인,(재)_천안_진료셀프캠_주사형비만치료제 고민끝에 50대부부 -32kg_260225,1861968142031009,2026-04-28,0,0,0,0,0,0.00,0,0,0.00,0.00,0,KRW,0,0
2604_다이트_전환캠페인,(신)_대구_의료진정보_주사형비만치료제 10년은_260116,1861278242108689,2026-04-29,0,0,0,0,0,0.00,0,0,0.00,0.00,0,KRW,0,0
2604_다이트_전환캠페인,(신)_대구_인플방문후기_밥빵면안당기는원장님(itsmeyuriwon)_260407,1861796218051601,2026-04-29,0,0,0,0,0,0.00,0,0,0.00,0.00,0,KRW,0,0
2604_다이트_전환캠페인,(신)_대구_인플방문후기_주사형비만치료제(the.hyunniverse)_260403,1861968872286353,2026-04-29,0,0,0,0,0,0.00,0,0,0.00,0.00,0,KRW,0,0
2604_다이트_전환캠페인,(신)_대전_인플방문후기_밥빵면안당기는원장님(itsmeyuriwon)_260407,1861796462367905,2026-04-29,0,0,0,0,0,0.00,0,0,0.00,0.00,0,KRW,0,0
2604_다이트_전환캠페인,(신)_대전_인플방문후기_주사형비만치료제(the.hyunniverse)_260403,1861968952635729,2026-04-29,5459,662,8246,2,2729,0.30,0,0,0.00,1.06,658,KRW,1,627
2604_다이트_전환캠페인,(신)_부평_인플방문후기_건강한다이어트(박고경)_260324,1861276881397074,2026-04-29,0,0,0,0,0,0.00,0,0,0.00,0.00,0,KRW,0,0
2604_다이트_전환캠페인,(신)_부평_인플방문후기_밥빵면안당기는원장님(itsmeyuriwon)_260407,1861795578227042,2026-04-29,0,0,0,0,0,0.00,0,0,0.00,0.00,0,KRW,0,0
2604_다이트_전환캠페인,(신)_부평_인플방문후기_주사형비만치료제(the.hyunniverse)_260403,1861968247570690,2026-04-29,13238,1011,13093,7,1891,0.69,0,0,0.00,1.11,993,KRW,7,908
2604_다이트_전환캠페인,(신)_서울_인플방문후기_밥빵면안당기는원장님(itsmeyuriwon)_260407,1861792943047986,2026-04-29,0,0,0,0,0,0.00,0,0,0.00,0.00,0,KRW,0,0
2604_다이트_전환캠페인,(신)_서울_인플방문후기_주사형비만치료제(the.hyunniverse)_260403,1861968379365409,2026-04-29,6872,541,12702,5,1374,0.92,0,0,0.00,1.04,531,KRW,4,519
2604_다이트_전환캠페인,(신)_수원_인플방문후기_밥빵면안당기는원장님(itsmeyuriwon)_260407,1861796026692689,2026-04-29,0,0,0,0,0,0.00,0,0,0.00,0.00,0,KRW,0,0
2604_다이트_전환캠페인,(신)_수원_인플방문후기_주사형비만치료제(the.hyunniverse)_260403,1861426333950193,2026-04-29,18374,2286,8037,7,2624,0.31,4,4593,57.14,1.07,2245,KRW,10,2135
2604_다이트_전환캠페인,(신)_일산_인플방문후기_주사형비만치료제(the.hyunniverse)_260403,1861968797915602,2026-04-29,2225,327,6804,2,1112,0.61,0,0,0.00,1.03,323,KRW,3,317
2604_다이트_전환캠페인,(신)_창원_인플방문후기_밥빵면안당기는원장님(itsmeyuriwon)_260407,1861796302859538,2026-04-29,0,0,0,0,0,0.00,0,0,0.00,0.00,0,KRW,0,0
2604_다이트_전환캠페인,(신)_창원_인플방문후기_주사형비만치료제(the.hyunniverse)_260403,1861427124084770,2026-04-29,0,0,0,0,0,0.00,0,0,0.00,0.00,0,KRW,0,0
2604_다이트_전환캠페인,(신)_천안_의료진정보_주사형비만치료제 10년은_260116,1861279064396242,2026-04-29,7146,844,8466,3,2382,0.36,0,0,0.00,1.09,824,KRW,5,775
2604_다이트_전환캠페인,(신)_천안_인플방문후기_밥빵면안당기는원장님(itsmeyuriwon)_260407,1861796395517250,2026-04-29,0,0,0,0,0,0.00,0,0,0.00,0.00,0,KRW,0,0
2604_다이트_전환캠페인,(신)_천안_인플방문후기_주사형비만치료제(the.hyunniverse)_260403,1861969033799841,2026-04-29,8134,1011,8045,4,2033,0.40,0,0,0.00,1.08,997,KRW,4,939
2604_다이트_전환캠페인,(신)_천안_진료셀프캠_주사형 비만치료제보다 더중요한이것_260120,1861969112559697,2026-04-29,0,0,0,0,0,0.00,0,0,0.00,0.00,0,KRW,0,0
2604_다이트_전환캠페인,"(재)_대구_인플방문후기_건강한다이어트(대구,박고경)_260325",1861278128485793,2026-04-29,0,0,0,0,0,0.00,0,0,0.00,0.00,0,KRW,0,0
2604_다이트_전환캠페인,(재)_대구_인플방문후기_연예인다이어트(플랜비)_260416,1862614242718769,2026-04-29,0,0,0,0,0,0.00,0,0,0.00,0.00,0,KRW,0,0
2604_다이트_전환캠페인,(재)_대구_진료셀프캠_50대다이어트대사_260422,1863145537589298,2026-04-29,816,126,6476,0,0,0.00,0,0,0.00,1.12,124,KRW,0,113
2604_다이트_전환캠페인,(재)_대구_진료셀프캠_다이어트의적 밥빵면_260407,1861778669641809,2026-04-29,36619,1942,18856,22,1664,1.13,2,18309,9.09,1.08,1893,KRW,26,1801
2604_다이트_전환캠페인,(재)_대구_진료셀프캠_비만주사는입만막을뿐_260423,1863252567801041,2026-04-29,2037,355,5738,0,0,0.00,0,0,0.00,1.08,347,KRW,1,329
2604_다이트_전환캠페인,(재)_대구_진료셀프캠_식욕억제주사실패 마지막_260407,1861779512219682,2026-04-29,42489,2864,14835,23,1847,0.80,4,10622,17.39,1.18,2820,KRW,26,2420
2604_다이트_전환캠페인,(재)_대구_진료셀프캠_운동안해도되는_260416,1862612192785601,2026-04-29,0,0,0,0,0,0.00,0,0,0.00,0.00,0,KRW,0,0
2604_다이트_전환캠페인,(재)_대구_진료셀프캠_주사형비만치료제 고민끝에 50대부부 -32kg_260225,1861278082187298,2026-04-29,24544,2354,10426,20,1227,0.85,2,12272,10.00,1.13,2301,KRW,25,2091
2604_다이트_전환캠페인,(재)_대전_인플방문후기_연예인다이어트(플랜비)_260416,1862614549502162,2026-04-29,0,0,0,0,0,0.00,0,0,0.00,0.00,0,KRW,0,0
2604_다이트_전환캠페인,(재)_대전_진료셀프캠_50대다이어트대사_260422,1863145758279698,2026-04-29,262,42,6238,0,0,0.00,0,0,0.00,1.00,42,KRW,0,42
2604_다이트_전환캠페인,(재)_대전_진료셀프캠_다이어트의적 밥빵면_260407,1861776478109986,2026-04-29,37470,2407,15567,14,2676,0.58,0,0,0.00,1.10,2358,KRW,16,2187
2604_다이트_전환캠페인,(재)_대전_진료셀프캠_비만주사는입만막을뿐_260423,1863253376478305,2026-04-29,1169,289,4044,1,1169,0.35,2,584,200.00,1.08,284,KRW,4,267
2604_다이트_전환캠페인,(재)_대전_진료셀프캠_식욕억제주사실패 마지막_260406,1861708051912898,2026-04-29,0,0,0,0,0,0.00,0,0,0.00,0.00,0,KRW,0,0
2604_다이트_전환캠페인,(재)_대전_진료셀프캠_식욕억제주사실패 마지막_260407,1861779986019442,2026-04-29,34771,2271,15310,19,1830,0.84,0,0,0.00,1.12,2243,KRW,19,2032
2604_다이트_전환캠페인,(재)_대전_진료셀프캠_주사형비만치료제 고민끝에 50대부부 -32kg_260225,1861708178989089,2026-04-29,18662,2060,9059,3,6220,0.15,0,0,0.00,1.09,2010,KRW,3,1890
2604_다이트_전환캠페인,(재)_부평_인플방문후기_연예인다이어트(플랜비)_260416,1862613882586418,2026-04-29,1505,219,6872,0,0,0.00,0,0,0.00,1.07,214,KRW,0,205
2604_다이트_전환캠페인,(재)_부평_진료셀프캠_4050다이어트비밀_260414,1862453369868354,2026-04-29,0,0,0,0,0,0.00,0,0,0.00,0.00,0,KRW,0,0
2604_다이트_전환캠페인,(재)_부평_진료셀프캠_50대다이어트대사_260422,1863145317184529,2026-04-29,1513,77,19649,1,1513,1.30,0,0,0.00,1.07,74,KRW,1,72
2604_다이트_전환캠페인,(재)_부평_진료셀프캠_비만주사가놓친것_260414,1862452531926049,2026-04-29,0,0,0,0,0,0.00,0,0,0.00,0.00,0,KRW,0,0
2604_다이트_전환캠페인,(재)_부평_진료셀프캠_비만주사는입만막을뿐_260423,1863251994014802,2026-04-29,3672,523,7021,0,0,0.00,0,0,0.00,1.10,511,KRW,4,475
2604_다이트_전환캠페인,(재)_부평_진료셀프캠_식욕억제주사실패 마지막_260407,1861779276638289,2026-04-29,69205,3834,18050,19,3642,0.50,1,69205,5.26,1.19,3749,KRW,26,3227
2604_다이트_전환캠페인,(재)_부평_진료셀프캠_운동안해도되는_260416,1862612072337410,2026-04-29,11081,724,15305,4,2770,0.55,0,0,0.00,1.14,709,KRW,5,634
2604_다이트_전환캠페인,(재)_부평_진료셀프캠_주사형비만치료제 고민끝에 50대부부 -32kg_260225,1861276697497633,2026-04-29,0,0,0,0,0,0.00,0,0,0.00,0.00,0,KRW,0,0
2604_다이트_전환캠페인,(재)_서울_의료진정보_무작정운동으로 팩폭_260406,1861709796228209,2026-04-29,0,0,0,0,0,0.00,0,0,0.00,0.00,0,KRW,0,0
2604_다이트_전환캠페인,(재)_서울_인플방문후기_맘껏먹는 다이어트 한달후기_260306,1861276306937889,2026-04-29,0,0,0,0,0,0.00,0,0,0.00,0.00,0,KRW,0,0
2604_다이트_전환캠페인,(재)_서울_인플방문후기_먹고싶은거다먹는(수원잇츠)_260403,1861438096695922,2026-04-29,0,0,0,0,0,0.00,0,0,0.00,0.00,0,KRW,0,0
2604_다이트_전환캠페인,(재)_서울_인플방문후기_연예인다이어트(플랜비)_260416,1862611925509122,2026-04-29,0,0,0,0,0,0.00,0,0,0.00,0.00,0,KRW,0,0
2604_다이트_전환캠페인,(재)_서울_진료셀프캠_50대다이어트대사_260422,1863141281578129,2026-04-29,2308,149,15489,2,1154,1.34,0,0,0.00,1.02,145,KRW,4,146
2604_다이트_전환캠페인,(재)_서울_진료셀프캠_비만주사가놓친것_260414,1862427431553298,2026-04-29,97,27,3592,0,0,0.00,0,0,0.00,1.04,26,KRW,0,26
2604_다이트_전환캠페인,(재)_서울_진료셀프캠_비만주사는입만막을뿐_260423,1863250762937489,2026-04-29,930,112,8303,1,930,0.89,0,0,0.00,1.05,110,KRW,2,107
2604_다이트_전환캠페인,(재)_서울_진료셀프캠_식욕억제주사실패 마지막_260407,1861778815720546,2026-04-29,54783,2844,19262,34,1611,1.20,7,7826,20.59,1.09,2803,KRW,47,2598
2604_다이트_전환캠페인,(재)_서울_진료셀프캠_운동안해도되는_260416,1862607904464929,2026-04-29,0,0,0,0,0,0.00,0,0,0.00,0.00,0,KRW,0,0
2604_다이트_전환캠페인,(재)_서울_진료셀프캠_의사가권하지않는4050_260414,1862453122462113,2026-04-29,593,111,5342,0,0,0.00,0,0,0.00,1.08,109,KRW,0,103
2604_다이트_전환캠페인,(재)_서울_진료셀프캠_주사형비만치료제 고민끝에 50대부부 -32kg_260225,1861276155386962,2026-04-29,27607,2132,12948,21,1314,0.98,2,13803,9.52,1.08,2084,KRW,25,1978
2604_다이트_전환캠페인,(재)_수원_의료진정보_4050나잇살 이유는 여기에_260410,1862064207732210,2026-04-29,2372,460,5156,0,0,0.00,0,0,0.00,1.08,445,KRW,0,425
2604_다이트_전환캠페인,(재)_수원_의료진정보_무작정운동으로 팩폭_260406,1861709615890674,2026-04-29,0,0,0,0,0,0.00,0,0,0.00,0.00,0,KRW,0,0
2604_다이트_전환캠페인,"(재)_수원_인플방문후기_건강한다이어트(수원,박고경)_260325",1861277190081841,2026-04-29,0,0,0,0,0,0.00,0,0,0.00,0.00,0,KRW,0,0
2604_다이트_전환캠페인,(재)_수원_인플방문후기_연예인다이어트(플랜비)_260416,1862613961447426,2026-04-29,0,0,0,0,0,0.00,0,0,0.00,0.00,0,KRW,0,0
2604_다이트_전환캠페인,(재)_수원_진료셀프캠_50대다이어트대사_260422,1863144745203025,2026-04-29,3110,543,5727,2,1555,0.37,0,0,0.00,1.06,533,KRW,3,512
2604_다이트_전환캠페인,(재)_수원_진료셀프캠_비만주사는입만막을뿐_260423,1863252126952065,2026-04-29,22530,2716,8295,8,2816,0.29,0,0,0.00,1.14,2671,KRW,4,2375
2604_다이트_전환캠페인,(재)_수원_진료셀프캠_식욕억제주사실패 마지막_260407,1861779341060274,2026-04-29,89534,5791,15460,35,2558,0.60,1,89534,2.86,1.23,5678,KRW,32,4720
2604_다이트_전환캠페인,(재)_수원_진료셀프캠_운동안해도되는_260416,1862612144893169,2026-04-29,34629,3280,10557,8,4328,0.24,0,0,0.00,1.12,3215,KRW,7,2916
2604_다이트_전환캠페인,(재)_일산_인플방문후기_맘껏먹는 다이어트 한달후기_260306,1861277479159890,2026-04-29,7554,710,10639,9,839,1.27,0,0,0.00,1.09,699,KRW,11,650
2604_다이트_전환캠페인,(재)_일산_인플방문후기_먹고싶은거다먹는(수원잇츠)_260403,1861437881987106,2026-04-29,1147,104,11028,0,0,0.00,0,0,0.00,1.12,103,KRW,0,93
2604_다이트_전환캠페인,(재)_일산_인플방문후기_연예인다이어트(일산 플랜비)_260416,1862614105575633,2026-04-29,0,0,0,0,0,0.00,0,0,0.00,0.00,0,KRW,0,0
2604_다이트_전환캠페인,(재)_일산_진료셀프캠_50대다이어트대사_260422,1863145439744049,2026-04-29,185,33,5606,0,0,0.00,0,0,0.00,1.00,31,KRW,0,33
2604_다이트_전환캠페인,(재)_일산_진료셀프캠_비만주사가놓친것_260414,1862452684235121,2026-04-29,0,0,0,0,0,0.00,0,0,0.00,0.00,0,KRW,0,0
2604_다이트_전환캠페인,(재)_일산_진료셀프캠_비만주사는입만막을뿐_260423,1863252482871297,2026-04-29,6406,344,18622,2,3203,0.58,0,0,0.00,1.04,341,KRW,3,330
2604_다이트_전환캠페인,(재)_일산_진료셀프캠_식욕억제주사실패 마지막_260407,1861779422527666,2026-04-29,56681,4004,14156,33,1717,0.82,3,18893,9.09,1.18,3946,KRW,34,3383
2604_다이트_전환캠페인,(재)_일산_진료셀프캠_운동안해도되는_260416,1862612254235649,2026-04-29,3712,321,11563,3,1237,0.93,1,3712,33.33,1.06,311,KRW,3,303
2604_다이트_전환캠페인,(재)_창원_인플방문후기_먹고싶은거다먹는(수원잇츠)_260403,1861437705571345,2026-04-29,0,0,0,0,0,0.00,0,0,0.00,0.00,0,KRW,0,0
2604_다이트_전환캠페인,(재)_창원_진료셀프캠_50대다이어트대사_260422,1863145585749009,2026-04-29,4223,684,6173,2,2111,0.29,0,0,0.00,1.08,668,KRW,6,631
2604_다이트_전환캠페인,(재)_창원_진료셀프캠_비만주사가놓친것_260414,1862452830171329,2026-04-29,0,0,0,0,0,0.00,0,0,0.00,0.00,0,KRW,0,0
2604_다이트_전환캠페인,(재)_창원_진료셀프캠_비만주사는입만막을뿐_260423,1863252701617361,2026-04-29,9967,1742,5721,6,1661,0.34,0,0,0.00,1.10,1698,KRW,8,1577
2604_다이트_전환캠페인,(재)_창원_진료셀프캠_식욕억제주사실패 마지막_260407,1861779402873057,2026-04-29,109270,8265,13220,40,2731,0.48,1,109270,2.50,1.31,8084,KRW,42,6333
2604_다이트_전환캠페인,(재)_창원_진료셀프캠_운동안해도되는_260416,1862612192812097,2026-04-29,36611,3908,9368,13,2816,0.33,1,36611,7.69,1.16,3855,KRW,12,3382
2604_다이트_전환캠페인,(재)_창원_진료셀프캠_주사형비만치료제 고민끝에 50대부부 -32kg_260225,1861278292523041,2026-04-29,0,0,0,0,0,0.00,0,0,0.00,0.00,0,KRW,0,0
2604_다이트_전환캠페인,"(재)_천안_인플방문후기_건강한다이어트(천안, 박고경)_260325",1861278985311585,2026-04-29,0,0,0,0,0,0.00,0,0,0.00,0.00,0,KRW,0,0
2604_다이트_전환캠페인,(재)_천안_진료셀프캠_50대다이어트대사_260422,1863145660596401,2026-04-29,328,68,4823,1,328,1.47,0,0,0.00,1.06,66,KRW,0,64
2604_다이트_전환캠페인,(재)_천안_진료셀프캠_비만주사가놓친것_260414,1862452895498482,2026-04-29,0,0,0,0,0,0.00,0,0,0.00,0.00,0,KRW,0,0
2604_다이트_전환캠페인,(재)_천안_진료셀프캠_비만주사는입만막을뿐_260423,1863252775614561,2026-04-29,1109,229,4842,0,0,0.00,0,0,0.00,1.05,221,KRW,1,219
2604_다이트_전환캠페인,(재)_천안_진료셀프캠_식욕억제주사실패 마지막_260407,1861779883450610,2026-04-29,52646,3464,15198,22,2393,0.64,1,52646,4.55,1.17,3423,KRW,23,2958
2604_다이트_전환캠페인,(재)_천안_진료셀프캠_운동안해도되는_260416,1862612464960546,2026-04-29,8974,714,12568,5,1794,0.70,0,0,0.00,1.09,699,KRW,4,656
2604_다이트_전환캠페인,(재)_천안_진료셀프캠_주사형비만치료제 고민끝에 50대부부 -32kg_260225,1861968142031009,2026-04-29,0,0,0,0,0,0.00,0,0,0.00,0.00,0,KRW,0,0
2604_다이트_전환캠페인,(신)_대구_인플방문후기_먹으면서 다이어트(대읽남)_251017,1861277850752146,2026-04-30,0,0,0,0,0,0.00,0,0,0.00,0.00,0,KRW,0,0
2604_다이트_전환캠페인,(신)_대구_인플방문후기_밥빵면안당기는원장님(itsmeyuriwon)_260407,1861796218051601,2026-04-30,0,0,0,0,0,0.00,0,0,0.00,0.00,0,KRW,0,0
2604_다이트_전환캠페인,(신)_대구_인플방문후기_주사형비만치료제(the.hyunniverse)_260403,1861968872286353,2026-04-30,0,0,0,0,0,0.00,0,0,0.00,0.00,0,KRW,0,0
2604_다이트_전환캠페인,(신)_대전_인플방문후기_주사형비만치료제(the.hyunniverse)_260403,1861968952635729,2026-04-30,6125,605,10123,2,3062,0.33,1,6125,50.00,1.07,601,KRW,4,568
2604_다이트_전환캠페인,(신)_부평_인플방문후기_건강한다이어트(박고경)_260324,1861276881397074,2026-04-30,0,0,0,0,0,0.00,0,0,0.00,0.00,0,KRW,0,0
2604_다이트_전환캠페인,(신)_부평_인플방문후기_밥빵면안당기는원장님(itsmeyuriwon)_260407,1861795578227042,2026-04-30,0,0,0,0,0,0.00,0,0,0.00,0.00,0,KRW,0,0
2604_다이트_전환캠페인,(신)_부평_인플방문후기_주사형비만치료제(the.hyunniverse)_260403,1861968247570690,2026-04-30,10074,874,11526,3,3358,0.34,0,0,0.00,1.08,851,KRW,3,809
2604_다이트_전환캠페인,(신)_서울_인플방문후기_밥빵면안당기는원장님(itsmeyuriwon)_260407,1861792943047986,2026-04-30,0,0,0,0,0,0.00,0,0,0.00,0.00,0,KRW,0,0
2604_다이트_전환캠페인,(신)_서울_인플방문후기_주사형비만치료제(the.hyunniverse)_260403,1861968379365409,2026-04-30,7171,645,11117,4,1792,0.62,0,0,0.00,1.10,626,KRW,4,588
2604_다이트_전환캠페인,(신)_수원_인플방문후기_밥빵면안당기는원장님(itsmeyuriwon)_260407,1861796026692689,2026-04-30,0,0,0,0,0,0.00,0,0,0.00,0.00,0,KRW,0,0
2604_다이트_전환캠페인,(신)_수원_인플방문후기_주사형비만치료제(the.hyunniverse)_260403,1861426333950193,2026-04-30,17183,2229,7708,10,1718,0.45,1,17183,10.00,1.08,2192,KRW,7,2064
2604_다이트_전환캠페인,(신)_일산_인플방문후기_밥빵면안당기는원장님(itsmeyuriwon)_260407,1861796100333057,2026-04-30,0,0,0,0,0,0.00,0,0,0.00,0.00,0,KRW,0,0
2604_다이트_전환캠페인,(신)_일산_인플방문후기_주사형비만치료제(the.hyunniverse)_260403,1861968797915602,2026-04-30,4760,468,10170,4,1190,0.85,0,0,0.00,1.03,464,KRW,3,455
2604_다이트_전환캠페인,(신)_창원_인플방문후기_밥빵면안당기는원장님(itsmeyuriwon)_260407,1861796302859538,2026-04-30,0,0,0,0,0,0.00,0,0,0.00,0.00,0,KRW,0,0
2604_다이트_전환캠페인,(신)_창원_인플방문후기_주사형비만치료제(the.hyunniverse)_260403,1861427124084770,2026-04-30,0,0,0,0,0,0.00,0,0,0.00,0.00,0,KRW,0,0
2604_다이트_전환캠페인,(신)_천안_의료진정보_주사형비만치료제 10년은_260116,1861279064396242,2026-04-30,4605,535,8607,2,2302,0.37,0,0,0.00,1.08,525,KRW,3,496
2604_다이트_전환캠페인,(신)_천안_인플방문후기_밥빵면안당기는원장님(itsmeyuriwon)_260407,1861796395517250,2026-04-30,0,0,0,0,0,0.00,0,0,0.00,0.00,0,KRW,0,0
2604_다이트_전환캠페인,(신)_천안_인플방문후기_주사형비만치료제(the.hyunniverse)_260403,1861969033799841,2026-04-30,7737,1100,7033,3,2579,0.27,1,7737,33.33,1.06,1079,KRW,6,1033
2604_다이트_전환캠페인,(신)_천안_진료셀프캠_주사형 비만치료제보다 더중요한이것_260120,1861969112559697,2026-04-30,0,0,0,0,0,0.00,0,0,0.00,0.00,0,KRW,0,0
2604_다이트_전환캠페인,"(재)_대구_인플방문후기_건강한다이어트(대구,박고경)_260325",1861278128485793,2026-04-30,0,0,0,0,0,0.00,0,0,0.00,0.00,0,KRW,0,0
2604_다이트_전환캠페인,(재)_대구_인플방문후기_먹고싶은거다먹는(수원잇츠)_260403,1861437815982145,2026-04-30,0,0,0,0,0,0.00,0,0,0.00,0.00,0,KRW,0,0
2604_다이트_전환캠페인,(재)_대구_인플방문후기_연예인다이어트(플랜비)_260416,1862614242718769,2026-04-30,0,0,0,0,0,0.00,0,0,0.00,0.00,0,KRW,0,0
2604_다이트_전환캠페인,(재)_대구_진료셀프캠_50대다이어트대사_260422,1863145537589298,2026-04-30,480,61,7868,0,0,0.00,0,0,0.00,1.00,61,KRW,2,61
2604_다이트_전환캠페인,(재)_대구_진료셀프캠_다이어트의적 밥빵면_260407,1861778669641809,2026-04-30,32046,1960,16350,15,2136,0.77,2,16023,13.33,1.07,1928,KRW,21,1826
2604_다이트_전환캠페인,(재)_대구_진료셀프캠_비만주사가놓친것_260414,1862452759074146,2026-04-30,0,0,0,0,0,0.00,0,0,0.00,0.00,0,KRW,0,0
2604_다이트_전환캠페인,(재)_대구_진료셀프캠_비만주사는입만막을뿐_260423,1863252567801041,2026-04-30,1301,193,6740,1,1301,0.52,0,0,0.00,1.06,187,KRW,3,182
2604_다이트_전환캠페인,(재)_대구_진료셀프캠_식욕억제주사실패 마지막_260407,1861779512219682,2026-04-30,47699,3848,12395,38,1255,0.99,2,23849,5.26,1.20,3771,KRW,35,3216
2604_다이트_전환캠페인,(재)_대구_진료셀프캠_운동안해도되는_260416,1862612192785601,2026-04-30,0,0,0,0,0,0.00,0,0,0.00,0.00,0,KRW,0,0
2604_다이트_전환캠페인,(재)_대구_진료셀프캠_주사형비만치료제 고민끝에 50대부부 -32kg_260225,1861278082187298,2026-04-30,21820,2243,9728,10,2182,0.45,2,10910,20.00,1.11,2200,KRW,11,2018
2604_다이트_전환캠페인,"(재)_대전_인플방문후기_건강한다이어트(대전, 박고경)_260406",1861709876075633,2026-04-30,0,0,0,0,0,0.00,0,0,0.00,0.00,0,KRW,0,0
2604_다이트_전환캠페인,(재)_대전_진료셀프캠_50대다이어트대사_260422,1863145758279698,2026-04-30,193,16,12062,0,0,0.00,0,0,0.00,1.00,16,KRW,0,16
2604_다이트_전환캠페인,(재)_대전_진료셀프캠_다이어트의적 밥빵면_260407,1861776478109986,2026-04-30,31001,1652,18765,9,3444,0.54,2,15500,22.22,1.09,1612,KRW,10,1510
2604_다이트_전환캠페인,(재)_대전_진료셀프캠_비만주사는입만막을뿐_260423,1863253376478305,2026-04-30,562,66,8515,0,0,0.00,0,0,0.00,1.03,66,KRW,0,64
2604_다이트_전환캠페인,(재)_대전_진료셀프캠_식욕억제주사실패 마지막_260406,1861708051912898,2026-04-30,0,0,0,0,0,0.00,0,0,0.00,0.00,0,KRW,0,0
2604_다이트_전환캠페인,(재)_대전_진료셀프캠_식욕억제주사실패 마지막_260407,1861779986019442,2026-04-30,35394,2006,17644,16,2212,0.80,4,8848,25.00,1.13,1981,KRW,19,1773
2604_다이트_전환캠페인,(재)_대전_진료셀프캠_주사형비만치료제 고민끝에 50대부부 -32kg_260225,1861708178989089,2026-04-30,19259,1416,13600,8,2407,0.56,0,0,0.00,1.09,1387,KRW,8,1297
2604_다이트_전환캠페인,(재)_부평_인플방문후기_연예인다이어트(플랜비)_260416,1862613882586418,2026-04-30,1960,162,12098,0,0,0.00,0,0,0.00,1.02,159,KRW,0,159
2604_다이트_전환캠페인,(재)_부평_진료셀프캠_50대다이어트대사_260422,1863145317184529,2026-04-30,235,34,6911,0,0,0.00,0,0,0.00,1.06,33,KRW,0,32
2604_다이트_전환캠페인,(재)_부평_진료셀프캠_비만주사는입만막을뿐_260423,1863251994014802,2026-04-30,1289,219,5885,3,429,1.37,0,0,0.00,1.06,210,KRW,4,206
2604_다이트_전환캠페인,(재)_부평_진료셀프캠_식욕억제주사실패 마지막_260407,1861779276638289,2026-04-30,60468,3275,18463,23,2629,0.70,0,0,0.00,1.13,3209,KRW,23,2898
2604_다이트_전환캠페인,(재)_부평_진료셀프캠_운동안해도되는_260416,1862612072337410,2026-04-30,6586,478,13778,2,3293,0.42,0,0,0.00,1.08,466,KRW,4,443
2604_다이트_전환캠페인,(재)_부평_진료셀프캠_주사형비만치료제 고민끝에 50대부부 -32kg_260225,1861276697497633,2026-04-30,0,0,0,0,0,0.00,0,0,0.00,0.00,0,KRW,0,0
2604_다이트_전환캠페인,(재)_서울_인플방문후기_맘껏먹는 다이어트 한달후기_260306,1861276306937889,2026-04-30,0,0,0,0,0,0.00,0,0,0.00,0.00,0,KRW,0,0
2604_다이트_전환캠페인,(재)_서울_인플방문후기_먹고싶은거다먹는(수원잇츠)_260403,1861438096695922,2026-04-30,0,0,0,0,0,0.00,0,0,0.00,0.00,0,KRW,0,0
2604_다이트_전환캠페인,(재)_서울_인플방문후기_연예인다이어트(플랜비)_260416,1862611925509122,2026-04-30,0,0,0,0,0,0.00,0,0,0.00,0.00,0,KRW,0,0
2604_다이트_전환캠페인,(재)_서울_진료셀프캠_50대다이어트대사_260422,1863141281578129,2026-04-30,2206,164,13451,3,735,1.83,0,0,0.00,1.04,163,KRW,7,158
2604_다이트_전환캠페인,(재)_서울_진료셀프캠_비만주사가놓친것_260414,1862427431553298,2026-04-30,35,10,3500,0,0,0.00,0,0,0.00,1.00,10,KRW,0,10
2604_다이트_전환캠페인,(재)_서울_진료셀프캠_비만주사는입만막을뿐_260423,1863250762937489,2026-04-30,664,76,8736,0,0,0.00,0,0,0.00,1.03,75,KRW,4,74
2604_다이트_전환캠페인,(재)_서울_진료셀프캠_식욕억제주사실패 마지막_260407,1861778815720546,2026-04-30,44621,2431,18355,41,1088,1.69,3,14873,7.32,1.07,2393,KRW,46,2272
2604_다이트_전환캠페인,(재)_서울_진료셀프캠_의사가권하지않는4050_260414,1862453122462113,2026-04-30,302,59,5118,0,0,0.00,0,0,0.00,1.07,56,KRW,0,55
2604_다이트_전환캠페인,(재)_서울_진료셀프캠_주사형비만치료제 고민끝에 50대부부 -32kg_260225,1861276155386962,2026-04-30,22865,1620,14114,12,1905,0.74,1,22865,8.33,1.09,1577,KRW,12,1491
2604_다이트_전환캠페인,(재)_수원_의료진정보_4050나잇살 이유는 여기에_260410,1862064207732210,2026-04-30,1795,264,6799,1,1795,0.38,0,0,0.00,1.09,254,KRW,1,242
2604_다이트_전환캠페인,(재)_수원_의료진정보_무작정운동으로 팩폭_260406,1861709615890674,2026-04-30,0,0,0,0,0,0.00,0,0,0.00,0.00,0,KRW,0,0
2604_다이트_전환캠페인,"(재)_수원_인플방문후기_건강한다이어트(수원,박고경)_260325",1861277190081841,2026-04-30,0,0,0,0,0,0.00,0,0,0.00,0.00,0,KRW,0,0
2604_다이트_전환캠페인,(재)_수원_진료셀프캠_50대다이어트대사_260422,1863144745203025,2026-04-30,1314,280,4692,1,1314,0.36,0,0,0.00,1.08,269,KRW,2,259
2604_다이트_전환캠페인,(재)_수원_진료셀프캠_비만주사가놓친것_260414,1862452610512897,2026-04-30,0,0,0,0,0,0.00,0,0,0.00,0.00,0,KRW,0,0
2604_다이트_전환캠페인,(재)_수원_진료셀프캠_비만주사는입만막을뿐_260423,1863252126952065,2026-04-30,16201,1715,9446,6,2700,0.35,0,0,0.00,1.11,1682,KRW,10,1546
2604_다이트_전환캠페인,(재)_수원_진료셀프캠_식욕억제주사실패 마지막_260407,1861779341060274,2026-04-30,73968,5218,14175,23,3216,0.44,0,0,0.00,1.20,5120,KRW,19,4332
2604_다이트_전환캠페인,(재)_수원_진료셀프캠_운동안해도되는_260416,1862612144893169,2026-04-30,28578,2193,13031,10,2857,0.46,0,0,0.00,1.11,2151,KRW,12,1974
2604_다이트_전환캠페인,(재)_수원_진료셀프캠_의사가권하지않는4050_260414,1862453880112178,2026-04-30,0,0,0,0,0,0.00,0,0,0.00,0.00,0,KRW,0,0
2604_다이트_전환캠페인,(재)_일산_의료진정보_무작정운동으로 팩폭_260406,1861709552021505,2026-04-30,0,0,0,0,0,0.00,0,0,0.00,0.00,0,KRW,0,0
2604_다이트_전환캠페인,"(재)_일산_인플방문후기_건강한다이어트(일산, 박고경)_260325",1861277705679282,2026-04-30,0,0,0,0,0,0.00,0,0,0.00,0.00,0,KRW,0,0
2604_다이트_전환캠페인,(재)_일산_인플방문후기_맘껏먹는 다이어트 한달후기_260306,1861277479159890,2026-04-30,9564,667,14338,8,1195,1.20,1,9564,12.50,1.10,657,KRW,9,607
2604_다이트_전환캠페인,(재)_일산_인플방문후기_먹고싶은거다먹는(수원잇츠)_260403,1861437881987106,2026-04-30,904,75,12053,1,904,1.33,0,0,0.00,1.09,70,KRW,1,69
2604_다이트_전환캠페인,(재)_일산_인플방문후기_연예인다이어트(일산 플랜비)_260416,1862614105575633,2026-04-30,0,0,0,0,0,0.00,0,0,0.00,0.00,0,KRW,0,0
2604_다이트_전환캠페인,(재)_일산_진료셀프캠_50대다이어트대사_260422,1863145439744049,2026-04-30,96,21,4571,0,0,0.00,0,0,0.00,1.00,21,KRW,0,21
2604_다이트_전환캠페인,(재)_일산_진료셀프캠_비만주사가놓친것_260414,1862452684235121,2026-04-30,0,0,0,0,0,0.00,0,0,0.00,0.00,0,KRW,0,0
2604_다이트_전환캠페인,(재)_일산_진료셀프캠_비만주사는입만막을뿐_260423,1863252482871297,2026-04-30,3806,301,12644,3,1268,1.00,0,0,0.00,1.02,296,KRW,9,296
2604_다이트_전환캠페인,(재)_일산_진료셀프캠_식욕억제주사실패 마지막_260407,1861779422527666,2026-04-30,66608,4139,16092,51,1306,1.23,2,33304,3.92,1.16,4087,KRW,95,3562
2604_다이트_전환캠페인,(재)_일산_진료셀프캠_운동안해도되는_260416,1862612254235649,2026-04-30,5215,248,21028,3,1738,1.21,0,0,0.00,1.05,243,KRW,4,237
2604_다이트_전환캠페인,(재)_창원_의료진정보_4050나잇살 이유는 여기에_260410,1862064114067810,2026-04-30,0,0,0,0,0,0.00,0,0,0.00,0.00,0,KRW,0,0
2604_다이트_전환캠페인,(재)_창원_인플방문후기_먹고싶은거다먹는(수원잇츠)_260403,1861437705571345,2026-04-30,0,0,0,0,0,0.00,0,0,0.00,0.00,0,KRW,0,0
2604_다이트_전환캠페인,(재)_창원_인플방문후기_연예인다이어트(플랜비)_260416,1862614349846529,2026-04-30,0,0,0,0,0,0.00,0,0,0.00,0.00,0,KRW,0,0
2604_다이트_전환캠페인,(재)_창원_진료셀프캠_50대다이어트대사_260422,1863145585749009,2026-04-30,3165,413,7663,1,3165,0.24,0,0,0.00,1.07,406,KRW,1,387
2604_다이트_전환캠페인,(재)_창원_진료셀프캠_비만주사는입만막을뿐_260423,1863252701617361,2026-04-30,6823,842,8103,0,0,0.00,0,0,0.00,1.09,817,KRW,1,769
2604_다이트_전환캠페인,(재)_창원_진료셀프캠_식욕억제주사실패 마지막_260407,1861779402873057,2026-04-30,143981,9102,15818,53,2716,0.58,5,28796,9.43,1.34,8912,KRW,72,6796
2604_다이트_전환캠페인,(재)_창원_진료셀프캠_운동안해도되는_260416,1862612192812097,2026-04-30,33138,2771,11958,10,3313,0.36,0,0,0.00,1.12,2720,KRW,10,2467
2604_다이트_전환캠페인,(재)_창원_진료셀프캠_주사형비만치료제 고민끝에 50대부부 -32kg_260225,1861278292523041,2026-04-30,0,0,0,0,0,0.00,0,0,0.00,0.00,0,KRW,0,0
2604_다이트_전환캠페인,"(재)_천안_인플방문후기_건강한다이어트(천안, 박고경)_260325",1861278985311585,2026-04-30,0,0,0,0,0,0.00,0,0,0.00,0.00,0,KRW,0,0
2604_다이트_전환캠페인,(재)_천안_진료셀프캠_50대다이어트대사_260422,1863145660596401,2026-04-30,159,26,6115,0,0,0.00,0,0,0.00,1.08,26,KRW,0,24
2604_다이트_전환캠페인,(재)_천안_진료셀프캠_비만주사 10년은 늙어보인대요_260326,1861279133802561,2026-04-30,0,0,0,0,0,0.00,0,0,0.00,0.00,0,KRW,0,0
2604_다이트_전환캠페인,(재)_천안_진료셀프캠_비만주사가놓친것_260414,1862452895498482,2026-04-30,0,0,0,0,0,0.00,0,0,0.00,0.00,0,KRW,0,0
2604_다이트_전환캠페인,(재)_천안_진료셀프캠_비만주사는입만막을뿐_260423,1863252775614561,2026-04-30,589,90,6544,0,0,0.00,0,0,0.00,1.05,87,KRW,0,86
2604_다이트_전환캠페인,(재)_천안_진료셀프캠_식욕억제주사실패 마지막_260407,1861779883450610,2026-04-30,55648,3825,14548,34,1636,0.89,3,18549,8.82,1.16,3775,KRW,37,3287
2604_다이트_전환캠페인,(재)_천안_진료셀프캠_운동안해도되는_260416,1862612464960546,2026-04-30,8534,622,13720,4,2133,0.64,0,0,0.00,1.07,610,KRW,5,581
2604_다이트_전환캠페인,(신)_대구_인플방문후기_먹으면서 다이어트(대읽남)_251017,1861277850752146,2026-05-01,0,0,0,0,0,0.00,0,0,0.00,0.00,0,KRW,0,0
2604_다이트_전환캠페인,(신)_대구_인플방문후기_주사형비만치료제(the.hyunniverse)_260403,1861968872286353,2026-05-01,0,0,0,0,0,0.00,0,0,0.00,0.00,0,KRW,0,0
2605_다이트_전환캠페인,(신)_대구_인플방문후기_주사형비만치료제(the.hyunniverse)_260403,1863887889389585,2026-05-01,5143,532,9667,2,2571,0.38,0,0,0.00,1.09,522,KRW,6,486
2604_다이트_전환캠페인,(신)_대전_인플방문후기_밥빵면안당기는원장님(itsmeyuriwon)_260407,1861796462367905,2026-05-01,0,0,0,0,0,0.00,0,0,0.00,0.00,0,KRW,0,0
2604_다이트_전환캠페인,(신)_대전_인플방문후기_주사형비만치료제(the.hyunniverse)_260403,1861968952635729,2026-05-01,0,0,0,0,0,0.00,0,0,0.00,0.00,0,KRW,0,0
2605_다이트_전환캠페인,(신)_대전_인플방문후기_주사형비만치료제(the.hyunniverse)_260403,1863886714723506,2026-05-01,2290,244,9385,1,2290,0.41,0,0,0.00,1.06,241,KRW,1,230
2604_다이트_전환캠페인,(신)_부평_인플방문후기_건강한다이어트(박고경)_260324,1861276881397074,2026-05-01,0,0,0,0,0,0.00,0,0,0.00,0.00,0,KRW,0,0
2604_다이트_전환캠페인,(신)_부평_인플방문후기_밥빵면안당기는원장님(itsmeyuriwon)_260407,1861795578227042,2026-05-01,0,0,0,0,0,0.00,0,0,0.00,0.00,0,KRW,0,0
2604_다이트_전환캠페인,(신)_부평_인플방문후기_주사형비만치료제(the.hyunniverse)_260403,1861968247570690,2026-05-01,0,0,0,0,0,0.00,0,0,0.00,0.00,0,KRW,0,0
2605_다이트_전환캠페인,(신)_부평_인플방문후기_주사형비만치료제(the.hyunniverse)_260403,1863885173598610,2026-05-01,1198,152,7881,0,0,0.00,0,0,0.00,1.02,152,KRW,1,149
2604_다이트_전환캠페인,(신)_서울_인플방문후기_밥빵면안당기는원장님(itsmeyuriwon)_260407,1861792943047986,2026-05-01,0,0,0,0,0,0.00,0,0,0.00,0.00,0,KRW,0,0
2604_다이트_전환캠페인,(신)_서울_인플방문후기_주사형비만치료제(the.hyunniverse)_260403,1861968379365409,2026-05-01,0,0,0,0,0,0.00,0,0,0.00,0.00,0,KRW,0,0
2605_다이트_전환캠페인,(신)_서울_인플방문후기_주사형비만치료제(the.hyunniverse)_260403,1863884578249282,2026-05-01,3698,467,7918,2,1849,0.43,0,0,0.00,1.02,467,KRW,3,460
2604_다이트_전환캠페인,(신)_수원_인플방문후기_밥빵면안당기는원장님(itsmeyuriwon)_260407,1861796026692689,2026-05-01,0,0,0,0,0,0.00,0,0,0.00,0.00,0,KRW,0,0
2605_다이트_전환캠페인,(신)_수원_인플방문후기_주사형비만치료제(the.hyunniverse)_260403,1863886407166993,2026-05-01,8073,1225,6590,4,2018,0.33,0,0,0.00,1.05,1207,KRW,2,1171
2604_다이트_전환캠페인,(신)_수원_인플방문후기_주사형비만치료제(the.hyunniverse)_260403,1861426333950193,2026-05-01,0,0,0,0,0,0.00,0,0,0.00,0.00,0,KRW,0,0
2604_다이트_전환캠페인,(신)_일산_인플방문후기_밥빵면안당기는원장님(itsmeyuriwon)_260407,1861796100333057,2026-05-01,0,0,0,0,0,0.00,0,0,0.00,0.00,0,KRW,0,0
2605_다이트_전환캠페인,(신)_일산_인플방문후기_주사형비만치료제(the.hyunniverse)_260403,1863885929758882,2026-05-01,4683,462,10136,4,1170,0.87,2,2341,50.00,1.04,459,KRW,5,443
2604_다이트_전환캠페인,(신)_일산_인플방문후기_주사형비만치료제(the.hyunniverse)_260403,1861968797915602,2026-05-01,0,0,0,0,0,0.00,0,0,0.00,0.00,0,KRW,0,0
2604_다이트_전환캠페인,(신)_창원_인플방문후기_밥빵면안당기는원장님(itsmeyuriwon)_260407,1861796302859538,2026-05-01,0,0,0,0,0,0.00,0,0,0.00,0.00,0,KRW,0,0
2604_다이트_전환캠페인,(신)_창원_인플방문후기_주사형비만치료제(the.hyunniverse)_260403,1861427124084770,2026-05-01,0,0,0,0,0,0.00,0,0,0.00,0.00,0,KRW,0,0
2605_다이트_전환캠페인,(신)_창원_인플방문후기_주사형비만치료제(the.hyunniverse)_260403,1863887556302113,2026-05-01,876,137,6394,1,876,0.73,0,0,0.00,1.05,135,KRW,0,131
2604_다이트_전환캠페인,(신)_천안_의료진정보_주사형비만치료제 10년은_260116,1861279064396242,2026-05-01,0,0,0,0,0,0.00,0,0,0.00,0.00,0,KRW,0,0
2604_다이트_전환캠페인,(신)_천안_인플방문후기_밥빵면안당기는원장님(itsmeyuriwon)_260407,1861796395517250,2026-05-01,0,0,0,0,0,0.00,0,0,0.00,0.00,0,KRW,0,0
2604_다이트_전환캠페인,(신)_천안_인플방문후기_주사형비만치료제(the.hyunniverse)_260403,1861969033799841,2026-05-01,0,0,0,0,0,0.00,0,0,0.00,0.00,0,KRW,1,0
2605_다이트_전환캠페인,(신)_천안_인플방문후기_주사형비만치료제(the.hyunniverse)_260403,1863887099809794,2026-05-01,3082,360,8561,1,3082,0.28,0,0,0.00,1.07,358,KRW,1,338
2604_다이트_전환캠페인,(신)_천안_진료셀프캠_주사형 비만치료제보다 더중요한이것_260120,1861969112559697,2026-05-01,0,0,0,0,0,0.00,0,0,0.00,0.00,0,KRW,0,0
2604_다이트_전환캠페인,(재)_대구_의료진정보_무작정운동으로 팩폭_260406,1861709464313057,2026-05-01,0,0,0,0,0,0.00,0,0,0.00,0.00,0,KRW,0,0
2604_다이트_전환캠페인,"(재)_대구_인플방문후기_건강한다이어트(대구,박고경)_260325",1861278128485793,2026-05-01,0,0,0,0,0,0.00,0,0,0.00,0.00,0,KRW,0,0
2604_다이트_전환캠페인,(재)_대구_인플방문후기_먹고싶은거다먹는(수원잇츠)_260403,1861437815982145,2026-05-01,0,0,0,0,0,0.00,0,0,0.00,0.00,0,KRW,0,0
2604_다이트_전환캠페인,(재)_대구_인플방문후기_연예인다이어트(플랜비)_260416,1862614242718769,2026-05-01,0,0,0,0,0,0.00,0,0,0.00,0.00,0,KRW,0,0
2605_다이트_전환캠페인,(재)_대구_진료셀프캠_10kg성공공식_260501,1863887889389617,2026-05-01,8309,990,8392,7,1187,0.71,0,0,0.00,1.07,980,KRW,10,921
2604_다이트_전환캠페인,(재)_대구_진료셀프캠_50대다이어트대사_260422,1863145537589298,2026-05-01,0,0,0,0,0,0.00,0,0,0.00,0.00,0,KRW,0,0
2605_다이트_전환캠페인,(재)_대구_진료셀프캠_다이어트의적 밥빵면_260407,1863887889389569,2026-05-01,14235,722,19716,5,2847,0.69,0,0,0.00,1.09,715,KRW,2,663
2604_다이트_전환캠페인,(재)_대구_진료셀프캠_다이어트의적 밥빵면_260407,1861778669641809,2026-05-01,0,0,0,0,0,0.00,0,0,0.00,0.00,0,KRW,0,0
2604_다이트_전환캠페인,(재)_대구_진료셀프캠_비만주사가놓친것_260414,1862452759074146,2026-05-01,0,0,0,0,0,0.00,0,0,0.00,0.00,0,KRW,0,0
2604_다이트_전환캠페인,(재)_대구_진료셀프캠_비만주사는입만막을뿐_260423,1863252567801041,2026-05-01,0,0,0,0,0,0.00,0,0,0.00,0.00,0,KRW,0,0
2604_다이트_전환캠페인,(재)_대구_진료셀프캠_식욕억제주사실패 마지막_260407,1861779512219682,2026-05-01,0,0,0,0,0,0.00,0,0,0.00,0.00,0,KRW,0,0
2605_다이트_전환캠페인,(재)_대구_진료셀프캠_식욕억제주사이길수없는_260501,1863887889389601,2026-05-01,3170,828,3828,7,452,0.85,0,0,0.00,1.06,820,KRW,8,783
2604_다이트_전환캠페인,(재)_대구_진료셀프캠_운동안해도되는_260416,1862612192785601,2026-05-01,0,0,0,0,0,0.00,0,0,0.00,0.00,0,KRW,0,0
2604_다이트_전환캠페인,(재)_대구_진료셀프캠_주사형비만치료제 고민끝에 50대부부 -32kg_260225,1861278082187298,2026-05-01,0,0,0,0,0,0.00,0,0,0.00,0.00,0,KRW,0,0
2605_다이트_전환캠페인,(재)_대구_진료셀프캠_주사형비만치료제 고민끝에 50대부부 -32kg_260225,1863887864035458,2026-05-01,480,68,7058,2,240,2.94,0,0,0.00,1.17,68,KRW,4,58
2604_다이트_전환캠페인,"(재)_대전_인플방문후기_건강한다이어트(대전, 박고경)_260406",1861709876075633,2026-05-01,0,0,0,0,0,0.00,0,0,0.00,0.00,0,KRW,0,0
2604_다이트_전환캠페인,(재)_대전_인플방문후기_연예인다이어트(플랜비)_260416,1862614549502162,2026-05-01,0,0,0,0,0,0.00,0,0,0.00,0.00,0,KRW,0,0
2605_다이트_전환캠페인,(재)_대전_진료셀프캠_10kg성공공식_260501,1863886737135889,2026-05-01,3150,637,4945,1,3150,0.16,0,0,0.00,1.05,631,KRW,2,604
2605_다이트_전환캠페인,(재)_대전_진료셀프캠_다이어트의적 밥빵면_260407,1863886714723490,2026-05-01,13771,639,21550,4,3442,0.63,0,0,0.00,1.06,629,KRW,5,602
2604_다이트_전환캠페인,(재)_대전_진료셀프캠_다이어트의적 밥빵면_260407,1861776478109986,2026-05-01,0,0,0,0,0,0.00,0,0,0.00,0.00,0,KRW,0,0
2604_다이트_전환캠페인,(재)_대전_진료셀프캠_비만주사는입만막을뿐_260423,1863253376478305,2026-05-01,0,0,0,0,0,0.00,0,0,0.00,0.00,0,KRW,0,0
2604_다이트_전환캠페인,(재)_대전_진료셀프캠_식욕억제주사실패 마지막_260406,1861708051912898,2026-05-01,0,0,0,0,0,0.00,0,0,0.00,0.00,0,KRW,0,0
2604_다이트_전환캠페인,(재)_대전_진료셀프캠_식욕억제주사실패 마지막_260407,1861779986019442,2026-05-01,0,0,0,0,0,0.00,0,0,0.00,0.00,0,KRW,0,0
2605_다이트_전환캠페인,(재)_대전_진료셀프캠_식욕억제주사이길수없는_260501,1863886737135873,2026-05-01,2459,624,3940,2,1229,0.32,0,0,0.00,1.03,620,KRW,2,603
2604_다이트_전환캠페인,(재)_대전_진료셀프캠_주사형비만치료제 고민끝에 50대부부 -32kg_260225,1861708178989089,2026-05-01,0,0,0,0,0,0.00,0,0,0.00,0.00,0,KRW,0,0
2605_다이트_전환캠페인,(재)_대전_진료셀프캠_주사형비만치료제 고민끝에 50대부부 -32kg_260225,1863886346477665,2026-05-01,6864,486,14123,2,3432,0.41,0,0,0.00,1.09,474,KRW,3,445
2604_다이트_전환캠페인,(재)_부평_인플방문후기_연예인다이어트(플랜비)_260416,1862613882586418,2026-05-01,0,0,0,0,0,0.00,0,0,0.00,0.00,0,KRW,0,0
2605_다이트_전환캠페인,(재)_부평_진료셀프캠_10kg성공공식_260501,1863885164858465,2026-05-01,2058,376,5473,1,2058,0.27,1,2058,100.00,1.06,371,KRW,2,355
2604_다이트_전환캠페인,(재)_부평_진료셀프캠_4050다이어트비밀_260414,1862453369868354,2026-05-01,0,0,0,0,0,0.00,0,0,0.00,0.00,0,KRW,0,0
2604_다이트_전환캠페인,(재)_부평_진료셀프캠_50대다이어트대사_260422,1863145317184529,2026-05-01,0,0,0,0,0,0.00,0,0,0.00,0.00,0,KRW,0,0
2605_다이트_전환캠페인,(재)_부평_진료셀프캠_다이어트의적 밥빵면_26407,1863885330409586,2026-05-01,16808,826,20348,11,1528,1.33,0,0,0.00,1.06,818,KRW,12,776
2604_다이트_전환캠페인,(재)_부평_진료셀프캠_비만주사는입만막을뿐_260423,1863251994014802,2026-05-01,0,0,0,0,0,0.00,0,0,0.00,0.00,0,KRW,0,0
2604_다이트_전환캠페인,(재)_부평_진료셀프캠_식욕억제주사실패 마지막_260407,1861779276638289,2026-05-01,0,0,0,0,0,0.00,0,0,0.00,0.00,0,KRW,0,0
2605_다이트_전환캠페인,(재)_부평_진료셀프캠_식욕억제주사이길수없는_260501,1863885275116562,2026-05-01,1902,495,3842,1,1902,0.20,2,951,200.00,1.07,489,KRW,2,461
2605_다이트_전환캠페인,(재)_부평_진료셀프캠_운동안해도되는_260416,1863885634776146,2026-05-01,1124,71,15830,3,374,4.23,0,0,0.00,1.06,70,KRW,2,67
2604_다이트_전환캠페인,(재)_부평_진료셀프캠_운동안해도되는_260416,1862612072337410,2026-05-01,0,0,0,0,0,0.00,0,0,0.00,0.00,0,KRW,0,0
2605_다이트_전환캠페인,(재)_부평_진료셀프캠_주사형비만치료제 고민끝에 50대부부 -32kg_260225,1863885548023297,2026-05-01,12214,990,12337,12,1017,1.21,2,6107,16.67,1.15,977,KRW,14,860
2604_다이트_전환캠페인,(재)_부평_진료셀프캠_주사형비만치료제 고민끝에 50대부부 -32kg_260225,1861276697497633,2026-05-01,0,0,0,0,0,0.00,0,0,0.00,0.00,0,KRW,0,0
2604_다이트_전환캠페인,(재)_서울_인플방문후기_맘껏먹는 다이어트 한달후기_260306,1861276306937889,2026-05-01,0,0,0,0,0,0.00,0,0,0.00,0.00,0,KRW,0,0
2604_다이트_전환캠페인,(재)_서울_인플방문후기_연예인다이어트(플랜비)_260416,1862611925509122,2026-05-01,0,0,0,0,0,0.00,0,0,0.00,0.00,0,KRW,0,0
2605_다이트_전환캠페인,(재)_서울_진료셀프캠_10kg성공공식_260501,1863882737568994,2026-05-01,3166,1263,2506,4,791,0.32,1,3166,25.00,1.01,1254,KRW,8,1246
2604_다이트_전환캠페인,(재)_서울_진료셀프캠_50대다이어트대사_260422,1863141281578129,2026-05-01,0,0,0,0,0,0.00,0,0,0.00,0.00,0,KRW,0,0
2605_다이트_전환캠페인,(재)_서울_진료셀프캠_다이어트의적 밥빵면_260407,1863884652338370,2026-05-01,42850,1676,25566,37,1158,2.21,8,5356,21.62,1.03,1655,KRW,52,1627
2605_다이트_전환캠페인,(재)_서울_진료셀프캠_비만주사가놓친것_260414,1863884896381362,2026-05-01,324,95,3410,0,0,0.00,0,0,0.00,1.01,93,KRW,0,94
2604_다이트_전환캠페인,(재)_서울_진료셀프캠_비만주사가놓친것_260414,1862427431553298,2026-05-01,0,0,0,0,0,0.00,0,0,0.00,0.00,0,KRW,0,0
2604_다이트_전환캠페인,(재)_서울_진료셀프캠_비만주사는입만막을뿐_260423,1863250762937489,2026-05-01,0,0,0,0,0,0.00,0,0,0.00,0.00,0,KRW,0,0
2604_다이트_전환캠페인,(재)_서울_진료셀프캠_식욕억제주사실패 마지막_260407,1861778815720546,2026-05-01,0,0,0,0,0,0.00,0,0,0.00,0.00,0,KRW,0,0
2605_다이트_전환캠페인,(재)_서울_진료셀프캠_식욕억제주사이길수없는_260501,1863884494503073,2026-05-01,6108,1595,3829,4,1527,0.25,0,0,0.00,1.03,1583,KRW,5,1545
2604_다이트_전환캠페인,(재)_서울_진료셀프캠_운동안해도되는_260416,1862607904464929,2026-05-01,0,0,0,0,0,0.00,0,0,0.00,0.00,0,KRW,0,0
2604_다이트_전환캠페인,(재)_서울_진료셀프캠_의사가권하지않는4050_260414,1862453122462113,2026-05-01,0,0,0,0,0,0.00,0,0,0.00,0.00,0,KRW,0,0
2604_다이트_전환캠페인,(재)_서울_진료셀프캠_주사형비만치료제 고민끝에 50대부부 -32kg_260225,1861276155386962,2026-05-01,0,0,0,0,0,0.00,0,0,0.00,0.00,0,KRW,0,0
2605_다이트_전환캠페인,(재)_서울_진료셀프캠_주사형비만치료제 고민끝에 50대부부 -32kg_260225,1863884826077233,2026-05-01,9212,588,15666,5,1842,0.85,1,9212,20.00,1.04,580,KRW,6,564
2604_다이트_전환캠페인,(재)_수원_의료진정보_4050나잇살 이유는 여기에_260410,1862064207732210,2026-05-01,0,0,0,0,0,0.00,0,0,0.00,0.00,0,KRW,0,0
2604_다이트_전환캠페인,"(재)_수원_인플방문후기_건강한다이어트(수원,박고경)_260325",1861277190081841,2026-05-01,0,0,0,0,0,0.00,0,0,0.00,0.00,0,KRW,0,0
2604_다이트_전환캠페인,(재)_수원_인플방문후기_먹고싶은거다먹는(수원잇츠)_260403,1861437972025618,2026-05-01,0,0,0,0,0,0.00,0,0,0.00,0.00,0,KRW,0,0
2604_다이트_전환캠페인,(재)_수원_인플방문후기_연예인다이어트(플랜비)_260416,1862613961447426,2026-05-01,0,0,0,0,0,0.00,0,0,0.00,0.00,0,KRW,0,0
2605_다이트_전환캠페인,(재)_수원_진료셀프캠_10kg성공공식_260501,1863886407167025,2026-05-01,4151,936,4434,3,1383,0.32,0,0,0.00,1.03,929,KRW,2,913
2605_다이트_전환캠페인,(재)_수원_진료셀프캠_50대다이어트대사_260422,1863886357342417,2026-05-01,1464,223,6565,0,0,0.00,0,0,0.00,1.02,223,KRW,0,218
2604_다이트_전환캠페인,(재)_수원_진료셀프캠_50대다이어트대사_260422,1863144745203025,2026-05-01,0,0,0,0,0,0.00,0,0,0.00,0.00,0,KRW,0,0
2605_다이트_전환캠페인,(재)_수원_진료셀프캠_다이어트의적 밥빵면_260407,1863886407166977,2026-05-01,33529,1959,17115,20,1676,1.02,3,11176,15.00,1.15,1939,KRW,24,1702
2604_다이트_전환캠페인,(재)_수원_진료셀프캠_비만주사가놓친것_260414,1862452610512897,2026-05-01,0,0,0,0,0,0.00,0,0,0.00,0.00,0,KRW,0,0
2604_다이트_전환캠페인,(재)_수원_진료셀프캠_비만주사는입만막을뿐_260423,1863252126952065,2026-05-01,0,0,0,0,0,0.00,0,0,0.00,0.00,0,KRW,0,0
2604_다이트_전환캠페인,(재)_수원_진료셀프캠_비만주사없이 체질_260320,1861277107797025,2026-05-01,0,0,0,0,0,0.00,0,0,0.00,0.00,0,KRW,0,0
2604_다이트_전환캠페인,(재)_수원_진료셀프캠_식욕억제주사실패 마지막_260407,1861779341060274,2026-05-01,0,0,0,0,0,0.00,0,0,0.00,0.00,0,KRW,0,0
2605_다이트_전환캠페인,(재)_수원_진료셀프캠_식욕억제주사이길수없는_260501,1863886407167009,2026-05-01,6046,1365,4429,4,1511,0.29,0,0,0.00,1.04,1357,KRW,5,1309
2604_다이트_전환캠페인,(재)_수원_진료셀프캠_운동안해도되는_260416,1862612144893169,2026-05-01,0,0,0,0,0,0.00,0,0,0.00,0.00,0,KRW,0,0
2604_다이트_전환캠페인,(재)_수원_진료셀프캠_의사가권하지않는4050_260414,1862453880112178,2026-05-01,0,0,0,0,0,0.00,0,0,0.00,0.00,0,KRW,0,0
2604_다이트_전환캠페인,(재)_일산_인플방문후기_맘껏먹는 다이어트 한달후기_260306,1861277479159890,2026-05-01,0,0,0,0,0,0.00,0,0,0.00,0.00,0,KRW,0,0
2604_다이트_전환캠페인,(재)_일산_인플방문후기_먹고싶은거다먹는(수원잇츠)_260403,1861437881987106,2026-05-01,0,0,0,0,0,0.00,0,0,0.00,0.00,0,KRW,0,0
2604_다이트_전환캠페인,(재)_일산_인플방문후기_연예인다이어트(일산 플랜비)_260416,1862614105575633,2026-05-01,0,0,0,0,0,0.00,0,0,0.00,0.00,0,KRW,0,0
2605_다이트_전환캠페인,(재)_일산_진료셀프캠_10kg성공공식_260501,1863885740076561,2026-05-01,10785,1481,7282,11,980,0.74,0,0,0.00,1.12,1467,KRW,13,1319
2605_다이트_전환캠페인,(재)_일산_진료셀프캠_50대다이어트대사_260422,1863886068832402,2026-05-01,39,11,3545,0,0,0.00,0,0,0.00,1.00,11,KRW,0,11
2604_다이트_전환캠페인,(재)_일산_진료셀프캠_50대다이어트대사_260422,1863145439744049,2026-05-01,0,0,0,0,0,0.00,0,0,0.00,0.00,0,KRW,0,0
2605_다이트_전환캠페인,(재)_일산_진료셀프캠_다이어트의적 밥빵면_260407,1863886068832386,2026-05-01,27620,1375,20087,25,1104,1.82,2,13810,8.00,1.09,1362,KRW,28,1264
2605_다이트_전환캠페인,(재)_일산_진료셀프캠_다이어트의적 밥빵면_260407,1863885977135266,2026-05-01,11330,654,17324,6,1888,0.92,0,0,0.00,1.03,649,KRW,9,638
2604_다이트_전환캠페인,(재)_일산_진료셀프캠_비만주사는입만막을뿐_260423,1863252482871297,2026-05-01,0,0,0,0,0,0.00,0,0,0.00,0.00,0,KRW,0,0
2604_다이트_전환캠페인,(재)_일산_진료셀프캠_식욕억제주사실패 마지막_260407,1861779422527666,2026-05-01,0,0,0,0,0,0.00,0,0,0.00,0.00,0,KRW,1,0
2605_다이트_전환캠페인,(재)_일산_진료셀프캠_식욕억제주사이길수없는_260501,1863885876249697,2026-05-01,3959,814,4863,6,659,0.74,0,0,0.00,1.06,802,KRW,8,767
2605_다이트_전환캠페인,(재)_일산_진료셀프캠_운동안해도되는_260416,1863886176319969,2026-05-01,2630,238,11050,1,2630,0.42,0,0,0.00,1.03,235,KRW,2,231
2604_다이트_전환캠페인,(재)_일산_진료셀프캠_운동안해도되는_260416,1862612254235649,2026-05-01,0,0,0,0,0,0.00,0,0,0.00,0.00,0,KRW,0,0
2604_다이트_전환캠페인,(재)_창원_의료진정보_4050나잇살 이유는 여기에_260410,1862064114067810,2026-05-01,0,0,0,0,0,0.00,0,0,0.00,0.00,0,KRW,0,0
2605_다이트_전환캠페인,(재)_창원_인플방문후기_굶지않는다이어트(창원잇츠)_260501,1863887496576258,2026-05-01,2417,905,2670,3,805,0.33,1,2417,33.33,1.06,903,KRW,3,852
2604_다이트_전환캠페인,(재)_창원_인플방문후기_먹고싶은거다먹는(수원잇츠)_260403,1861437705571345,2026-05-01,0,0,0,0,0,0.00,0,0,0.00,0.00,0,KRW,0,0
2604_다이트_전환캠페인,(재)_창원_인플방문후기_연예인다이어트(플랜비)_260416,1862614349846529,2026-05-01,0,0,0,0,0,0.00,0,0,0.00,0.00,0,KRW,0,0
2605_다이트_전환캠페인,(재)_창원_진료셀프캠_10kg성공공식_260501,1863887556302145,2026-05-01,1670,350,4771,1,1670,0.29,0,0,0.00,1.03,347,KRW,1,340
2604_다이트_전환캠페인,(재)_창원_진료셀프캠_50대다이어트대사_260422,1863145585749009,2026-05-01,0,0,0,0,0,0.00,0,0,0.00,0.00,0,KRW,0,0
2605_다이트_전환캠페인,(재)_창원_진료셀프캠_다이어트의적 밥빵면_260407,1863887556302097,2026-05-01,16672,734,22713,14,1190,1.91,0,0,0.00,1.08,723,KRW,13,678
2604_다이트_전환캠페인,(재)_창원_진료셀프캠_비만주사는입만막을뿐_260423,1863252701617361,2026-05-01,0,0,0,0,0,0.00,0,0,0.00,0.00,0,KRW,1,0
2604_다이트_전환캠페인,(재)_창원_진료셀프캠_식욕억제주사실패 마지막_260407,1861779402873057,2026-05-01,0,0,0,0,0,0.00,0,0,0.00,0.00,0,KRW,1,0
2605_다이트_전환캠페인,(재)_창원_진료셀프캠_식욕억제주사이길수없는_260501,1863887556302129,2026-05-01,1424,544,2617,2,712,0.37,0,0,0.00,1.03,539,KRW,4,527
2604_다이트_전환캠페인,(재)_창원_진료셀프캠_운동안해도되는_260416,1862612192812097,2026-05-01,0,0,0,0,0,0.00,0,0,0.00,0.00,0,KRW,1,0
2605_다이트_전환캠페인,(재)_창원_진료셀프캠_주사형비만치료제 고민끝에 50대부부 -32kg_260225,1863887556301249,2026-05-01,8505,565,15053,8,1063,1.42,0,0,0.00,1.15,557,KRW,9,492
2604_다이트_전환캠페인,(재)_창원_진료셀프캠_주사형비만치료제 고민끝에 50대부부 -32kg_260225,1861278292523041,2026-05-01,0,0,0,0,0,0.00,0,0,0.00,0.00,0,KRW,0,0
2604_다이트_전환캠페인,"(재)_천안_인플방문후기_건강한다이어트(천안, 박고경)_260325",1861278985311585,2026-05-01,0,0,0,0,0,0.00,0,0,0.00,0.00,0,KRW,0,0
2604_다이트_전환캠페인,(재)_천안_인플방문후기_먹고싶은거다먹는(수원잇츠)_260403,1861433575335186,2026-05-01,0,0,0,0,0,0.00,0,0,0.00,0.00,0,KRW,0,0
2605_다이트_전환캠페인,(재)_천안_진료셀프캠_10kg성공공식_260501,1863887099809826,2026-05-01,2446,723,3383,0,0,0.00,0,0,0.00,1.04,717,KRW,0,695
2604_다이트_전환캠페인,(재)_천안_진료셀프캠_50대다이어트대사_260422,1863145660596401,2026-05-01,0,0,0,0,0,0.00,0,0,0.00,0.00,0,KRW,0,0
2605_다이트_전환캠페인,(재)_천안_진료셀프캠_다이어트의적 밥빵면_260407,1863887099808882,2026-05-01,35500,1810,19613,22,1613,1.22,3,11833,13.64,1.12,1788,KRW,25,1613
2604_다이트_전환캠페인,(재)_천안_진료셀프캠_비만주사가놓친것_260414,1862452895498482,2026-05-01,0,0,0,0,0,0.00,0,0,0.00,0.00,0,KRW,0,0
2604_다이트_전환캠페인,(재)_천안_진료셀프캠_식욕억제주사실패 마지막_260407,1861779883450610,2026-05-01,0,0,0,0,0,0.00,0,0,0.00,0.00,0,KRW,0,0
2605_다이트_전환캠페인,(재)_천안_진료셀프캠_식욕억제주사이길수없는_260501,1863887099809810,2026-05-01,3380,657,5144,4,845,0.61,0,0,0.00,1.05,645,KRW,3,623
2604_다이트_전환캠페인,(재)_천안_진료셀프캠_운동안해도되는_260416,1862612464960546,2026-05-01,0,0,0,0,0,0.00,0,0,0.00,0.00,0,KRW,0,0
2604_다이트_전환캠페인,(재)_천안_진료셀프캠_의사가권하지않는4050_260414,1862454115509297,2026-05-01,0,0,0,0,0,0.00,0,0,0.00,0.00,0,KRW,0,0
2605_다이트_전환캠페인,(재)_천안_진료셀프캠_주사형비만치료제 고민끝에 50대부부 -32kg_260225,1863887047740546,2026-05-01,21570,1645,13112,13,1659,0.79,3,7190,23.08,1.16,1621,KRW,16,1420
2604_다이트_전환캠페인,(재)_천안_진료셀프캠_주사형비만치료제 고민끝에 50대부부 -32kg_260225,1861968142031009,2026-05-01,0,0,0,0,0,0.00,0,0,0.00,0.00,0,KRW,0,0
2604_다이트_전환캠페인,(신)_대구_인플방문후기_먹으면서 다이어트(대읽남)_251017,1861277850752146,2026-05-02,0,0,0,0,0,0.00,0,0,0.00,0.00,0,KRW,0,0
2604_다이트_전환캠페인,(신)_대구_인플방문후기_밥빵면안당기는원장님(itsmeyuriwon)_260407,1861796218051601,2026-05-02,0,0,0,0,0,0.00,0,0,0.00,0.00,0,KRW,0,0
2604_다이트_전환캠페인,(신)_대구_인플방문후기_주사형비만치료제(the.hyunniverse)_260403,1861968872286353,2026-05-02,0,0,0,0,0,0.00,0,0,0.00,0.00,0,KRW,0,0
2605_다이트_전환캠페인,(신)_대구_인플방문후기_주사형비만치료제(the.hyunniverse)_260403,1863887889389585,2026-05-02,11394,1245,9151,8,1424,0.64,0,0,0.00,1.15,1229,KRW,7,1086
2604_다이트_전환캠페인,(신)_대전_인플방문후기_밥빵면안당기는원장님(itsmeyuriwon)_260407,1861796462367905,2026-05-02,0,0,0,0,0,0.00,0,0,0.00,0.00,0,KRW,0,0
2605_다이트_전환캠페인,(신)_대전_인플방문후기_주사형비만치료제(the.hyunniverse)_260403,1863886714723506,2026-05-02,1887,176,10721,0,0,0.00,0,0,0.00,1.05,174,KRW,0,167
2604_다이트_전환캠페인,(신)_대전_인플방문후기_주사형비만치료제(the.hyunniverse)_260403,1861968952635729,2026-05-02,0,0,0,0,0,0.00,0,0,0.00,0.00,0,KRW,0,0
2604_다이트_전환캠페인,(신)_대전_진료셀프캠_주사형 비만치료제보다 더중요한이것_260120,1861781961742465,2026-05-02,0,0,0,0,0,0.00,0,0,0.00,0.00,0,KRW,0,0
2604_다이트_전환캠페인,(신)_부평_인플방문후기_건강한다이어트(박고경)_260324,1861276881397074,2026-05-02,0,0,0,0,0,0.00,0,0,0.00,0.00,0,KRW,0,0
2604_다이트_전환캠페인,(신)_부평_인플방문후기_밥빵면안당기는원장님(itsmeyuriwon)_260407,1861795578227042,2026-05-02,0,0,0,0,0,0.00,0,0,0.00,0.00,0,KRW,0,0
2605_다이트_전환캠페인,(신)_부평_인플방문후기_주사형비만치료제(the.hyunniverse)_260403,1863885173598610,2026-05-02,5139,703,7310,2,2569,0.28,0,0,0.00,1.08,690,KRW,2,649
2604_다이트_전환캠페인,(신)_부평_인플방문후기_주사형비만치료제(the.hyunniverse)_260403,1861968247570690,2026-05-02,0,0,0,0,0,0.00,0,0,0.00,0.00,0,KRW,0,0
2605_다이트_전환캠페인,(신)_서울_인플방문후기_주사형비만치료제(the.hyunniverse)_260403,1863884578249282,2026-05-02,4455,695,6410,1,4455,0.14,0,0,0.00,1.03,687,KRW,3,672
2604_다이트_전환캠페인,(신)_서울_인플방문후기_주사형비만치료제(the.hyunniverse)_260403,1861968379365409,2026-05-02,0,0,0,0,0,0.00,0,0,0.00,0.00,0,KRW,0,0
2605_다이트_전환캠페인,(신)_수원_인플방문후기_주사형비만치료제(the.hyunniverse)_260403,1863886407166993,2026-05-02,5113,831,6152,3,1704,0.36,0,0,0.00,1.08,822,KRW,1,768
2604_다이트_전환캠페인,(신)_수원_인플방문후기_주사형비만치료제(the.hyunniverse)_260403,1861426333950193,2026-05-02,0,0,0,0,0,0.00,0,0,0.00,0.00,0,KRW,0,0
2604_다이트_전환캠페인,(신)_일산_인플방문후기_밥빵면안당기는원장님(itsmeyuriwon)_260407,1861796100333057,2026-05-02,0,0,0,0,0,0.00,0,0,0.00,0.00,0,KRW,0,0
2605_다이트_전환캠페인,(신)_일산_인플방문후기_주사형비만치료제(the.hyunniverse)_260403,1863885929758882,2026-05-02,17059,1849,9226,14,1218,0.76,3,5686,21.43,1.13,1819,KRW,18,1642
2604_다이트_전환캠페인,(신)_일산_인플방문후기_주사형비만치료제(the.hyunniverse)_260403,1861968797915602,2026-05-02,0,0,0,0,0,0.00,0,0,0.00,0.00,0,KRW,0,0
2604_다이트_전환캠페인,(신)_창원_인플방문후기_밥빵면안당기는원장님(itsmeyuriwon)_260407,1861796302859538,2026-05-02,0,0,0,0,0,0.00,0,0,0.00,0.00,0,KRW,0,0
2604_다이트_전환캠페인,(신)_창원_인플방문후기_주사형비만치료제(the.hyunniverse)_260403,1861427124084770,2026-05-02,0,0,0,0,0,0.00,0,0,0.00,0.00,0,KRW,0,0
2605_다이트_전환캠페인,(신)_창원_인플방문후기_주사형비만치료제(the.hyunniverse)_260403,1863887556302113,2026-05-02,1641,152,10796,1,1641,0.66,0,0,0.00,1.06,150,KRW,1,143
2604_다이트_전환캠페인,(신)_천안_의료진정보_주사형비만치료제 10년은_260116,1861279064396242,2026-05-02,0,0,0,0,0,0.00,0,0,0.00,0.00,0,KRW,0,0
2604_다이트_전환캠페인,(신)_천안_인플방문후기_밥빵면안당기는원장님(itsmeyuriwon)_260407,1861796395517250,2026-05-02,0,0,0,0,0,0.00,0,0,0.00,0.00,0,KRW,0,0
2605_다이트_전환캠페인,(신)_천안_인플방문후기_주사형비만치료제(the.hyunniverse)_260403,1863887099809794,2026-05-02,4249,650,6536,1,4249,0.15,0,0,0.00,1.07,640,KRW,2,609
2604_다이트_전환캠페인,(신)_천안_인플방문후기_주사형비만치료제(the.hyunniverse)_260403,1861969033799841,2026-05-02,0,0,0,0,0,0.00,0,0,0.00,0.00,0,KRW,0,0
2604_다이트_전환캠페인,(신)_천안_진료셀프캠_주사형 비만치료제보다 더중요한이것_260120,1861969112559697,2026-05-02,0,0,0,0,0,0.00,0,0,0.00,0.00,0,KRW,0,0
2604_다이트_전환캠페인,(재)_대구_의료진정보_무작정운동으로 팩폭_260406,1861709464313057,2026-05-02,0,0,0,0,0,0.00,0,0,0.00,0.00,0,KRW,0,0
2604_다이트_전환캠페인,"(재)_대구_인플방문후기_건강한다이어트(대구,박고경)_260325",1861278128485793,2026-05-02,0,0,0,0,0,0.00,0,0,0.00,0.00,0,KRW,0,0
2604_다이트_전환캠페인,(재)_대구_인플방문후기_연예인다이어트(플랜비)_260416,1862614242718769,2026-05-02,0,0,0,0,0,0.00,0,0,0.00,0.00,0,KRW,0,0
2605_다이트_전환캠페인,(재)_대구_진료셀프캠_10kg성공공식_260501,1863887889389617,2026-05-02,3033,409,7415,4,758,0.98,0,0,0.00,1.10,401,KRW,4,373
2604_다이트_전환캠페인,(재)_대구_진료셀프캠_50대다이어트대사_260422,1863145537589298,2026-05-02,0,0,0,0,0,0.00,0,0,0.00,0.00,0,KRW,0,0
2605_다이트_전환캠페인,(재)_대구_진료셀프캠_다이어트의적 밥빵면_260407,1863887889389569,2026-05-02,14221,893,15924,8,1777,0.90,0,0,0.00,1.10,881,KRW,8,815
2604_다이트_전환캠페인,(재)_대구_진료셀프캠_다이어트의적 밥빵면_260407,1861778669641809,2026-05-02,0,0,0,0,0,0.00,0,0,0.00,0.00,0,KRW,0,0
2604_다이트_전환캠페인,(재)_대구_진료셀프캠_비만주사는입만막을뿐_260423,1863252567801041,2026-05-02,0,0,0,0,0,0.00,0,0,0.00,0.00,0,KRW,0,0
2604_다이트_전환캠페인,(재)_대구_진료셀프캠_식욕억제주사실패 마지막_260407,1861779512219682,2026-05-02,0,0,0,0,0,0.00,0,0,0.00,0.00,0,KRW,0,0
2605_다이트_전환캠페인,(재)_대구_진료셀프캠_식욕억제주사이길수없는_260501,1863887889389601,2026-05-02,3015,279,10806,1,3015,0.36,0,0,0.00,1.03,274,KRW,2,272
2604_다이트_전환캠페인,(재)_대구_진료셀프캠_운동안해도되는_260416,1862612192785601,2026-05-02,0,0,0,0,0,0.00,0,0,0.00,0.00,0,KRW,0,0
2605_다이트_전환캠페인,(재)_대구_진료셀프캠_주사형비만치료제 고민끝에 50대부부 -32kg_260225,1863887864035458,2026-05-02,705,86,8197,0,0,0.00,0,0,0.00,1.10,84,KRW,0,78
2604_다이트_전환캠페인,(재)_대구_진료셀프캠_주사형비만치료제 고민끝에 50대부부 -32kg_260225,1861278082187298,2026-05-02,0,0,0,0,0,0.00,0,0,0.00,0.00,0,KRW,0,0
2605_다이트_전환캠페인,(재)_대전_진료셀프캠_10kg성공공식_260501,1863886737135889,2026-05-02,1818,358,5078,2,909,0.56,0,0,0.00,1.12,353,KRW,3,320
2604_다이트_전환캠페인,(재)_대전_진료셀프캠_다이어트의적 밥빵면_260407,1861776478109986,2026-05-02,0,0,0,0,0,0.00,0,0,0.00,0.00,0,KRW,0,0
2605_다이트_전환캠페인,(재)_대전_진료셀프캠_다이어트의적 밥빵면_260407,1863886714723490,2026-05-02,13051,609,21430,7,1864,1.15,0,0,0.00,1.05,598,KRW,6,579
2604_다이트_전환캠페인,(재)_대전_진료셀프캠_식욕억제주사실패 마지막_260406,1861708051912898,2026-05-02,0,0,0,0,0,0.00,0,0,0.00,0.00,0,KRW,0,0
2604_다이트_전환캠페인,(재)_대전_진료셀프캠_식욕억제주사실패 마지막_260407,1861779986019442,2026-05-02,0,0,0,0,0,0.00,0,0,0.00,0.00,0,KRW,0,0
2605_다이트_전환캠페인,(재)_대전_진료셀프캠_식욕억제주사이길수없는_260501,1863886737135873,2026-05-02,1889,320,5903,1,1889,0.31,0,0,0.00,1.04,318,KRW,1,307
2605_다이트_전환캠페인,(재)_대전_진료셀프캠_주사형비만치료제 고민끝에 50대부부 -32kg_260225,1863886346477665,2026-05-02,15721,1571,10007,10,1572,0.64,1,15721,10.00,1.14,1541,KRW,10,1374
2604_다이트_전환캠페인,(재)_대전_진료셀프캠_주사형비만치료제 고민끝에 50대부부 -32kg_260225,1861708178989089,2026-05-02,0,0,0,0,0,0.00,0,0,0.00,0.00,0,KRW,0,0
2604_다이트_전환캠페인,(재)_부평_인플방문후기_연예인다이어트(플랜비)_260416,1862613882586418,2026-05-02,0,0,0,0,0,0.00,0,0,0.00,0.00,0,KRW,0,0
2605_다이트_전환캠페인,(재)_부평_진료셀프캠_10kg성공공식_260501,1863885164858465,2026-05-02,2248,396,5676,1,2248,0.25,0,0,0.00,1.05,388,KRW,0,376
2604_다이트_전환캠페인,(재)_부평_진료셀프캠_50대다이어트대사_260422,1863145317184529,2026-05-02,0,0,0,0,0,0.00,0,0,0.00,0.00,0,KRW,0,0
2605_다이트_전환캠페인,(재)_부평_진료셀프캠_다이어트의적 밥빵면_26407,1863885330409586,2026-05-02,24008,1314,18270,13,1846,0.99,1,24008,7.69,1.09,1304,KRW,16,1206
2604_다이트_전환캠페인,(재)_부평_진료셀프캠_비만주사가놓친것_260414,1862452531926049,2026-05-02,0,0,0,0,0,0.00,0,0,0.00,0.00,0,KRW,0,0
2604_다이트_전환캠페인,(재)_부평_진료셀프캠_비만주사는입만막을뿐_260423,1863251994014802,2026-05-02,0,0,0,0,0,0.00,0,0,0.00,0.00,0,KRW,0,0
2604_다이트_전환캠페인,(재)_부평_진료셀프캠_식욕억제주사실패 마지막_260407,1861779276638289,2026-05-02,0,0,0,0,0,0.00,0,0,0.00,0.00,0,KRW,0,0
2605_다이트_전환캠페인,(재)_부평_진료셀프캠_식욕억제주사이길수없는_260501,1863885275116562,2026-05-02,4953,728,6803,3,1651,0.41,1,4953,33.33,1.07,718,KRW,3,678
2604_다이트_전환캠페인,(재)_부평_진료셀프캠_운동안해도되는_260416,1862612072337410,2026-05-02,0,0,0,0,0,0.00,0,0,0.00,0.00,0,KRW,0,0
2605_다이트_전환캠페인,(재)_부평_진료셀프캠_운동안해도되는_260416,1863885634776146,2026-05-02,3222,247,13044,1,3222,0.40,0,0,0.00,1.05,242,KRW,1,235
2605_다이트_전환캠페인,(재)_부평_진료셀프캠_주사형비만치료제 고민끝에 50대부부 -32kg_260225,1863885548023297,2026-05-02,41680,5260,7923,21,1984,0.40,3,13893,14.29,1.24,5182,KRW,30,4237
2604_다이트_전환캠페인,(재)_부평_진료셀프캠_주사형비만치료제 고민끝에 50대부부 -32kg_260225,1861276697497633,2026-05-02,0,0,0,0,0,0.00,0,0,0.00,0.00,0,KRW,0,0
2605_다이트_전환캠페인,(재)_서울_진료셀프캠_10kg성공공식_260501,1863882737568994,2026-05-02,2161,426,5072,4,540,0.94,0,0,0.00,1.04,417,KRW,4,411
2604_다이트_전환캠페인,(재)_서울_진료셀프캠_50대다이어트대사_260422,1863141281578129,2026-05-02,0,0,0,0,0,0.00,0,0,0.00,0.00,0,KRW,0,0
2605_다이트_전환캠페인,(재)_서울_진료셀프캠_다이어트의적 밥빵면_260407,1863884652338370,2026-05-02,30725,1593,19287,24,1280,1.51,3,10241,12.50,1.03,1580,KRW,23,1554
2604_다이트_전환캠페인,(재)_서울_진료셀프캠_비만주사가놓친것_260414,1862427431553298,2026-05-02,0,0,0,0,0,0.00,0,0,0.00,0.00,0,KRW,0,0
2605_다이트_전환캠페인,(재)_서울_진료셀프캠_비만주사가놓친것_260414,1863884896381362,2026-05-02,294,83,3542,0,0,0.00,0,0,0.00,1.01,82,KRW,0,82
2604_다이트_전환캠페인,(재)_서울_진료셀프캠_비만주사는입만막을뿐_260423,1863250762937489,2026-05-02,0,0,0,0,0,0.00,0,0,0.00,0.00,0,KRW,0,0
2604_다이트_전환캠페인,(재)_서울_진료셀프캠_식욕억제주사실패 마지막_260407,1861778815720546,2026-05-02,0,0,0,0,0,0.00,0,0,0.00,0.00,0,KRW,0,0
2605_다이트_전환캠페인,(재)_서울_진료셀프캠_식욕억제주사이길수없는_260501,1863884494503073,2026-05-02,2787,475,5867,2,1393,0.42,0,0,0.00,1.03,470,KRW,1,463
2604_다이트_전환캠페인,(재)_서울_진료셀프캠_운동안해도되는_260416,1862607904464929,2026-05-02,0,0,0,0,0,0.00,0,0,0.00,0.00,0,KRW,0,0
2604_다이트_전환캠페인,(재)_서울_진료셀프캠_의사가권하지않는4050_260414,1862453122462113,2026-05-02,0,0,0,0,0,0.00,0,0,0.00,0.00,0,KRW,0,0
2604_다이트_전환캠페인,(재)_서울_진료셀프캠_주사형비만치료제 고민끝에 50대부부 -32kg_260225,1861276155386962,2026-05-02,0,0,0,0,0,0.00,0,0,0.00,0.00,0,KRW,0,0
2605_다이트_전환캠페인,(재)_서울_진료셀프캠_주사형비만치료제 고민끝에 50대부부 -32kg_260225,1863884826077233,2026-05-02,24220,3702,6542,32,756,0.86,2,12110,6.25,1.08,3654,KRW,38,3417
2604_다이트_전환캠페인,(재)_수원_의료진정보_4050나잇살 이유는 여기에_260410,1862064207732210,2026-05-02,0,0,0,0,0,0.00,0,0,0.00,0.00,0,KRW,0,0
2604_다이트_전환캠페인,"(재)_수원_인플방문후기_건강한다이어트(수원,박고경)_260325",1861277190081841,2026-05-02,0,0,0,0,0,0.00,0,0,0.00,0.00,0,KRW,0,0
2604_다이트_전환캠페인,(재)_수원_인플방문후기_먹고싶은거다먹는(수원잇츠)_260403,1861437972025618,2026-05-02,0,0,0,0,0,0.00,0,0,0.00,0.00,0,KRW,0,0
2604_다이트_전환캠페인,(재)_수원_인플방문후기_연예인다이어트(플랜비)_260416,1862613961447426,2026-05-02,0,0,0,0,0,0.00,0,0,0.00,0.00,0,KRW,0,0
2605_다이트_전환캠페인,(재)_수원_진료셀프캠_10kg성공공식_260501,1863886407167025,2026-05-02,162,49,3306,0,0,0.00,0,0,0.00,1.04,49,KRW,0,47
2604_다이트_전환캠페인,(재)_수원_진료셀프캠_50대다이어트대사_260422,1863144745203025,2026-05-02,0,0,0,0,0,0.00,0,0,0.00,0.00,0,KRW,0,0
2605_다이트_전환캠페인,(재)_수원_진료셀프캠_50대다이어트대사_260422,1863886357342417,2026-05-02,609,55,11072,1,609,1.82,0,0,0.00,1.06,55,KRW,1,52
2605_다이트_전환캠페인,(재)_수원_진료셀프캠_다이어트의적 밥빵면_260407,1863886407166977,2026-05-02,15795,863,18302,6,2632,0.70,3,5265,50.00,1.10,854,KRW,9,787
2604_다이트_전환캠페인,(재)_수원_진료셀프캠_비만주사는입만막을뿐_260423,1863252126952065,2026-05-02,0,0,0,0,0,0.00,0,0,0.00,0.00,0,KRW,0,0
2604_다이트_전환캠페인,(재)_수원_진료셀프캠_식욕억제주사실패 마지막_260407,1861779341060274,2026-05-02,0,0,0,0,0,0.00,0,0,0.00,0.00,0,KRW,0,0
2605_다이트_전환캠페인,(재)_수원_진료셀프캠_식욕억제주사이길수없는_260501,1863886407167009,2026-05-02,2411,421,5726,0,0,0.00,0,0,0.00,1.08,418,KRW,1,390
2604_다이트_전환캠페인,(재)_수원_진료셀프캠_운동안해도되는_260416,1862612144893169,2026-05-02,0,0,0,0,0,0.00,0,0,0.00,0.00,0,KRW,0,0
2604_다이트_전환캠페인,(재)_수원_진료셀프캠_의사가권하지않는4050_260414,1862453880112178,2026-05-02,0,0,0,0,0,0.00,0,0,0.00,0.00,0,KRW,0,0
2604_다이트_전환캠페인,(재)_일산_인플방문후기_맘껏먹는 다이어트 한달후기_260306,1861277479159890,2026-05-02,0,0,0,0,0,0.00,0,0,0.00,0.00,0,KRW,0,0
2604_다이트_전환캠페인,(재)_일산_인플방문후기_연예인다이어트(일산 플랜비)_260416,1862614105575633,2026-05-02,0,0,0,0,0,0.00,0,0,0.00,0.00,0,KRW,0,0
2605_다이트_전환캠페인,(재)_일산_진료셀프캠_10kg성공공식_260501,1863885740076561,2026-05-02,2236,373,5994,0,0,0.00,0,0,0.00,1.03,368,KRW,1,363
2604_다이트_전환캠페인,(재)_일산_진료셀프캠_50대다이어트대사_260422,1863145439744049,2026-05-02,0,0,0,0,0,0.00,0,0,0.00,0.00,0,KRW,0,0
2605_다이트_전환캠페인,(재)_일산_진료셀프캠_50대다이어트대사_260422,1863886068832402,2026-05-02,143,15,9533,0,0,0.00,0,0,0.00,1.00,14,KRW,0,15
2605_다이트_전환캠페인,(재)_일산_진료셀프캠_다이어트의적 밥빵면_260407,1863885977135266,2026-05-02,8917,482,18500,13,685,2.70,1,8917,7.69,1.03,474,KRW,13,470
2605_다이트_전환캠페인,(재)_일산_진료셀프캠_다이어트의적 밥빵면_260407,1863886068832386,2026-05-02,19300,970,19896,22,877,2.27,1,19300,4.55,1.06,950,KRW,23,916
2604_다이트_전환캠페인,(재)_일산_진료셀프캠_비만주사는입만막을뿐_260423,1863252482871297,2026-05-02,0,0,0,0,0,0.00,0,0,0.00,0.00,0,KRW,0,0
2604_다이트_전환캠페인,(재)_일산_진료셀프캠_식욕억제주사실패 마지막_260407,1861779422527666,2026-05-02,0,0,0,0,0,0.00,0,0,0.00,0.00,0,KRW,0,0
2605_다이트_전환캠페인,(재)_일산_진료셀프캠_식욕억제주사이길수없는_260501,1863885876249697,2026-05-02,4851,728,6663,6,808,0.82,0,0,0.00,1.09,713,KRW,5,669
2605_다이트_전환캠페인,(재)_일산_진료셀프캠_운동안해도되는_260416,1863886176319969,2026-05-02,4096,250,16384,4,1024,1.60,0,0,0.00,1.05,245,KRW,5,237
2604_다이트_전환캠페인,(재)_일산_진료셀프캠_운동안해도되는_260416,1862612254235649,2026-05-02,0,0,0,0,0,0.00,0,0,0.00,0.00,0,KRW,0,0
2604_다이트_전환캠페인,"(재)_창원_인플방문후기_건강한다이어트(창원,박고경)_260325",1861278731680866,2026-05-02,0,0,0,0,0,0.00,0,0,0.00,0.00,0,KRW,0,0
2605_다이트_전환캠페인,(재)_창원_인플방문후기_굶지않는다이어트(창원잇츠)_260501,1863887496576258,2026-05-02,5071,838,6051,9,563,1.07,1,5071,11.11,1.04,829,KRW,12,806
2604_다이트_전환캠페인,(재)_창원_인플방문후기_먹고싶은거다먹는(수원잇츠)_260403,1861437705571345,2026-05-02,0,0,0,0,0,0.00,0,0,0.00,0.00,0,KRW,0,0
2604_다이트_전환캠페인,(재)_창원_인플방문후기_연예인다이어트(플랜비)_260416,1862614349846529,2026-05-02,0,0,0,0,0,0.00,0,0,0.00,0.00,0,KRW,0,0
2605_다이트_전환캠페인,(재)_창원_진료셀프캠_10kg성공공식_260501,1863887556302145,2026-05-02,488,181,2696,2,244,1.10,0,0,0.00,1.03,181,KRW,3,176
2604_다이트_전환캠페인,(재)_창원_진료셀프캠_50대다이어트대사_260422,1863145585749009,2026-05-02,0,0,0,0,0,0.00,0,0,0.00,0.00,0,KRW,0,0
2605_다이트_전환캠페인,(재)_창원_진료셀프캠_다이어트의적 밥빵면_260407,1863887556302097,2026-05-02,9176,451,20345,5,1835,1.11,0,0,0.00,1.03,446,KRW,6,437
2604_다이트_전환캠페인,(재)_창원_진료셀프캠_비만주사는입만막을뿐_260423,1863252701617361,2026-05-02,0,0,0,0,0,0.00,0,0,0.00,0.00,0,KRW,0,0
2604_다이트_전환캠페인,(재)_창원_진료셀프캠_식욕억제주사실패 마지막_260407,1861779402873057,2026-05-02,0,0,0,0,0,0.00,0,0,0.00,0.00,0,KRW,0,0
2605_다이트_전환캠페인,(재)_창원_진료셀프캠_식욕억제주사이길수없는_260501,1863887556302129,2026-05-02,1726,369,4677,0,0,0.00,0,0,0.00,1.07,365,KRW,0,346
2604_다이트_전환캠페인,(재)_창원_진료셀프캠_운동안해도되는_260416,1862612192812097,2026-05-02,0,0,0,0,0,0.00,0,0,0.00,0.00,0,KRW,0,0
2605_다이트_전환캠페인,(재)_창원_진료셀프캠_주사형비만치료제 고민끝에 50대부부 -32kg_260225,1863887556301249,2026-05-02,13191,1789,7373,7,1884,0.39,0,0,0.00,1.21,1762,KRW,15,1474
2604_다이트_전환캠페인,"(재)_천안_인플방문후기_건강한다이어트(천안, 박고경)_260325",1861278985311585,2026-05-02,0,0,0,0,0,0.00,0,0,0.00,0.00,0,KRW,0,0
2604_다이트_전환캠페인,(재)_천안_인플방문후기_먹고싶은거다먹는(수원잇츠)_260403,1861433575335186,2026-05-02,0,0,0,0,0,0.00,0,0,0.00,0.00,0,KRW,0,0
2604_다이트_전환캠페인,(재)_천안_인플방문후기_연예인다이어트(플랜비)_260416,1862614438420609,2026-05-02,0,0,0,0,0,0.00,0,0,0.00,0.00,0,KRW,0,0
2605_다이트_전환캠페인,(재)_천안_진료셀프캠_10kg성공공식_260501,1863887099809826,2026-05-02,526,190,2768,1,526,0.53,0,0,0.00,1.03,184,KRW,1,184
2605_다이트_전환캠페인,(재)_천안_진료셀프캠_다이어트의적 밥빵면_260407,1863887099808882,2026-05-02,28447,1447,19659,15,1896,1.04,0,0,0.00,1.13,1421,KRW,16,1281
2604_다이트_전환캠페인,(재)_천안_진료셀프캠_비만주사가놓친것_260414,1862452895498482,2026-05-02,0,0,0,0,0,0.00,0,0,0.00,0.00,0,KRW,0,0
2604_다이트_전환캠페인,(재)_천안_진료셀프캠_비만주사는입만막을뿐_260423,1863252775614561,2026-05-02,0,0,0,0,0,0.00,0,0,0.00,0.00,0,KRW,0,0
2604_다이트_전환캠페인,(재)_천안_진료셀프캠_식욕억제주사실패 마지막_260407,1861779883450610,2026-05-02,0,0,0,0,0,0.00,0,0,0.00,0.00,0,KRW,0,0
2605_다이트_전환캠페인,(재)_천안_진료셀프캠_식욕억제주사이길수없는_260501,1863887099809810,2026-05-02,1254,285,4400,2,627,0.70,0,0,0.00,1.03,274,KRW,2,276
2605_다이트_전환캠페인,(재)_천안_진료셀프캠_주사형비만치료제 고민끝에 50대부부 -32kg_260225,1863887047740546,2026-05-02,29546,3171,9317,18,1641,0.57,1,29546,5.56,1.25,3124,KRW,21,2530
2604_다이트_전환캠페인,(재)_천안_진료셀프캠_주사형비만치료제 고민끝에 50대부부 -32kg_260225,1861968142031009,2026-05-02,0,0,0,0,0,0.00,0,0,0.00,0.00,0,KRW,0,0
2604_다이트_전환캠페인,(신)_대구_의료진정보_주사형비만치료제 10년은_260116,1861278242108689,2026-05-03,0,0,0,0,0,0.00,0,0,0.00,0.00,0,KRW,0,0
2604_다이트_전환캠페인,(신)_대구_인플방문후기_먹으면서 다이어트(대읽남)_251017,1861277850752146,2026-05-03,0,0,0,0,0,0.00,0,0,0.00,0.00,0,KRW,0,0
2604_다이트_전환캠페인,(신)_대구_인플방문후기_밥빵면안당기는원장님(itsmeyuriwon)_260407,1861796218051601,2026-05-03,0,0,0,0,0,0.00,0,0,0.00,0.00,0,KRW,0,0
2605_다이트_전환캠페인,(신)_대구_인플방문후기_주사형비만치료제(the.hyunniverse)_260403,1863887889389585,2026-05-03,29945,4318,6934,20,1497,0.46,2,14972,10.00,1.27,4270,KRW,26,3404
2604_다이트_전환캠페인,(신)_대구_인플방문후기_주사형비만치료제(the.hyunniverse)_260403,1861968872286353,2026-05-03,0,0,0,0,0,0.00,0,0,0.00,0.00,0,KRW,0,0
2604_다이트_전환캠페인,(신)_대전_인플방문후기_밥빵면안당기는원장님(itsmeyuriwon)_260407,1861796462367905,2026-05-03,0,0,0,0,0,0.00,0,0,0.00,0.00,0,KRW,0,0
2605_다이트_전환캠페인,(신)_대전_인플방문후기_주사형비만치료제(the.hyunniverse)_260403,1863886714723506,2026-05-03,1623,237,6848,0,0,0.00,0,0,0.00,1.10,231,KRW,0,216
2604_다이트_전환캠페인,(신)_부평_인플방문후기_건강한다이어트(박고경)_260324,1861276881397074,2026-05-03,0,0,0,0,0,0.00,0,0,0.00,0.00,0,KRW,0,0
2604_다이트_전환캠페인,(신)_부평_인플방문후기_밥빵면안당기는원장님(itsmeyuriwon)_260407,1861795578227042,2026-05-03,0,0,0,0,0,0.00,0,0,0.00,0.00,0,KRW,0,0
2605_다이트_전환캠페인,(신)_부평_인플방문후기_주사형비만치료제(the.hyunniverse)_260403,1863885173598610,2026-05-03,6587,1041,6327,4,1646,0.38,0,0,0.00,1.10,1035,KRW,5,947
2604_다이트_전환캠페인,(신)_부평_인플방문후기_주사형비만치료제(the.hyunniverse)_260403,1861968247570690,2026-05-03,0,0,0,0,0,0.00,0,0,0.00,0.00,0,KRW,0,0
2605_다이트_전환캠페인,(신)_서울_인플방문후기_주사형비만치료제(the.hyunniverse)_260403,1863884578249282,2026-05-03,2672,345,7744,1,2672,0.29,0,0,0.00,1.08,343,KRW,3,318
2604_다이트_전환캠페인,(신)_서울_인플방문후기_주사형비만치료제(the.hyunniverse)_260403,1861968379365409,2026-05-03,0,0,0,0,0,0.00,0,0,0.00,0.00,0,KRW,0,0
2604_다이트_전환캠페인,(신)_수원_인플방문후기_밥빵면안당기는원장님(itsmeyuriwon)_260407,1861796026692689,2026-05-03,0,0,0,0,0,0.00,0,0,0.00,0.00,0,KRW,0,0
2605_다이트_전환캠페인,(신)_수원_인플방문후기_주사형비만치료제(the.hyunniverse)_260403,1863886407166993,2026-05-03,9654,1318,7324,5,1930,0.38,2,4827,40.00,1.12,1298,KRW,8,1175
2604_다이트_전환캠페인,(신)_수원_인플방문후기_주사형비만치료제(the.hyunniverse)_260403,1861426333950193,2026-05-03,0,0,0,0,0,0.00,0,0,0.00,0.00,0,KRW,0,0
2604_다이트_전환캠페인,(신)_일산_인플방문후기_주사형비만치료제(the.hyunniverse)_260403,1861968797915602,2026-05-03,0,0,0,0,0,0.00,0,0,0.00,0.00,0,KRW,0,0
2605_다이트_전환캠페인,(신)_일산_인플방문후기_주사형비만치료제(the.hyunniverse)_260403,1863885929758882,2026-05-03,14975,2327,6435,11,1361,0.47,2,7487,18.18,1.09,2291,KRW,17,2128
2604_다이트_전환캠페인,(신)_창원_인플방문후기_밥빵면안당기는원장님(itsmeyuriwon)_260407,1861796302859538,2026-05-03,0,0,0,0,0,0.00,0,0,0.00,0.00,0,KRW,0,0
2605_다이트_전환캠페인,(신)_창원_인플방문후기_주사형비만치료제(the.hyunniverse)_260403,1863887556302113,2026-05-03,1098,135,8133,2,549,1.48,1,1098,50.00,1.02,135,KRW,2,133
2604_다이트_전환캠페인,(신)_천안_의료진정보_주사형비만치료제 10년은_260116,1861279064396242,2026-05-03,0,0,0,0,0,0.00,0,0,0.00,0.00,0,KRW,0,0
2604_다이트_전환캠페인,(신)_천안_인플방문후기_밥빵면안당기는원장님(itsmeyuriwon)_260407,1861796395517250,2026-05-03,0,0,0,0,0,0.00,0,0,0.00,0.00,0,KRW,0,0
2605_다이트_전환캠페인,(신)_천안_인플방문후기_주사형비만치료제(the.hyunniverse)_260403,1863887099809794,2026-05-03,3356,508,6606,2,1678,0.39,0,0,0.00,1.07,503,KRW,4,473
2604_다이트_전환캠페인,(신)_천안_인플방문후기_주사형비만치료제(the.hyunniverse)_260403,1861969033799841,2026-05-03,0,0,0,0,0,0.00,0,0,0.00,0.00,0,KRW,0,0
2604_다이트_전환캠페인,(신)_천안_진료셀프캠_주사형 비만치료제보다 더중요한이것_260120,1861969112559697,2026-05-03,0,0,0,0,0,0.00,0,0,0.00,0.00,0,KRW,0,0
2604_다이트_전환캠페인,"(재)_대구_인플방문후기_건강한다이어트(대구,박고경)_260325",1861278128485793,2026-05-03,0,0,0,0,0,0.00,0,0,0.00,0.00,0,KRW,0,0
2604_다이트_전환캠페인,(재)_대구_인플방문후기_먹고싶은거다먹는(수원잇츠)_260403,1861437815982145,2026-05-03,0,0,0,0,0,0.00,0,0,0.00,0.00,0,KRW,0,0
2604_다이트_전환캠페인,(재)_대구_인플방문후기_연예인다이어트(플랜비)_260416,1862614242718769,2026-05-03,0,0,0,0,0,0.00,0,0,0.00,0.00,0,KRW,0,0
2605_다이트_전환캠페인,(재)_대구_진료셀프캠_10kg성공공식_260501,1863887889389617,2026-05-03,4355,269,16189,1,4355,0.37,1,4355,100.00,1.05,265,KRW,2,256
2604_다이트_전환캠페인,(재)_대구_진료셀프캠_50대다이어트대사_260422,1863145537589298,2026-05-03,0,0,0,0,0,0.00,0,0,0.00,0.00,0,KRW,0,0
2605_다이트_전환캠페인,(재)_대구_진료셀프캠_다이어트의적 밥빵면_260407,1863887889389569,2026-05-03,21534,1489,14462,12,1794,0.81,1,21534,8.33,1.15,1472,KRW,11,1299
2604_다이트_전환캠페인,(재)_대구_진료셀프캠_다이어트의적 밥빵면_260407,1861778669641809,2026-05-03,0,0,0,0,0,0.00,0,0,0.00,0.00,0,KRW,0,0
2604_다이트_전환캠페인,(재)_대구_진료셀프캠_비만주사는입만막을뿐_260423,1863252567801041,2026-05-03,0,0,0,0,0,0.00,0,0,0.00,0.00,0,KRW,0,0
2604_다이트_전환캠페인,(재)_대구_진료셀프캠_식욕억제주사실패 마지막_260407,1861779512219682,2026-05-03,0,0,0,0,0,0.00,0,0,0.00,0.00,0,KRW,0,0
2605_다이트_전환캠페인,(재)_대구_진료셀프캠_식욕억제주사이길수없는_260501,1863887889389601,2026-05-03,4084,628,6503,3,1361,0.48,0,0,0.00,1.06,624,KRW,5,594
2605_다이트_전환캠페인,(재)_대구_진료셀프캠_주사형비만치료제 고민끝에 50대부부 -32kg_260225,1863887864035458,2026-05-03,1767,260,6796,1,1767,0.38,0,0,0.00,1.11,258,KRW,1,235
2604_다이트_전환캠페인,(재)_대구_진료셀프캠_주사형비만치료제 고민끝에 50대부부 -32kg_260225,1861278082187298,2026-05-03,0,0,0,0,0,0.00,0,0,0.00,0.00,0,KRW,0,0
2604_다이트_전환캠페인,(재)_대전_인플방문후기_연예인다이어트(플랜비)_260416,1862614549502162,2026-05-03,0,0,0,0,0,0.00,0,0,0.00,0.00,0,KRW,0,0
2605_다이트_전환캠페인,(재)_대전_진료셀프캠_10kg성공공식_260501,1863886737135889,2026-05-03,1866,131,14244,1,1866,0.76,0,0,0.00,1.11,127,KRW,1,118
2604_다이트_전환캠페인,(재)_대전_진료셀프캠_50대다이어트대사_260422,1863145758279698,2026-05-03,0,0,0,0,0,0.00,0,0,0.00,0.00,0,KRW,0,0
2604_다이트_전환캠페인,(재)_대전_진료셀프캠_다이어트의적 밥빵면_260407,1861776478109986,2026-05-03,0,0,0,0,0,0.00,0,0,0.00,0.00,0,KRW,0,0
2605_다이트_전환캠페인,(재)_대전_진료셀프캠_다이어트의적 밥빵면_260407,1863886714723490,2026-05-03,8825,501,17614,8,1103,1.60,0,0,0.00,1.07,495,KRW,9,467
2604_다이트_전환캠페인,(재)_대전_진료셀프캠_비만주사가놓친것_260414,1862452993099026,2026-05-03,0,0,0,0,0,0.00,0,0,0.00,0.00,0,KRW,0,0
2604_다이트_전환캠페인,(재)_대전_진료셀프캠_비만주사는입만막을뿐_260423,1863253376478305,2026-05-03,0,0,0,0,0,0.00,0,0,0.00,0.00,0,KRW,0,0
2604_다이트_전환캠페인,(재)_대전_진료셀프캠_식욕억제주사실패 마지막_260407,1861779986019442,2026-05-03,0,0,0,0,0,0.00,0,0,0.00,0.00,0,KRW,0,0
2605_다이트_전환캠페인,(재)_대전_진료셀프캠_식욕억제주사이길수없는_260501,1863886737135873,2026-05-03,103,27,3814,0,0,0.00,0,0,0.00,1.04,26,KRW,1,26
2605_다이트_전환캠페인,(재)_대전_진료셀프캠_주사형비만치료제 고민끝에 50대부부 -32kg_260225,1863886346477665,2026-05-03,17522,1954,8967,9,1946,0.46,0,0,0.00,1.17,1920,KRW,13,1675
2604_다이트_전환캠페인,(재)_대전_진료셀프캠_주사형비만치료제 고민끝에 50대부부 -32kg_260225,1861708178989089,2026-05-03,0,0,0,0,0,0.00,0,0,0.00,0.00,0,KRW,0,0
2604_다이트_전환캠페인,(재)_부평_의료진정보_무작정운동으로 팩폭_260406,1861709708534065,2026-05-03,0,0,0,0,0,0.00,0,0,0.00,0.00,0,KRW,0,0
2604_다이트_전환캠페인,(재)_부평_인플방문후기_연예인다이어트(플랜비)_260416,1862613882586418,2026-05-03,0,0,0,0,0,0.00,0,0,0.00,0.00,0,KRW,0,0
2605_다이트_전환캠페인,(재)_부평_진료셀프캠_10kg성공공식_260501,1863885164858465,2026-05-03,226,43,5255,0,0,0.00,0,0,0.00,1.05,41,KRW,0,41
2604_다이트_전환캠페인,(재)_부평_진료셀프캠_4050다이어트비밀_260414,1862453369868354,2026-05-03,0,0,0,0,0,0.00,0,0,0.00,0.00,0,KRW,0,0
2604_다이트_전환캠페인,(재)_부평_진료셀프캠_50대다이어트대사_260422,1863145317184529,2026-05-03,0,0,0,0,0,0.00,0,0,0.00,0.00,0,KRW,0,0
2605_다이트_전환캠페인,(재)_부평_진료셀프캠_다이어트의적 밥빵면_26407,1863885330409586,2026-05-03,18341,847,21654,12,1528,1.42,0,0,0.00,1.09,838,KRW,12,777
2604_다이트_전환캠페인,(재)_부평_진료셀프캠_비만주사가놓친것_260414,1862452531926049,2026-05-03,0,0,0,0,0,0.00,0,0,0.00,0.00,0,KRW,0,0
2604_다이트_전환캠페인,(재)_부평_진료셀프캠_비만주사는입만막을뿐_260423,1863251994014802,2026-05-03,0,0,0,0,0,0.00,0,0,0.00,0.00,0,KRW,0,0
2604_다이트_전환캠페인,(재)_부평_진료셀프캠_식욕억제주사실패 마지막_260407,1861779276638289,2026-05-03,0,0,0,0,0,0.00,0,0,0.00,0.00,0,KRW,0,0
2605_다이트_전환캠페인,(재)_부평_진료셀프캠_식욕억제주사이길수없는_260501,1863885275116562,2026-05-03,377,51,7392,0,0,0.00,0,0,0.00,1.00,50,KRW,0,51
2604_다이트_전환캠페인,(재)_부평_진료셀프캠_운동안해도되는_260416,1862612072337410,2026-05-03,0,0,0,0,0,0.00,0,0,0.00,0.00,0,KRW,0,0
2605_다이트_전환캠페인,(재)_부평_진료셀프캠_운동안해도되는_260416,1863885634776146,2026-05-03,4422,264,16750,1,4422,0.38,0,0,0.00,1.10,262,KRW,1,240
2605_다이트_전환캠페인,(재)_부평_진료셀프캠_주사형비만치료제 고민끝에 50대부부 -32kg_260225,1863885548023297,2026-05-03,34005,4493,7568,25,1360,0.56,1,34005,4.00,1.22,4424,KRW,26,3668
2604_다이트_전환캠페인,(재)_서울_의료진정보_무작정운동으로 팩폭_260406,1861709796228209,2026-05-03,0,0,0,0,0,0.00,0,0,0.00,0.00,0,KRW,0,0
2604_다이트_전환캠페인,(재)_서울_인플방문후기_맘껏먹는 다이어트 한달후기_260306,1861276306937889,2026-05-03,0,0,0,0,0,0.00,0,0,0.00,0.00,0,KRW,0,0
2604_다이트_전환캠페인,(재)_서울_인플방문후기_먹고싶은거다먹는(수원잇츠)_260403,1861438096695922,2026-05-03,0,0,0,0,0,0.00,0,0,0.00,0.00,0,KRW,0,0
2604_다이트_전환캠페인,(재)_서울_인플방문후기_연예인다이어트(플랜비)_260416,1862611925509122,2026-05-03,0,0,0,0,0,0.00,0,0,0.00,0.00,0,KRW,0,0
2605_다이트_전환캠페인,(재)_서울_진료셀프캠_10kg성공공식_260501,1863882737568994,2026-05-03,410,50,8200,0,0,0.00,0,0,0.00,1.11,50,KRW,0,45
2605_다이트_전환캠페인,(재)_서울_진료셀프캠_다이어트의적 밥빵면_260407,1863884652338370,2026-05-03,15083,689,21891,18,837,2.61,3,5027,16.67,1.03,675,KRW,18,672
2605_다이트_전환캠페인,(재)_서울_진료셀프캠_비만주사가놓친것_260414,1863884896381362,2026-05-03,75,15,5000,0,0,0.00,0,0,0.00,1.00,15,KRW,0,15
2604_다이트_전환캠페인,(재)_서울_진료셀프캠_비만주사는입만막을뿐_260423,1863250762937489,2026-05-03,0,0,0,0,0,0.00,0,0,0.00,0.00,0,KRW,0,0
2604_다이트_전환캠페인,(재)_서울_진료셀프캠_식욕억제주사실패 마지막_260407,1861778815720546,2026-05-03,0,0,0,0,0,0.00,0,0,0.00,0.00,0,KRW,0,0
2605_다이트_전환캠페인,(재)_서울_진료셀프캠_식욕억제주사이길수없는_260501,1863884494503073,2026-05-03,803,99,8111,0,0,0.00,0,0,0.00,1.08,96,KRW,0,92
2604_다이트_전환캠페인,(재)_서울_진료셀프캠_운동안해도되는_260416,1862607904464929,2026-05-03,0,0,0,0,0,0.00,0,0,0.00,0.00,0,KRW,0,0
2604_다이트_전환캠페인,(재)_서울_진료셀프캠_의사가권하지않는4050_260414,1862453122462113,2026-05-03,0,0,0,0,0,0.00,0,0,0.00,0.00,0,KRW,0,0
2605_다이트_전환캠페인,(재)_서울_진료셀프캠_주사형비만치료제 고민끝에 50대부부 -32kg_260225,1863884826077233,2026-05-03,46136,5684,8116,54,854,0.95,4,11534,7.41,1.21,5594,KRW,58,4682
2604_다이트_전환캠페인,(재)_서울_진료셀프캠_주사형비만치료제 고민끝에 50대부부 -32kg_260225,1861276155386962,2026-05-03,0,0,0,0,0,0.00,0,0,0.00,0.00,0,KRW,0,0
2604_다이트_전환캠페인,"(재)_수원_인플방문후기_건강한다이어트(수원,박고경)_260325",1861277190081841,2026-05-03,0,0,0,0,0,0.00,0,0,0.00,0.00,0,KRW,0,0
2604_다이트_전환캠페인,(재)_수원_인플방문후기_먹고싶은거다먹는(수원잇츠)_260403,1861437972025618,2026-05-03,0,0,0,0,0,0.00,0,0,0.00,0.00,0,KRW,0,0
2604_다이트_전환캠페인,(재)_수원_인플방문후기_연예인다이어트(플랜비)_260416,1862613961447426,2026-05-03,0,0,0,0,0,0.00,0,0,0.00,0.00,0,KRW,0,0
2605_다이트_전환캠페인,(재)_수원_진료셀프캠_10kg성공공식_260501,1863886407167025,2026-05-03,298,48,6208,0,0,0.00,0,0,0.00,1.02,47,KRW,0,47
2605_다이트_전환캠페인,(재)_수원_진료셀프캠_50대다이어트대사_260422,1863886357342417,2026-05-03,274,40,6850,0,0,0.00,0,0,0.00,1.00,40,KRW,0,40
2604_다이트_전환캠페인,(재)_수원_진료셀프캠_50대다이어트대사_260422,1863144745203025,2026-05-03,0,0,0,0,0,0.00,0,0,0.00,0.00,0,KRW,0,0
2605_다이트_전환캠페인,(재)_수원_진료셀프캠_다이어트의적 밥빵면_260407,1863886407166977,2026-05-03,22763,1267,17966,10,2276,0.79,0,0,0.00,1.13,1246,KRW,8,1125
2604_다이트_전환캠페인,(재)_수원_진료셀프캠_비만주사는입만막을뿐_260423,1863252126952065,2026-05-03,0,0,0,0,0,0.00,0,0,0.00,0.00,0,KRW,0,0
2604_다이트_전환캠페인,(재)_수원_진료셀프캠_식욕억제주사실패 마지막_260407,1861779341060274,2026-05-03,0,0,0,0,0,0.00,0,0,0.00,0.00,0,KRW,0,0
2605_다이트_전환캠페인,(재)_수원_진료셀프캠_식욕억제주사이길수없는_260501,1863886407167009,2026-05-03,2766,444,6229,1,2766,0.23,0,0,0.00,1.12,437,KRW,0,398
2604_다이트_전환캠페인,(재)_수원_진료셀프캠_운동안해도되는_260416,1862612144893169,2026-05-03,0,0,0,0,0,0.00,0,0,0.00,0.00,0,KRW,0,0
2604_다이트_전환캠페인,(재)_수원_진료셀프캠_의사가권하지않는4050_260414,1862453880112178,2026-05-03,0,0,0,0,0,0.00,0,0,0.00,0.00,0,KRW,0,0
2604_다이트_전환캠페인,(재)_일산_의료진정보_무작정운동으로 팩폭_260406,1861709552021505,2026-05-03,0,0,0,0,0,0.00,0,0,0.00,0.00,0,KRW,0,0
2604_다이트_전환캠페인,(재)_일산_인플방문후기_맘껏먹는 다이어트 한달후기_260306,1861277479159890,2026-05-03,0,0,0,0,0,0.00,0,0,0.00,0.00,0,KRW,0,0
2604_다이트_전환캠페인,(재)_일산_인플방문후기_먹고싶은거다먹는(수원잇츠)_260403,1861437881987106,2026-05-03,0,0,0,0,0,0.00,0,0,0.00,0.00,0,KRW,0,0
2604_다이트_전환캠페인,(재)_일산_인플방문후기_연예인다이어트(일산 플랜비)_260416,1862614105575633,2026-05-03,0,0,0,0,0,0.00,0,0,0.00,0.00,0,KRW,0,0
2605_다이트_전환캠페인,(재)_일산_진료셀프캠_10kg성공공식_260501,1863885740076561,2026-05-03,1198,134,8940,1,1198,0.75,0,0,0.00,1.03,134,KRW,1,130
2605_다이트_전환캠페인,(재)_일산_진료셀프캠_50대다이어트대사_260422,1863886068832402,2026-05-03,76,18,4222,1,76,5.56,0,0,0.00,1.00,18,KRW,1,18
2604_다이트_전환캠페인,(재)_일산_진료셀프캠_50대다이어트대사_260422,1863145439744049,2026-05-03,0,0,0,0,0,0.00,0,0,0.00,0.00,0,KRW,0,0
2605_다이트_전환캠페인,(재)_일산_진료셀프캠_다이어트의적 밥빵면_260407,1863885977135266,2026-05-03,8575,438,19577,9,952,2.05,0,0,0.00,1.04,434,KRW,8,423
2605_다이트_전환캠페인,(재)_일산_진료셀프캠_다이어트의적 밥빵면_260407,1863886068832386,2026-05-03,13275,709,18723,12,1106,1.69,2,6637,16.67,1.04,698,KRW,12,680
2604_다이트_전환캠페인,(재)_일산_진료셀프캠_비만주사는입만막을뿐_260423,1863252482871297,2026-05-03,0,0,0,0,0,0.00,0,0,0.00,0.00,0,KRW,0,0
2604_다이트_전환캠페인,(재)_일산_진료셀프캠_식욕억제주사실패 마지막_260407,1861779422527666,2026-05-03,0,0,0,0,0,0.00,0,0,0.00,0.00,0,KRW,0,0
2605_다이트_전환캠페인,(재)_일산_진료셀프캠_식욕억제주사이길수없는_260501,1863885876249697,2026-05-03,3232,503,6425,2,1616,0.40,0,0,0.00,1.06,496,KRW,7,474
2605_다이트_전환캠페인,(재)_일산_진료셀프캠_운동안해도되는_260416,1863886176319969,2026-05-03,2438,227,10740,2,1219,0.88,0,0,0.00,1.04,226,KRW,3,218
2604_다이트_전환캠페인,(재)_일산_진료셀프캠_운동안해도되는_260416,1862612254235649,2026-05-03,0,0,0,0,0,0.00,0,0,0.00,0.00,0,KRW,0,0
2604_다이트_전환캠페인,(재)_창원_의료진정보_4050나잇살 이유는 여기에_260410,1862064114067810,2026-05-03,0,0,0,0,0,0.00,0,0,0.00,0.00,0,KRW,0,0
2604_다이트_전환캠페인,"(재)_창원_인플방문후기_건강한다이어트(창원,박고경)_260325",1861278731680866,2026-05-03,0,0,0,0,0,0.00,0,0,0.00,0.00,0,KRW,0,0
2605_다이트_전환캠페인,(재)_창원_인플방문후기_굶지않는다이어트(창원잇츠)_260501,1863887496576258,2026-05-03,3227,285,11322,4,806,1.40,0,0,0.00,1.12,284,KRW,5,254
2605_다이트_전환캠페인,(재)_창원_진료셀프캠_10kg성공공식_260501,1863887556302145,2026-05-03,51,16,3187,0,0,0.00,0,0,0.00,1.00,16,KRW,0,16
2604_다이트_전환캠페인,(재)_창원_진료셀프캠_50대다이어트대사_260422,1863145585749009,2026-05-03,0,0,0,0,0,0.00,0,0,0.00,0.00,0,KRW,0,0
2605_다이트_전환캠페인,(재)_창원_진료셀프캠_다이어트의적 밥빵면_260407,1863887556302097,2026-05-03,8658,427,20276,5,1731,1.17,0,0,0.00,1.08,417,KRW,5,394
2604_다이트_전환캠페인,(재)_창원_진료셀프캠_비만주사가놓친것_260414,1862452830171329,2026-05-03,0,0,0,0,0,0.00,0,0,0.00,0.00,0,KRW,0,0
2604_다이트_전환캠페인,(재)_창원_진료셀프캠_비만주사는입만막을뿐_260423,1863252701617361,2026-05-03,0,0,0,0,0,0.00,0,0,0.00,0.00,0,KRW,0,0
2604_다이트_전환캠페인,(재)_창원_진료셀프캠_식욕억제주사실패 마지막_260407,1861779402873057,2026-05-03,0,0,0,0,0,0.00,0,0,0.00,0.00,0,KRW,0,0
2605_다이트_전환캠페인,(재)_창원_진료셀프캠_식욕억제주사이길수없는_260501,1863887556302129,2026-05-03,144,45,3200,0,0,0.00,0,0,0.00,1.02,44,KRW,1,44
2604_다이트_전환캠페인,(재)_창원_진료셀프캠_운동안해도되는_260416,1862612192812097,2026-05-03,0,0,0,0,0,0.00,0,0,0.00,0.00,0,KRW,0,0
2604_다이트_전환캠페인,(재)_창원_진료셀프캠_주사형비만치료제 고민끝에 50대부부 -32kg_260225,1861278292523041,2026-05-03,0,0,0,0,0,0.00,0,0,0.00,0.00,0,KRW,0,0
2605_다이트_전환캠페인,(재)_창원_진료셀프캠_주사형비만치료제 고민끝에 50대부부 -32kg_260225,1863887556301249,2026-05-03,13017,1860,6998,7,1859,0.38,0,0,0.00,1.17,1833,KRW,15,1584
2604_다이트_전환캠페인,"(재)_천안_인플방문후기_건강한다이어트(천안, 박고경)_260325",1861278985311585,2026-05-03,0,0,0,0,0,0.00,0,0,0.00,0.00,0,KRW,0,0
2604_다이트_전환캠페인,(재)_천안_인플방문후기_연예인다이어트(플랜비)_260416,1862614438420609,2026-05-03,0,0,0,0,0,0.00,0,0,0.00,0.00,0,KRW,0,0
2605_다이트_전환캠페인,(재)_천안_진료셀프캠_10kg성공공식_260501,1863887099809826,2026-05-03,979,37,26459,2,489,5.41,0,0,0.00,1.06,36,KRW,1,35
2605_다이트_전환캠페인,(재)_천안_진료셀프캠_다이어트의적 밥빵면_260407,1863887099808882,2026-05-03,8216,513,16015,1,8216,0.19,0,0,0.00,1.06,505,KRW,1,484
2605_다이트_전환캠페인,(재)_천안_진료셀프캠_식욕억제주사이길수없는_260501,1863887099809810,2026-05-03,1202,93,12924,0,0,0.00,0,0,0.00,1.04,93,KRW,0,89
2604_다이트_전환캠페인,(재)_천안_진료셀프캠_운동안해도되는_260416,1862612464960546,2026-05-03,0,0,0,0,0,0.00,0,0,0.00,0.00,0,KRW,0,0
2605_다이트_전환캠페인,(재)_천안_진료셀프캠_주사형비만치료제 고민끝에 50대부부 -32kg_260225,1863887047740546,2026-05-03,17782,2182,8149,15,1185,0.69,1,17782,6.67,1.23,2145,KRW,16,1779
2604_다이트_전환캠페인,(재)_천안_진료셀프캠_주사형비만치료제 고민끝에 50대부부 -32kg_260225,1861968142031009,2026-05-03,0,0,0,0,0,0.00,0,0,0.00,0.00,0,KRW,0,0
2604_다이트_전환캠페인,(신)_대구_인플방문후기_밥빵면안당기는원장님(itsmeyuriwon)_260407,1861796218051601,2026-05-04,0,0,0,0,0,0.00,0,0,0.00,0.00,0,KRW,0,0
2605_다이트_전환캠페인,(신)_대구_인플방문후기_주사형비만치료제(the.hyunniverse)_260403,1863887889389585,2026-05-04,13882,1558,8910,6,2313,0.39,1,13882,16.67,1.15,1530,KRW,7,1354
2604_다이트_전환캠페인,(신)_대구_인플방문후기_주사형비만치료제(the.hyunniverse)_260403,1861968872286353,2026-05-04,0,0,0,0,0,0.00,0,0,0.00,0.00,0,KRW,0,0
2605_다이트_전환캠페인,(신)_대전_인플방문후기_주사형비만치료제(the.hyunniverse)_260403,1863886714723506,2026-05-04,1736,178,9752,1,1736,0.56,0,0,0.00,1.09,174,KRW,1,163
2604_다이트_전환캠페인,(신)_대전_인플방문후기_주사형비만치료제(the.hyunniverse)_260403,1861968952635729,2026-05-04,0,0,0,0,0,0.00,0,0,0.00,0.00,0,KRW,0,0
2604_다이트_전환캠페인,(신)_부평_인플방문후기_건강한다이어트(박고경)_260324,1861276881397074,2026-05-04,0,0,0,0,0,0.00,0,0,0.00,0.00,0,KRW,0,0
2604_다이트_전환캠페인,(신)_부평_인플방문후기_밥빵면안당기는원장님(itsmeyuriwon)_260407,1861795578227042,2026-05-04,0,0,0,0,0,0.00,0,0,0.00,0.00,0,KRW,0,0
2605_다이트_전환캠페인,(신)_부평_인플방문후기_주사형비만치료제(the.hyunniverse)_260403,1863885173598610,2026-05-04,7777,1186,6557,1,7777,0.08,0,0,0.00,1.03,1174,KRW,1,1153
2604_다이트_전환캠페인,(신)_부평_인플방문후기_주사형비만치료제(the.hyunniverse)_260403,1861968247570690,2026-05-04,0,0,0,0,0,0.00,0,0,0.00,0.00,0,KRW,0,0
2605_다이트_전환캠페인,(신)_서울_인플방문후기_주사형비만치료제(the.hyunniverse)_260403,1863884578249282,2026-05-04,2574,235,10953,1,2574,0.43,0,0,0.00,1.05,230,KRW,2,224
2604_다이트_전환캠페인,(신)_서울_인플방문후기_주사형비만치료제(the.hyunniverse)_260403,1861968379365409,2026-05-04,0,0,0,0,0,0.00,0,0,0.00,0.00,0,KRW,0,0
2604_다이트_전환캠페인,(신)_수원_인플방문후기_밥빵면안당기는원장님(itsmeyuriwon)_260407,1861796026692689,2026-05-04,0,0,0,0,0,0.00,0,0,0.00,0.00,0,KRW,0,0
2605_다이트_전환캠페인,(신)_수원_인플방문후기_주사형비만치료제(the.hyunniverse)_260403,1863886407166993,2026-05-04,5954,748,7959,2,2977,0.27,0,0,0.00,1.12,737,KRW,3,665
2604_다이트_전환캠페인,(신)_수원_인플방문후기_주사형비만치료제(the.hyunniverse)_260403,1861426333950193,2026-05-04,0,0,0,0,0,0.00,0,0,0.00,0.00,0,KRW,0,0
2604_다이트_전환캠페인,(신)_일산_인플방문후기_주사형비만치료제(the.hyunniverse)_260403,1861968797915602,2026-05-04,0,0,0,0,0,0.00,0,0,0.00,0.00,0,KRW,0,0
2605_다이트_전환캠페인,(신)_일산_인플방문후기_주사형비만치료제(the.hyunniverse)_260403,1863885929758882,2026-05-04,11962,1099,10884,6,1993,0.55,2,5981,33.33,1.05,1078,KRW,8,1043
2604_다이트_전환캠페인,(신)_창원_인플방문후기_밥빵면안당기는원장님(itsmeyuriwon)_260407,1861796302859538,2026-05-04,0,0,0,0,0,0.00,0,0,0.00,0.00,0,KRW,0,0
2604_다이트_전환캠페인,(신)_창원_인플방문후기_주사형비만치료제(the.hyunniverse)_260403,1861427124084770,2026-05-04,0,0,0,0,0,0.00,0,0,0.00,0.00,0,KRW,0,0
2605_다이트_전환캠페인,(신)_창원_인플방문후기_주사형비만치료제(the.hyunniverse)_260403,1863887556302113,2026-05-04,2665,274,9726,3,888,1.09,0,0,0.00,1.09,267,KRW,2,251
2604_다이트_전환캠페인,(신)_천안_의료진정보_주사형비만치료제 10년은_260116,1861279064396242,2026-05-04,0,0,0,0,0,0.00,0,0,0.00,0.00,0,KRW,0,0
2604_다이트_전환캠페인,(신)_천안_인플방문후기_밥빵면안당기는원장님(itsmeyuriwon)_260407,1861796395517250,2026-05-04,0,0,0,0,0,0.00,0,0,0.00,0.00,0,KRW,0,0
2605_다이트_전환캠페인,(신)_천안_인플방문후기_주사형비만치료제(the.hyunniverse)_260403,1863887099809794,2026-05-04,2566,290,8848,2,1283,0.69,1,2566,50.00,1.10,287,KRW,5,263
2604_다이트_전환캠페인,(신)_천안_인플방문후기_주사형비만치료제(the.hyunniverse)_260403,1861969033799841,2026-05-04,0,0,0,0,0,0.00,0,0,0.00,0.00,0,KRW,0,0
2604_다이트_전환캠페인,(신)_천안_진료셀프캠_주사형 비만치료제보다 더중요한이것_260120,1861969112559697,2026-05-04,0,0,0,0,0,0.00,0,0,0.00,0.00,0,KRW,0,0
2604_다이트_전환캠페인,"(재)_대구_인플방문후기_건강한다이어트(대구,박고경)_260325",1861278128485793,2026-05-04,0,0,0,0,0,0.00,0,0,0.00,0.00,0,KRW,0,0
2604_다이트_전환캠페인,(재)_대구_인플방문후기_연예인다이어트(플랜비)_260416,1862614242718769,2026-05-04,0,0,0,0,0,0.00,0,0,0.00,0.00,0,KRW,0,0
2605_다이트_전환캠페인,(재)_대구_진료셀프캠_10kg성공공식_260501,1863887889389617,2026-05-04,1848,190,9726,0,0,0.00,0,0,0.00,1.09,185,KRW,0,175
2604_다이트_전환캠페인,(재)_대구_진료셀프캠_50대다이어트대사_260422,1863145537589298,2026-05-04,0,0,0,0,0,0.00,0,0,0.00,0.00,0,KRW,0,0
2604_다이트_전환캠페인,(재)_대구_진료셀프캠_다이어트의적 밥빵면_260407,1861778669641809,2026-05-04,0,0,0,0,0,0.00,0,0,0.00,0.00,0,KRW,0,0
2605_다이트_전환캠페인,(재)_대구_진료셀프캠_다이어트의적 밥빵면_260407,1863887889389569,2026-05-04,32294,2403,13439,19,1699,0.79,2,16147,10.53,1.27,2362,KRW,18,1890
2604_다이트_전환캠페인,(재)_대구_진료셀프캠_비만주사는입만막을뿐_260423,1863252567801041,2026-05-04,0,0,0,0,0,0.00,0,0,0.00,0.00,0,KRW,0,0
2604_다이트_전환캠페인,(재)_대구_진료셀프캠_식욕억제주사실패 마지막_260407,1861779512219682,2026-05-04,0,0,0,0,0,0.00,0,0,0.00,0.00,0,KRW,0,0
2605_다이트_전환캠페인,(재)_대구_진료셀프캠_식욕억제주사이길수없는_260501,1863887889389601,2026-05-04,2695,280,9625,3,898,1.07,0,0,0.00,1.12,277,KRW,4,249
2604_다이트_전환캠페인,(재)_대구_진료셀프캠_주사형비만치료제 고민끝에 50대부부 -32kg_260225,1861278082187298,2026-05-04,0,0,0,0,0,0.00,0,0,0.00,0.00,0,KRW,0,0
2605_다이트_전환캠페인,(재)_대구_진료셀프캠_주사형비만치료제 고민끝에 50대부부 -32kg_260225,1863887864035458,2026-05-04,2060,265,7773,1,2060,0.38,0,0,0.00,1.13,260,KRW,1,235
2605_다이트_전환캠페인,(재)_대전_진료셀프캠_10kg성공공식_260501,1863886737135889,2026-05-04,1382,72,19194,1,1382,1.39,0,0,0.00,1.13,71,KRW,1,64
2604_다이트_전환캠페인,(재)_대전_진료셀프캠_다이어트의적 밥빵면_260407,1861776478109986,2026-05-04,0,0,0,0,0,0.00,0,0,0.00,0.00,0,KRW,0,0
2605_다이트_전환캠페인,(재)_대전_진료셀프캠_다이어트의적 밥빵면_260407,1863886714723490,2026-05-04,6882,419,16424,7,983,1.67,0,0,0.00,1.07,417,KRW,7,391
2604_다이트_전환캠페인,(재)_대전_진료셀프캠_비만주사가놓친것_260414,1862452993099026,2026-05-04,0,0,0,0,0,0.00,0,0,0.00,0.00,0,KRW,0,0
2604_다이트_전환캠페인,(재)_대전_진료셀프캠_비만주사는입만막을뿐_260423,1863253376478305,2026-05-04,0,0,0,0,0,0.00,0,0,0.00,0.00,0,KRW,0,0
2604_다이트_전환캠페인,(재)_대전_진료셀프캠_식욕억제주사실패 마지막_260406,1861708051912898,2026-05-04,0,0,0,0,0,0.00,0,0,0.00,0.00,0,KRW,0,0
2604_다이트_전환캠페인,(재)_대전_진료셀프캠_식욕억제주사실패 마지막_260407,1861779986019442,2026-05-04,0,0,0,0,0,0.00,0,0,0.00,0.00,0,KRW,0,0
2605_다이트_전환캠페인,(재)_대전_진료셀프캠_식욕억제주사이길수없는_260501,1863886737135873,2026-05-04,365,24,15208,0,0,0.00,0,0,0.00,1.09,24,KRW,0,22
2604_다이트_전환캠페인,(재)_대전_진료셀프캠_운동안해도되는_260416,1862612373033250,2026-05-04,0,0,0,0,0,0.00,0,0,0.00,0.00,0,KRW,0,0
2605_다이트_전환캠페인,(재)_대전_진료셀프캠_주사형비만치료제 고민끝에 50대부부 -32kg_260225,1863886346477665,2026-05-04,6410,540,11870,5,1282,0.93,0,0,0.00,1.17,535,KRW,6,463
2604_다이트_전환캠페인,(재)_대전_진료셀프캠_주사형비만치료제 고민끝에 50대부부 -32kg_260225,1861708178989089,2026-05-04,0,0,0,0,0,0.00,0,0,0.00,0.00,0,KRW,0,0
2604_다이트_전환캠페인,(재)_부평_의료진정보_무작정운동으로 팩폭_260406,1861709708534065,2026-05-04,0,0,0,0,0,0.00,0,0,0.00,0.00,0,KRW,0,0
2604_다이트_전환캠페인,(재)_부평_인플방문후기_연예인다이어트(플랜비)_260416,1862613882586418,2026-05-04,0,0,0,0,0,0.00,0,0,0.00,0.00,0,KRW,0,0
2605_다이트_전환캠페인,(재)_부평_진료셀프캠_10kg성공공식_260501,1863885164858465,2026-05-04,1007,168,5994,0,0,0.00,0,0,0.00,1.01,167,KRW,0,166
2604_다이트_전환캠페인,(재)_부평_진료셀프캠_4050다이어트비밀_260414,1862453369868354,2026-05-04,0,0,0,0,0,0.00,0,0,0.00,0.00,0,KRW,0,0
2604_다이트_전환캠페인,(재)_부평_진료셀프캠_50대다이어트대사_260422,1863145317184529,2026-05-04,0,0,0,0,0,0.00,0,0,0.00,0.00,0,KRW,0,0
2605_다이트_전환캠페인,(재)_부평_진료셀프캠_다이어트의적 밥빵면_26407,1863885330409586,2026-05-04,24695,1634,15113,8,3086,0.49,0,0,0.00,1.04,1614,KRW,14,1565
2604_다이트_전환캠페인,(재)_부평_진료셀프캠_비만주사는입만막을뿐_260423,1863251994014802,2026-05-04,0,0,0,0,0,0.00,0,0,0.00,0.00,0,KRW,0,0
2604_다이트_전환캠페인,(재)_부평_진료셀프캠_식욕억제주사실패 마지막_260407,1861779276638289,2026-05-04,0,0,0,0,0,0.00,0,0,0.00,0.00,0,KRW,0,0
2605_다이트_전환캠페인,(재)_부평_진료셀프캠_식욕억제주사이길수없는_260501,1863885275116562,2026-05-04,1143,119,9605,1,1143,0.84,0,0,0.00,1.02,117,KRW,1,117
2604_다이트_전환캠페인,(재)_부평_진료셀프캠_운동안해도되는_260416,1862612072337410,2026-05-04,0,0,0,0,0,0.00,0,0,0.00,0.00,0,KRW,0,0
2605_다이트_전환캠페인,(재)_부평_진료셀프캠_운동안해도되는_260416,1863885634776146,2026-05-04,8285,935,8860,4,2071,0.43,1,8285,25.00,1.04,929,KRW,7,900
2605_다이트_전환캠페인,(재)_부평_진료셀프캠_주사형비만치료제 고민끝에 50대부부 -32kg_260225,1863885548023297,2026-05-04,23661,2094,11299,14,1690,0.67,6,3943,42.86,1.09,2070,KRW,23,1920
2604_다이트_전환캠페인,(재)_부평_진료셀프캠_주사형비만치료제 고민끝에 50대부부 -32kg_260225,1861276697497633,2026-05-04,0,0,0,0,0,0.00,0,0,0.00,0.00,0,KRW,0,0
2604_다이트_전환캠페인,(재)_서울_인플방문후기_먹고싶은거다먹는(수원잇츠)_260403,1861438096695922,2026-05-04,0,0,0,0,0,0.00,0,0,0.00,0.00,0,KRW,0,0
2604_다이트_전환캠페인,(재)_서울_인플방문후기_연예인다이어트(플랜비)_260416,1862611925509122,2026-05-04,0,0,0,0,0,0.00,0,0,0.00,0.00,0,KRW,0,0
2605_다이트_전환캠페인,(재)_서울_진료셀프캠_10kg성공공식_260501,1863882737568994,2026-05-04,200,50,4000,0,0,0.00,0,0,0.00,1.06,49,KRW,0,47
2604_다이트_전환캠페인,(재)_서울_진료셀프캠_50대다이어트대사_260422,1863141281578129,2026-05-04,0,0,0,0,0,0.00,0,0,0.00,0.00,0,KRW,0,0
2605_다이트_전환캠페인,(재)_서울_진료셀프캠_다이어트의적 밥빵면_260407,1863884652338370,2026-05-04,17914,728,24607,8,2239,1.10,1,17914,12.50,1.03,717,KRW,11,707
2605_다이트_전환캠페인,(재)_서울_진료셀프캠_비만주사가놓친것_260414,1863884896381362,2026-05-04,317,67,4731,0,0,0.00,0,0,0.00,1.18,67,KRW,0,57
2604_다이트_전환캠페인,(재)_서울_진료셀프캠_비만주사가놓친것_260414,1862427431553298,2026-05-04,0,0,0,0,0,0.00,0,0,0.00,0.00,0,KRW,0,0
2604_다이트_전환캠페인,(재)_서울_진료셀프캠_비만주사는입만막을뿐_260423,1863250762937489,2026-05-04,0,0,0,0,0,0.00,0,0,0.00,0.00,0,KRW,0,0
2604_다이트_전환캠페인,(재)_서울_진료셀프캠_식욕억제주사실패 마지막_260407,1861778815720546,2026-05-04,0,0,0,0,0,0.00,0,0,0.00,0.00,0,KRW,0,0
2605_다이트_전환캠페인,(재)_서울_진료셀프캠_식욕억제주사이길수없는_260501,1863884494503073,2026-05-04,216,46,4695,0,0,0.00,0,0,0.00,1.02,41,KRW,0,45
2604_다이트_전환캠페인,(재)_서울_진료셀프캠_의사가권하지않는4050_260414,1862453122462113,2026-05-04,0,0,0,0,0,0.00,0,0,0.00,0.00,0,KRW,0,0
2605_다이트_전환캠페인,(재)_서울_진료셀프캠_주사형비만치료제 고민끝에 50대부부 -32kg_260225,1863884826077233,2026-05-04,43944,3203,13719,28,1569,0.87,5,8788,17.86,1.14,3139,KRW,38,2804
2604_다이트_전환캠페인,(재)_서울_진료셀프캠_주사형비만치료제 고민끝에 50대부부 -32kg_260225,1861276155386962,2026-05-04,0,0,0,0,0,0.00,0,0,0.00,0.00,0,KRW,0,0
2604_다이트_전환캠페인,"(재)_수원_인플방문후기_건강한다이어트(수원,박고경)_260325",1861277190081841,2026-05-04,0,0,0,0,0,0.00,0,0,0.00,0.00,0,KRW,0,0
2604_다이트_전환캠페인,(재)_수원_인플방문후기_먹고싶은거다먹는(수원잇츠)_260403,1861437972025618,2026-05-04,0,0,0,0,0,0.00,0,0,0.00,0.00,0,KRW,0,0
2605_다이트_전환캠페인,(재)_수원_진료셀프캠_10kg성공공식_260501,1863886407167025,2026-05-04,197,29,6793,1,197,3.45,0,0,0.00,1.00,28,KRW,1,29
2605_다이트_전환캠페인,(재)_수원_진료셀프캠_50대다이어트대사_260422,1863886357342417,2026-05-04,226,52,4346,0,0,0.00,0,0,0.00,1.02,52,KRW,0,51
2604_다이트_전환캠페인,(재)_수원_진료셀프캠_50대다이어트대사_260422,1863144745203025,2026-05-04,0,0,0,0,0,0.00,0,0,0.00,0.00,0,KRW,0,0
2605_다이트_전환캠페인,(재)_수원_진료셀프캠_다이어트의적 밥빵면_260407,1863886407166977,2026-05-04,16378,1092,14998,7,2339,0.64,1,16378,14.29,1.16,1069,KRW,6,938
2604_다이트_전환캠페인,(재)_수원_진료셀프캠_비만주사는입만막을뿐_260423,1863252126952065,2026-05-04,0,0,0,0,0,0.00,0,0,0.00,0.00,0,KRW,0,0
2604_다이트_전환캠페인,(재)_수원_진료셀프캠_비만주사없이 체질_260320,1861277107797025,2026-05-04,0,0,0,0,0,0.00,0,0,0.00,0.00,0,KRW,0,0
2604_다이트_전환캠페인,(재)_수원_진료셀프캠_식욕억제주사실패 마지막_260407,1861779341060274,2026-05-04,0,0,0,0,0,0.00,0,0,0.00,0.00,0,KRW,0,0
2605_다이트_전환캠페인,(재)_수원_진료셀프캠_식욕억제주사이길수없는_260501,1863886407167009,2026-05-04,1126,155,7264,0,0,0.00,0,0,0.00,1.08,154,KRW,1,143
2604_다이트_전환캠페인,(재)_수원_진료셀프캠_운동안해도되는_260416,1862612144893169,2026-05-04,0,0,0,0,0,0.00,0,0,0.00,0.00,0,KRW,0,0
2604_다이트_전환캠페인,(재)_일산_의료진정보_무작정운동으로 팩폭_260406,1861709552021505,2026-05-04,0,0,0,0,0,0.00,0,0,0.00,0.00,0,KRW,0,0
2604_다이트_전환캠페인,"(재)_일산_인플방문후기_건강한다이어트(일산, 박고경)_260325",1861277705679282,2026-05-04,0,0,0,0,0,0.00,0,0,0.00,0.00,0,KRW,0,0
2604_다이트_전환캠페인,(재)_일산_인플방문후기_맘껏먹는 다이어트 한달후기_260306,1861277479159890,2026-05-04,0,0,0,0,0,0.00,0,0,0.00,0.00,0,KRW,0,0
2604_다이트_전환캠페인,(재)_일산_인플방문후기_먹고싶은거다먹는(수원잇츠)_260403,1861437881987106,2026-05-04,0,0,0,0,0,0.00,0,0,0.00,0.00,0,KRW,0,0
2604_다이트_전환캠페인,(재)_일산_인플방문후기_연예인다이어트(일산 플랜비)_260416,1862614105575633,2026-05-04,0,0,0,0,0,0.00,0,0,0.00,0.00,0,KRW,0,0
2605_다이트_전환캠페인,(재)_일산_진료셀프캠_10kg성공공식_260501,1863885740076561,2026-05-04,876,37,23675,0,0,0.00,0,0,0.00,1.03,37,KRW,0,36
2605_다이트_전환캠페인,(재)_일산_진료셀프캠_50대다이어트대사_260422,1863886068832402,2026-05-04,297,36,8250,0,0,0.00,0,0,0.00,1.03,36,KRW,0,35
2604_다이트_전환캠페인,(재)_일산_진료셀프캠_50대다이어트대사_260422,1863145439744049,2026-05-04,0,0,0,0,0,0.00,0,0,0.00,0.00,0,KRW,0,0
2605_다이트_전환캠페인,(재)_일산_진료셀프캠_다이어트의적 밥빵면_260407,1863886068832386,2026-05-04,14815,805,18403,9,1646,1.12,0,0,0.00,1.03,785,KRW,10,783
2605_다이트_전환캠페인,(재)_일산_진료셀프캠_다이어트의적 밥빵면_260407,1863885977135266,2026-05-04,20631,1118,18453,19,1085,1.70,2,10315,10.53,1.03,1096,KRW,18,1084
2604_다이트_전환캠페인,(재)_일산_진료셀프캠_비만주사가놓친것_260414,1862452684235121,2026-05-04,0,0,0,0,0,0.00,0,0,0.00,0.00,0,KRW,0,0
2604_다이트_전환캠페인,(재)_일산_진료셀프캠_비만주사는입만막을뿐_260423,1863252482871297,2026-05-04,0,0,0,0,0,0.00,0,0,0.00,0.00,0,KRW,0,0
2604_다이트_전환캠페인,(재)_일산_진료셀프캠_식욕억제주사실패 마지막_260407,1861779422527666,2026-05-04,0,0,0,0,0,0.00,0,0,0.00,0.00,0,KRW,0,0
2605_다이트_전환캠페인,(재)_일산_진료셀프캠_식욕억제주사이길수없는_260501,1863885876249697,2026-05-04,1152,112,10285,2,576,1.79,0,0,0.00,1.02,108,KRW,3,110
2605_다이트_전환캠페인,(재)_일산_진료셀프캠_운동안해도되는_260416,1863886176319969,2026-05-04,5676,360,15766,2,2838,0.56,0,0,0.00,1.05,356,KRW,2,344
2604_다이트_전환캠페인,(재)_일산_진료셀프캠_운동안해도되는_260416,1862612254235649,2026-05-04,0,0,0,0,0,0.00,0,0,0.00,0.00,0,KRW,0,0
2604_다이트_전환캠페인,(재)_일산_진료셀프캠_의사가권하지않는4050_260414,1862453943180450,2026-05-04,0,0,0,0,0,0.00,0,0,0.00,0.00,0,KRW,0,0
2604_다이트_전환캠페인,"(재)_창원_인플방문후기_건강한다이어트(창원,박고경)_260325",1861278731680866,2026-05-04,0,0,0,0,0,0.00,0,0,0.00,0.00,0,KRW,0,0
2605_다이트_전환캠페인,(재)_창원_인플방문후기_굶지않는다이어트(창원잇츠)_260501,1863887496576258,2026-05-04,2807,321,8744,1,2807,0.31,0,0,0.00,1.17,313,KRW,4,274
2604_다이트_전환캠페인,(재)_창원_인플방문후기_먹고싶은거다먹는(수원잇츠)_260403,1861437705571345,2026-05-04,0,0,0,0,0,0.00,0,0,0.00,0.00,0,KRW,0,0
2604_다이트_전환캠페인,(재)_창원_인플방문후기_연예인다이어트(플랜비)_260416,1862614349846529,2026-05-04,0,0,0,0,0,0.00,0,0,0.00,0.00,0,KRW,0,0
2605_다이트_전환캠페인,(재)_창원_진료셀프캠_10kg성공공식_260501,1863887556302145,2026-05-04,110,21,5238,0,0,0.00,0,0,0.00,1.00,21,KRW,0,21
2604_다이트_전환캠페인,(재)_창원_진료셀프캠_50대다이어트대사_260422,1863145585749009,2026-05-04,0,0,0,0,0,0.00,0,0,0.00,0.00,0,KRW,0,0
2605_다이트_전환캠페인,(재)_창원_진료셀프캠_다이어트의적 밥빵면_260407,1863887556302097,2026-05-04,9963,599,16632,7,1423,1.17,0,0,0.00,1.08,585,KRW,8,555
2604_다이트_전환캠페인,(재)_창원_진료셀프캠_비만주사는입만막을뿐_260423,1863252701617361,2026-05-04,0,0,0,0,0,0.00,0,0,0.00,0.00,0,KRW,0,0
2604_다이트_전환캠페인,(재)_창원_진료셀프캠_식욕억제주사실패 마지막_260407,1861779402873057,2026-05-04,0,0,0,0,0,0.00,0,0,0.00,0.00,0,KRW,0,0
2605_다이트_전환캠페인,(재)_창원_진료셀프캠_식욕억제주사이길수없는_260501,1863887556302129,2026-05-04,114,26,4384,0,0,0.00,0,0,0.00,1.08,26,KRW,0,24
2604_다이트_전환캠페인,(재)_창원_진료셀프캠_운동안해도되는_260416,1862612192812097,2026-05-04,0,0,0,0,0,0.00,0,0,0.00,0.00,0,KRW,0,0
2604_다이트_전환캠페인,(재)_창원_진료셀프캠_주사형비만치료제 고민끝에 50대부부 -32kg_260225,1861278292523041,2026-05-04,0,0,0,0,0,0.00,0,0,0.00,0.00,0,KRW,0,0
2605_다이트_전환캠페인,(재)_창원_진료셀프캠_주사형비만치료제 고민끝에 50대부부 -32kg_260225,1863887556301249,2026-05-04,7299,674,10829,4,1824,0.59,0,0,0.00,1.14,662,KRW,9,591
2604_다이트_전환캠페인,"(재)_천안_인플방문후기_건강한다이어트(천안, 박고경)_260325",1861278985311585,2026-05-04,0,0,0,0,0,0.00,0,0,0.00,0.00,0,KRW,0,0
2604_다이트_전환캠페인,(재)_천안_인플방문후기_연예인다이어트(플랜비)_260416,1862614438420609,2026-05-04,0,0,0,0,0,0.00,0,0,0.00,0.00,0,KRW,0,0
2605_다이트_전환캠페인,(재)_천안_진료셀프캠_10kg성공공식_260501,1863887099809826,2026-05-04,119,16,7437,0,0,0.00,0,0,0.00,1.00,15,KRW,0,16
2604_다이트_전환캠페인,(재)_천안_진료셀프캠_50대다이어트대사_260422,1863145660596401,2026-05-04,0,0,0,0,0,0.00,0,0,0.00,0.00,0,KRW,0,0
2605_다이트_전환캠페인,(재)_천안_진료셀프캠_다이어트의적 밥빵면_260407,1863887099808882,2026-05-04,7180,442,16244,5,1436,1.13,0,0,0.00,1.06,432,KRW,5,417
2604_다이트_전환캠페인,(재)_천안_진료셀프캠_식욕억제주사실패 마지막_260407,1861779883450610,2026-05-04,0,0,0,0,0,0.00,0,0,0.00,0.00,0,KRW,0,0
2605_다이트_전환캠페인,(재)_천안_진료셀프캠_식욕억제주사이길수없는_260501,1863887099809810,2026-05-04,130,30,4333,0,0,0.00,0,0,0.00,1.07,29,KRW,0,28
2604_다이트_전환캠페인,(재)_천안_진료셀프캠_운동안해도되는_260416,1862612464960546,2026-05-04,0,0,0,0,0,0.00,0,0,0.00,0.00,0,KRW,0,0
2605_다이트_전환캠페인,(재)_천안_진료셀프캠_주사형비만치료제 고민끝에 50대부부 -32kg_260225,1863887047740546,2026-05-04,7663,654,11717,4,1915,0.61,0,0,0.00,1.15,644,KRW,7,570
2604_다이트_전환캠페인,(신)_대구_인플방문후기_먹으면서 다이어트(대읽남)_251017,1861277850752146,2026-05-05,0,0,0,0,0,0.00,0,0,0.00,0.00,0,KRW,0,0
2604_다이트_전환캠페인,(신)_대구_인플방문후기_밥빵면안당기는원장님(itsmeyuriwon)_260407,1861796218051601,2026-05-05,0,0,0,0,0,0.00,0,0,0.00,0.00,0,KRW,0,0
2605_다이트_전환캠페인,(신)_대구_인플방문후기_주사형비만치료제(the.hyunniverse)_260403,1863887889389585,2026-05-05,3902,332,11753,2,1951,0.60,0,0,0.00,1.08,328,KRW,2,307
2604_다이트_전환캠페인,(신)_대구_인플방문후기_주사형비만치료제(the.hyunniverse)_260403,1861968872286353,2026-05-05,0,0,0,0,0,0.00,0,0,0.00,0.00,0,KRW,0,0
2604_다이트_전환캠페인,(신)_대전_인플방문후기_밥빵면안당기는원장님(itsmeyuriwon)_260407,1861796462367905,2026-05-05,0,0,0,0,0,0.00,0,0,0.00,0.00,0,KRW,0,0
2604_다이트_전환캠페인,(신)_대전_인플방문후기_주사형비만치료제(the.hyunniverse)_260403,1861968952635729,2026-05-05,0,0,0,0,0,0.00,0,0,0.00,0.00,0,KRW,0,0
2605_다이트_전환캠페인,(신)_대전_인플방문후기_주사형비만치료제(the.hyunniverse)_260403,1863886714723506,2026-05-05,3808,429,8876,2,1904,0.47,0,0,0.00,1.08,427,KRW,2,397
2604_다이트_전환캠페인,(신)_부평_인플방문후기_밥빵면안당기는원장님(itsmeyuriwon)_260407,1861795578227042,2026-05-05,0,0,0,0,0,0.00,0,0,0.00,0.00,0,KRW,0,0
2604_다이트_전환캠페인,(신)_부평_인플방문후기_주사형비만치료제(the.hyunniverse)_260403,1861968247570690,2026-05-05,0,0,0,0,0,0.00,0,0,0.00,0.00,0,KRW,0,0
2605_다이트_전환캠페인,(신)_부평_인플방문후기_주사형비만치료제(the.hyunniverse)_260403,1863885173598610,2026-05-05,5684,620,9167,1,5684,0.16,0,0,0.00,1.06,613,KRW,2,584
2604_다이트_전환캠페인,(신)_서울_인플방문후기_밥빵면안당기는원장님(itsmeyuriwon)_260407,1861792943047986,2026-05-05,0,0,0,0,0,0.00,0,0,0.00,0.00,0,KRW,0,0
2605_다이트_전환캠페인,(신)_서울_인플방문후기_주사형비만치료제(the.hyunniverse)_260403,1863884578249282,2026-05-05,2967,276,10750,2,1483,0.72,0,0,0.00,1.04,273,KRW,1,265
2604_다이트_전환캠페인,(신)_서울_인플방문후기_주사형비만치료제(the.hyunniverse)_260403,1861968379365409,2026-05-05,0,0,0,0,0,0.00,0,0,0.00,0.00,0,KRW,0,0
2602_다이트_전환캠페인,(신)_수원_의료진정보_주사형비만치료제 10년은_260116,1856011253736641,2026-05-05,0,0,0,0,0,0.00,0,0,0.00,0.00,0,KRW,0,0
2604_다이트_전환캠페인,(신)_수원_인플방문후기_밥빵면안당기는원장님(itsmeyuriwon)_260407,1861796026692689,2026-05-05,0,0,0,0,0,0.00,0,0,0.00,0.00,0,KRW,0,0
2604_다이트_전환캠페인,(신)_수원_인플방문후기_주사형비만치료제(the.hyunniverse)_260403,1861426333950193,2026-05-05,0,0,0,0,0,0.00,0,0,0.00,0.00,0,KRW,0,0
2605_다이트_전환캠페인,(신)_수원_인플방문후기_주사형비만치료제(the.hyunniverse)_260403,1863886407166993,2026-05-05,3382,333,10156,1,3382,0.30,0,0,0.00,1.10,328,KRW,1,304
2604_다이트_전환캠페인,(신)_일산_인플방문후기_주사형비만치료제(the.hyunniverse)_260403,1861968797915602,2026-05-05,0,0,0,0,0,0.00,0,0,0.00,0.00,0,KRW,0,0
2605_다이트_전환캠페인,(신)_일산_인플방문후기_주사형비만치료제(the.hyunniverse)_260403,1863885929758882,2026-05-05,7183,568,12646,2,3591,0.35,0,0,0.00,1.05,560,KRW,4,542
2604_다이트_전환캠페인,(신)_창원_인플방문후기_밥빵면안당기는원장님(itsmeyuriwon)_260407,1861796302859538,2026-05-05,0,0,0,0,0,0.00,0,0,0.00,0.00,0,KRW,0,0
2604_다이트_전환캠페인,(신)_창원_인플방문후기_주사형비만치료제(the.hyunniverse)_260403,1861427124084770,2026-05-05,0,0,0,0,0,0.00,0,0,0.00,0.00,0,KRW,0,0
2605_다이트_전환캠페인,(신)_창원_인플방문후기_주사형비만치료제(the.hyunniverse)_260403,1863887556302113,2026-05-05,1547,149,10382,1,1547,0.67,0,0,0.00,1.06,149,KRW,2,140
2604_다이트_전환캠페인,(신)_천안_의료진정보_주사형비만치료제 10년은_260116,1861279064396242,2026-05-05,0,0,0,0,0,0.00,0,0,0.00,0.00,0,KRW,0,0
2604_다이트_전환캠페인,(신)_천안_인플방문후기_밥빵면안당기는원장님(itsmeyuriwon)_260407,1861796395517250,2026-05-05,0,0,0,0,0,0.00,0,0,0.00,0.00,0,KRW,0,0
2604_다이트_전환캠페인,(신)_천안_인플방문후기_주사형비만치료제(the.hyunniverse)_260403,1861969033799841,2026-05-05,0,0,0,0,0,0.00,0,0,0.00,0.00,0,KRW,0,0
2605_다이트_전환캠페인,(신)_천안_인플방문후기_주사형비만치료제(the.hyunniverse)_260403,1863887099809794,2026-05-05,2008,226,8884,2,1004,0.88,0,0,0.00,1.09,225,KRW,2,208
2604_다이트_전환캠페인,(신)_천안_진료셀프캠_주사형 비만치료제보다 더중요한이것_260120,1861969112559697,2026-05-05,0,0,0,0,0,0.00,0,0,0.00,0.00,0,KRW,0,0
2604_다이트_전환캠페인,"(재)_대구_인플방문후기_건강한다이어트(대구,박고경)_260325",1861278128485793,2026-05-05,0,0,0,0,0,0.00,0,0,0.00,0.00,0,KRW,0,0
2605_다이트_전환캠페인,(재)_대구_진료셀프캠_10kg성공공식_260501,1863887889389617,2026-05-05,1558,66,23606,1,1558,1.52,0,0,0.00,1.12,64,KRW,1,59
2604_다이트_전환캠페인,(재)_대구_진료셀프캠_50대다이어트대사_260422,1863145537589298,2026-05-05,0,0,0,0,0,0.00,0,0,0.00,0.00,0,KRW,0,0
2604_다이트_전환캠페인,(재)_대구_진료셀프캠_다이어트의적 밥빵면_260407,1861778669641809,2026-05-05,0,0,0,0,0,0.00,0,0,0.00,0.00,0,KRW,0,0
2605_다이트_전환캠페인,(재)_대구_진료셀프캠_다이어트의적 밥빵면_260407,1863887889389569,2026-05-05,13347,912,14634,8,1668,0.88,0,0,0.00,1.18,894,KRW,10,775
2604_다이트_전환캠페인,(재)_대구_진료셀프캠_비만주사는입만막을뿐_260423,1863252567801041,2026-05-05,0,0,0,0,0,0.00,0,0,0.00,0.00,0,KRW,0,0
2604_다이트_전환캠페인,(재)_대구_진료셀프캠_식욕억제주사실패 마지막_260407,1861779512219682,2026-05-05,0,0,0,0,0,0.00,0,0,0.00,0.00,0,KRW,0,0
2605_다이트_전환캠페인,(재)_대구_진료셀프캠_식욕억제주사이길수없는_260501,1863887889389601,2026-05-05,685,67,10223,0,0,0.00,0,0,0.00,1.14,67,KRW,0,59
2604_다이트_전환캠페인,(재)_대구_진료셀프캠_운동안해도되는_260416,1862612192785601,2026-05-05,0,0,0,0,0,0.00,0,0,0.00,0.00,0,KRW,0,0
2604_다이트_전환캠페인,(재)_대구_진료셀프캠_주사형비만치료제 고민끝에 50대부부 -32kg_260225,1861278082187298,2026-05-05,0,0,0,0,0,0.00,0,0,0.00,0.00,0,KRW,0,0
2605_다이트_전환캠페인,(재)_대구_진료셀프캠_주사형비만치료제 고민끝에 50대부부 -32kg_260225,1863887864035458,2026-05-05,523,52,10057,0,0,0.00,0,0,0.00,1.08,50,KRW,0,48
2604_다이트_전환캠페인,(재)_대전_인플방문후기_연예인다이어트(플랜비)_260416,1862614549502162,2026-05-05,0,0,0,0,0,0.00,0,0,0.00,0.00,0,KRW,0,0
2605_다이트_전환캠페인,(재)_대전_진료셀프캠_10kg성공공식_260501,1863886737135889,2026-05-05,1577,125,12616,1,1577,0.80,0,0,0.00,1.15,124,KRW,1,109
2605_다이트_전환캠페인,(재)_대전_진료셀프캠_다이어트의적 밥빵면_260407,1863886714723490,2026-05-05,22244,1064,20906,11,2022,1.03,1,22244,9.09,1.09,1050,KRW,14,977
2604_다이트_전환캠페인,(재)_대전_진료셀프캠_다이어트의적 밥빵면_260407,1861776478109986,2026-05-05,0,0,0,0,0,0.00,0,0,0.00,0.00,0,KRW,0,0
2604_다이트_전환캠페인,(재)_대전_진료셀프캠_비만주사가놓친것_260414,1862452993099026,2026-05-05,0,0,0,0,0,0.00,0,0,0.00,0.00,0,KRW,0,0
2604_다이트_전환캠페인,(재)_대전_진료셀프캠_식욕억제주사실패 마지막_260406,1861708051912898,2026-05-05,0,0,0,0,0,0.00,0,0,0.00,0.00,0,KRW,0,0
2604_다이트_전환캠페인,(재)_대전_진료셀프캠_식욕억제주사실패 마지막_260407,1861779986019442,2026-05-05,0,0,0,0,0,0.00,0,0,0.00,0.00,0,KRW,0,0
2605_다이트_전환캠페인,(재)_대전_진료셀프캠_식욕억제주사이길수없는_260501,1863886737135873,2026-05-05,494,31,15935,0,0,0.00,0,0,0.00,1.07,31,KRW,0,29
2604_다이트_전환캠페인,(재)_대전_진료셀프캠_운동안해도되는_260416,1862612373033250,2026-05-05,0,0,0,0,0,0.00,0,0,0.00,0.00,0,KRW,0,0
2604_다이트_전환캠페인,(재)_대전_진료셀프캠_주사형비만치료제 고민끝에 50대부부 -32kg_260225,1861708178989089,2026-05-05,0,0,0,0,0,0.00,0,0,0.00,0.00,0,KRW,0,0
2605_다이트_전환캠페인,(재)_대전_진료셀프캠_주사형비만치료제 고민끝에 50대부부 -32kg_260225,1863886346477665,2026-05-05,20776,1121,18533,7,2968,0.62,2,10388,28.57,1.16,1100,KRW,9,970
2604_다이트_전환캠페인,(재)_부평_인플방문후기_연예인다이어트(플랜비)_260416,1862613882586418,2026-05-05,0,0,0,0,0,0.00,0,0,0.00,0.00,0,KRW,0,0
2605_다이트_전환캠페인,(재)_부평_진료셀프캠_10kg성공공식_260501,1863885164858465,2026-05-05,635,64,9921,0,0,0.00,0,0,0.00,1.00,64,KRW,0,64
2604_다이트_전환캠페인,(재)_부평_진료셀프캠_4050다이어트비밀_260414,1862453369868354,2026-05-05,0,0,0,0,0,0.00,0,0,0.00,0.00,0,KRW,0,0
2604_다이트_전환캠페인,(재)_부평_진료셀프캠_50대다이어트대사_260422,1863145317184529,2026-05-05,0,0,0,0,0,0.00,0,0,0.00,0.00,0,KRW,0,0
2605_다이트_전환캠페인,(재)_부평_진료셀프캠_다이어트의적 밥빵면_26407,1863885330409586,2026-05-05,15207,923,16475,5,3041,0.54,1,15207,20.00,1.03,917,KRW,8,898
2604_다이트_전환캠페인,(재)_부평_진료셀프캠_비만주사는입만막을뿐_260423,1863251994014802,2026-05-05,0,0,0,0,0,0.00,0,0,0.00,0.00,0,KRW,0,0
2604_다이트_전환캠페인,(재)_부평_진료셀프캠_식욕억제주사실패 마지막_260407,1861779276638289,2026-05-05,0,0,0,0,0,0.00,0,0,0.00,0.00,0,KRW,0,0
2605_다이트_전환캠페인,(재)_부평_진료셀프캠_식욕억제주사이길수없는_260501,1863885275116562,2026-05-05,1169,66,17712,1,1169,1.52,0,0,0.00,1.02,65,KRW,0,65
2605_다이트_전환캠페인,(재)_부평_진료셀프캠_운동안해도되는_260416,1863885634776146,2026-05-05,6702,495,13539,5,1340,1.01,0,0,0.00,1.08,490,KRW,6,460
2604_다이트_전환캠페인,(재)_부평_진료셀프캠_운동안해도되는_260416,1862612072337410,2026-05-05,0,0,0,0,0,0.00,0,0,0.00,0.00,0,KRW,0,0
2604_다이트_전환캠페인,(재)_부평_진료셀프캠_주사형비만치료제 고민끝에 50대부부 -32kg_260225,1861276697497633,2026-05-05,0,0,0,0,0,0.00,0,0,0.00,0.00,0,KRW,0,0
2605_다이트_전환캠페인,(재)_부평_진료셀프캠_주사형비만치료제 고민끝에 50대부부 -32kg_260225,1863885548023297,2026-05-05,20918,1418,14751,9,2324,0.63,0,0,0.00,1.15,1400,KRW,13,1229
2604_다이트_전환캠페인,(재)_서울_인플방문후기_연예인다이어트(플랜비)_260416,1862611925509122,2026-05-05,0,0,0,0,0,0.00,0,0,0.00,0.00,0,KRW,0,0
2605_다이트_전환캠페인,(재)_서울_진료셀프캠_10kg성공공식_260501,1863882737568994,2026-05-05,119,33,3606,0,0,0.00,0,0,0.00,1.00,33,KRW,0,33
2604_다이트_전환캠페인,(재)_서울_진료셀프캠_50대다이어트대사_260422,1863141281578129,2026-05-05,0,0,0,0,0,0.00,0,0,0.00,0.00,0,KRW,0,0
2605_다이트_전환캠페인,(재)_서울_진료셀프캠_다이어트의적 밥빵면_260407,1863884652338370,2026-05-05,18815,1029,18284,12,1567,1.17,0,0,0.00,1.03,1019,KRW,15,999
2604_다이트_전환캠페인,(재)_서울_진료셀프캠_비만주사가놓친것_260414,1862427431553298,2026-05-05,0,0,0,0,0,0.00,0,0,0.00,0.00,0,KRW,0,0
2605_다이트_전환캠페인,(재)_서울_진료셀프캠_비만주사가놓친것_260414,1863884896381362,2026-05-05,147,41,3585,0,0,0.00,0,0,0.00,1.05,40,KRW,0,39
2604_다이트_전환캠페인,(재)_서울_진료셀프캠_비만주사는입만막을뿐_260423,1863250762937489,2026-05-05,0,0,0,0,0,0.00,0,0,0.00,0.00,0,KRW,0,0
2604_다이트_전환캠페인,(재)_서울_진료셀프캠_식욕억제주사실패 마지막_260407,1861778815720546,2026-05-05,0,0,0,0,0,0.00,0,0,0.00,0.00,0,KRW,0,0
2605_다이트_전환캠페인,(재)_서울_진료셀프캠_식욕억제주사이길수없는_260501,1863884494503073,2026-05-05,235,34,6911,0,0,0.00,0,0,0.00,1.03,32,KRW,0,33
2604_다이트_전환캠페인,(재)_서울_진료셀프캠_운동안해도되는_260416,1862607904464929,2026-05-05,0,0,0,0,0,0.00,0,0,0.00,0.00,0,KRW,0,0
2604_다이트_전환캠페인,(재)_서울_진료셀프캠_의사가권하지않는4050_260414,1862453122462113,2026-05-05,0,0,0,0,0,0.00,0,0,0.00,0.00,0,KRW,0,0
2605_다이트_전환캠페인,(재)_서울_진료셀프캠_주사형비만치료제 고민끝에 50대부부 -32kg_260225,1863884826077233,2026-05-05,42755,3179,13449,25,1710,0.79,3,14251,12.00,1.14,3133,KRW,35,2785
2604_다이트_전환캠페인,(재)_서울_진료셀프캠_주사형비만치료제 고민끝에 50대부부 -32kg_260225,1861276155386962,2026-05-05,0,0,0,0,0,0.00,0,0,0.00,0.00,0,KRW,0,0
2604_다이트_전환캠페인,(재)_수원_의료진정보_4050나잇살 이유는 여기에_260410,1862064207732210,2026-05-05,0,0,0,0,0,0.00,0,0,0.00,0.00,0,KRW,0,0
2604_다이트_전환캠페인,(재)_수원_의료진정보_무작정운동으로 팩폭_260406,1861709615890674,2026-05-05,0,0,0,0,0,0.00,0,0,0.00,0.00,0,KRW,0,0
2604_다이트_전환캠페인,"(재)_수원_인플방문후기_건강한다이어트(수원,박고경)_260325",1861277190081841,2026-05-05,0,0,0,0,0,0.00,0,0,0.00,0.00,0,KRW,0,0
2604_다이트_전환캠페인,(재)_수원_인플방문후기_먹고싶은거다먹는(수원잇츠)_260403,1861437972025618,2026-05-05,0,0,0,0,0,0.00,0,0,0.00,0.00,0,KRW,0,0
2604_다이트_전환캠페인,(재)_수원_인플방문후기_연예인다이어트(플랜비)_260416,1862613961447426,2026-05-05,0,0,0,0,0,0.00,0,0,0.00,0.00,0,KRW,0,0
2605_다이트_전환캠페인,(재)_수원_진료셀프캠_10kg성공공식_260501,1863886407167025,2026-05-05,333,18,18500,0,0,0.00,0,0,0.00,1.00,18,KRW,0,18
2604_다이트_전환캠페인,(재)_수원_진료셀프캠_50대다이어트대사_260422,1863144745203025,2026-05-05,0,0,0,0,0,0.00,0,0,0.00,0.00,0,KRW,0,0
2605_다이트_전환캠페인,(재)_수원_진료셀프캠_50대다이어트대사_260422,1863886357342417,2026-05-05,100,20,5000,0,0,0.00,0,0,0.00,1.00,20,KRW,0,20
2605_다이트_전환캠페인,(재)_수원_진료셀프캠_다이어트의적 밥빵면_260407,1863886407166977,2026-05-05,10145,587,17282,11,922,1.87,0,0,0.00,1.10,578,KRW,10,535
2604_다이트_전환캠페인,(재)_수원_진료셀프캠_비만주사는입만막을뿐_260423,1863252126952065,2026-05-05,0,0,0,0,0,0.00,0,0,0.00,0.00,0,KRW,0,0
2604_다이트_전환캠페인,(재)_수원_진료셀프캠_식욕억제주사실패 마지막_260407,1861779341060274,2026-05-05,0,0,0,0,0,0.00,0,0,0.00,0.00,0,KRW,0,0
2605_다이트_전환캠페인,(재)_수원_진료셀프캠_식욕억제주사이길수없는_260501,1863886407167009,2026-05-05,350,47,7446,0,0,0.00,0,0,0.00,1.00,47,KRW,0,47
2604_다이트_전환캠페인,(재)_수원_진료셀프캠_운동안해도되는_260416,1862612144893169,2026-05-05,0,0,0,0,0,0.00,0,0,0.00,0.00,0,KRW,0,0
2604_다이트_전환캠페인,(재)_수원_진료셀프캠_의사가권하지않는4050_260414,1862453880112178,2026-05-05,0,0,0,0,0,0.00,0,0,0.00,0.00,0,KRW,0,0
2604_다이트_전환캠페인,(재)_일산_의료진정보_무작정운동으로 팩폭_260406,1861709552021505,2026-05-05,0,0,0,0,0,0.00,0,0,0.00,0.00,0,KRW,0,0
2604_다이트_전환캠페인,(재)_일산_인플방문후기_맘껏먹는 다이어트 한달후기_260306,1861277479159890,2026-05-05,0,0,0,0,0,0.00,0,0,0.00,0.00,0,KRW,0,0
2604_다이트_전환캠페인,(재)_일산_인플방문후기_연예인다이어트(일산 플랜비)_260416,1862614105575633,2026-05-05,0,0,0,0,0,0.00,0,0,0.00,0.00,0,KRW,0,0
2605_다이트_전환캠페인,(재)_일산_진료셀프캠_10kg성공공식_260501,1863885740076561,2026-05-05,1157,53,21830,2,578,3.77,0,0,0.00,1.06,52,KRW,1,50
2605_다이트_전환캠페인,(재)_일산_진료셀프캠_50대다이어트대사_260422,1863886068832402,2026-05-05,187,29,6448,0,0,0.00,0,0,0.00,1.00,28,KRW,0,29
2605_다이트_전환캠페인,(재)_일산_진료셀프캠_다이어트의적 밥빵면_260407,1863886068832386,2026-05-05,9535,537,17756,2,4767,0.37,0,0,0.00,1.06,528,KRW,2,507
2605_다이트_전환캠페인,(재)_일산_진료셀프캠_다이어트의적 밥빵면_260407,1863885977135266,2026-05-05,19699,866,22747,14,1407,1.62,0,0,0.00,1.03,855,KRW,14,839
2604_다이트_전환캠페인,(재)_일산_진료셀프캠_비만주사가놓친것_260414,1862452684235121,2026-05-05,0,0,0,0,0,0.00,0,0,0.00,0.00,0,KRW,0,0
2604_다이트_전환캠페인,(재)_일산_진료셀프캠_비만주사는입만막을뿐_260423,1863252482871297,2026-05-05,0,0,0,0,0,0.00,0,0,0.00,0.00,0,KRW,0,0
2604_다이트_전환캠페인,(재)_일산_진료셀프캠_식욕억제주사실패 마지막_260407,1861779422527666,2026-05-05,0,0,0,0,0,0.00,0,0,0.00,0.00,0,KRW,0,0
2605_다이트_전환캠페인,(재)_일산_진료셀프캠_식욕억제주사이길수없는_260501,1863885876249697,2026-05-05,896,55,16290,0,0,0.00,0,0,0.00,1.08,55,KRW,0,51
2605_다이트_전환캠페인,(재)_일산_진료셀프캠_운동안해도되는_260416,1863886176319969,2026-05-05,2927,181,16171,1,2927,0.55,0,0,0.00,1.07,178,KRW,1,169
2604_다이트_전환캠페인,(재)_일산_진료셀프캠_운동안해도되는_260416,1862612254235649,2026-05-05,0,0,0,0,0,0.00,0,0,0.00,0.00,0,KRW,0,0
2604_다이트_전환캠페인,(재)_일산_진료셀프캠_의사가권하지않는4050_260414,1862453943180450,2026-05-05,0,0,0,0,0,0.00,0,0,0.00,0.00,0,KRW,0,0
2604_다이트_전환캠페인,(재)_창원_의료진정보_4050나잇살 이유는 여기에_260410,1862064114067810,2026-05-05,0,0,0,0,0,0.00,0,0,0.00,0.00,0,KRW,0,0
2605_다이트_전환캠페인,(재)_창원_인플방문후기_굶지않는다이어트(창원잇츠)_260501,1863887496576258,2026-05-05,2994,271,11047,2,1497,0.74,0,0,0.00,1.05,269,KRW,1,257
2604_다이트_전환캠페인,(재)_창원_인플방문후기_연예인다이어트(플랜비)_260416,1862614349846529,2026-05-05,0,0,0,0,0,0.00,0,0,0.00,0.00,0,KRW,0,0
2605_다이트_전환캠페인,(재)_창원_진료셀프캠_10kg성공공식_260501,1863887556302145,2026-05-05,4,2,2000,0,0,0.00,0,0,0.00,1.00,2,KRW,0,2
2604_다이트_전환캠페인,(재)_창원_진료셀프캠_50대다이어트대사_260422,1863145585749009,2026-05-05,0,0,0,0,0,0.00,0,0,0.00,0.00,0,KRW,0,0
2605_다이트_전환캠페인,(재)_창원_진료셀프캠_다이어트의적 밥빵면_260407,1863887556302097,2026-05-05,4863,265,18350,2,2431,0.75,2,2431,100.00,1.05,258,KRW,5,252
2604_다이트_전환캠페인,(재)_창원_진료셀프캠_비만주사는입만막을뿐_260423,1863252701617361,2026-05-05,0,0,0,0,0,0.00,0,0,0.00,0.00,0,KRW,0,0
2604_다이트_전환캠페인,(재)_창원_진료셀프캠_식욕억제주사실패 마지막_260407,1861779402873057,2026-05-05,0,0,0,0,0,0.00,0,0,0.00,0.00,0,KRW,0,0
2605_다이트_전환캠페인,(재)_창원_진료셀프캠_식욕억제주사이길수없는_260501,1863887556302129,2026-05-05,96,14,6857,0,0,0.00,0,0,0.00,1.00,14,KRW,1,14
2604_다이트_전환캠페인,(재)_창원_진료셀프캠_운동안해도되는_260416,1862612192812097,2026-05-05,0,0,0,0,0,0.00,0,0,0.00,0.00,0,KRW,0,0
2605_다이트_전환캠페인,(재)_창원_진료셀프캠_주사형비만치료제 고민끝에 50대부부 -32kg_260225,1863887556301249,2026-05-05,3912,254,15401,2,1956,0.79,0,0,0.00,1.10,250,KRW,2,230
2604_다이트_전환캠페인,(재)_천안_의료진정보_4050나잇살 이유는 여기에_260410,1862058676263265,2026-05-05,0,0,0,0,0,0.00,0,0,0.00,0.00,0,KRW,0,0
2605_다이트_전환캠페인,(재)_천안_진료셀프캠_10kg성공공식_260501,1863887099809826,2026-05-05,124,16,7750,0,0,0.00,0,0,0.00,1.07,16,KRW,0,15
2605_다이트_전환캠페인,(재)_천안_진료셀프캠_다이어트의적 밥빵면_260407,1863887099808882,2026-05-05,8765,515,17019,5,1753,0.97,0,0,0.00,1.06,510,KRW,5,488
2604_다이트_전환캠페인,(재)_천안_진료셀프캠_비만주사가놓친것_260414,1862452895498482,2026-05-05,0,0,0,0,0,0.00,0,0,0.00,0.00,0,KRW,0,0
2604_다이트_전환캠페인,(재)_천안_진료셀프캠_식욕억제주사실패 마지막_260407,1861779883450610,2026-05-05,0,0,0,0,0,0.00,0,0,0.00,0.00,0,KRW,0,0
2605_다이트_전환캠페인,(재)_천안_진료셀프캠_식욕억제주사이길수없는_260501,1863887099809810,2026-05-05,76,15,5066,0,0,0.00,0,0,0.00,1.07,15,KRW,0,14
2604_다이트_전환캠페인,(재)_천안_진료셀프캠_운동안해도되는_260416,1862612464960546,2026-05-05,0,0,0,0,0,0.00,0,0,0.00,0.00,0,KRW,0,0
2604_다이트_전환캠페인,(재)_천안_진료셀프캠_주사형비만치료제 고민끝에 50대부부 -32kg_260225,1861968142031009,2026-05-05,0,0,0,0,0,0.00,0,0,0.00,0.00,0,KRW,0,0
2605_다이트_전환캠페인,(재)_천안_진료셀프캠_주사형비만치료제 고민끝에 50대부부 -32kg_260225,1863887047740546,2026-05-05,7653,453,16894,7,1093,1.55,0,0,0.00,1.17,445,KRW,7,387
2604_다이트_전환캠페인,(신)_대구_인플방문후기_먹으면서 다이어트(대읽남)_251017,1861277850752146,2026-05-06,0,0,0,0,0,0.00,0,0,0.00,0.00,0,KRW,0,0
2604_다이트_전환캠페인,(신)_대구_인플방문후기_밥빵면안당기는원장님(itsmeyuriwon)_260407,1861796218051601,2026-05-06,0,0,0,0,0,0.00,0,0,0.00,0.00,0,KRW,0,0
2604_다이트_전환캠페인,(신)_대구_인플방문후기_주사형비만치료제(the.hyunniverse)_260403,1861968872286353,2026-05-06,0,0,0,0,0,0.00,0,0,0.00,0.00,0,KRW,0,0
2605_다이트_전환캠페인,(신)_대구_인플방문후기_주사형비만치료제(the.hyunniverse)_260403,1863887889389585,2026-05-06,2791,295,9461,2,1395,0.68,1,2791,50.00,1.06,288,KRW,6,278
2604_다이트_전환캠페인,(신)_대전_인플방문후기_밥빵면안당기는원장님(itsmeyuriwon)_260407,1861796462367905,2026-05-06,0,0,0,0,0,0.00,0,0,0.00,0.00,0,KRW,0,0
2605_다이트_전환캠페인,(신)_대전_인플방문후기_주사형비만치료제(the.hyunniverse)_260403,1863886714723506,2026-05-06,867,98,8846,0,0,0.00,0,0,0.00,1.04,98,KRW,0,94
2604_다이트_전환캠페인,(신)_대전_인플방문후기_주사형비만치료제(the.hyunniverse)_260403,1861968952635729,2026-05-06,0,0,0,0,0,0.00,0,0,0.00,0.00,0,KRW,0,0
2604_다이트_전환캠페인,(신)_부평_의료진정보_주사형비만치료제 10년은_260116,1861276817166401,2026-05-06,0,0,0,0,0,0.00,0,0,0.00,0.00,0,KRW,0,0
2604_다이트_전환캠페인,(신)_부평_인플방문후기_건강한다이어트(박고경)_260324,1861276881397074,2026-05-06,0,0,0,0,0,0.00,0,0,0.00,0.00,0,KRW,0,0
2604_다이트_전환캠페인,(신)_부평_인플방문후기_밥빵면안당기는원장님(itsmeyuriwon)_260407,1861795578227042,2026-05-06,0,0,0,0,0,0.00,0,0,0.00,0.00,0,KRW,0,0
2604_다이트_전환캠페인,(신)_부평_인플방문후기_주사형비만치료제(the.hyunniverse)_260403,1861968247570690,2026-05-06,0,0,0,0,0,0.00,0,0,0.00,0.00,0,KRW,0,0
2605_다이트_전환캠페인,(신)_부평_인플방문후기_주사형비만치료제(the.hyunniverse)_260403,1863885173598610,2026-05-06,1598,137,11664,0,0,0.00,0,0,0.00,1.01,136,KRW,0,135
2604_다이트_전환캠페인,(신)_서울_인플방문후기_밥빵면안당기는원장님(itsmeyuriwon)_260407,1861792943047986,2026-05-06,0,0,0,0,0,0.00,0,0,0.00,0.00,0,KRW,0,0
2605_다이트_전환캠페인,(신)_서울_인플방문후기_주사형비만치료제(the.hyunniverse)_260403,1863884578249282,2026-05-06,2603,325,8009,2,1301,0.62,0,0,0.00,1.06,319,KRW,2,306
2604_다이트_전환캠페인,(신)_서울_인플방문후기_주사형비만치료제(the.hyunniverse)_260403,1861968379365409,2026-05-06,0,0,0,0,0,0.00,0,0,0.00,0.00,0,KRW,0,0
2604_다이트_전환캠페인,(신)_수원_인플방문후기_밥빵면안당기는원장님(itsmeyuriwon)_260407,1861796026692689,2026-05-06,0,0,0,0,0,0.00,0,0,0.00,0.00,0,KRW,0,0
2604_다이트_전환캠페인,(신)_수원_인플방문후기_주사형비만치료제(the.hyunniverse)_260403,1861426333950193,2026-05-06,0,0,0,0,0,0.00,0,0,0.00,0.00,0,KRW,0,0
2605_다이트_전환캠페인,(신)_수원_인플방문후기_주사형비만치료제(the.hyunniverse)_260403,1863886407166993,2026-05-06,2343,202,11599,0,0,0.00,0,0,0.00,1.04,199,KRW,1,195
2604_다이트_전환캠페인,(신)_일산_인플방문후기_주사형비만치료제(the.hyunniverse)_260403,1861968797915602,2026-05-06,0,0,0,0,0,0.00,0,0,0.00,0.00,0,KRW,0,0
2605_다이트_전환캠페인,(신)_일산_인플방문후기_주사형비만치료제(the.hyunniverse)_260403,1863885929758882,2026-05-06,5844,558,10473,2,2922,0.36,0,0,0.00,1.03,554,KRW,0,540
2604_다이트_전환캠페인,(신)_창원_인플방문후기_밥빵면안당기는원장님(itsmeyuriwon)_260407,1861796302859538,2026-05-06,0,0,0,0,0,0.00,0,0,0.00,0.00,0,KRW,0,0
2605_다이트_전환캠페인,(신)_창원_인플방문후기_주사형비만치료제(the.hyunniverse)_260403,1863887556302113,2026-05-06,1621,148,10952,2,810,1.35,0,0,0.00,1.03,147,KRW,2,144
2604_다이트_전환캠페인,(신)_천안_의료진정보_주사형비만치료제 10년은_260116,1861279064396242,2026-05-06,0,0,0,0,0,0.00,0,0,0.00,0.00,0,KRW,0,0
2604_다이트_전환캠페인,(신)_천안_인플방문후기_밥빵면안당기는원장님(itsmeyuriwon)_260407,1861796395517250,2026-05-06,0,0,0,0,0,0.00,0,0,0.00,0.00,0,KRW,0,0
2605_다이트_전환캠페인,(신)_천안_인플방문후기_주사형비만치료제(the.hyunniverse)_260403,1863887099809794,2026-05-06,3126,231,13532,2,1563,0.87,0,0,0.00,1.08,231,KRW,1,213
2604_다이트_전환캠페인,(신)_천안_진료셀프캠_주사형 비만치료제보다 더중요한이것_260120,1861969112559697,2026-05-06,0,0,0,0,0,0.00,0,0,0.00,0.00,0,KRW,0,0
2604_다이트_전환캠페인,"(재)_대구_인플방문후기_건강한다이어트(대구,박고경)_260325",1861278128485793,2026-05-06,0,0,0,0,0,0.00,0,0,0.00,0.00,0,KRW,0,0
2604_다이트_전환캠페인,(재)_대구_인플방문후기_먹고싶은거다먹는(수원잇츠)_260403,1861437815982145,2026-05-06,0,0,0,0,0,0.00,0,0,0.00,0.00,0,KRW,0,0
2605_다이트_전환캠페인,(재)_대구_진료셀프캠_10kg성공공식_260501,1863887889389617,2026-05-06,232,27,8592,0,0,0.00,0,0,0.00,1.08,27,KRW,0,25
2604_다이트_전환캠페인,(재)_대구_진료셀프캠_50대다이어트대사_260422,1863145537589298,2026-05-06,0,0,0,0,0,0.00,0,0,0.00,0.00,0,KRW,0,0
2605_다이트_전환캠페인,(재)_대구_진료셀프캠_다이어트의적 밥빵면_260407,1863887889389569,2026-05-06,6601,434,15209,3,2200,0.69,0,0,0.00,1.06,425,KRW,4,410
2604_다이트_전환캠페인,(재)_대구_진료셀프캠_다이어트의적 밥빵면_260407,1861778669641809,2026-05-06,0,0,0,0,0,0.00,0,0,0.00,0.00,0,KRW,0,0
2604_다이트_전환캠페인,(재)_대구_진료셀프캠_비만주사가놓친것_260414,1862452759074146,2026-05-06,0,0,0,0,0,0.00,0,0,0.00,0.00,0,KRW,0,0
2604_다이트_전환캠페인,(재)_대구_진료셀프캠_식욕억제주사실패 마지막_260407,1861779512219682,2026-05-06,0,0,0,0,0,0.00,0,0,0.00,0.00,0,KRW,0,0
2605_다이트_전환캠페인,(재)_대구_진료셀프캠_식욕억제주사이길수없는_260501,1863887889389601,2026-05-06,364,33,11030,0,0,0.00,0,0,0.00,1.00,31,KRW,0,33
2604_다이트_전환캠페인,(재)_대구_진료셀프캠_운동안해도되는_260416,1862612192785601,2026-05-06,0,0,0,0,0,0.00,0,0,0.00,0.00,0,KRW,0,0
2604_다이트_전환캠페인,(재)_대구_진료셀프캠_주사형비만치료제 고민끝에 50대부부 -32kg_260225,1861278082187298,2026-05-06,0,0,0,0,0,0.00,0,0,0.00,0.00,0,KRW,0,0
2605_다이트_전환캠페인,(재)_대구_진료셀프캠_주사형비만치료제 고민끝에 50대부부 -32kg_260225,1863887864035458,2026-05-06,286,47,6085,0,0,0.00,0,0,0.00,1.21,44,KRW,0,39
2604_다이트_전환캠페인,"(재)_대전_인플방문후기_건강한다이어트(대전, 박고경)_260406",1861709876075633,2026-05-06,0,0,0,0,0,0.00,0,0,0.00,0.00,0,KRW,0,0
2605_다이트_전환캠페인,(재)_대전_진료셀프캠_10kg성공공식_260501,1863886737135889,2026-05-06,232,20,11600,0,0,0.00,0,0,0.00,1.00,20,KRW,0,20
2604_다이트_전환캠페인,(재)_대전_진료셀프캠_50대다이어트대사_260422,1863145758279698,2026-05-06,0,0,0,0,0,0.00,0,0,0.00,0.00,0,KRW,0,0
2604_다이트_전환캠페인,(재)_대전_진료셀프캠_다이어트의적 밥빵면_260407,1861776478109986,2026-05-06,0,0,0,0,0,0.00,0,0,0.00,0.00,0,KRW,0,0
2605_다이트_전환캠페인,(재)_대전_진료셀프캠_다이어트의적 밥빵면_260407,1863886714723490,2026-05-06,7021,256,27425,7,1003,2.73,0,0,0.00,1.04,251,KRW,7,247
2604_다이트_전환캠페인,(재)_대전_진료셀프캠_비만주사가놓친것_260414,1862452993099026,2026-05-06,0,0,0,0,0,0.00,0,0,0.00,0.00,0,KRW,0,0
2604_다이트_전환캠페인,(재)_대전_진료셀프캠_식욕억제주사실패 마지막_260406,1861708051912898,2026-05-06,0,0,0,0,0,0.00,0,0,0.00,0.00,0,KRW,0,0
2604_다이트_전환캠페인,(재)_대전_진료셀프캠_식욕억제주사실패 마지막_260407,1861779986019442,2026-05-06,0,0,0,0,0,0.00,0,0,0.00,0.00,0,KRW,0,0
2605_다이트_전환캠페인,(재)_대전_진료셀프캠_식욕억제주사이길수없는_260501,1863886737135873,2026-05-06,199,10,19900,0,0,0.00,1,199,0.00,1.00,10,KRW,1,10
2604_다이트_전환캠페인,(재)_대전_진료셀프캠_운동안해도되는_260416,1862612373033250,2026-05-06,0,0,0,0,0,0.00,0,0,0.00,0.00,0,KRW,0,0
2604_다이트_전환캠페인,(재)_대전_진료셀프캠_주사형비만치료제 고민끝에 50대부부 -32kg_260225,1861708178989089,2026-05-06,0,0,0,0,0,0.00,0,0,0.00,0.00,0,KRW,0,0
2605_다이트_전환캠페인,(재)_대전_진료셀프캠_주사형비만치료제 고민끝에 50대부부 -32kg_260225,1863886346477665,2026-05-06,3456,205,16858,1,3456,0.49,0,0,0.00,1.03,200,KRW,2,199
2604_다이트_전환캠페인,(재)_부평_인플방문후기_연예인다이어트(플랜비)_260416,1862613882586418,2026-05-06,0,0,0,0,0,0.00,0,0,0.00,0.00,0,KRW,0,0
2605_다이트_전환캠페인,(재)_부평_진료셀프캠_10kg성공공식_260501,1863885164858465,2026-05-06,75,13,5769,0,0,0.00,0,0,0.00,1.00,13,KRW,0,13
2604_다이트_전환캠페인,(재)_부평_진료셀프캠_4050다이어트비밀_260414,1862453369868354,2026-05-06,0,0,0,0,0,0.00,0,0,0.00,0.00,0,KRW,0,0
2604_다이트_전환캠페인,(재)_부평_진료셀프캠_50대다이어트대사_260422,1863145317184529,2026-05-06,0,0,0,0,0,0.00,0,0,0.00,0.00,0,KRW,0,0
2605_다이트_전환캠페인,(재)_부평_진료셀프캠_다이어트의적 밥빵면_26407,1863885330409586,2026-05-06,4976,259,19212,5,995,1.93,0,0,0.00,1.02,254,KRW,6,253
2604_다이트_전환캠페인,(재)_부평_진료셀프캠_비만주사는입만막을뿐_260423,1863251994014802,2026-05-06,0,0,0,0,0,0.00,0,0,0.00,0.00,0,KRW,0,0
2604_다이트_전환캠페인,(재)_부평_진료셀프캠_식욕억제주사실패 마지막_260407,1861779276638289,2026-05-06,0,0,0,0,0,0.00,0,0,0.00,0.00,0,KRW,0,0
2605_다이트_전환캠페인,(재)_부평_진료셀프캠_식욕억제주사이길수없는_260501,1863885275116562,2026-05-06,100,17,5882,1,100,5.88,0,0,0.00,1.00,17,KRW,1,17
2605_다이트_전환캠페인,(재)_부평_진료셀프캠_운동안해도되는_260416,1863885634776146,2026-05-06,1669,159,10496,0,0,0.00,0,0,0.00,1.02,159,KRW,0,156
2604_다이트_전환캠페인,(재)_부평_진료셀프캠_운동안해도되는_260416,1862612072337410,2026-05-06,0,0,0,0,0,0.00,0,0,0.00,0.00,0,KRW,0,0
2605_다이트_전환캠페인,(재)_부평_진료셀프캠_주사형비만치료제 고민끝에 50대부부 -32kg_260225,1863885548023297,2026-05-06,4890,310,15774,0,0,0.00,0,0,0.00,1.03,307,KRW,2,300
2604_다이트_전환캠페인,(재)_서울_인플방문후기_연예인다이어트(플랜비)_260416,1862611925509122,2026-05-06,0,0,0,0,0,0.00,0,0,0.00,0.00,0,KRW,0,0
2605_다이트_전환캠페인,(재)_서울_진료셀프캠_10kg성공공식_260501,1863882737568994,2026-05-06,109,28,3892,0,0,0.00,0,0,0.00,1.00,27,KRW,0,28
2605_다이트_전환캠페인,(재)_서울_진료셀프캠_다이어트의적 밥빵면_260407,1863884652338370,2026-05-06,31433,1519,20693,25,1257,1.65,3,10477,12.00,1.06,1498,KRW,30,1436
2605_다이트_전환캠페인,(재)_서울_진료셀프캠_비만주사가놓친것_260414,1863884896381362,2026-05-06,112,21,5333,0,0,0.00,0,0,0.00,1.05,20,KRW,0,20
2604_다이트_전환캠페인,(재)_서울_진료셀프캠_비만주사는입만막을뿐_260423,1863250762937489,2026-05-06,0,0,0,0,0,0.00,0,0,0.00,0.00,0,KRW,0,0
2604_다이트_전환캠페인,(재)_서울_진료셀프캠_식욕억제주사실패 마지막_260407,1861778815720546,2026-05-06,0,0,0,0,0,0.00,0,0,0.00,0.00,0,KRW,0,0
2605_다이트_전환캠페인,(재)_서울_진료셀프캠_식욕억제주사이길수없는_260501,1863884494503073,2026-05-06,362,37,9783,0,0,0.00,0,0,0.00,1.00,36,KRW,0,37
2604_다이트_전환캠페인,(재)_서울_진료셀프캠_운동안해도되는_260416,1862607904464929,2026-05-06,0,0,0,0,0,0.00,0,0,0.00,0.00,0,KRW,0,0
2604_다이트_전환캠페인,(재)_서울_진료셀프캠_의사가권하지않는4050_260414,1862453122462113,2026-05-06,0,0,0,0,0,0.00,0,0,0.00,0.00,0,KRW,0,0
2604_다이트_전환캠페인,(재)_서울_진료셀프캠_주사형비만치료제 고민끝에 50대부부 -32kg_260225,1861276155386962,2026-05-06,0,0,0,0,0,0.00,0,0,0.00,0.00,0,KRW,0,0
2605_다이트_전환캠페인,(재)_서울_진료셀프캠_주사형비만치료제 고민끝에 50대부부 -32kg_260225,1863884826077233,2026-05-06,30505,2183,13973,16,1906,0.73,1,30505,6.25,1.13,2147,KRW,19,1934
2604_다이트_전환캠페인,(재)_수원_의료진정보_4050나잇살 이유는 여기에_260410,1862064207732210,2026-05-06,0,0,0,0,0,0.00,0,0,0.00,0.00,0,KRW,0,0
2604_다이트_전환캠페인,(재)_수원_인플방문후기_연예인다이어트(플랜비)_260416,1862613961447426,2026-05-06,0,0,0,0,0,0.00,0,0,0.00,0.00,0,KRW,0,0
2605_다이트_전환캠페인,(재)_수원_진료셀프캠_10kg성공공식_260501,1863886407167025,2026-05-06,221,15,14733,0,0,0.00,0,0,0.00,1.07,14,KRW,0,14
2604_다이트_전환캠페인,(재)_수원_진료셀프캠_50대다이어트대사_260422,1863144745203025,2026-05-06,0,0,0,0,0,0.00,0,0,0.00,0.00,0,KRW,0,0
2605_다이트_전환캠페인,(재)_수원_진료셀프캠_50대다이어트대사_260422,1863886357342417,2026-05-06,184,17,10823,0,0,0.00,0,0,0.00,1.00,17,KRW,0,17
2605_다이트_전환캠페인,(재)_수원_진료셀프캠_다이어트의적 밥빵면_260407,1863886407166977,2026-05-06,6155,355,17338,6,1025,1.69,0,0,0.00,1.03,350,KRW,5,344
2604_다이트_전환캠페인,(재)_수원_진료셀프캠_비만주사는입만막을뿐_260423,1863252126952065,2026-05-06,0,0,0,0,0,0.00,0,0,0.00,0.00,0,KRW,0,0
2604_다이트_전환캠페인,(재)_수원_진료셀프캠_식욕억제주사실패 마지막_260407,1861779341060274,2026-05-06,0,0,0,0,0,0.00,0,0,0.00,0.00,0,KRW,0,0
2605_다이트_전환캠페인,(재)_수원_진료셀프캠_식욕억제주사이길수없는_260501,1863886407167009,2026-05-06,277,32,8656,0,0,0.00,0,0,0.00,1.00,32,KRW,0,32
2604_다이트_전환캠페인,(재)_수원_진료셀프캠_운동안해도되는_260416,1862612144893169,2026-05-06,0,0,0,0,0,0.00,0,0,0.00,0.00,0,KRW,0,0
2604_다이트_전환캠페인,(재)_수원_진료셀프캠_의사가권하지않는4050_260414,1862453880112178,2026-05-06,0,0,0,0,0,0.00,0,0,0.00,0.00,0,KRW,0,0
2604_다이트_전환캠페인,(재)_일산_인플방문후기_맘껏먹는 다이어트 한달후기_260306,1861277479159890,2026-05-06,0,0,0,0,0,0.00,0,0,0.00,0.00,0,KRW,0,0
2604_다이트_전환캠페인,(재)_일산_인플방문후기_연예인다이어트(일산 플랜비)_260416,1862614105575633,2026-05-06,0,0,0,0,0,0.00,0,0,0.00,0.00,0,KRW,0,0
2605_다이트_전환캠페인,(재)_일산_진료셀프캠_10kg성공공식_260501,1863885740076561,2026-05-06,119,23,5173,0,0,0.00,0,0,0.00,1.05,23,KRW,0,22
2605_다이트_전환캠페인,(재)_일산_진료셀프캠_50대다이어트대사_260422,1863886068832402,2026-05-06,317,11,28818,0,0,0.00,0,0,0.00,1.10,10,KRW,0,10
2604_다이트_전환캠페인,(재)_일산_진료셀프캠_50대다이어트대사_260422,1863145439744049,2026-05-06,0,0,0,0,0,0.00,0,0,0.00,0.00,0,KRW,0,0
2605_다이트_전환캠페인,(재)_일산_진료셀프캠_다이어트의적 밥빵면_260407,1863886068832386,2026-05-06,5854,226,25902,6,975,2.65,1,5854,16.67,1.02,222,KRW,7,222
2605_다이트_전환캠페인,(재)_일산_진료셀프캠_다이어트의적 밥빵면_260407,1863885977135266,2026-05-06,4149,188,22069,1,4149,0.53,0,0,0.00,1.01,185,KRW,1,186
2604_다이트_전환캠페인,(재)_일산_진료셀프캠_비만주사는입만막을뿐_260423,1863252482871297,2026-05-06,0,0,0,0,0,0.00,0,0,0.00,0.00,0,KRW,0,0
2604_다이트_전환캠페인,(재)_일산_진료셀프캠_식욕억제주사실패 마지막_260407,1861779422527666,2026-05-06,0,0,0,0,0,0.00,0,0,0.00,0.00,0,KRW,0,0
2605_다이트_전환캠페인,(재)_일산_진료셀프캠_식욕억제주사이길수없는_260501,1863885876249697,2026-05-06,318,28,11357,1,318,3.57,0,0,0.00,1.08,27,KRW,1,26
2604_다이트_전환캠페인,(재)_일산_진료셀프캠_운동안해도되는_260416,1862612254235649,2026-05-06,0,0,0,0,0,0.00,0,0,0.00,0.00,0,KRW,0,0
2605_다이트_전환캠페인,(재)_일산_진료셀프캠_운동안해도되는_260416,1863886176319969,2026-05-06,2232,115,19408,0,0,0.00,0,0,0.00,1.02,113,KRW,0,113
2604_다이트_전환캠페인,(재)_일산_진료셀프캠_의사가권하지않는4050_260414,1862453943180450,2026-05-06,0,0,0,0,0,0.00,0,0,0.00,0.00,0,KRW,0,0
2605_다이트_전환캠페인,(재)_창원_인플방문후기_굶지않는다이어트(창원잇츠)_260501,1863887496576258,2026-05-06,3402,315,10800,4,850,1.27,0,0,0.00,1.05,313,KRW,4,300
2604_다이트_전환캠페인,(재)_창원_인플방문후기_먹고싶은거다먹는(수원잇츠)_260403,1861437705571345,2026-05-06,0,0,0,0,0,0.00,0,0,0.00,0.00,0,KRW,0,0
2604_다이트_전환캠페인,(재)_창원_인플방문후기_연예인다이어트(플랜비)_260416,1862614349846529,2026-05-06,0,0,0,0,0,0.00,0,0,0.00,0.00,0,KRW,0,0
2605_다이트_전환캠페인,(재)_창원_진료셀프캠_10kg성공공식_260501,1863887556302145,2026-05-06,45,8,5625,0,0,0.00,0,0,0.00,1.00,8,KRW,0,8
2604_다이트_전환캠페인,(재)_창원_진료셀프캠_50대다이어트대사_260422,1863145585749009,2026-05-06,0,0,0,0,0,0.00,0,0,0.00,0.00,0,KRW,0,0
2605_다이트_전환캠페인,(재)_창원_진료셀프캠_다이어트의적 밥빵면_260407,1863887556302097,2026-05-06,6261,275,22767,2,3130,0.73,0,0,0.00,1.04,271,KRW,4,264
2604_다이트_전환캠페인,(재)_창원_진료셀프캠_비만주사는입만막을뿐_260423,1863252701617361,2026-05-06,0,0,0,0,0,0.00,0,0,0.00,0.00,0,KRW,0,0
2604_다이트_전환캠페인,(재)_창원_진료셀프캠_식욕억제주사실패 마지막_260407,1861779402873057,2026-05-06,0,0,0,0,0,0.00,0,0,0.00,0.00,0,KRW,0,0
2605_다이트_전환캠페인,(재)_창원_진료셀프캠_식욕억제주사이길수없는_260501,1863887556302129,2026-05-06,81,11,7363,0,0,0.00,0,0,0.00,1.00,11,KRW,0,11
2604_다이트_전환캠페인,(재)_창원_진료셀프캠_운동안해도되는_260416,1862612192812097,2026-05-06,0,0,0,0,0,0.00,0,0,0.00,0.00,0,KRW,0,0
2604_다이트_전환캠페인,(재)_창원_진료셀프캠_의사가권하지않는4050_260414,1862454032569618,2026-05-06,0,0,0,0,0,0.00,0,0,0.00,0.00,0,KRW,0,0
2605_다이트_전환캠페인,(재)_창원_진료셀프캠_주사형비만치료제 고민끝에 50대부부 -32kg_260225,1863887556301249,2026-05-06,4301,287,14986,3,1433,1.05,0,0,0.00,1.07,283,KRW,6,268
2605_다이트_전환캠페인,(재)_천안_진료셀프캠_10kg성공공식_260501,1863887099809826,2026-05-06,98,10,9800,0,0,0.00,0,0,0.00,1.11,10,KRW,0,9
2605_다이트_전환캠페인,(재)_천안_진료셀프캠_다이어트의적 밥빵면_260407,1863887099808882,2026-05-06,7863,463,16982,7,1123,1.51,1,7863,14.29,1.04,457,KRW,8,447
2604_다이트_전환캠페인,(재)_천안_진료셀프캠_식욕억제주사실패 마지막_260407,1861779883450610,2026-05-06,0,0,0,0,0,0.00,0,0,0.00,0.00,0,KRW,0,0
2605_다이트_전환캠페인,(재)_천안_진료셀프캠_식욕억제주사이길수없는_260501,1863887099809810,2026-05-06,184,13,14153,0,0,0.00,0,0,0.00,1.00,13,KRW,0,13
2604_다이트_전환캠페인,(재)_천안_진료셀프캠_운동안해도되는_260416,1862612464960546,2026-05-06,0,0,0,0,0,0.00,0,0,0.00,0.00,0,KRW,0,0
2604_다이트_전환캠페인,(재)_천안_진료셀프캠_주사형비만치료제 고민끝에 50대부부 -32kg_260225,1861968142031009,2026-05-06,0,0,0,0,0,0.00,0,0,0.00,0.00,0,KRW,0,0
2605_다이트_전환캠페인,(재)_천안_진료셀프캠_주사형비만치료제 고민끝에 50대부부 -32kg_260225,1863887047740546,2026-05-06,8033,486,16528,3,2677,0.62,0,0,0.00,1.10,476,KRW,3,442
2605_다이트_전환캠페인,(신)_대구_인플방문후기_주사형비만치료제(the.hyunniverse)_260403,1863887889389585,2026-05-07,5224,538,9710,2,2612,0.37,0,0,0.00,1.07,534,KRW,3,502
2605_다이트_전환캠페인,(신)_대구_진료셀프캠_주사형 비만치료제보다 더중요한이것_260120,1864506292049137,2026-05-07,1085,177,6129,1,1085,0.56,0,0,0.00,1.01,174,KRW,1,175
2604_다이트_전환캠페인,(신)_대전_인플방문후기_주사형비만치료제(the.hyunniverse)_260403,1861968952635729,2026-05-07,0,0,0,0,0,0.00,0,0,0.00,0.00,0,KRW,0,0
2605_다이트_전환캠페인,(신)_대전_인플방문후기_주사형비만치료제(the.hyunniverse)_260403,1863886714723506,2026-05-07,4776,544,8779,3,1592,0.55,0,0,0.00,1.07,536,KRW,1,509
2605_다이트_전환캠페인,(신)_대전_진료셀프캠_주사형 비만치료제보다 더중요한이것_260120,1864505802345521,2026-05-07,1297,215,6032,1,1297,0.47,0,0,0.00,1.03,209,KRW,0,209
2604_다이트_전환캠페인,(신)_대전_진료셀프캠_주사형 비만치료제보다 더중요한이것_260120,1861781961742465,2026-05-07,0,0,0,0,0,0.00,0,0,0.00,0.00,0,KRW,0,0
2605_다이트_전환캠페인,(신)_부산_의료진정보_주사형비만치료제 10년은_260116,1864504498238466,2026-05-07,578,96,6020,1,578,1.04,0,0,0.00,1.01,95,KRW,1,95
2605_다이트_전환캠페인,(신)_부산_인플방문후기_주사형비만치료제(the.hyunniverse)_260403,1864504511482193,2026-05-07,1830,242,7561,0,0,0.00,0,0,0.00,1.01,236,KRW,0,240
2604_다이트_전환캠페인,(신)_부평_인플방문후기_밥빵면안당기는원장님(itsmeyuriwon)_260407,1861795578227042,2026-05-07,0,0,0,0,0,0.00,0,0,0.00,0.00,0,KRW,0,0
2605_다이트_전환캠페인,(신)_부평_인플방문후기_주사형비만치료제(the.hyunniverse)_260403,1863885173598610,2026-05-07,4891,541,9040,1,4891,0.18,0,0,0.00,1.09,533,KRW,0,497
2604_다이트_전환캠페인,(신)_부평_인플방문후기_주사형비만치료제(the.hyunniverse)_260403,1861968247570690,2026-05-07,0,0,0,0,0,0.00,0,0,0.00,0.00,0,KRW,0,0
2605_다이트_전환캠페인,(신)_부평_진료셀프캠_주사형 비만치료제보다 더중요한이것_260120,1864504811014609,2026-05-07,1606,222,7234,0,0,0.00,0,0,0.00,1.01,220,KRW,0,219
2605_다이트_전환캠페인,(신)_서울_인플방문후기_주사형비만치료제(the.hyunniverse)_260403,1863884578249282,2026-05-07,1502,159,9446,1,1502,0.63,0,0,0.00,1.03,156,KRW,0,155
2605_다이트_전환캠페인,(신)_서울_진료셀프캠_주사형 비만치료제보다 더중요한이것_260120,1864504990482738,2026-05-07,459,85,5400,0,0,0.00,0,0,0.00,1.01,85,KRW,0,84
2604_다이트_전환캠페인,(신)_수원_인플방문후기_주사형비만치료제(the.hyunniverse)_260403,1861426333950193,2026-05-07,0,0,0,0,0,0.00,0,0,0.00,0.00,0,KRW,0,0
2605_다이트_전환캠페인,(신)_수원_인플방문후기_주사형비만치료제(the.hyunniverse)_260403,1863886407166993,2026-05-07,6498,644,10090,3,2166,0.47,0,0,0.00,1.05,633,KRW,2,614
2605_다이트_전환캠페인,(신)_수원_진료셀프캠_주사형 비만치료제보다 더중요한이것_260120,1864505816899826,2026-05-07,841,135,6229,1,841,0.74,0,0,0.00,1.05,133,KRW,1,129
2605_다이트_전환캠페인,(신)_일산_인플방문후기_주사형비만치료제(the.hyunniverse)_260403,1863885929758882,2026-05-07,8036,768,10463,4,2009,0.52,0,0,0.00,1.06,748,KRW,4,726
2604_다이트_전환캠페인,(신)_일산_인플방문후기_주사형비만치료제(the.hyunniverse)_260403,1861968797915602,2026-05-07,0,0,0,0,0,0.00,0,0,0.00,0.00,0,KRW,0,0
2605_다이트_전환캠페인,(신)_일산_진료셀프캠_주사형 비만치료제보다 더중요한이것_260120,1864505574525953,2026-05-07,916,147,6231,2,458,1.36,0,0,0.00,1.00,145,KRW,0,147
2604_다이트_전환캠페인,(신)_창원_인플방문후기_밥빵면안당기는원장님(itsmeyuriwon)_260407,1861796302859538,2026-05-07,0,0,0,0,0,0.00,0,0,0.00,0.00,0,KRW,0,0
2605_다이트_전환캠페인,(신)_창원_인플방문후기_주사형비만치료제(the.hyunniverse)_260403,1863887556302113,2026-05-07,5592,600,9320,1,5592,0.17,0,0,0.00,1.06,593,KRW,5,567
2605_다이트_전환캠페인,(신)_창원_진료셀프캠_주사형 비만치료제보다 더중요한이것_260120,1864505985567745,2026-05-07,1140,187,6096,1,1140,0.53,0,0,0.00,1.02,186,KRW,0,183
2604_다이트_전환캠페인,(신)_천안_의료진정보_주사형비만치료제 10년은_260116,1861279064396242,2026-05-07,0,0,0,0,0,0.00,0,0,0.00,0.00,0,KRW,0,0
2605_다이트_전환캠페인,(신)_천안_인플방문후기_주사형비만치료제(the.hyunniverse)_260403,1863887099809794,2026-05-07,6807,586,11616,0,0,0.00,0,0,0.00,1.08,578,KRW,1,543
2604_다이트_전환캠페인,(신)_천안_진료셀프캠_주사형 비만치료제보다 더중요한이것_260120,1861969112559697,2026-05-07,0,0,0,0,0,0.00,0,0,0.00,0.00,0,KRW,0,0
2605_다이트_전환캠페인,(신)_천안_진료셀프캠_주사형 비만치료제보다 더중요한이것_260120,1864505985541169,2026-05-07,3263,368,8866,1,3263,0.27,0,0,0.00,1.01,366,KRW,0,364
2604_다이트_전환캠페인,"(재)_대구_인플방문후기_건강한다이어트(대구,박고경)_260325",1861278128485793,2026-05-07,0,0,0,0,0,0.00,0,0,0.00,0.00,0,KRW,0,0
2604_다이트_전환캠페인,(재)_대구_인플방문후기_연예인다이어트(플랜비)_260416,1862614242718769,2026-05-07,0,0,0,0,0,0.00,0,0,0.00,0.00,0,KRW,0,0
2605_다이트_전환캠페인,(재)_대구_진료셀프캠_10kg성공공식_260501,1863887889389617,2026-05-07,1232,87,14160,0,0,0.00,0,0,0.00,1.02,85,KRW,0,85
2605_다이트_전환캠페인,(재)_대구_진료셀프캠_다이어트의적 밥빵면_260407,1863887889389569,2026-05-07,23309,1420,16414,12,1942,0.85,0,0,0.00,1.12,1395,KRW,12,1263
2604_다이트_전환캠페인,(재)_대구_진료셀프캠_다이어트의적 밥빵면_260407,1861778669641809,2026-05-07,0,0,0,0,0,0.00,0,0,0.00,0.00,0,KRW,0,0
2605_다이트_전환캠페인,(재)_대구_진료셀프캠_식욕억제주사실패 마지막_260407,1864506292050017,2026-05-07,17803,1385,12854,6,2967,0.43,0,0,0.00,1.05,1373,KRW,8,1322
2604_다이트_전환캠페인,(재)_대구_진료셀프캠_식욕억제주사실패 마지막_260407,1861779512219682,2026-05-07,0,0,0,0,0,0.00,0,0,0.00,0.00,0,KRW,0,0
2605_다이트_전환캠페인,(재)_대구_진료셀프캠_식욕억제주사이길수없는_260501,1863887889389601,2026-05-07,680,79,8607,0,0,0.00,0,0,0.00,1.03,77,KRW,0,77
2604_다이트_전환캠페인,(재)_대구_진료셀프캠_주사형비만치료제 고민끝에 50대부부 -32kg_260225,1861278082187298,2026-05-07,0,0,0,0,0,0.00,0,0,0.00,0.00,0,KRW,0,0
2605_다이트_전환캠페인,(재)_대구_진료셀프캠_주사형비만치료제 고민끝에 50대부부 -32kg_260225,1863887864035458,2026-05-07,13931,1097,12699,7,1990,0.64,1,13931,14.29,1.06,1074,KRW,10,1035
2605_다이트_전환캠페인,(재)_대전_진료셀프캠_10kg성공공식_260501,1863886737135889,2026-05-07,1107,108,10250,1,1107,0.93,1,1107,100.00,1.02,108,KRW,2,106
2605_다이트_전환캠페인,(재)_대전_진료셀프캠_다이어트의적 밥빵면_260407,1863886714723490,2026-05-07,33714,1561,21597,14,2408,0.90,0,0,0.00,1.08,1532,KRW,13,1442
2605_다이트_전환캠페인,(재)_대전_진료셀프캠_식욕억제주사실패 마지막_260407,1864505802345505,2026-05-07,17519,1313,13342,9,1946,0.69,0,0,0.00,1.05,1300,KRW,9,1252
2604_다이트_전환캠페인,(재)_대전_진료셀프캠_식욕억제주사실패 마지막_260407,1861779986019442,2026-05-07,0,0,0,0,0,0.00,0,0,0.00,0.00,0,KRW,0,0
2605_다이트_전환캠페인,(재)_대전_진료셀프캠_식욕억제주사이길수없는_260501,1863886737135873,2026-05-07,327,31,10548,0,0,0.00,0,0,0.00,1.07,31,KRW,0,29
2604_다이트_전환캠페인,(재)_대전_진료셀프캠_주사형비만치료제 고민끝에 50대부부 -32kg_260225,1861708178989089,2026-05-07,0,0,0,0,0,0.00,0,0,0.00,0.00,0,KRW,0,0
2605_다이트_전환캠페인,(재)_대전_진료셀프캠_주사형비만치료제 고민끝에 50대부부 -32kg_260225,1863886346477665,2026-05-07,16179,1268,12759,10,1617,0.79,1,16179,10.00,1.07,1249,KRW,11,1188
2605_다이트_전환캠페인,(재)_부산_진료셀프캠_다이어트의적 밥빵면_260407,1864504180206866,2026-05-07,10552,572,18447,6,1758,1.05,0,0,0.00,1.04,564,KRW,5,550
2605_다이트_전환캠페인,(재)_부산_진료셀프캠_식욕억제주사실패 마지막_260407,1864504082579569,2026-05-07,14087,860,16380,6,2347,0.70,0,0,0.00,1.03,849,KRW,6,837
2605_다이트_전환캠페인,(재)_부산_진료셀프캠_주사형비만치료제 고민끝에 50대부부 -32kg_260225,1864504475899377,2026-05-07,12933,1033,12519,8,1616,0.77,0,0,0.00,1.04,1013,KRW,7,998
2605_다이트_전환캠페인,(재)_부평_진료셀프캠_10kg성공공식_260501,1863885164858465,2026-05-07,416,36,11555,0,0,0.00,0,0,0.00,1.03,36,KRW,0,35
2604_다이트_전환캠페인,(재)_부평_진료셀프캠_50대다이어트대사_260422,1863145317184529,2026-05-07,0,0,0,0,0,0.00,0,0,0.00,0.00,0,KRW,0,0
2605_다이트_전환캠페인,(재)_부평_진료셀프캠_다이어트의적 밥빵면_26407,1863885330409586,2026-05-07,29638,1390,21322,21,1411,1.51,1,29638,4.76,1.07,1369,KRW,27,1303
2604_다이트_전환캠페인,(재)_부평_진료셀프캠_비만주사는입만막을뿐_260423,1863251994014802,2026-05-07,0,0,0,0,0,0.00,0,0,0.00,0.00,0,KRW,0,0
2605_다이트_전환캠페인,(재)_부평_진료셀프캠_식욕억제주사실패 마지막_260407,1864504811014593,2026-05-07,16344,1300,12572,3,5448,0.23,0,0,0.00,1.03,1279,KRW,3,1257
2604_다이트_전환캠페인,(재)_부평_진료셀프캠_식욕억제주사실패 마지막_260407,1861779276638289,2026-05-07,0,0,0,0,0,0.00,0,0,0.00,0.00,0,KRW,0,0
2605_다이트_전환캠페인,(재)_부평_진료셀프캠_식욕억제주사이길수없는_260501,1863885275116562,2026-05-07,422,31,13612,0,0,0.00,0,0,0.00,1.11,31,KRW,0,28
2605_다이트_전환캠페인,(재)_부평_진료셀프캠_운동안해도되는_260416,1863885634776146,2026-05-07,6439,490,13140,4,1609,0.82,0,0,0.00,1.06,481,KRW,4,461
2604_다이트_전환캠페인,(재)_부평_진료셀프캠_운동안해도되는_260416,1862612072337410,2026-05-07,0,0,0,0,0,0.00,0,0,0.00,0.00,0,KRW,0,0
2605_다이트_전환캠페인,(재)_부평_진료셀프캠_주사형비만치료제 고민끝에 50대부부 -32kg_260225,1863885548023297,2026-05-07,21494,1617,13292,11,1954,0.68,2,10747,18.18,1.11,1583,KRW,11,1462
2604_다이트_전환캠페인,(재)_서울_인플방문후기_맘껏먹는 다이어트 한달후기_260306,1861276306937889,2026-05-07,0,0,0,0,0,0.00,0,0,0.00,0.00,0,KRW,0,0
2605_다이트_전환캠페인,(재)_서울_진료셀프캠_10kg성공공식_260501,1863882737568994,2026-05-07,370,32,11562,0,0,0.00,0,0,0.00,1.00,31,KRW,0,32
2604_다이트_전환캠페인,(재)_서울_진료셀프캠_50대다이어트대사_260422,1863141281578129,2026-05-07,0,0,0,0,0,0.00,0,0,0.00,0.00,0,KRW,0,0
2605_다이트_전환캠페인,(재)_서울_진료셀프캠_다이어트의적 밥빵면_260407,1863884652338370,2026-05-07,24846,1217,20415,22,1129,1.81,0,0,0.00,1.04,1205,KRW,21,1169
2604_다이트_전환캠페인,(재)_서울_진료셀프캠_비만주사가놓친것_260414,1862427431553298,2026-05-07,0,0,0,0,0,0.00,0,0,0.00,0.00,0,KRW,0,0
2605_다이트_전환캠페인,(재)_서울_진료셀프캠_비만주사가놓친것_260414,1863884896381362,2026-05-07,31,13,2384,0,0,0.00,0,0,0.00,1.08,13,KRW,0,12
2604_다이트_전환캠페인,(재)_서울_진료셀프캠_식욕억제주사실패 마지막_260407,1861778815720546,2026-05-07,0,0,0,0,0,0.00,0,0,0.00,0.00,0,KRW,0,0
2605_다이트_전환캠페인,(재)_서울_진료셀프캠_식욕억제주사실패 마지막_260407,1864504990482722,2026-05-07,6095,578,10544,5,1219,0.87,1,6095,20.00,1.02,575,KRW,6,568
2605_다이트_전환캠페인,(재)_서울_진료셀프캠_식욕억제주사이길수없는_260501,1863884494503073,2026-05-07,44,9,4888,0,0,0.00,0,0,0.00,1.00,9,KRW,0,9
2604_다이트_전환캠페인,(재)_서울_진료셀프캠_주사형비만치료제 고민끝에 50대부부 -32kg_260225,1861276155386962,2026-05-07,0,0,0,0,0,0.00,0,0,0.00,0.00,0,KRW,0,0
2605_다이트_전환캠페인,(재)_서울_진료셀프캠_주사형비만치료제 고민끝에 50대부부 -32kg_260225,1863884826077233,2026-05-07,24207,1825,13264,13,1862,0.71,1,24207,7.69,1.08,1799,KRW,18,1683
2604_다이트_전환캠페인,(재)_수원_인플방문후기_먹고싶은거다먹는(수원잇츠)_260403,1861437972025618,2026-05-07,0,0,0,0,0,0.00,0,0,0.00,0.00,0,KRW,0,0
2605_다이트_전환캠페인,(재)_수원_진료셀프캠_10kg성공공식_260501,1863886407167025,2026-05-07,687,24,28625,1,687,4.17,0,0,0.00,1.00,24,KRW,1,24
2605_다이트_전환캠페인,(재)_수원_진료셀프캠_50대다이어트대사_260422,1863886357342417,2026-05-07,751,66,11378,0,0,0.00,0,0,0.00,1.03,65,KRW,0,64
2605_다이트_전환캠페인,(재)_수원_진료셀프캠_다이어트의적 밥빵면_260407,1863886407166977,2026-05-07,23993,1190,20162,7,3427,0.59,1,23993,14.29,1.08,1172,KRW,5,1102
2604_다이트_전환캠페인,(재)_수원_진료셀프캠_비만주사는입만막을뿐_260423,1863252126952065,2026-05-07,0,0,0,0,0,0.00,0,0,0.00,0.00,0,KRW,0,0
2605_다이트_전환캠페인,(재)_수원_진료셀프캠_식욕억제주사실패 마지막_260407,1864505816899810,2026-05-07,22211,1495,14856,8,2776,0.54,0,0,0.00,1.05,1476,KRW,7,1422
2604_다이트_전환캠페인,(재)_수원_진료셀프캠_식욕억제주사실패 마지막_260407,1861779341060274,2026-05-07,0,0,0,0,0,0.00,0,0,0.00,0.00,0,KRW,0,0
2605_다이트_전환캠페인,(재)_수원_진료셀프캠_식욕억제주사이길수없는_260501,1863886407167009,2026-05-07,1007,147,6850,0,0,0.00,0,0,0.00,1.01,147,KRW,0,145
2604_다이트_전환캠페인,(재)_수원_진료셀프캠_운동안해도되는_260416,1862612144893169,2026-05-07,0,0,0,0,0,0.00,0,0,0.00,0.00,0,KRW,0,0
2604_다이트_전환캠페인,(재)_수원_진료셀프캠_의사가권하지않는4050_260414,1862453880112178,2026-05-07,0,0,0,0,0,0.00,0,0,0.00,0.00,0,KRW,0,0
2604_다이트_전환캠페인,(재)_일산_인플방문후기_맘껏먹는 다이어트 한달후기_260306,1861277479159890,2026-05-07,0,0,0,0,0,0.00,0,0,0.00,0.00,0,KRW,0,0
2604_다이트_전환캠페인,(재)_일산_인플방문후기_먹고싶은거다먹는(수원잇츠)_260403,1861437881987106,2026-05-07,0,0,0,0,0,0.00,0,0,0.00,0.00,0,KRW,0,0
2604_다이트_전환캠페인,(재)_일산_인플방문후기_연예인다이어트(일산 플랜비)_260416,1862614105575633,2026-05-07,0,0,0,0,0,0.00,0,0,0.00,0.00,0,KRW,0,0
2605_다이트_전환캠페인,(재)_일산_진료셀프캠_10kg성공공식_260501,1863885740076561,2026-05-07,322,40,8050,2,161,5.00,0,0,0.00,1.00,40,KRW,2,40
2605_다이트_전환캠페인,(재)_일산_진료셀프캠_50대다이어트대사_260422,1863886068832402,2026-05-07,112,23,4869,0,0,0.00,0,0,0.00,1.05,23,KRW,0,22
2605_다이트_전환캠페인,(재)_일산_진료셀프캠_다이어트의적 밥빵면_260407,1863885977135266,2026-05-07,26596,1061,25066,26,1022,2.45,0,0,0.00,1.04,1034,KRW,24,1020
2605_다이트_전환캠페인,(재)_일산_진료셀프캠_다이어트의적 밥빵면_260407,1863886068832386,2026-05-07,20585,820,25103,18,1143,2.20,2,10292,11.11,1.06,805,KRW,17,775
2605_다이트_전환캠페인,(재)_일산_진료셀프캠_식욕억제주사실패 마지막_260407,1864505574525201,2026-05-07,19068,1512,12611,13,1466,0.86,2,9534,15.38,1.03,1486,KRW,13,1464
2604_다이트_전환캠페인,(재)_일산_진료셀프캠_식욕억제주사실패 마지막_260407,1861779422527666,2026-05-07,0,0,0,0,0,0.00,0,0,0.00,0.00,0,KRW,0,0
2605_다이트_전환캠페인,(재)_일산_진료셀프캠_식욕억제주사이길수없는_260501,1863885876249697,2026-05-07,1217,48,25354,0,0,0.00,0,0,0.00,1.04,44,KRW,0,46
2605_다이트_전환캠페인,(재)_일산_진료셀프캠_운동안해도되는_260416,1863886176319969,2026-05-07,4398,285,15431,6,733,2.11,0,0,0.00,1.06,278,KRW,6,269
2605_다이트_전환캠페인,(재)_창원_인플방문후기_굶지않는다이어트(창원잇츠)_260501,1863887496576258,2026-05-07,5689,383,14853,0,0,0.00,0,0,0.00,1.02,381,KRW,0,376
2604_다이트_전환캠페인,(재)_창원_인플방문후기_먹고싶은거다먹는(수원잇츠)_260403,1861437705571345,2026-05-07,0,0,0,0,0,0.00,0,0,0.00,0.00,0,KRW,0,0
2605_다이트_전환캠페인,(재)_창원_진료셀프캠_10kg성공공식_260501,1863887556302145,2026-05-07,1036,95,10905,1,1036,1.05,0,0,0.00,1.02,95,KRW,4,93
2605_다이트_전환캠페인,(재)_창원_진료셀프캠_다이어트의적 밥빵면_260407,1863887556302097,2026-05-07,25230,1234,20445,11,2293,0.89,1,25230,9.09,1.07,1205,KRW,12,1153
2604_다이트_전환캠페인,(재)_창원_진료셀프캠_식욕억제주사실패 마지막_260407,1861779402873057,2026-05-07,0,0,0,0,0,0.00,0,0,0.00,0.00,0,KRW,0,0
2605_다이트_전환캠페인,(재)_창원_진료셀프캠_식욕억제주사실패 마지막_260407,1864505985565809,2026-05-07,17828,1405,12688,8,2228,0.57,0,0,0.00,1.03,1394,KRW,8,1363
2605_다이트_전환캠페인,(재)_창원_진료셀프캠_식욕억제주사이길수없는_260501,1863887556302129,2026-05-07,689,81,8506,2,344,2.47,0,0,0.00,1.01,81,KRW,2,80
2605_다이트_전환캠페인,(재)_창원_진료셀프캠_주사형비만치료제 고민끝에 50대부부 -32kg_260225,1863887556301249,2026-05-07,20357,1646,12367,14,1454,0.85,2,10178,14.29,1.09,1617,KRW,12,1506
2604_다이트_전환캠페인,(재)_천안_인플방문후기_연예인다이어트(플랜비)_260416,1862614438420609,2026-05-07,0,0,0,0,0,0.00,0,0,0.00,0.00,0,KRW,0,0
2605_다이트_전환캠페인,(재)_천안_진료셀프캠_10kg성공공식_260501,1863887099809826,2026-05-07,245,46,5326,0,0,0.00,0,0,0.00,1.05,45,KRW,0,44
2605_다이트_전환캠페인,(재)_천안_진료셀프캠_다이어트의적 밥빵면_260407,1863887099808882,2026-05-07,26297,1510,17415,18,1460,1.19,2,13148,11.11,1.08,1484,KRW,20,1394
2604_다이트_전환캠페인,(재)_천안_진료셀프캠_식욕억제주사실패 마지막_260407,1861779883450610,2026-05-07,0,0,0,0,0,0.00,0,0,0.00,0.00,0,KRW,0,0
2605_다이트_전환캠페인,(재)_천안_진료셀프캠_식욕억제주사실패 마지막_260407,1864505985541153,2026-05-07,22666,1814,12495,14,1619,0.77,0,0,0.00,1.05,1790,KRW,10,1734
2605_다이트_전환캠페인,(재)_천안_진료셀프캠_식욕억제주사이길수없는_260501,1863887099809810,2026-05-07,398,27,14740,0,0,0.00,0,0,0.00,1.08,27,KRW,0,25
2605_다이트_전환캠페인,(재)_천안_진료셀프캠_주사형비만치료제 고민끝에 50대부부 -32kg_260225,1863887047740546,2026-05-07,19990,2020,9896,8,2498,0.40,0,0,0.00,1.12,1984,KRW,6,1806
2605_다이트_전환캠페인,(신)_대구_인플방문후기_주사형비만치료제(the.hyunniverse)_260403,1863887889389585,2026-05-08,353,60,5883,1,353,1.67,0,0,0.00,1.13,60,KRW,0,53
2605_다이트_전환캠페인,(신)_대구_진료셀프캠_주사형 비만치료제보다 더중요한이것_260120,1864506292049137,2026-05-08,16548,1146,14439,14,1182,1.22,1,16548,7.14,2.70,1125,KRW,13,424
2605_다이트_전환캠페인,(신)_대전_인플방문후기_주사형비만치료제(the.hyunniverse)_260403,1863886714723506,2026-05-08,349,31,11258,0,0,0.00,0,0,0.00,1.07,31,KRW,0,29
2605_다이트_전환캠페인,(신)_대전_진료셀프캠_주사형 비만치료제보다 더중요한이것_260120,1864505802345521,2026-05-08,14255,872,16347,13,1096,1.49,0,0,0.00,2.70,861,KRW,7,323
2605_다이트_전환캠페인,(신)_부산_의료진정보_주사형비만치료제 10년은_260116,1864504498238466,2026-05-08,82,24,3416,0,0,0.00,0,0,0.00,1.71,23,KRW,0,14
2605_다이트_전환캠페인,(신)_부산_인플방문후기_주사형비만치료제(the.hyunniverse)_260403,1864504511482193,2026-05-08,581,29,20034,0,0,0.00,0,0,0.00,1.32,29,KRW,0,22
2605_다이트_전환캠페인,(신)_부평_인플방문후기_주사형비만치료제(the.hyunniverse)_260403,1863885173598610,2026-05-08,413,32,12906,0,0,0.00,0,0,0.00,1.60,32,KRW,0,20
2605_다이트_전환캠페인,(신)_부평_진료셀프캠_주사형 비만치료제보다 더중요한이것_260120,1864504811014609,2026-05-08,13442,917,14658,7,1920,0.76,1,13442,14.29,3.30,902,KRW,6,278
2605_다이트_전환캠페인,(신)_서울_인플방문후기_주사형비만치료제(the.hyunniverse)_260403,1863884578249282,2026-05-08,70,8,8750,0,0,0.00,0,0,0.00,1.00,8,KRW,0,8
2605_다이트_전환캠페인,(신)_서울_진료셀프캠_주사형 비만치료제보다 더중요한이것_260120,1864504990482738,2026-05-08,15342,966,15881,20,767,2.07,2,7671,10.00,3.14,950,KRW,16,308
2605_다이트_전환캠페인,(신)_수원_인플방문후기_주사형비만치료제(the.hyunniverse)_260403,1863886407166993,2026-05-08,455,56,8125,0,0,0.00,0,0,0.00,1.27,55,KRW,0,44
2605_다이트_전환캠페인,(신)_수원_진료셀프캠_주사형 비만치료제보다 더중요한이것_260120,1864505816899826,2026-05-08,19677,1200,16397,22,894,1.83,0,0,0.00,2.84,1184,KRW,15,423
2605_다이트_전환캠페인,(신)_일산_인플방문후기_주사형비만치료제(the.hyunniverse)_260403,1863885929758882,2026-05-08,417,36,11583,0,0,0.00,0,0,0.00,1.16,35,KRW,0,31
2605_다이트_전환캠페인,(신)_일산_진료셀프캠_주사형 비만치료제보다 더중요한이것_260120,1864505574525953,2026-05-08,19078,1081,17648,22,867,2.04,0,0,0.00,3.19,1065,KRW,12,339
2605_다이트_전환캠페인,(신)_창원_인플방문후기_주사형비만치료제(the.hyunniverse)_260403,1863887556302113,2026-05-08,352,48,7333,1,352,2.08,0,0,0.00,1.14,47,KRW,1,42
2605_다이트_전환캠페인,(신)_창원_진료셀프캠_주사형 비만치료제보다 더중요한이것_260120,1864505985567745,2026-05-08,16654,1095,15209,17,979,1.55,0,0,0.00,2.72,1081,KRW,9,403
2605_다이트_전환캠페인,(신)_천안_인플방문후기_주사형비만치료제(the.hyunniverse)_260403,1863887099809794,2026-05-08,549,52,10557,0,0,0.00,0,0,0.00,1.21,51,KRW,0,43
2605_다이트_전환캠페인,(신)_천안_진료셀프캠_주사형 비만치료제보다 더중요한이것_260120,1864505985541169,2026-05-08,15616,1062,14704,14,1115,1.32,1,15616,7.14,2.73,1044,KRW,8,389
2605_다이트_전환캠페인,(재)_대구_진료셀프캠_10kg성공공식_260501,1863887889389617,2026-05-08,43,5,8600,0,0,0.00,0,0,0.00,1.25,4,KRW,0,4
2605_다이트_전환캠페인,(재)_대구_진료셀프캠_다이어트의적 밥빵면_260407,1863887889389569,2026-05-08,2417,139,17388,3,805,2.16,0,0,0.00,1.18,137,KRW,2,118
2605_다이트_전환캠페인,(재)_대구_진료셀프캠_식욕억제주사실패 마지막_260407,1864506292050017,2026-05-08,3637,299,12163,5,727,1.67,1,3637,20.00,1.38,293,KRW,5,217
2605_다이트_전환캠페인,(재)_대구_진료셀프캠_식욕억제주사이길수없는_260501,1863887889389601,2026-05-08,6,3,2000,0,0,0.00,0,0,0.00,1.00,3,KRW,0,3
2605_다이트_전환캠페인,(재)_대구_진료셀프캠_주사형비만치료제 고민끝에 50대부부 -32kg_260225,1863887864035458,2026-05-08,2782,171,16269,4,695,2.34,0,0,0.00,1.38,166,KRW,4,124
2605_다이트_전환캠페인,(재)_대전_진료셀프캠_10kg성공공식_260501,1863886737135889,2026-05-08,79,8,9875,0,0,0.00,0,0,0.00,1.14,8,KRW,0,7
2605_다이트_전환캠페인,(재)_대전_진료셀프캠_다이어트의적 밥빵면_260407,1863886714723490,2026-05-08,2834,142,19957,1,2834,0.70,0,0,0.00,1.16,142,KRW,1,122
2605_다이트_전환캠페인,(재)_대전_진료셀프캠_식욕억제주사실패 마지막_260407,1864505802345505,2026-05-08,5814,320,18168,6,969,1.88,0,0,0.00,1.43,320,KRW,4,224
2605_다이트_전환캠페인,(재)_대전_진료셀프캠_식욕억제주사이길수없는_260501,1863886737135873,2026-05-08,6,1,6000,0,0,0.00,0,0,0.00,1.00,1,KRW,0,1
2605_다이트_전환캠페인,(재)_대전_진료셀프캠_주사형비만치료제 고민끝에 50대부부 -32kg_260225,1863886346477665,2026-05-08,1434,146,9821,0,0,0.00,0,0,0.00,1.27,141,KRW,0,115
2605_다이트_전환캠페인,(재)_부산_진료셀프캠_다이어트의적 밥빵면_260407,1864504180206866,2026-05-08,3166,185,17113,5,633,2.70,0,0,0.00,1.62,183,KRW,5,114
2605_다이트_전환캠페인,(재)_부산_진료셀프캠_식욕억제주사실패 마지막_260407,1864504082579569,2026-05-08,4604,228,20192,5,920,2.19,0,0,0.00,1.58,225,KRW,4,144
2605_다이트_전환캠페인,(재)_부산_진료셀프캠_주사형비만치료제 고민끝에 50대부부 -32kg_260225,1864504475899377,2026-05-08,21514,2669,8060,24,896,0.90,5,4302,20.83,2.37,2613,KRW,25,1124
2605_다이트_전환캠페인,(재)_부평_진료셀프캠_10kg성공공식_260501,1863885164858465,2026-05-08,31,6,5166,0,0,0.00,0,0,0.00,1.20,6,KRW,0,5
2605_다이트_전환캠페인,(재)_부평_진료셀프캠_다이어트의적 밥빵면_26407,1863885330409586,2026-05-08,2090,107,19532,0,0,0.00,0,0,0.00,1.22,106,KRW,0,88
2604_다이트_전환캠페인,(재)_부평_진료셀프캠_비만주사는입만막을뿐_260423,1863251994014802,2026-05-08,0,0,0,0,0,0.00,0,0,0.00,0.00,0,KRW,0,0
2605_다이트_전환캠페인,(재)_부평_진료셀프캠_식욕억제주사실패 마지막_260407,1864504811014593,2026-05-08,3538,243,14559,1,3538,0.41,0,0,0.00,1.58,236,KRW,1,154
2605_다이트_전환캠페인,(재)_부평_진료셀프캠_식욕억제주사이길수없는_260501,1863885275116562,2026-05-08,81,14,5785,0,0,0.00,0,0,0.00,1.27,14,KRW,0,11
2605_다이트_전환캠페인,(재)_부평_진료셀프캠_운동안해도되는_260416,1863885634776146,2026-05-08,1040,36,28888,2,520,5.56,0,0,0.00,1.89,35,KRW,2,19
2605_다이트_전환캠페인,(재)_부평_진료셀프캠_주사형비만치료제 고민끝에 50대부부 -32kg_260225,1863885548023297,2026-05-08,2339,165,14175,1,2339,0.61,0,0,0.00,1.34,163,KRW,2,123
2605_다이트_전환캠페인,(재)_서울_진료셀프캠_10kg성공공식_260501,1863882737568994,2026-05-08,38,7,5428,0,0,0.00,0,0,0.00,2.33,7,KRW,0,3
2605_다이트_전환캠페인,(재)_서울_진료셀프캠_다이어트의적 밥빵면_260407,1863884652338370,2026-05-08,3542,140,25300,2,1771,1.43,0,0,0.00,1.13,139,KRW,0,124
2605_다이트_전환캠페인,(재)_서울_진료셀프캠_식욕억제주사실패 마지막_260407,1864504990482722,2026-05-08,2794,173,16150,4,698,2.31,0,0,0.00,1.21,171,KRW,5,143
2605_다이트_전환캠페인,(재)_서울_진료셀프캠_식욕억제주사이길수없는_260501,1863884494503073,2026-05-08,1,1,1000,0,0,0.00,0,0,0.00,1.00,1,KRW,0,1
2605_다이트_전환캠페인,(재)_서울_진료셀프캠_주사형비만치료제 고민끝에 50대부부 -32kg_260225,1863884826077233,2026-05-08,3007,217,13857,5,601,2.30,0,0,0.00,1.20,212,KRW,4,181
2605_다이트_전환캠페인,(재)_수원_진료셀프캠_10kg성공공식_260501,1863886407167025,2026-05-08,172,3,57333,0,0,0.00,0,0,0.00,1.00,3,KRW,0,3
2605_다이트_전환캠페인,(재)_수원_진료셀프캠_50대다이어트대사_260422,1863886357342417,2026-05-08,7,2,3500,0,0,0.00,0,0,0.00,1.00,2,KRW,0,2
2605_다이트_전환캠페인,(재)_수원_진료셀프캠_다이어트의적 밥빵면_260407,1863886407166977,2026-05-08,1740,133,13082,0,0,0.00,0,0,0.00,1.09,130,KRW,0,122
2605_다이트_전환캠페인,(재)_수원_진료셀프캠_식욕억제주사실패 마지막_260407,1864505816899810,2026-05-08,3846,244,15762,1,3846,0.41,0,0,0.00,1.28,244,KRW,1,190
2605_다이트_전환캠페인,(재)_수원_진료셀프캠_식욕억제주사이길수없는_260501,1863886407167009,2026-05-08,9,1,9000,0,0,0.00,0,0,0.00,1.00,1,KRW,0,1
2605_다이트_전환캠페인,(재)_일산_진료셀프캠_10kg성공공식_260501,1863885740076561,2026-05-08,17,3,5666,0,0,0.00,0,0,0.00,1.50,3,KRW,0,2
2605_다이트_전환캠페인,(재)_일산_진료셀프캠_다이어트의적 밥빵면_260407,1863886068832386,2026-05-08,848,68,12470,3,282,4.41,0,0,0.00,1.42,65,KRW,2,48
2605_다이트_전환캠페인,(재)_일산_진료셀프캠_다이어트의적 밥빵면_260407,1863885977135266,2026-05-08,840,57,14736,1,840,1.75,0,0,0.00,1.24,52,KRW,1,46
2605_다이트_전환캠페인,(재)_일산_진료셀프캠_식욕억제주사실패 마지막_260407,1864505574525201,2026-05-08,3421,186,18392,0,0,0.00,0,0,0.00,1.75,182,KRW,0,106
2605_다이트_전환캠페인,(재)_일산_진료셀프캠_식욕억제주사이길수없는_260501,1863885876249697,2026-05-08,10,2,5000,0,0,0.00,0,0,0.00,1.00,2,KRW,0,2
2605_다이트_전환캠페인,(재)_일산_진료셀프캠_운동안해도되는_260416,1863886176319969,2026-05-08,112,16,7000,0,0,0.00,0,0,0.00,1.33,14,KRW,0,12
2605_다이트_전환캠페인,(재)_창원_진료셀프캠_10kg성공공식_260501,1863887556302145,2026-05-08,12,3,4000,0,0,0.00,0,0,0.00,1.00,3,KRW,0,3
2605_다이트_전환캠페인,(재)_창원_진료셀프캠_다이어트의적 밥빵면_260407,1863887556302097,2026-05-08,2004,182,11010,3,668,1.65,0,0,0.00,1.14,179,KRW,2,160
2605_다이트_전환캠페인,(재)_창원_진료셀프캠_식욕억제주사실패 마지막_260407,1864505985565809,2026-05-08,4275,288,14843,1,4275,0.35,0,0,0.00,1.30,287,KRW,0,221
2605_다이트_전환캠페인,(재)_창원_진료셀프캠_식욕억제주사이길수없는_260501,1863887556302129,2026-05-08,33,7,4714,0,0,0.00,0,0,0.00,1.17,7,KRW,0,6
2605_다이트_전환캠페인,(재)_창원_진료셀프캠_주사형비만치료제 고민끝에 50대부부 -32kg_260225,1863887556301249,2026-05-08,2031,167,12161,1,2031,0.60,0,0,0.00,1.27,163,KRW,0,132
2605_다이트_전환캠페인,(재)_천안_진료셀프캠_10kg성공공식_260501,1863887099809826,2026-05-08,6,2,3000,0,0,0.00,0,0,0.00,2.00,2,KRW,0,1
2605_다이트_전환캠페인,(재)_천안_진료셀프캠_다이어트의적 밥빵면_260407,1863887099808882,2026-05-08,1459,147,9925,4,364,2.72,0,0,0.00,1.09,146,KRW,3,135
2605_다이트_전환캠페인,(재)_천안_진료셀프캠_식욕억제주사실패 마지막_260407,1864505985541153,2026-05-08,3920,253,15494,5,784,1.98,0,0,0.00,1.54,251,KRW,2,164
2605_다이트_전환캠페인,(재)_천안_진료셀프캠_식욕억제주사이길수없는_260501,1863887099809810,2026-05-08,8,2,4000,0,0,0.00,0,0,0.00,2.00,2,KRW,0,1
2605_다이트_전환캠페인,(재)_천안_진료셀프캠_주사형비만치료제 고민끝에 50대부부 -32kg_260225,1863887047740546,2026-05-08,2434,186,13086,3,811,1.61,1,2434,33.33,1.22,182,KRW,5,152
