ad_id,ad_name,campaign_id,campaign_name,adgroup_id,adgroup_name,create_time,modify_time,creative_type,image_mode,ad_format,display_name,vertical_video_strategy,interactive_motion_id,card_id,end_card_cta,call_to_action_id,identity_id,identity_type,image_ids,video_id,operation_status,secondary_status,is_addon,addon_kind
1864591731925074,(신)_대구_진료셀프캠_쉬운다이어트함정_260508,1863882258827649,2605_다이트_전환캠페인,1863882775670930,2605_DB 전환_대구,2026-05-08 04:09:07,2026-05-16 04:48:57,,,SINGLE_VIDEO,다이트한의원,,,7637029907089083412,,7637367960662805522,a00d3f86-d1f6-5187-a4b9-c096bec78c8c,BC_AUTH_TT,"[""tos-alisg-p-0051c001-sg/4bf217b2d887e1f275910b487a465120""]",v10033g50000d7ulqpvog65sjuomk0t0,DISABLE,AD_STATUS_CAMPAIGN_DISABLE,True,display_card
1864591731925058,(신)_대구_진료셀프캠_다이어트 실패 진짜 이유_260508,1863882258827649,2605_다이트_전환캠페인,1863882775670930,2605_DB 전환_대구,2026-05-08 04:09:07,2026-05-16 04:48:57,,,SINGLE_VIDEO,다이트한의원,,,7637029907089083412,,7637367960662789138,a00d3f86-d1f6-5187-a4b9-c096bec78c8c,BC_AUTH_TT,"[""tos-alisg-p-0051c001-sg/6e37c9dfdc8ca97b1d713081434aa5fd""]",v10033g50000d7ulprfog65j1gd43920,DISABLE,AD_STATUS_CAMPAIGN_DISABLE,True,display_card
1864591442512993,(신)_창원_진료셀프캠_쉬운다이어트함정_260508,1863882258827649,2605_다이트_전환캠페인,1863882775670962,2605_DB 전환_창원,2026-05-08 04:07:16,2026-05-16 04:48:57,,,SINGLE_VIDEO,다이트한의원,,,7637029907089083412,,7637367569447406599,a00d3f86-d1f6-5187-a4b9-c096bec78c8c,BC_AUTH_TT,"[""tos-alisg-p-0051c001-sg/4bf217b2d887e1f275910b487a465120""]",v10033g50000d7ulqpvog65sjuomk0t0,DISABLE,AD_STATUS_CAMPAIGN_DISABLE,True,display_card
1864591442512977,(신)_창원_진료셀프캠_다이어트 실패 진짜 이유_260508,1863882258827649,2605_다이트_전환캠페인,1863882775670962,2605_DB 전환_창원,2026-05-08 04:07:16,2026-05-16 04:48:57,,,SINGLE_VIDEO,다이트한의원,,,7637029907089083412,,7638423817458584584,a00d3f86-d1f6-5187-a4b9-c096bec78c8c,BC_AUTH_TT,"[""tos-alisg-p-0051c001-sg/6e37c9dfdc8ca97b1d713081434aa5fd""]",v10033g50000d7ulprfog65j1gd43920,DISABLE,AD_STATUS_CAMPAIGN_DISABLE,True,display_card
1864591280561409,(신)_천안_진료셀프캠_쉬운다이어트함정_260508,1863882258827649,2605_다이트_전환캠페인,1863882775672002,2605_DB 전환_천안,2026-05-08 04:01:56,2026-05-16 04:48:57,,,SINGLE_VIDEO,다이트한의원,,,7637029907089083412,,7637366184932854791,a00d3f86-d1f6-5187-a4b9-c096bec78c8c,BC_AUTH_TT,"[""tos-alisg-p-0051c001-sg/4bf217b2d887e1f275910b487a465120""]",v10033g50000d7ulqpvog65sjuomk0t0,DISABLE,AD_STATUS_CAMPAIGN_DISABLE,True,display_card
1864591280561393,(신)_천안_진료셀프캠_다이어트 실패 진짜 이유_260508,1863882258827649,2605_다이트_전환캠페인,1863882775672002,2605_DB 전환_천안,2026-05-08 04:01:56,2026-05-16 04:48:57,,,SINGLE_VIDEO,다이트한의원,,,7637029907089083412,,7637366184932838407,a00d3f86-d1f6-5187-a4b9-c096bec78c8c,BC_AUTH_TT,"[""tos-alisg-p-0051c001-sg/6e37c9dfdc8ca97b1d713081434aa5fd""]",v10033g50000d7ulprfog65j1gd43920,DISABLE,AD_STATUS_CAMPAIGN_DISABLE,True,display_card
1864591038405921,(신)_수원_진료셀프캠_쉬운다이어트함정_260508,1863882258827649,2605_다이트_전환캠페인,1863882775669778,2605_DB 전환_수원,2026-05-08 03:58:16,2026-05-16 04:48:57,,,SINGLE_VIDEO,다이트한의원,,,7637029907089083412,,7637365283296005138,a00d3f86-d1f6-5187-a4b9-c096bec78c8c,BC_AUTH_TT,"[""tos-alisg-p-0051c001-sg/4bf217b2d887e1f275910b487a465120""]",v10033g50000d7ulqpvog65sjuomk0t0,DISABLE,AD_STATUS_CAMPAIGN_DISABLE,True,display_card
1864591038405905,(신)_수원_진료셀프캠_다이어트 실패 진짜 이유_260508,1863882258827649,2605_다이트_전환캠페인,1863882775669778,2605_DB 전환_수원,2026-05-08 03:58:16,2026-05-16 04:48:57,,,SINGLE_VIDEO,다이트한의원,,,7637029907089083412,,7637365283295988754,a00d3f86-d1f6-5187-a4b9-c096bec78c8c,BC_AUTH_TT,"[""tos-alisg-p-0051c001-sg/6e37c9dfdc8ca97b1d713081434aa5fd""]",v10033g50000d7ulprfog65j1gd43920,DISABLE,AD_STATUS_CAMPAIGN_DISABLE,True,display_card
1864590948179058,(신)_일산_진료셀프캠_쉬운다이어트함정_260508,1863882258827649,2605_다이트_전환캠페인,1863882775669810,2605_DB 전환_일산,2026-05-08 03:56:17,2026-05-16 04:48:59,,,SINGLE_VIDEO,다이트한의원,,,7637029907089083412,,7637364877157288967,a00d3f86-d1f6-5187-a4b9-c096bec78c8c,BC_AUTH_TT,"[""tos-alisg-p-0051c001-sg/7701538edb3a9655b10b9d1ec4b16d00""]",v10033g50000d7ulqpvog65sjuomk0t0,DISABLE,AD_STATUS_CAMPAIGN_DISABLE,True,display_card
1864590948179042,(신)_일산_진료셀프캠_다이어트 실패 진짜 이유_260508,1863882258827649,2605_다이트_전환캠페인,1863882775669810,2605_DB 전환_일산,2026-05-08 03:56:17,2026-05-16 04:48:59,,,SINGLE_VIDEO,다이트한의원,,,7637029907089083412,,7637364688690383890,a00d3f86-d1f6-5187-a4b9-c096bec78c8c,BC_AUTH_TT,"[""tos-alisg-p-0051c001-sg/6e37c9dfdc8ca97b1d713081434aa5fd""]",v10033g50000d7ulprfog65j1gd43920,DISABLE,AD_STATUS_CAMPAIGN_DISABLE,True,display_card
1864590839394770,(신)_부평_진료셀프캠_쉬운다이어트함정_260508,1863882258827649,2605_다이트_전환캠페인,1863882775668914,2605_DB 전환_부평,2026-05-08 03:54:48,2026-05-16 04:48:59,,,SINGLE_VIDEO,다이트한의원,,,7637029936834382868,,7637364274729339922,a00d3f86-d1f6-5187-a4b9-c096bec78c8c,BC_AUTH_TT,"[""tos-alisg-p-0051c001-sg/4bf217b2d887e1f275910b487a465120""]",v10033g50000d7ulqpvog65sjuomk0t0,DISABLE,AD_STATUS_CAMPAIGN_DISABLE,True,display_card
1864590839394754,(신)_부평_진료셀프캠_다이어트 실패 진짜 이유_260508,1863882258827649,2605_다이트_전환캠페인,1863882775668914,2605_DB 전환_부평,2026-05-08 03:54:48,2026-05-16 04:48:59,,,SINGLE_VIDEO,다이트한의원,,,7637029936834382868,,7637364274729323538,a00d3f86-d1f6-5187-a4b9-c096bec78c8c,BC_AUTH_TT,"[""tos-alisg-p-0051c001-sg/6e37c9dfdc8ca97b1d713081434aa5fd""]",v10033g50000d7ulprfog65j1gd43920,DISABLE,AD_STATUS_CAMPAIGN_DISABLE,True,display_card
1864590796987458,(신)_대전_진료셀프캠_쉬운다이어트함정_260508,1863882258827649,2605_다이트_전환캠페인,1863882775672034,2605_DB 전환_대전,2026-05-08 03:59:53,2026-05-16 04:48:57,,,SINGLE_VIDEO,다이트한의원,,,7637029907089083412,,7637365622581546002,a00d3f86-d1f6-5187-a4b9-c096bec78c8c,BC_AUTH_TT,"[""tos-alisg-p-0051c001-sg/4bf217b2d887e1f275910b487a465120""]",v10033g50000d7ulqpvog65sjuomk0t0,DISABLE,AD_STATUS_CAMPAIGN_DISABLE,True,display_card
1864590796986642,(신)_대전_진료셀프캠_다이어트 실패 진짜 이유_260508,1863882258827649,2605_다이트_전환캠페인,1863882775672034,2605_DB 전환_대전,2026-05-08 03:59:53,2026-05-16 04:48:57,,,SINGLE_VIDEO,다이트한의원,,,7637029907089083412,,7637365622581529618,a00d3f86-d1f6-5187-a4b9-c096bec78c8c,BC_AUTH_TT,"[""tos-alisg-p-0051c001-sg/6e37c9dfdc8ca97b1d713081434aa5fd""]",v10033g50000d7ulprfog65j1gd43920,DISABLE,AD_STATUS_CAMPAIGN_DISABLE,True,display_card
1864590729418033,(신)_서울_진료셀프캠_쉬운다이어트함정_260508,1863882258827649,2605_다이트_전환캠페인,1863882575292497,2605_DB 전환_서울,2026-05-08 03:53:18,2026-05-16 04:48:59,,,SINGLE_VIDEO,다이트한의원,,,7637029936834382868,,7637363877851843592,a00d3f86-d1f6-5187-a4b9-c096bec78c8c,BC_AUTH_TT,"[""tos-alisg-p-0051c001-sg/4bf217b2d887e1f275910b487a465120""]",v10033g50000d7ulqpvog65sjuomk0t0,DISABLE,AD_STATUS_CAMPAIGN_DISABLE,True,display_card
1864590729418017,(신)_서울_진료셀프캠_다이어트 실패 진짜 이유_260508,1863882258827649,2605_다이트_전환캠페인,1863882575292497,2605_DB 전환_서울,2026-05-08 03:53:18,2026-05-16 04:48:59,,,SINGLE_VIDEO,다이트한의원,,,7637029936834382868,,7637363877851827208,a00d3f86-d1f6-5187-a4b9-c096bec78c8c,BC_AUTH_TT,"[""tos-alisg-p-0051c001-sg/6e37c9dfdc8ca97b1d713081434aa5fd""]",v10033g50000d7ulprfog65j1gd43920,DISABLE,AD_STATUS_CAMPAIGN_DISABLE,True,display_card
1864590457983042,(신)_부산_진료셀프캠_쉬운다이어트함정_260508,1863882258827649,2605_다이트_전환캠페인,1864504138064065,2605_DB_전환_부산,2026-05-08 03:50:51,2026-05-16 04:48:59,,,SINGLE_VIDEO,다이트한의원,,,7637029936834382868,,7637363310043630599,a00d3f86-d1f6-5187-a4b9-c096bec78c8c,BC_AUTH_TT,"[""tos-alisg-p-0051c001-sg/4bf217b2d887e1f275910b487a465120""]",v10033g50000d7ulqpvog65sjuomk0t0,DISABLE,AD_STATUS_CAMPAIGN_DISABLE,True,display_card
1864590457982002,(신)_부산_진료셀프캠_다이어트 실패 진짜 이유_260508,1863882258827649,2605_다이트_전환캠페인,1864504138064065,2605_DB_전환_부산,2026-05-08 03:50:51,2026-05-16 04:48:59,,,SINGLE_VIDEO,다이트한의원,,,7637029936834382868,,7637363310043614215,a00d3f86-d1f6-5187-a4b9-c096bec78c8c,BC_AUTH_TT,"[""tos-alisg-p-0051c001-sg/6e37c9dfdc8ca97b1d713081434aa5fd""]",v10033g50000d7ulprfog65j1gd43920,DISABLE,AD_STATUS_CAMPAIGN_DISABLE,True,display_card
1864506292050017,(재)_대구_진료셀프캠_식욕억제주사실패 마지막_260407,1863882258827649,2605_다이트_전환캠페인,1863882775670930,2605_DB 전환_대구,2026-05-07 05:34:58,2026-05-16 04:48:59,,,SINGLE_VIDEO,다이트한의원,,,7637036660332678164,,7637053012006980629,a00d3f86-d1f6-5187-a4b9-c096bec78c8c,BC_AUTH_TT,"[""tos-alisg-p-0051c001-sg/a5c422f7fd16a9e0aac28156a7424f81""]",v10033g50000d7a75gfog65g1f5kmftg,DISABLE,AD_STATUS_CAMPAIGN_DISABLE,True,display_card
1864506292049137,(신)_대구_진료셀프캠_주사형 비만치료제보다 더중요한이것_260120,1863882258827649,2605_다이트_전환캠페인,1863882775670930,2605_DB 전환_대구,2026-05-07 05:34:58,2026-05-16 04:48:59,,,SINGLE_VIDEO,다이트한의원,,,7637036729509202965,,7637053032085097493,a00d3f86-d1f6-5187-a4b9-c096bec78c8c,BC_AUTH_TT,"[""tos-alisg-p-0051c001-sg/o4pFQlAoOBNIHAFNpBMQb12B1gDLg8fcw9fDEE""]",v10033g50000d607ujnog65kq3cmc6h0,DISABLE,AD_STATUS_CAMPAIGN_DISABLE,True,display_card
1864505985567745,(신)_창원_진료셀프캠_주사형 비만치료제보다 더중요한이것_260120,1863882258827649,2605_다이트_전환캠페인,1863882775670962,2605_DB 전환_창원,2026-05-07 05:31:47,2026-05-16 04:49:02,,,SINGLE_VIDEO,다이트한의원,,,7637036698261703700,,7637052155924417557,a00d3f86-d1f6-5187-a4b9-c096bec78c8c,BC_AUTH_TT,"[""tos-alisg-p-0051c001-sg/o4pFQlAoOBNIHAFNpBMQb12B1gDLg8fcw9fDEE""]",v10033g50000d607ujnog65kq3cmc6h0,DISABLE,AD_STATUS_CAMPAIGN_DISABLE,True,display_card
1864505985565809,(재)_창원_진료셀프캠_식욕억제주사실패 마지막_260407,1863882258827649,2605_다이트_전환캠페인,1863882775670962,2605_DB 전환_창원,2026-05-07 05:31:47,2026-05-16 04:49:02,,,SINGLE_VIDEO,다이트한의원,,,7637036671317494804,,7637051973853858836,a00d3f86-d1f6-5187-a4b9-c096bec78c8c,BC_AUTH_TT,"[""tos-alisg-p-0051c001-sg/a5c422f7fd16a9e0aac28156a7424f81""]",v10033g50000d7a75gfog65g1f5kmftg,DISABLE,AD_STATUS_CAMPAIGN_DISABLE,True,display_card
1864505985541169,(신)_천안_진료셀프캠_주사형 비만치료제보다 더중요한이것_260120,1863882258827649,2605_다이트_전환캠페인,1863882775672002,2605_DB 전환_천안,2026-05-07 05:30:14,2026-05-16 04:49:02,,,SINGLE_VIDEO,다이트한의원,,,7637036662530296853,,7637051427931687957,a00d3f86-d1f6-5187-a4b9-c096bec78c8c,BC_AUTH_TT,"[""tos-alisg-p-0051c001-sg/o4pFQlAoOBNIHAFNpBMQb12B1gDLg8fcw9fDEE""]",v10033g50000d607ujnog65kq3cmc6h0,DISABLE,AD_STATUS_CAMPAIGN_DISABLE,True,display_card
1864505985541153,(재)_천안_진료셀프캠_식욕억제주사실패 마지막_260407,1863882258827649,2605_다이트_전환캠페인,1863882775672002,2605_DB 전환_천안,2026-05-07 05:30:14,2026-05-16 04:49:02,,,SINGLE_VIDEO,다이트한의원,,,7637036707564506132,,7637051382217903124,a00d3f86-d1f6-5187-a4b9-c096bec78c8c,BC_AUTH_TT,"[""tos-alisg-p-0051c001-sg/okXTyBWpuAMAEbfbAQWsq5gMD8lfZYOQDGCeog""]",v10033g50000d7a75gfog65g1f5kmftg,DISABLE,AD_STATUS_CAMPAIGN_DISABLE,True,display_card
1864505816899826,(신)_수원_진료셀프캠_주사형 비만치료제보다 더중요한이것_260120,1863882258827649,2605_다이트_전환캠페인,1863882775669778,2605_DB 전환_수원,2026-05-07 05:25:13,2026-05-16 04:49:02,,,SINGLE_VIDEO,다이트한의원,,,7637029676083694612,,7637049858867645460,a00d3f86-d1f6-5187-a4b9-c096bec78c8c,BC_AUTH_TT,"[""tos-alisg-p-0051c001-sg/o4pFQlAoOBNIHAFNpBMQb12B1gDLg8fcw9fDEE""]",v10033g50000d607ujnog65kq3cmc6h0,DISABLE,AD_STATUS_CAMPAIGN_DISABLE,True,display_card
1864505816899810,(재)_수원_진료셀프캠_식욕억제주사실패 마지막_260407,1863882258827649,2605_다이트_전환캠페인,1863882775669778,2605_DB 전환_수원,2026-05-07 05:25:13,2026-05-16 04:49:02,,,SINGLE_VIDEO,다이트한의원,,,7637029544260832276,,7637049799967116308,a00d3f86-d1f6-5187-a4b9-c096bec78c8c,BC_AUTH_TT,"[""tos-alisg-p-0051c001-sg/a5c422f7fd16a9e0aac28156a7424f81""]",v10033g50000d7a75gfog65g1f5kmftg,DISABLE,AD_STATUS_CAMPAIGN_DISABLE,True,display_card
1864505802345521,(신)_대전_진료셀프캠_주사형 비만치료제보다 더중요한이것_260120,1863882258827649,2605_다이트_전환캠페인,1863882775672034,2605_DB 전환_대전,2026-05-07 05:27:29,2026-05-16 04:49:02,,,SINGLE_VIDEO,다이트한의원,,,7637029419665099797,,7637050599934151701,a00d3f86-d1f6-5187-a4b9-c096bec78c8c,BC_AUTH_TT,"[""tos-alisg-p-0051c001-sg/o4pFQlAoOBNIHAFNpBMQb12B1gDLg8fcw9fDEE""]",v10033g50000d607ujnog65kq3cmc6h0,DISABLE,AD_STATUS_CAMPAIGN_DISABLE,True,display_card
1864505802345505,(재)_대전_진료셀프캠_식욕억제주사실패 마지막_260407,1863882258827649,2605_다이트_전환캠페인,1863882775672034,2605_DB 전환_대전,2026-05-07 05:27:29,2026-05-16 04:49:02,,,SINGLE_VIDEO,다이트한의원,,,7637029422315801620,,7637050534574296085,a00d3f86-d1f6-5187-a4b9-c096bec78c8c,BC_AUTH_TT,"[""tos-alisg-p-0051c001-sg/a5c422f7fd16a9e0aac28156a7424f81""]",v10033g50000d7a75gfog65g1f5kmftg,DISABLE,AD_STATUS_CAMPAIGN_DISABLE,True,display_card
1864505574525953,(신)_일산_진료셀프캠_주사형 비만치료제보다 더중요한이것_260120,1863882258827649,2605_다이트_전환캠페인,1863882775669810,2605_DB 전환_일산,2026-05-07 05:22:43,2026-05-16 04:49:02,,,SINGLE_VIDEO,다이트한의원,,,7637029675898883093,,7637048668498988053,a00d3f86-d1f6-5187-a4b9-c096bec78c8c,BC_AUTH_TT,"[""tos-alisg-p-0051c001-sg/o4pFQlAoOBNIHAFNpBMQb12B1gDLg8fcw9fDEE""]",v10033g50000d607ujnog65kq3cmc6h0,DISABLE,AD_STATUS_CAMPAIGN_DISABLE,True,display_card
1864505574525201,(재)_일산_진료셀프캠_식욕억제주사실패 마지막_260407,1863882258827649,2605_다이트_전환캠페인,1863882775669810,2605_DB 전환_일산,2026-05-07 05:22:43,2026-05-16 04:49:02,,,SINGLE_VIDEO,다이트한의원,,,7637029419664788501,,7637048447874419733,a00d3f86-d1f6-5187-a4b9-c096bec78c8c,BC_AUTH_TT,"[""tos-alisg-p-0051c001-sg/a5c422f7fd16a9e0aac28156a7424f81""]",v10033g50000d7a75gfog65g1f5kmftg,DISABLE,AD_STATUS_CAMPAIGN_DISABLE,True,display_card
1864504990482738,(신)_서울_진료셀프캠_주사형 비만치료제보다 더중요한이것_260120,1863882258827649,2605_다이트_전환캠페인,1863882575292497,2605_DB 전환_서울,2026-05-07 05:13:47,2026-05-16 04:49:05,,,SINGLE_VIDEO,다이트한의원,,,7637026472494435348,,7637046828894145557,a00d3f86-d1f6-5187-a4b9-c096bec78c8c,BC_AUTH_TT,"[""tos-alisg-p-0051c001-sg/o4pFQlAoOBNIHAFNpBMQb12B1gDLg8fcw9fDEE""]",v10033g50000d607ujnog65kq3cmc6h0,DISABLE,AD_STATUS_CAMPAIGN_DISABLE,True,display_card
1864504990482722,(재)_서울_진료셀프캠_식욕억제주사실패 마지막_260407,1863882258827649,2605_다이트_전환캠페인,1863882575292497,2605_DB 전환_서울,2026-05-07 05:13:47,2026-05-16 04:49:05,,,SINGLE_VIDEO,다이트한의원,,,7637029422315310100,,7637046763311860756,a00d3f86-d1f6-5187-a4b9-c096bec78c8c,BC_AUTH_TT,"[""tos-alisg-p-0051c001-sg/a5c422f7fd16a9e0aac28156a7424f81""]",v10033g50000d7a75gfog65g1f5kmftg,DISABLE,AD_STATUS_CAMPAIGN_DISABLE,True,display_card
1864504811014609,(신)_부평_진료셀프캠_주사형 비만치료제보다 더중요한이것_260120,1863882258827649,2605_다이트_전환캠페인,1863882775668914,2605_DB 전환_부평,2026-05-07 05:15:44,2026-05-16 04:49:05,,,SINGLE_VIDEO,다이트한의원,,,7637029429814758420,,7637047690597043220,a00d3f86-d1f6-5187-a4b9-c096bec78c8c,BC_AUTH_TT,"[""tos-alisg-p-0051c001-sg/o4pFQlAoOBNIHAFNpBMQb12B1gDLg8fcw9fDEE""]",v10033g50000d607ujnog65kq3cmc6h0,DISABLE,AD_STATUS_CAMPAIGN_DISABLE,True,display_card
1864504811014593,(재)_부평_진료셀프캠_식욕억제주사실패 마지막_260407,1863882258827649,2605_다이트_전환캠페인,1863882775668914,2605_DB 전환_부평,2026-05-07 05:15:44,2026-05-16 04:49:05,,,SINGLE_VIDEO,다이트한의원,,,7637026472494533652,,7637047262052387861,a00d3f86-d1f6-5187-a4b9-c096bec78c8c,BC_AUTH_TT,"[""tos-alisg-p-0051c001-sg/okXTyBWpuAMAEbfbAQWsq5gMD8lfZYOQDGCeog""]",v10033g50000d7a75gfog65g1f5kmftg,DISABLE,AD_STATUS_CAMPAIGN_DISABLE,True,display_card
1864504511482193,(신)_부산_인플방문후기_주사형비만치료제(the.hyunniverse)_260403,1863882258827649,2605_다이트_전환캠페인,1864504138064065,2605_DB_전환_부산,2026-05-07 05:09:53,2026-05-16 04:49:05,,,SINGLE_VIDEO,다이트한의원,,,,,7637012259243363348,a00d3f86-d1f6-5187-a4b9-c096bec78c8c,BC_AUTH_TT,"[""tos-alisg-p-0051c001-sg/okyh9AfqQeIBBGN3DYgVEsiiWGa6NpzTBtBYBm""]",v10033g50000d7phicfog65tgqimpq0g,DISABLE,AD_STATUS_CAMPAIGN_DISABLE,False,
1864504498238466,(신)_부산_의료진정보_주사형비만치료제 10년은_260116,1863882258827649,2605_다이트_전환캠페인,1864504138064065,2605_DB_전환_부산,2026-05-07 05:09:53,2026-05-16 04:49:05,,,SINGLE_VIDEO,다이트한의원,,,,,7637012259243346964,a00d3f86-d1f6-5187-a4b9-c096bec78c8c,BC_AUTH_TT,"[""tos-alisg-p-0051c001-sg/oEJpB9KAOADeBNzvgEFWosQDMfRAMrrEBDBWiI""]",v10033g50000d6hb537og65u4k80o0b0,DISABLE,AD_STATUS_CAMPAIGN_DISABLE,False,
1864504475899377,(재)_부산_진료셀프캠_주사형비만치료제 고민끝에 50대부부 -32kg_260225,1863882258827649,2605_다이트_전환캠페인,1864504138064065,2605_DB_전환_부산,2026-05-07 05:09:53,2026-05-16 04:49:05,,,SINGLE_VIDEO,다이트한의원,,,,,7637012259243396116,a00d3f86-d1f6-5187-a4b9-c096bec78c8c,BC_AUTH_TT,"[""tos-alisg-p-0051c001-sg/okEEzpwDMBZZggNq9VIA3iiBDIBcseBthfDlcQ""]",v10033g50000d7pi3ivog65tgqin1c1g,DISABLE,AD_STATUS_CAMPAIGN_DISABLE,False,
1864504376429922,(신)_부산_진료셀프캠_주사형 비만치료제보다 더중요한이것_260120,1863882258827649,2605_다이트_전환캠페인,1864504138064065,2605_DB_전환_부산,2026-05-07 05:09:53,2026-05-16 04:49:05,,,SINGLE_VIDEO,다이트한의원,,,,,7637012259243379732,a00d3f86-d1f6-5187-a4b9-c096bec78c8c,BC_AUTH_TT,"[""tos-alisg-p-0051c001-sg/a41ae1596f3783436c83ebe3ee57fe5b""]",v10033g50000d607ujnog65kq3cmc6h0,DISABLE,AD_STATUS_CAMPAIGN_DISABLE,False,
1864504180206866,(재)_부산_진료셀프캠_다이어트의적 밥빵면_260407,1863882258827649,2605_다이트_전환캠페인,1864504138064065,2605_DB_전환_부산,2026-05-07 05:09:53,2026-05-16 04:49:05,,,SINGLE_VIDEO,다이트한의원,,,,,7637012259243412500,a00d3f86-d1f6-5187-a4b9-c096bec78c8c,BC_AUTH_TT,"[""tos-alisg-p-0051c001-sg/ocFFmDBUIfNQt1i31fl96QQWpuJGFD5ovCEgAB""]",v10033g50000d6ugqtvog65iv8lck2pg,DISABLE,AD_STATUS_CAMPAIGN_DISABLE,False,
1864504082579569,(재)_부산_진료셀프캠_식욕억제주사실패 마지막_260407,1863882258827649,2605_다이트_전환캠페인,1864504138064065,2605_DB_전환_부산,2026-05-07 05:09:53,2026-05-16 04:49:05,,,SINGLE_VIDEO,다이트한의원,,,,,7637012259243428884,a00d3f86-d1f6-5187-a4b9-c096bec78c8c,BC_AUTH_TT,"[""tos-alisg-p-0051c001-sg/a5c422f7fd16a9e0aac28156a7424f81""]",v10033g50000d7a75gfog65g1f5kmftg,DISABLE,AD_STATUS_CAMPAIGN_DISABLE,False,
1863887889389617,(재)_대구_진료셀프캠_10kg성공공식_260501,1863882258827649,2605_다이트_전환캠페인,1863882775670930,2605_DB 전환_대구,2026-04-30 09:44:05,2026-05-16 04:49:09,,,SINGLE_VIDEO,다이트한의원,,,7637036671317625876,,7637053077870234644,a00d3f86-d1f6-5187-a4b9-c096bec78c8c,BC_AUTH_TT,"[""tos-alisg-p-0051c001-sg/osArAEafkibMlBMBE0iB4LPcIR5dwQQvAozuPm""]",v10033g50000d7ph1e7og65oirq0uqe0,DISABLE,AD_STATUS_CAMPAIGN_DISABLE,True,display_card
1863887889389601,(재)_대구_진료셀프캠_식욕억제주사이길수없는_260501,1863882258827649,2605_다이트_전환캠페인,1863882775670930,2605_DB 전환_대구,2026-04-30 09:44:05,2026-05-16 04:49:09,,,SINGLE_VIDEO,다이트한의원,,,7637036681543355413,,7637053104826960917,a00d3f86-d1f6-5187-a4b9-c096bec78c8c,BC_AUTH_TT,"[""tos-alisg-p-0051c001-sg/oYEzIBBCNFi8AkDpSFzhfel70cwDWEDgQ0xxBa""]",v10033g50000d7phe5nog65o4ne5kuq0,DISABLE,AD_STATUS_CAMPAIGN_DISABLE,True,display_card
1863887889389585,(신)_대구_인플방문후기_주사형비만치료제(the.hyunniverse)_260403,1863882258827649,2605_다이트_전환캠페인,1863882775670930,2605_DB 전환_대구,2026-04-30 09:44:05,2026-05-16 04:49:09,,,SINGLE_VIDEO,다이트한의원,,,7637036680255605781,,7637053180836203540,a00d3f86-d1f6-5187-a4b9-c096bec78c8c,BC_AUTH_TT,"[""tos-alisg-p-0051c001-sg/oEzA3IYwwGBR9NdULaBcAEaLUYPLTAYicAicv""]",v10033g50000d77l3gnog65gehj0m05g,DISABLE,AD_STATUS_CAMPAIGN_DISABLE,True,display_card
1863887889389569,(재)_대구_진료셀프캠_다이어트의적 밥빵면_260407,1863882258827649,2605_다이트_전환캠페인,1863882775670930,2605_DB 전환_대구,2026-04-30 09:44:05,2026-05-16 04:49:09,,,SINGLE_VIDEO,다이트한의원,,,7637036680257358868,,7637053012153879573,a00d3f86-d1f6-5187-a4b9-c096bec78c8c,BC_AUTH_TT,"[""tos-alisg-p-0051c001-sg/oIQDcvCt4F9WABQJkp0PNjgixEItfB5DQ6GKof""]",v10033g50000d6ugojvog65qe3i9tslg,DISABLE,AD_STATUS_CAMPAIGN_DISABLE,True,display_card
1863887889388849,"(재)_대구_인플방문후기_굶지않는다이어트(전지점, 창원잇츠)_260501",1863882258827649,2605_다이트_전환캠페인,1863882775670930,2605_DB 전환_대구,2026-04-30 09:44:05,2026-05-16 04:49:09,,,SINGLE_VIDEO,다이트한의원,,,,,7634485719439805447,a00d3f86-d1f6-5187-a4b9-c096bec78c8c,BC_AUTH_TT,"[""tos-alisg-p-0051c001-sg/osABzivAYfRABGFLmPyAMTB2woi9AzKIv0b1Et""]",v10033g50000d7phg07og65m8smmvfmg,DISABLE,AD_STATUS_CAMPAIGN_DISABLE,False,
1863887864035458,(재)_대구_진료셀프캠_주사형비만치료제 고민끝에 50대부부 -32kg_260225,1863882258827649,2605_다이트_전환캠페인,1863882775670930,2605_DB 전환_대구,2026-04-30 09:44:05,2026-05-16 04:49:09,,,SINGLE_VIDEO,다이트한의원,,,7637036680257342484,,7637053012153830421,a00d3f86-d1f6-5187-a4b9-c096bec78c8c,BC_AUTH_TT,"[""tos-alisg-p-0051c001-sg/oIIeQCBJNojnATDpQFskfRkmEG1DMEygQ5qZBM""]",v10033g50000d6fa337og65qk4q7p8h0,DISABLE,AD_STATUS_CAMPAIGN_DISABLE,True,display_card
1863887556302145,(재)_창원_진료셀프캠_10kg성공공식_260501,1863882258827649,2605_다이트_전환캠페인,1863882775670962,2605_DB 전환_창원,2026-04-30 09:39:31,2026-05-16 04:49:12,,,SINGLE_VIDEO,다이트한의원,,,7637036680217660436,,7637052551300533269,a00d3f86-d1f6-5187-a4b9-c096bec78c8c,BC_AUTH_TT,"[""tos-alisg-p-0051c001-sg/osArAEafkibMlBMBE0iB4LPcIR5dwQQvAozuPm""]",v10033g50000d7ph1e7og65oirq0uqe0,DISABLE,AD_STATUS_CAMPAIGN_DISABLE,True,display_card
1863887556302129,(재)_창원_진료셀프캠_식욕억제주사이길수없는_260501,1863882258827649,2605_다이트_전환캠페인,1863882775670962,2605_DB 전환_창원,2026-04-30 09:39:31,2026-05-16 04:49:12,,,SINGLE_VIDEO,다이트한의원,,,7637036707564653588,,7637052436317752341,a00d3f86-d1f6-5187-a4b9-c096bec78c8c,BC_AUTH_TT,"[""tos-alisg-p-0051c001-sg/oYEzIBBCNFi8AkDpSFzhfel70cwDWEDgQ0xxBa""]",v10033g50000d7phe5nog65o4ne5kuq0,DISABLE,AD_STATUS_CAMPAIGN_DISABLE,True,display_card
1863887556302113,(신)_창원_인플방문후기_주사형비만치료제(the.hyunniverse)_260403,1863882258827649,2605_다이트_전환캠페인,1863882775670962,2605_DB 전환_창원,2026-04-30 09:39:31,2026-05-16 04:49:09,,,SINGLE_VIDEO,다이트한의원,,,7637036667173653524,,7637052429086821396,a00d3f86-d1f6-5187-a4b9-c096bec78c8c,BC_AUTH_TT,"[""tos-alisg-p-0051c001-sg/oEzA3IYwwGBR9NdULaBcAEaLUYPLTAYicAicv""]",v10033g50000d77l3gnog65gehj0m05g,DISABLE,AD_STATUS_CAMPAIGN_DISABLE,True,display_card
1863887556302097,(재)_창원_진료셀프캠_다이어트의적 밥빵면_260407,1863882258827649,2605_다이트_전환캠페인,1863882775670962,2605_DB 전환_창원,2026-04-30 09:39:31,2026-05-16 04:49:09,,,SINGLE_VIDEO,다이트한의원,,,7637036698261736468,,7637052371918507029,a00d3f86-d1f6-5187-a4b9-c096bec78c8c,BC_AUTH_TT,"[""tos-alisg-p-0051c001-sg/oIQDcvCt4F9WABQJkp0PNjgixEItfB5DQ6GKof""]",v10033g50000d6ugojvog65qe3i9tslg,DISABLE,AD_STATUS_CAMPAIGN_DISABLE,True,display_card
1863887556301249,(재)_창원_진료셀프캠_주사형비만치료제 고민끝에 50대부부 -32kg_260225,1863882258827649,2605_다이트_전환캠페인,1863882775670962,2605_DB 전환_창원,2026-04-30 09:39:31,2026-05-16 04:49:09,,,SINGLE_VIDEO,다이트한의원,,,7637036660332596244,,7637052266490514452,a00d3f86-d1f6-5187-a4b9-c096bec78c8c,BC_AUTH_TT,"[""tos-alisg-p-0051c001-sg/c67058f2d87a62c2fd6934d8a49b058d""]",v10033g50000d6fa337og65qk4q7p8h0,DISABLE,AD_STATUS_CAMPAIGN_DISABLE,True,display_card
1863887496576258,(재)_창원_인플방문후기_굶지않는다이어트(창원잇츠)_260501,1863882258827649,2605_다이트_전환캠페인,1863882775670962,2605_DB 전환_창원,2026-04-30 09:39:31,2026-05-16 04:49:08,,,SINGLE_VIDEO,다이트한의원,,,,,7634484460758633480,a00d3f86-d1f6-5187-a4b9-c096bec78c8c,BC_AUTH_TT,"[""tos-alisg-p-0051c001-sg/ogyZABeMIAQTCGBDzBIiEuGKsE7NgjitpzBaKf""]",v10033g50000d7pi69vog65j16lms650,DISABLE,AD_STATUS_CAMPAIGN_DISABLE,False,
1863887099809826,(재)_천안_진료셀프캠_10kg성공공식_260501,1863882258827649,2605_다이트_전환캠페인,1863882775672002,2605_DB 전환_천안,2026-04-30 09:32:59,2026-05-16 04:49:12,,,SINGLE_VIDEO,다이트한의원,,,7637036698270125076,,7637051937267010580,a00d3f86-d1f6-5187-a4b9-c096bec78c8c,BC_AUTH_TT,"[""tos-alisg-p-0051c001-sg/osArAEafkibMlBMBE0iB4LPcIR5dwQQvAozuPm""]",v10033g50000d7ph1e7og65oirq0uqe0,DISABLE,AD_STATUS_CAMPAIGN_DISABLE,True,display_card
1863887099809810,(재)_천안_진료셀프캠_식욕억제주사이길수없는_260501,1863882258827649,2605_다이트_전환캠페인,1863882775672002,2605_DB 전환_천안,2026-04-30 09:32:59,2026-05-16 04:49:12,,,SINGLE_VIDEO,다이트한의원,,,7637036681530461204,,7637051743292886037,a00d3f86-d1f6-5187-a4b9-c096bec78c8c,BC_AUTH_TT,"[""tos-alisg-p-0051c001-sg/oYEzIBBCNFi8AkDpSFzhfel70cwDWEDgQ0xxBa""]",v10033g50000d7phe5nog65o4ne5kuq0,DISABLE,AD_STATUS_CAMPAIGN_DISABLE,True,display_card
1863887099809794,(신)_천안_인플방문후기_주사형비만치료제(the.hyunniverse)_260403,1863882258827649,2605_다이트_전환캠페인,1863882775672002,2605_DB 전환_천안,2026-04-30 09:32:59,2026-05-16 04:49:12,,,SINGLE_VIDEO,다이트한의원,,,7637036667194412053,,7637051726545062933,a00d3f86-d1f6-5187-a4b9-c096bec78c8c,BC_AUTH_TT,"[""tos-alisg-p-0051c001-sg/oEzA3IYwwGBR9NdULaBcAEaLUYPLTAYicAicv""]",v10033g50000d77l3gnog65gehj0m05g,DISABLE,AD_STATUS_CAMPAIGN_DISABLE,True,display_card
1863887099808882,(재)_천안_진료셀프캠_다이어트의적 밥빵면_260407,1863882258827649,2605_다이트_전환캠페인,1863882775672002,2605_DB 전환_천안,2026-04-30 09:32:59,2026-05-16 04:49:12,,,SINGLE_VIDEO,다이트한의원,,,7637036667194395669,,7637051440153906196,a00d3f86-d1f6-5187-a4b9-c096bec78c8c,BC_AUTH_TT,"[""tos-alisg-p-0051c001-sg/oIQDcvCt4F9WABQJkp0PNjgixEItfB5DQ6GKof""]",v10033g50000d6ugojvog65qe3i9tslg,DISABLE,AD_STATUS_CAMPAIGN_DISABLE,True,display_card
1863887099808866,"(재)_천안_인플방문후기_굶지않는다이어트(전지점, 창원잇츠)_260501",1863882258827649,2605_다이트_전환캠페인,1863882775672002,2605_DB 전환_천안,2026-04-30 09:32:59,2026-05-16 04:49:12,,,SINGLE_VIDEO,다이트한의원,,,,,7634482806634105863,a00d3f86-d1f6-5187-a4b9-c096bec78c8c,BC_AUTH_TT,"[""tos-alisg-p-0051c001-sg/osABzivAYfRABGFLmPyAMTB2woi9AzKIv0b1Et""]",v10033g50000d7phg07og65m8smmvfmg,DISABLE,AD_STATUS_CAMPAIGN_DISABLE,False,
1863887047740546,(재)_천안_진료셀프캠_주사형비만치료제 고민끝에 50대부부 -32kg_260225,1863882258827649,2605_다이트_전환캠페인,1863882775672002,2605_DB 전환_천안,2026-04-30 09:32:59,2026-05-16 04:49:12,,,SINGLE_VIDEO,다이트한의원,,,7637036716024499220,,7637051380888292372,a00d3f86-d1f6-5187-a4b9-c096bec78c8c,BC_AUTH_TT,"[""tos-alisg-p-0051c001-sg/oIIeQCBJNojnATDpQFskfRkmEG1DMEygQ5qZBM""]",v10033g50000d6fa337og65qk4q7p8h0,DISABLE,AD_STATUS_CAMPAIGN_DISABLE,True,display_card
1863886737135889,(재)_대전_진료셀프캠_10kg성공공식_260501,1863882258827649,2605_다이트_전환캠페인,1863882775672034,2605_DB 전환_대전,2026-04-30 09:26:03,2026-05-16 04:49:17,,,SINGLE_VIDEO,다이트한의원,,,7637036716410309653,,7637051020408785940,a00d3f86-d1f6-5187-a4b9-c096bec78c8c,BC_AUTH_TT,"[""tos-alisg-p-0051c001-sg/osArAEafkibMlBMBE0iB4LPcIR5dwQQvAozuPm""]",v10033g50000d7ph1e7og65oirq0uqe0,DISABLE,AD_STATUS_CAMPAIGN_DISABLE,True,display_card
1863886737135873,(재)_대전_진료셀프캠_식욕억제주사이길수없는_260501,1863882258827649,2605_다이트_전환캠페인,1863882775672034,2605_DB 전환_대전,2026-04-30 09:26:03,2026-05-16 04:49:17,,,SINGLE_VIDEO,다이트한의원,,,7637029766248844309,,7637051160368548884,a00d3f86-d1f6-5187-a4b9-c096bec78c8c,BC_AUTH_TT,"[""tos-alisg-p-0051c001-sg/oYEzIBBCNFi8AkDpSFzhfel70cwDWEDgQ0xxBa""]",v10033g50000d7phe5nog65o4ne5kuq0,DISABLE,AD_STATUS_CAMPAIGN_DISABLE,True,display_card
1863886714723506,(신)_대전_인플방문후기_주사형비만치료제(the.hyunniverse)_260403,1863882258827649,2605_다이트_전환캠페인,1863882775672034,2605_DB 전환_대전,2026-04-30 09:26:03,2026-05-16 04:49:17,,,SINGLE_VIDEO,다이트한의원,,,7637029425486793749,,7637051087547108372,a00d3f86-d1f6-5187-a4b9-c096bec78c8c,BC_AUTH_TT,"[""tos-alisg-p-0051c001-sg/oEzA3IYwwGBR9NdULaBcAEaLUYPLTAYicAicv""]",v10033g50000d77l3gnog65gehj0m05g,DISABLE,AD_STATUS_CAMPAIGN_DISABLE,True,display_card
1863886714723490,(재)_대전_진료셀프캠_다이어트의적 밥빵면_260407,1863882258827649,2605_다이트_전환캠페인,1863882775672034,2605_DB 전환_대전,2026-04-30 09:26:03,2026-05-16 04:49:17,,,SINGLE_VIDEO,다이트한의원,,,7637036716011850772,,7637051176592182293,a00d3f86-d1f6-5187-a4b9-c096bec78c8c,BC_AUTH_TT,"[""tos-alisg-p-0051c001-sg/oIQDcvCt4F9WABQJkp0PNjgixEItfB5DQ6GKof""]",v10033g50000d6ugojvog65qe3i9tslg,DISABLE,AD_STATUS_CAMPAIGN_DISABLE,True,display_card
1863886714723474,"(재)_대전_인플방문후기_굶지않는다이어트(전지점, 창원잇츠)_260501",1863882258827649,2605_다이트_전환캠페인,1863882775672034,2605_DB 전환_대전,2026-04-30 09:26:03,2026-05-16 04:49:12,,,SINGLE_VIDEO,다이트한의원,,,,,7634481038789463048,a00d3f86-d1f6-5187-a4b9-c096bec78c8c,BC_AUTH_TT,"[""tos-alisg-p-0051c001-sg/osABzivAYfRABGFLmPyAMTB2woi9AzKIv0b1Et""]",v10033g50000d7phg07og65m8smmvfmg,DISABLE,AD_STATUS_CAMPAIGN_DISABLE,False,
1863886407167025,(재)_수원_진료셀프캠_10kg성공공식_260501,1863882258827649,2605_다이트_전환캠페인,1863882775669778,2605_DB 전환_수원,2026-04-30 09:20:39,2026-05-16 04:49:17,,,SINGLE_VIDEO,다이트한의원,,,7637029924982082581,,7637050333746842645,a00d3f86-d1f6-5187-a4b9-c096bec78c8c,BC_AUTH_TT,"[""tos-alisg-p-0051c001-sg/osArAEafkibMlBMBE0iB4LPcIR5dwQQvAozuPm""]",v10033g50000d7ph1e7og65oirq0uqe0,DISABLE,AD_STATUS_CAMPAIGN_DISABLE,True,display_card
1863886407167009,(재)_수원_진료셀프캠_식욕억제주사이길수없는_260501,1863882258827649,2605_다이트_전환캠페인,1863882775669778,2605_DB 전환_수원,2026-04-30 09:20:39,2026-05-16 04:49:17,,,SINGLE_VIDEO,다이트한의원,,,7637030001192651797,,7637050434984627220,a00d3f86-d1f6-5187-a4b9-c096bec78c8c,BC_AUTH_TT,"[""tos-alisg-p-0051c001-sg/oYEzIBBCNFi8AkDpSFzhfel70cwDWEDgQ0xxBa""]",v10033g50000d7phe5nog65o4ne5kuq0,DISABLE,AD_STATUS_CAMPAIGN_DISABLE,True,display_card
1863886407166993,(신)_수원_인플방문후기_주사형비만치료제(the.hyunniverse)_260403,1863882258827649,2605_다이트_전환캠페인,1863882775669778,2605_DB 전환_수원,2026-04-30 09:20:39,2026-05-16 04:49:17,,,SINGLE_VIDEO,다이트한의원,,,7637029675899128853,,7637050112300108821,a00d3f86-d1f6-5187-a4b9-c096bec78c8c,BC_AUTH_TT,"[""tos-alisg-p-0051c001-sg/oEzA3IYwwGBR9NdULaBcAEaLUYPLTAYicAicv""]",v10033g50000d77l3gnog65gehj0m05g,DISABLE,AD_STATUS_CAMPAIGN_DISABLE,True,display_card
1863886407166977,(재)_수원_진료셀프캠_다이어트의적 밥빵면_260407,1863882258827649,2605_다이트_전환캠페인,1863882775669778,2605_DB 전환_수원,2026-04-30 09:20:39,2026-05-16 04:49:17,,,SINGLE_VIDEO,다이트한의원,,,7637029924982017045,,7637050161235037205,a00d3f86-d1f6-5187-a4b9-c096bec78c8c,BC_AUTH_TT,"[""tos-alisg-p-0051c001-sg/oIQDcvCt4F9WABQJkp0PNjgixEItfB5DQ6GKof""]",v10033g50000d6ugojvog65qe3i9tslg,DISABLE,AD_STATUS_CAMPAIGN_DISABLE,True,display_card
1863886407165249,"(재)_수원_인플방문후기_굶지않는다이어트(전지점, 창원잇츠)_260501",1863882258827649,2605_다이트_전환캠페인,1863882775669778,2605_DB 전환_수원,2026-04-30 09:20:39,2026-05-16 04:49:17,,,SINGLE_VIDEO,다이트한의원,,,,,7634479661539396616,a00d3f86-d1f6-5187-a4b9-c096bec78c8c,BC_AUTH_TT,"[""tos-alisg-p-0051c001-sg/osABzivAYfRABGFLmPyAMTB2woi9AzKIv0b1Et""]",v10033g50000d7phg07og65m8smmvfmg,DISABLE,AD_STATUS_CAMPAIGN_DISABLE,False,
1863886357342417,(재)_수원_진료셀프캠_50대다이어트대사_260422,1863882258827649,2605_다이트_전환캠페인,1863882775669778,2605_DB 전환_수원,2026-04-30 09:20:39,2026-05-16 04:49:17,,,SINGLE_VIDEO,다이트한의원,,,7637029419665001493,,7637050110697802773,a00d3f86-d1f6-5187-a4b9-c096bec78c8c,BC_AUTH_TT,"[""tos-alisg-p-0051c001-sg/03b4f50654c0c5e0d555831d698d9d21""]",v10033g50000d7k4cnfog65l9hhld3pg,DISABLE,AD_STATUS_CAMPAIGN_DISABLE,True,display_card
1863886346477665,(재)_대전_진료셀프캠_주사형비만치료제 고민끝에 50대부부 -32kg_260225,1863882258827649,2605_다이트_전환캠페인,1863882775672034,2605_DB 전환_대전,2026-04-30 09:26:03,2026-05-16 04:49:12,,,SINGLE_VIDEO,다이트한의원,,,7637029422315899924,,7637050670687734805,a00d3f86-d1f6-5187-a4b9-c096bec78c8c,BC_AUTH_TT,"[""tos-alisg-p-0051c001-sg/c67058f2d87a62c2fd6934d8a49b058d""]",v10033g50000d6fa337og65qk4q7p8h0,DISABLE,AD_STATUS_CAMPAIGN_DISABLE,True,display_card
1863886176319969,(재)_일산_진료셀프캠_운동안해도되는_260416,1863882258827649,2605_다이트_전환캠페인,1863882775669810,2605_DB 전환_일산,2026-04-30 09:14:21,2026-05-16 04:49:20,,,SINGLE_VIDEO,다이트한의원,,,7637029771088923668,,7637049503786241045,a00d3f86-d1f6-5187-a4b9-c096bec78c8c,BC_AUTH_TT,"[""tos-alisg-p-0051c001-sg/c02b5e6cf2269cab7e1d6ca6b0e3d33f""]",v10033g50000d7g871nog65kff2heun0,DISABLE,AD_STATUS_CAMPAIGN_DISABLE,True,display_card
1863886068832402,(재)_일산_진료셀프캠_50대다이어트대사_260422,1863882258827649,2605_다이트_전환캠페인,1863882775669810,2605_DB 전환_일산,2026-04-30 09:14:21,2026-05-16 04:49:20,,,SINGLE_VIDEO,다이트한의원,,,7637029422315670548,,7637049616185199637,a00d3f86-d1f6-5187-a4b9-c096bec78c8c,BC_AUTH_TT,"[""tos-alisg-p-0051c001-sg/03b4f50654c0c5e0d555831d698d9d21""]",v10033g50000d7k4cnfog65l9hhld3pg,DISABLE,AD_STATUS_CAMPAIGN_DISABLE,True,display_card
1863886068832386,(재)_일산_진료셀프캠_다이어트의적 밥빵면_260407,1863882258827649,2605_다이트_전환캠페인,1863882775669810,2605_DB 전환_일산,2026-04-30 09:14:21,2026-05-16 04:49:20,,,SINGLE_VIDEO,다이트한의원,,,7637029759655119893,,7637049278325722132,a00d3f86-d1f6-5187-a4b9-c096bec78c8c,BC_AUTH_TT,"[""tos-alisg-p-0051c001-sg/oIQDcvCt4F9WABQJkp0PNjgixEItfB5DQ6GKof""]",v10033g50000d6ugojvog65qe3i9tslg,DISABLE,AD_STATUS_CAMPAIGN_DISABLE,True,display_card
1863886036502754,"(재)_일산_인플방문후기_굶지않는다이어트(전지점, 창원잇츠)_260501",1863882258827649,2605_다이트_전환캠페인,1863882775669810,2605_DB 전환_일산,2026-04-30 09:14:21,2026-05-16 04:49:20,,,SINGLE_VIDEO,다이트한의원,,,,,7634478058015132680,a00d3f86-d1f6-5187-a4b9-c096bec78c8c,BC_AUTH_TT,"[""tos-alisg-p-0051c001-sg/osABzivAYfRABGFLmPyAMTB2woi9AzKIv0b1Et""]",v10033g50000d7phg07og65m8smmvfmg,DISABLE,AD_STATUS_CAMPAIGN_DISABLE,False,
1863885977135266,(재)_일산_진료셀프캠_다이어트의적 밥빵면_260407,1863882258827649,2605_다이트_전환캠페인,1863882775669810,2605_DB 전환_일산,2026-04-30 09:14:21,2026-05-16 04:49:20,,,SINGLE_VIDEO,다이트한의원,,,7637029572798958612,,7637049072242707477,a00d3f86-d1f6-5187-a4b9-c096bec78c8c,BC_AUTH_TT,"[""tos-alisg-p-0051c001-sg/oIQDcvCt4F9WABQJkp0PNjgixEItfB5DQ6GKof""]",v10033g50000d6ugojvog65qe3i9tslg,DISABLE,AD_STATUS_CAMPAIGN_DISABLE,True,display_card
1863885929758882,(신)_일산_인플방문후기_주사형비만치료제(the.hyunniverse)_260403,1863882258827649,2605_다이트_전환캠페인,1863882775669810,2605_DB 전환_일산,2026-04-30 09:14:21,2026-05-16 04:49:20,,,SINGLE_VIDEO,다이트한의원,,,7637029657964153876,,7637048973500451861,a00d3f86-d1f6-5187-a4b9-c096bec78c8c,BC_AUTH_TT,"[""tos-alisg-p-0051c001-sg/oEzA3IYwwGBR9NdULaBcAEaLUYPLTAYicAicv""]",v10033g50000d77l3gnog65gehj0m05g,DISABLE,AD_STATUS_CAMPAIGN_DISABLE,True,display_card
1863885876249697,(재)_일산_진료셀프캠_식욕억제주사이길수없는_260501,1863882258827649,2605_다이트_전환캠페인,1863882775669810,2605_DB 전환_일산,2026-04-30 09:14:21,2026-05-16 04:49:20,,,SINGLE_VIDEO,다이트한의원,,,7637029832505936916,,7637048937802746900,a00d3f86-d1f6-5187-a4b9-c096bec78c8c,BC_AUTH_TT,"[""tos-alisg-p-0051c001-sg/oYEzIBBCNFi8AkDpSFzhfel70cwDWEDgQ0xxBa""]",v10033g50000d7phe5nog65o4ne5kuq0,DISABLE,AD_STATUS_CAMPAIGN_DISABLE,True,display_card
1863885740076561,(재)_일산_진료셀프캠_10kg성공공식_260501,1863882258827649,2605_다이트_전환캠페인,1863882775669810,2605_DB 전환_일산,2026-04-30 09:14:21,2026-05-16 04:49:20,,,SINGLE_VIDEO,다이트한의원,,,7637029675898948629,,7637048954357550101,a00d3f86-d1f6-5187-a4b9-c096bec78c8c,BC_AUTH_TT,"[""tos-alisg-p-0051c001-sg/58b48f9597a7c2db30db33181c9e7a44""]",v10033g50000d7ph1e7og65oirq0uqe0,DISABLE,AD_STATUS_CAMPAIGN_DISABLE,True,display_card
1863885634776146,(재)_부평_진료셀프캠_운동안해도되는_260416,1863882258827649,2605_다이트_전환캠페인,1863882775668914,2605_DB 전환_부평,2026-04-30 09:05:57,2026-05-16 04:49:23,,,SINGLE_VIDEO,다이트한의원,,,7637029693263318036,,7637047981941869589,a00d3f86-d1f6-5187-a4b9-c096bec78c8c,BC_AUTH_TT,"[""tos-alisg-p-0051c001-sg/c02b5e6cf2269cab7e1d6ca6b0e3d33f""]",v10033g50000d7g871nog65kff2heun0,DISABLE,AD_STATUS_CAMPAIGN_DISABLE,True,display_card
1863885548023297,(재)_부평_진료셀프캠_주사형비만치료제 고민끝에 50대부부 -32kg_260225,1863882258827649,2605_다이트_전환캠페인,1863882775668914,2605_DB 전환_부평,2026-04-30 09:05:57,2026-05-16 04:49:23,,,SINGLE_VIDEO,다이트한의원,,,7637029693263301652,,7637047730912742420,a00d3f86-d1f6-5187-a4b9-c096bec78c8c,BC_AUTH_TT,"[""tos-alisg-p-0051c001-sg/oIIeQCBJNojnATDpQFskfRkmEG1DMEygQ5qZBM""]",v10033g50000d6fa337og65qk4q7p8h0,DISABLE,AD_STATUS_CAMPAIGN_DISABLE,True,display_card
1863885478435842,"(신)_부평_인플방문후기_굶지않는다이어트(전지점, 창원잇츠)_260501",1863882258827649,2605_다이트_전환캠페인,1863882775668914,2605_DB 전환_부평,2026-04-30 09:05:57,2026-05-16 04:49:23,,,SINGLE_VIDEO,다이트한의원,,,,,7634475828230884359,a00d3f86-d1f6-5187-a4b9-c096bec78c8c,BC_AUTH_TT,"[""tos-alisg-p-0051c001-sg/osABzivAYfRABGFLmPyAMTB2woi9AzKIv0b1Et""]",v10033g50000d7phg07og65m8smmvfmg,DISABLE,AD_STATUS_CAMPAIGN_DISABLE,False,
1863885330409586,(재)_부평_진료셀프캠_다이어트의적 밥빵면_26407,1863882258827649,2605_다이트_전환캠페인,1863882775668914,2605_DB 전환_부평,2026-04-30 09:05:57,2026-05-16 04:49:23,,,SINGLE_VIDEO,다이트한의원,,,7637029567908121621,,7637048026120391700,a00d3f86-d1f6-5187-a4b9-c096bec78c8c,BC_AUTH_TT,"[""tos-alisg-p-0051c001-sg/oIQDcvCt4F9WABQJkp0PNjgixEItfB5DQ6GKof""]",v10033g50000d6ugojvog65qe3i9tslg,DISABLE,AD_STATUS_CAMPAIGN_DISABLE,True,display_card
1863885275116562,(재)_부평_진료셀프캠_식욕억제주사이길수없는_260501,1863882258827649,2605_다이트_전환캠페인,1863882775668914,2605_DB 전환_부평,2026-04-30 09:05:57,2026-05-16 04:49:23,,,SINGLE_VIDEO,다이트한의원,,,7637029429361806357,,7637047704190749717,a00d3f86-d1f6-5187-a4b9-c096bec78c8c,BC_AUTH_TT,"[""tos-alisg-p-0051c001-sg/oYEzIBBCNFi8AkDpSFzhfel70cwDWEDgQ0xxBa""]",v10033g50000d7phe5nog65o4ne5kuq0,DISABLE,AD_STATUS_CAMPAIGN_DISABLE,True,display_card
1863885173598610,(신)_부평_인플방문후기_주사형비만치료제(the.hyunniverse)_260403,1863882258827649,2605_다이트_전환캠페인,1863882775668914,2605_DB 전환_부평,2026-04-30 09:05:57,2026-05-16 04:49:20,,,SINGLE_VIDEO,다이트한의원,,,7637029426073586709,,7637047435264642068,a00d3f86-d1f6-5187-a4b9-c096bec78c8c,BC_AUTH_TT,"[""tos-alisg-p-0051c001-sg/oEzA3IYwwGBR9NdULaBcAEaLUYPLTAYicAicv""]",v10033g50000d77l3gnog65gehj0m05g,DISABLE,AD_STATUS_CAMPAIGN_DISABLE,True,display_card
1863885164858465,(재)_부평_진료셀프캠_10kg성공공식_260501,1863882258827649,2605_다이트_전환캠페인,1863882775668914,2605_DB 전환_부평,2026-04-30 09:05:57,2026-05-16 04:49:20,,,SINGLE_VIDEO,다이트한의원,,,7637029908099697684,,7637047691075177492,a00d3f86-d1f6-5187-a4b9-c096bec78c8c,BC_AUTH_TT,"[""tos-alisg-p-0051c001-sg/dddcfdd4fc6e56e00dca51cfae0882c9""]",v10033g50000d7ph1e7og65oirq0uqe0,DISABLE,AD_STATUS_CAMPAIGN_DISABLE,True,display_card
1863884896381362,(재)_서울_진료셀프캠_비만주사가놓친것_260414,1863882258827649,2605_다이트_전환캠페인,1863882575292497,2605_DB 전환_서울,2026-04-30 08:56:19,2026-05-16 04:49:26,,,SINGLE_VIDEO,다이트한의원,,,7637029572798319636,,7637043933633170453,a00d3f86-d1f6-5187-a4b9-c096bec78c8c,BC_AUTH_TT,"[""tos-alisg-p-0051c001-sg/3c9a5dd2fde774d71d208f6a2b8e1f5d""]",v10033g50000d7eu62vog65j1l5siipg,DISABLE,AD_STATUS_CAMPAIGN_DISABLE,True,display_card
1863884826077233,(재)_서울_진료셀프캠_주사형비만치료제 고민끝에 50대부부 -32kg_260225,1863882258827649,2605_다이트_전환캠페인,1863882575292497,2605_DB 전환_서울,2026-04-30 08:56:19,2026-05-16 04:49:23,,,SINGLE_VIDEO,다이트한의원,,,7637029536857361428,,7637046007452208148,a00d3f86-d1f6-5187-a4b9-c096bec78c8c,BC_AUTH_TT,"[""tos-alisg-p-0051c001-sg/c67058f2d87a62c2fd6934d8a49b058d""]",v10033g50000d6fa337og65qk4q7p8h0,DISABLE,AD_STATUS_CAMPAIGN_DISABLE,True,display_card
1863884731883793,"(재)_서울_인플방문후기_굶지않는다이어트(전지점, 창원잇츠)_260501",1863882258827649,2605_다이트_전환캠페인,1863882575292497,2605_DB 전환_서울,2026-04-30 08:56:19,2026-05-16 04:49:23,,,SINGLE_VIDEO,다이트한의원,,,,,7634473411653274632,a00d3f86-d1f6-5187-a4b9-c096bec78c8c,BC_AUTH_TT,"[""tos-alisg-p-0051c001-sg/osABzivAYfRABGFLmPyAMTB2woi9AzKIv0b1Et""]",v10033g50000d7phg07og65m8smmvfmg,DISABLE,AD_STATUS_CAMPAIGN_DISABLE,False,
1863884652338370,(재)_서울_진료셀프캠_다이어트의적 밥빵면_260407,1863882258827649,2605_다이트_전환캠페인,1863882575292497,2605_DB 전환_서울,2026-04-30 08:56:19,2026-05-16 04:49:23,,,SINGLE_VIDEO,다이트한의원,,,7637029425485974549,,7637046109033991188,a00d3f86-d1f6-5187-a4b9-c096bec78c8c,BC_AUTH_TT,"[""tos-alisg-p-0051c001-sg/oIQDcvCt4F9WABQJkp0PNjgixEItfB5DQ6GKof""]",v10033g50000d6ugojvog65qe3i9tslg,DISABLE,AD_STATUS_CAMPAIGN_DISABLE,True,display_card
1863884578249282,(신)_서울_인플방문후기_주사형비만치료제(the.hyunniverse)_260403,1863882258827649,2605_다이트_전환캠페인,1863882575292497,2605_DB 전환_서울,2026-04-30 08:56:19,2026-05-16 04:49:23,,,SINGLE_VIDEO,다이트한의원,,,7637029552695266324,,7637046172456094741,a00d3f86-d1f6-5187-a4b9-c096bec78c8c,BC_AUTH_TT,"[""tos-alisg-p-0051c001-sg/90ddb7cb1dea8312e639f90984085875""]",v10033g50000d77l3gnog65gehj0m05g,DISABLE,AD_STATUS_CAMPAIGN_DISABLE,True,display_card
1863884494503073,(재)_서울_진료셀프캠_식욕억제주사이길수없는_260501,1863882258827649,2605_다이트_전환캠페인,1863882575292497,2605_DB 전환_서울,2026-04-30 08:56:19,2026-05-16 04:49:23,,,SINGLE_VIDEO,다이트한의원,,,7637029544260406292,,7637046385052765205,a00d3f86-d1f6-5187-a4b9-c096bec78c8c,BC_AUTH_TT,"[""tos-alisg-p-0051c001-sg/oYEzIBBCNFi8AkDpSFzhfel70cwDWEDgQ0xxBa""]",v10033g50000d7phe5nog65o4ne5kuq0,DISABLE,AD_STATUS_CAMPAIGN_DISABLE,True,display_card
1863882737568994,(재)_서울_진료셀프캠_10kg성공공식_260501,1863882258827649,2605_다이트_전환캠페인,1863882575292497,2605_DB 전환_서울,2026-04-30 08:21:58,2026-05-16 04:49:26,,,SINGLE_VIDEO,다이트한의원,,,7637029582764330005,,7637047035849378836,a00d3f86-d1f6-5187-a4b9-c096bec78c8c,BC_AUTH_TT,"[""tos-alisg-p-0051c001-sg/dddcfdd4fc6e56e00dca51cfae0882c9""]",v10033g50000d7ph1e7og65oirq0uqe0,DISABLE,AD_STATUS_CAMPAIGN_DISABLE,True,display_card
1863253376478305,(재)_대전_진료셀프캠_비만주사는입만막을뿐_260423,1861261918990418,2604_다이트_전환캠페인,1861707923630337,2604_DB 전환_대전,2026-04-23 09:35:43,2026-04-23 09:56:21,,,SINGLE_VIDEO,다이트한의원,,,,,7631885920446188552,a00d3f86-d1f6-5187-a4b9-c096bec78c8c,BC_AUTH_TT,"[""tos-alisg-p-0051c001-sg/707de00347e92b401179c4651ab9d52b""]",v10033g50000d7kts9fog65qi4rbepm0,ENABLE,AD_STATUS_CAMPAIGN_DISABLE,False,
1863252775614561,(재)_천안_진료셀프캠_비만주사는입만막을뿐_260423,1861261918990418,2604_다이트_전환캠페인,1861278784050433,2604_DB 전환_천안,2026-04-23 09:27:26,2026-04-23 09:49:21,,,SINGLE_VIDEO,다이트한의원,,,,,7631883794609376274,a00d3f86-d1f6-5187-a4b9-c096bec78c8c,BC_AUTH_TT,"[""tos-alisg-p-0051c001-sg/707de00347e92b401179c4651ab9d52b""]",v10033g50000d7kts9fog65qi4rbepm0,ENABLE,AD_STATUS_CAMPAIGN_DISABLE,False,
1863252701617361,(재)_창원_진료셀프캠_비만주사는입만막을뿐_260423,1861261918990418,2604_다이트_전환캠페인,1861278381014129,2604_DB 전환_창원,2026-04-23 09:25:26,2026-04-23 09:45:35,,,SINGLE_VIDEO,다이트한의원,,,,,7631883377750068231,a00d3f86-d1f6-5187-a4b9-c096bec78c8c,BC_AUTH_TT,"[""tos-alisg-p-0051c001-sg/707de00347e92b401179c4651ab9d52b""]",v10033g50000d7kts9fog65qi4rbepm0,ENABLE,AD_STATUS_CAMPAIGN_DISABLE,False,
1863252567801041,(재)_대구_진료셀프캠_비만주사는입만막을뿐_260423,1861261918990418,2604_다이트_전환캠페인,1861277737158945,2604_DB 전환_대구,2026-04-23 09:23:04,2026-04-23 09:42:39,,,SINGLE_VIDEO,다이트한의원,,,,,7631882705793256455,a00d3f86-d1f6-5187-a4b9-c096bec78c8c,BC_AUTH_TT,"[""tos-alisg-p-0051c001-sg/984bd1d44aed7c21763f858d79489ff0""]",v10033g50000d7kts9fog65qi4rbepm0,ENABLE,AD_STATUS_CAMPAIGN_DISABLE,False,
1863252482871297,(재)_일산_진료셀프캠_비만주사는입만막을뿐_260423,1861261918990418,2604_다이트_전환캠페인,1861277353601153,2604_DB 전환_일산,2026-04-23 09:21:43,2026-04-23 09:42:47,,,SINGLE_VIDEO,다이트한의원,,,,,7631882290217389063,a00d3f86-d1f6-5187-a4b9-c096bec78c8c,BC_AUTH_TT,"[""tos-alisg-p-0051c001-sg/984bd1d44aed7c21763f858d79489ff0""]",v10033g50000d7kts9fog65qi4rbepm0,ENABLE,AD_STATUS_CAMPAIGN_DISABLE,False,
1863252126952065,(재)_수원_진료셀프캠_비만주사는입만막을뿐_260423,1861261918990418,2604_다이트_전환캠페인,1861276991491153,2604_DB 전환_수원,2026-04-23 09:16:20,2026-04-23 09:37:19,,,SINGLE_VIDEO,다이트한의원,,,,,7631880948736445447,a00d3f86-d1f6-5187-a4b9-c096bec78c8c,BC_AUTH_TT,"[""tos-alisg-p-0051c001-sg/984bd1d44aed7c21763f858d79489ff0""]",v10033g50000d7kts9fog65qi4rbepm0,ENABLE,AD_STATUS_CAMPAIGN_DISABLE,False,
1863251994014802,(재)_부평_진료셀프캠_비만주사는입만막을뿐_260423,1861261918990418,2604_다이트_전환캠페인,1861276582666338,2604_DB 전환_부평,2026-04-23 09:14:20,2026-04-23 09:33:16,,,SINGLE_VIDEO,다이트한의원,,,,,7631880451728083975,a00d3f86-d1f6-5187-a4b9-c096bec78c8c,BC_AUTH_TT,"[""tos-alisg-p-0051c001-sg/984bd1d44aed7c21763f858d79489ff0""]",v10033g50000d7kts9fog65qi4rbepm0,ENABLE,AD_STATUS_CAMPAIGN_DISABLE,False,
1863250762937489,(재)_서울_진료셀프캠_비만주사는입만막을뿐_260423,1861261918990418,2604_다이트_전환캠페인,1861275779965169,2604_DB 전환_서울,2026-04-23 08:54:34,2026-04-23 09:18:14,,,SINGLE_VIDEO,다이트한의원,,,,,7631875347268619282,a00d3f86-d1f6-5187-a4b9-c096bec78c8c,BC_AUTH_TT,"[""tos-alisg-p-0051c001-sg/984bd1d44aed7c21763f858d79489ff0""]",v10033g50000d7kts9fog65qi4rbepm0,ENABLE,AD_STATUS_CAMPAIGN_DISABLE,False,
1863145758279698,(재)_대전_진료셀프캠_50대다이어트대사_260422,1861261918990418,2604_다이트_전환캠페인,1861707923630337,2604_DB 전환_대전,2026-04-22 05:05:52,2026-04-23 09:56:21,,,SINGLE_VIDEO,다이트한의원,,,,,7631444890517359624,a00d3f86-d1f6-5187-a4b9-c096bec78c8c,BC_AUTH_TT,"[""tos-alisg-p-0051c001-sg/03b4f50654c0c5e0d555831d698d9d21""]",v10033g50000d7k4cnfog65l9hhld3pg,ENABLE,AD_STATUS_CAMPAIGN_DISABLE,False,
1863145660596401,(재)_천안_진료셀프캠_50대다이어트대사_260422,1861261918990418,2604_다이트_전환캠페인,1861278784050433,2604_DB 전환_천안,2026-04-22 05:04:28,2026-04-23 09:49:21,,,SINGLE_VIDEO,다이트한의원,,,,,7631444612879617032,a00d3f86-d1f6-5187-a4b9-c096bec78c8c,BC_AUTH_TT,"[""tos-alisg-p-0051c001-sg/03b4f50654c0c5e0d555831d698d9d21""]",v10033g50000d7k4cnfog65l9hhld3pg,ENABLE,AD_STATUS_CAMPAIGN_DISABLE,False,
1863145585749009,(재)_창원_진료셀프캠_50대다이어트대사_260422,1861261918990418,2604_다이트_전환캠페인,1861278381014129,2604_DB 전환_창원,2026-04-22 05:03:17,2026-04-23 09:45:34,,,SINGLE_VIDEO,다이트한의원,,,,,7631444507699055634,a00d3f86-d1f6-5187-a4b9-c096bec78c8c,BC_AUTH_TT,"[""tos-alisg-p-0051c001-sg/03b4f50654c0c5e0d555831d698d9d21""]",v10033g50000d7k4cnfog65l9hhld3pg,ENABLE,AD_STATUS_CAMPAIGN_DISABLE,False,
1863145537589298,(재)_대구_진료셀프캠_50대다이어트대사_260422,1861261918990418,2604_다이트_전환캠페인,1861277737158945,2604_DB 전환_대구,2026-04-22 05:02:18,2026-04-23 09:42:39,,,SINGLE_VIDEO,다이트한의원,,,,,7631444047588019208,a00d3f86-d1f6-5187-a4b9-c096bec78c8c,BC_AUTH_TT,"[""tos-alisg-p-0051c001-sg/03b4f50654c0c5e0d555831d698d9d21""]",v10033g50000d7k4cnfog65l9hhld3pg,ENABLE,AD_STATUS_CAMPAIGN_DISABLE,False,
1863145439744049,(재)_일산_진료셀프캠_50대다이어트대사_260422,1861261918990418,2604_다이트_전환캠페인,1861277353601153,2604_DB 전환_일산,2026-04-22 05:01:10,2026-04-23 09:42:46,,,SINGLE_VIDEO,다이트한의원,,,,,7631443767270198290,a00d3f86-d1f6-5187-a4b9-c096bec78c8c,BC_AUTH_TT,"[""tos-alisg-p-0051c001-sg/03b4f50654c0c5e0d555831d698d9d21""]",v10033g50000d7k4cnfog65l9hhld3pg,ENABLE,AD_STATUS_CAMPAIGN_DISABLE,False,
1863145317184529,(재)_부평_진료셀프캠_50대다이어트대사_260422,1861261918990418,2604_다이트_전환캠페인,1861276582666338,2604_DB 전환_부평,2026-04-22 04:58:48,2026-04-23 09:33:16,,,SINGLE_VIDEO,다이트한의원,,,,,7631443278059097106,a00d3f86-d1f6-5187-a4b9-c096bec78c8c,BC_AUTH_TT,"[""tos-alisg-p-0051c001-sg/03b4f50654c0c5e0d555831d698d9d21""]",v10033g50000d7k4cnfog65l9hhld3pg,ENABLE,AD_STATUS_CAMPAIGN_DISABLE,False,
1863144745203025,(재)_수원_진료셀프캠_50대다이어트대사_260422,1861261918990418,2604_다이트_전환캠페인,1861276991491153,2604_DB 전환_수원,2026-04-22 04:59:53,2026-04-23 09:37:22,,,SINGLE_VIDEO,다이트한의원,,,,,7631443460431662098,a00d3f86-d1f6-5187-a4b9-c096bec78c8c,BC_AUTH_TT,"[""tos-alisg-p-0051c001-sg/03b4f50654c0c5e0d555831d698d9d21""]",v10033g50000d7k4cnfog65l9hhld3pg,ENABLE,AD_STATUS_CAMPAIGN_DISABLE,False,
1863141281578129,(재)_서울_진료셀프캠_50대다이어트대사_260422,1861261918990418,2604_다이트_전환캠페인,1861275779965169,2604_DB 전환_서울,2026-04-22 03:54:55,2026-04-23 09:18:14,,,SINGLE_VIDEO,다이트한의원,,,,,7631426867949521938,a00d3f86-d1f6-5187-a4b9-c096bec78c8c,BC_AUTH_TT,"[""tos-alisg-p-0051c001-sg/03b4f50654c0c5e0d555831d698d9d21""]",v10033g50000d7k4cnfog65l9hhld3pg,ENABLE,AD_STATUS_CAMPAIGN_DISABLE,False,
1862614549502162,(재)_대전_인플방문후기_연예인다이어트(플랜비)_260416,1861261918990418,2604_다이트_전환캠페인,1861707923630337,2604_DB 전환_대전,2026-04-16 08:21:49,2026-04-23 09:56:20,,,SINGLE_VIDEO,다이트한의원,,,,,7629269265287253010,a00d3f86-d1f6-5187-a4b9-c096bec78c8c,BC_AUTH_TT,"[""tos-alisg-p-0051c001-sg/20ae2d9812931b6d2921ad306eb464cc""]",v10033g50000d7g94lvog65lmr6ioolg,DISABLE,AD_STATUS_CAMPAIGN_DISABLE,False,
1862614438420609,(재)_천안_인플방문후기_연예인다이어트(플랜비)_260416,1861261918990418,2604_다이트_전환캠페인,1861278784050433,2604_DB 전환_천안,2026-04-16 08:20:35,2026-04-23 09:49:21,,,SINGLE_VIDEO,다이트한의원,,,,,7629269038643825682,a00d3f86-d1f6-5187-a4b9-c096bec78c8c,BC_AUTH_TT,"[""tos-alisg-p-0051c001-sg/20ae2d9812931b6d2921ad306eb464cc""]",v10033g50000d7g94lvog65lmr6ioolg,DISABLE,AD_STATUS_CAMPAIGN_DISABLE,False,
1862614349846529,(재)_창원_인플방문후기_연예인다이어트(플랜비)_260416,1861261918990418,2604_다이트_전환캠페인,1861278381014129,2604_DB 전환_창원,2026-04-16 08:19:04,2026-04-23 09:45:34,,,SINGLE_VIDEO,다이트한의원,,,,,7629268608534727687,a00d3f86-d1f6-5187-a4b9-c096bec78c8c,BC_AUTH_TT,"[""tos-alisg-p-0051c001-sg/20ae2d9812931b6d2921ad306eb464cc""]",v10033g50000d7g94lvog65lmr6ioolg,DISABLE,AD_STATUS_CAMPAIGN_DISABLE,False,
1862614242718769,(재)_대구_인플방문후기_연예인다이어트(플랜비)_260416,1861261918990418,2604_다이트_전환캠페인,1861277737158945,2604_DB 전환_대구,2026-04-16 08:17:03,2026-04-23 09:42:39,,,SINGLE_VIDEO,다이트한의원,,,,,7629268007503612936,a00d3f86-d1f6-5187-a4b9-c096bec78c8c,BC_AUTH_TT,"[""tos-alisg-p-0051c001-sg/20ae2d9812931b6d2921ad306eb464cc""]",v10033g50000d7g94lvog65lmr6ioolg,DISABLE,AD_STATUS_CAMPAIGN_DISABLE,False,
1862614105575633,(재)_일산_인플방문후기_연예인다이어트(일산 플랜비)_260416,1861261918990418,2604_다이트_전환캠페인,1861277353601153,2604_DB 전환_일산,2026-04-16 08:15:51,2026-04-28 07:32:29,,,SINGLE_VIDEO,다이트한의원,,,,,7629267753437760530,a00d3f86-d1f6-5187-a4b9-c096bec78c8c,BC_AUTH_TT,"[""tos-alisg-p-0051c001-sg/446b118de4e14ff9141611850471d1e3""]",v10033g50000d7g9l0nog65mkkafg5tg,DISABLE,AD_STATUS_CAMPAIGN_DISABLE,False,
1862613961447426,(재)_수원_인플방문후기_연예인다이어트(플랜비)_260416,1861261918990418,2604_다이트_전환캠페인,1861276991491153,2604_DB 전환_수원,2026-04-16 08:12:48,2026-04-23 09:37:19,,,SINGLE_VIDEO,다이트한의원,,,,,7629266967119105042,a00d3f86-d1f6-5187-a4b9-c096bec78c8c,BC_AUTH_TT,"[""tos-alisg-p-0051c001-sg/20ae2d9812931b6d2921ad306eb464cc""]",v10033g50000d7g94lvog65lmr6ioolg,DISABLE,AD_STATUS_CAMPAIGN_DISABLE,False,
1862613882586418,(재)_부평_인플방문후기_연예인다이어트(플랜비)_260416,1861261918990418,2604_다이트_전환캠페인,1861276582666338,2604_DB 전환_부평,2026-04-16 08:11:27,2026-04-23 09:33:15,,,SINGLE_VIDEO,다이트한의원,,,,,7629266577086598162,a00d3f86-d1f6-5187-a4b9-c096bec78c8c,BC_AUTH_TT,"[""tos-alisg-p-0051c001-sg/20ae2d9812931b6d2921ad306eb464cc""]",v10033g50000d7g94lvog65lmr6ioolg,ENABLE,AD_STATUS_CAMPAIGN_DISABLE,False,
1862612464960546,(재)_천안_진료셀프캠_운동안해도되는_260416,1861261918990418,2604_다이트_전환캠페인,1861278784050433,2604_DB 전환_천안,2026-04-16 07:49:09,2026-04-23 09:49:21,,,SINGLE_VIDEO,다이트한의원,,,,,7629260835210185736,a00d3f86-d1f6-5187-a4b9-c096bec78c8c,BC_AUTH_TT,"[""tos-alisg-p-0051c001-sg/2c85fe16c39b1169cfb68c685259d2d4""]",v10033g50000d7g871nog65kff2heun0,ENABLE,AD_STATUS_CAMPAIGN_DISABLE,False,
1862612373033250,(재)_대전_진료셀프캠_운동안해도되는_260416,1861261918990418,2604_다이트_전환캠페인,1861707923630337,2604_DB 전환_대전,2026-04-16 07:50:33,2026-04-23 09:56:20,,,SINGLE_VIDEO,다이트한의원,,,,,7629261234457578504,a00d3f86-d1f6-5187-a4b9-c096bec78c8c,BC_AUTH_TT,"[""tos-alisg-p-0051c001-sg/2c85fe16c39b1169cfb68c685259d2d4""]",v10033g50000d7g871nog65kff2heun0,DISABLE,AD_STATUS_CAMPAIGN_DISABLE,False,
1862612254235649,(재)_일산_진료셀프캠_운동안해도되는_260416,1861261918990418,2604_다이트_전환캠페인,1861277353601153,2604_DB 전환_일산,2026-04-16 07:45:27,2026-04-23 09:42:47,,,SINGLE_VIDEO,다이트한의원,,,,,7629259907673410567,a00d3f86-d1f6-5187-a4b9-c096bec78c8c,BC_AUTH_TT,"[""tos-alisg-p-0051c001-sg/2c85fe16c39b1169cfb68c685259d2d4""]",v10033g50000d7g871nog65kff2heun0,ENABLE,AD_STATUS_CAMPAIGN_DISABLE,False,
1862612192812097,(재)_창원_진료셀프캠_운동안해도되는_260416,1861261918990418,2604_다이트_전환캠페인,1861278381014129,2604_DB 전환_창원,2026-04-16 07:48:04,2026-04-23 09:45:34,,,SINGLE_VIDEO,다이트한의원,,,,,7629260477444410386,a00d3f86-d1f6-5187-a4b9-c096bec78c8c,BC_AUTH_TT,"[""tos-alisg-p-0051c001-sg/2c85fe16c39b1169cfb68c685259d2d4""]",v10033g50000d7g871nog65kff2heun0,ENABLE,AD_STATUS_CAMPAIGN_DISABLE,False,
1862612192785601,(재)_대구_진료셀프캠_운동안해도되는_260416,1861261918990418,2604_다이트_전환캠페인,1861277737158945,2604_DB 전환_대구,2026-04-16 07:46:54,2026-04-23 09:42:39,,,SINGLE_VIDEO,다이트한의원,,,,,7629260281750785032,a00d3f86-d1f6-5187-a4b9-c096bec78c8c,BC_AUTH_TT,"[""tos-alisg-p-0051c001-sg/okcNo4EHoO9geBQxD4OGBGgIDfAGFBD9uBLpIQ""]",v10033g50000d7g871nog65kff2heun0,DISABLE,AD_STATUS_CAMPAIGN_DISABLE,False,
1862612144893169,(재)_수원_진료셀프캠_운동안해도되는_260416,1861261918990418,2604_다이트_전환캠페인,1861276991491153,2604_DB 전환_수원,2026-04-16 07:44:10,2026-04-23 09:37:19,,,SINGLE_VIDEO,다이트한의원,,,,,7629267060622707720,a00d3f86-d1f6-5187-a4b9-c096bec78c8c,BC_AUTH_TT,"[""tos-alisg-p-0051c001-sg/2c85fe16c39b1169cfb68c685259d2d4""]",v10033g50000d7g871nog65kff2heun0,ENABLE,AD_STATUS_CAMPAIGN_DISABLE,False,
1862612072337410,(재)_부평_진료셀프캠_운동안해도되는_260416,1861261918990418,2604_다이트_전환캠페인,1861276582666338,2604_DB 전환_부평,2026-04-16 07:42:50,2026-04-23 09:33:15,,,SINGLE_VIDEO,다이트한의원,,,,,7629259180863392786,a00d3f86-d1f6-5187-a4b9-c096bec78c8c,BC_AUTH_TT,"[""tos-alisg-p-0051c001-sg/2c85fe16c39b1169cfb68c685259d2d4""]",v10033g50000d7g871nog65kff2heun0,ENABLE,AD_STATUS_CAMPAIGN_DISABLE,False,
1862611925509122,(재)_서울_인플방문후기_연예인다이어트(플랜비)_260416,1861261918990418,2604_다이트_전환캠페인,1861275779965169,2604_DB 전환_서울,2026-04-16 07:41:38,2026-04-23 09:18:15,,,SINGLE_VIDEO,다이트한의원,,,,,7629258936079682567,a00d3f86-d1f6-5187-a4b9-c096bec78c8c,BC_AUTH_TT,"[""tos-alisg-p-0051c001-sg/716126c3631c75322b2e6788d77cc940""]",v10033g50000d7g94lvog65lmr6ioolg,DISABLE,AD_STATUS_CAMPAIGN_DISABLE,False,
1862607904464929,(재)_서울_진료셀프캠_운동안해도되는_260416,1861261918990418,2604_다이트_전환캠페인,1861275779965169,2604_DB 전환_서울,2026-04-16 06:38:10,2026-04-24 04:05:06,,,SINGLE_VIDEO,다이트한의원,,,,,7629242668954012680,a00d3f86-d1f6-5187-a4b9-c096bec78c8c,BC_AUTH_TT,"[""tos-alisg-p-0051c001-sg/2c85fe16c39b1169cfb68c685259d2d4""]",v10033g50000d7g871nog65kff2heun0,DISABLE,AD_STATUS_CAMPAIGN_DISABLE,False,
1862454115509297,(재)_천안_진료셀프캠_의사가권하지않는4050_260414,1861261918990418,2604_다이트_전환캠페인,1861278784050433,2604_DB 전환_천안,2026-04-14 13:52:10,2026-04-23 09:49:21,,,SINGLE_VIDEO,다이트한의원,,,,,7628612260923051015,a00d3f86-d1f6-5187-a4b9-c096bec78c8c,BC_AUTH_TT,"[""tos-alisg-p-0051c001-sg/37f9174053e5e5cb3727c7af1c7b5206""]",v10033g50000d7f45ffog65je6do92f0,DISABLE,AD_STATUS_CAMPAIGN_DISABLE,False,
1862454032569618,(재)_창원_진료셀프캠_의사가권하지않는4050_260414,1861261918990418,2604_다이트_전환캠페인,1861278381014129,2604_DB 전환_창원,2026-04-14 13:50:50,2026-04-23 09:45:34,,,SINGLE_VIDEO,다이트한의원,,,,,7628611893493533714,a00d3f86-d1f6-5187-a4b9-c096bec78c8c,BC_AUTH_TT,"[""tos-alisg-p-0051c001-sg/37f9174053e5e5cb3727c7af1c7b5206""]",v10033g50000d7f45ffog65je6do92f0,DISABLE,AD_STATUS_CAMPAIGN_DISABLE,False,
1862453943180450,(재)_일산_진료셀프캠_의사가권하지않는4050_260414,1861261918990418,2604_다이트_전환캠페인,1861277353601153,2604_DB 전환_일산,2026-04-14 13:49:23,2026-04-23 09:42:46,,,SINGLE_VIDEO,다이트한의원,,,,,7628611574747368466,a00d3f86-d1f6-5187-a4b9-c096bec78c8c,BC_AUTH_TT,"[""tos-alisg-p-0051c001-sg/37f9174053e5e5cb3727c7af1c7b5206""]",v10033g50000d7f45ffog65je6do92f0,DISABLE,AD_STATUS_CAMPAIGN_DISABLE,False,
1862453880112178,(재)_수원_진료셀프캠_의사가권하지않는4050_260414,1861261918990418,2604_다이트_전환캠페인,1861276991491153,2604_DB 전환_수원,2026-04-14 13:48:10,2026-04-23 09:37:19,,,SINGLE_VIDEO,다이트한의원,,,,,7628611195779501064,a00d3f86-d1f6-5187-a4b9-c096bec78c8c,BC_AUTH_TT,"[""tos-alisg-p-0051c001-sg/37f9174053e5e5cb3727c7af1c7b5206""]",v10033g50000d7f45ffog65je6do92f0,DISABLE,AD_STATUS_CAMPAIGN_DISABLE,False,
1862453369868354,(재)_부평_진료셀프캠_4050다이어트비밀_260414,1861261918990418,2604_다이트_전환캠페인,1861276582666338,2604_DB 전환_부평,2026-04-14 13:41:09,2026-04-23 09:33:15,,,SINGLE_VIDEO,다이트한의원,,,,,7628609445223746567,a00d3f86-d1f6-5187-a4b9-c096bec78c8c,BC_AUTH_TT,"[""tos-alisg-p-0051c001-sg/0a28e3068a80c929641b98ed72db2a6a""]",v10033g50000d7f47bfog65p022dik70,DISABLE,AD_STATUS_CAMPAIGN_DISABLE,False,
1862453122462113,(재)_서울_진료셀프캠_의사가권하지않는4050_260414,1861261918990418,2604_다이트_전환캠페인,1861275779965169,2604_DB 전환_서울,2026-04-14 13:36:48,2026-04-23 09:18:14,,,SINGLE_VIDEO,다이트한의원,,,,,7628608303249067026,a00d3f86-d1f6-5187-a4b9-c096bec78c8c,BC_AUTH_TT,"[""tos-alisg-p-0051c001-sg/37f9174053e5e5cb3727c7af1c7b5206""]",v10033g50000d7f45ffog65je6do92f0,ENABLE,AD_STATUS_CAMPAIGN_DISABLE,False,
1862452993099026,(재)_대전_진료셀프캠_비만주사가놓친것_260414,1861261918990418,2604_다이트_전환캠페인,1861707923630337,2604_DB 전환_대전,2026-04-14 13:33:52,2026-04-23 09:56:20,,,SINGLE_VIDEO,다이트한의원,,,,,7628607497787509778,a00d3f86-d1f6-5187-a4b9-c096bec78c8c,BC_AUTH_TT,"[""tos-alisg-p-0051c001-sg/3c9a5dd2fde774d71d208f6a2b8e1f5d""]",v10033g50000d7eu62vog65j1l5siipg,DISABLE,AD_STATUS_CAMPAIGN_DISABLE,False,
1862452895498482,(재)_천안_진료셀프캠_비만주사가놓친것_260414,1861261918990418,2604_다이트_전환캠페인,1861278784050433,2604_DB 전환_천안,2026-04-14 13:32:39,2026-04-23 09:49:21,,,SINGLE_VIDEO,다이트한의원,,,,,7628607163400801287,a00d3f86-d1f6-5187-a4b9-c096bec78c8c,BC_AUTH_TT,"[""tos-alisg-p-0051c001-sg/3c9a5dd2fde774d71d208f6a2b8e1f5d""]",v10033g50000d7eu62vog65j1l5siipg,DISABLE,AD_STATUS_CAMPAIGN_DISABLE,False,
1862452830171329,(재)_창원_진료셀프캠_비만주사가놓친것_260414,1861261918990418,2604_다이트_전환캠페인,1861278381014129,2604_DB 전환_창원,2026-04-14 13:31:24,2026-04-23 09:45:34,,,SINGLE_VIDEO,다이트한의원,,,,,7628606876594342930,a00d3f86-d1f6-5187-a4b9-c096bec78c8c,BC_AUTH_TT,"[""tos-alisg-p-0051c001-sg/3c9a5dd2fde774d71d208f6a2b8e1f5d""]",v10033g50000d7eu62vog65j1l5siipg,DISABLE,AD_STATUS_CAMPAIGN_DISABLE,False,
1862452759074146,(재)_대구_진료셀프캠_비만주사가놓친것_260414,1861261918990418,2604_다이트_전환캠페인,1861277737158945,2604_DB 전환_대구,2026-04-14 13:30:18,2026-04-23 09:42:39,,,SINGLE_VIDEO,다이트한의원,,,,,7628606644036897799,a00d3f86-d1f6-5187-a4b9-c096bec78c8c,BC_AUTH_TT,"[""tos-alisg-p-0051c001-sg/3c9a5dd2fde774d71d208f6a2b8e1f5d""]",v10033g50000d7eu62vog65j1l5siipg,DISABLE,AD_STATUS_CAMPAIGN_DISABLE,False,
1862452684235121,(재)_일산_진료셀프캠_비만주사가놓친것_260414,1861261918990418,2604_다이트_전환캠페인,1861277353601153,2604_DB 전환_일산,2026-04-14 13:29:10,2026-04-23 09:42:46,,,SINGLE_VIDEO,다이트한의원,,,,,7628606324393217031,a00d3f86-d1f6-5187-a4b9-c096bec78c8c,BC_AUTH_TT,"[""tos-alisg-p-0051c001-sg/3c9a5dd2fde774d71d208f6a2b8e1f5d""]",v10033g50000d7eu62vog65j1l5siipg,DISABLE,AD_STATUS_CAMPAIGN_DISABLE,False,
1862452610512897,(재)_수원_진료셀프캠_비만주사가놓친것_260414,1861261918990418,2604_다이트_전환캠페인,1861276991491153,2604_DB 전환_수원,2026-04-14 13:28:01,2026-04-23 09:37:18,,,SINGLE_VIDEO,다이트한의원,,,,,7628606068502825992,a00d3f86-d1f6-5187-a4b9-c096bec78c8c,BC_AUTH_TT,"[""tos-alisg-p-0051c001-sg/3c9a5dd2fde774d71d208f6a2b8e1f5d""]",v10033g50000d7eu62vog65j1l5siipg,DISABLE,AD_STATUS_CAMPAIGN_DISABLE,False,
1862452531926049,(재)_부평_진료셀프캠_비만주사가놓친것_260414,1861261918990418,2604_다이트_전환캠페인,1861276582666338,2604_DB 전환_부평,2026-04-14 13:26:53,2026-04-23 09:33:16,,,SINGLE_VIDEO,다이트한의원,,,,,7628605799199296520,a00d3f86-d1f6-5187-a4b9-c096bec78c8c,BC_AUTH_TT,"[""tos-alisg-p-0051c001-sg/3c9a5dd2fde774d71d208f6a2b8e1f5d""]",v10033g50000d7eu62vog65j1l5siipg,DISABLE,AD_STATUS_CAMPAIGN_DISABLE,False,
1862427431553298,(재)_서울_진료셀프캠_비만주사가놓친것_260414,1861261918990418,2604_다이트_전환캠페인,1861275779965169,2604_DB 전환_서울,2026-04-14 06:48:49,2026-04-23 09:18:14,,,SINGLE_VIDEO,다이트한의원,,,,,7628503029314030600,a00d3f86-d1f6-5187-a4b9-c096bec78c8c,BC_AUTH_TT,"[""tos-alisg-p-0051c001-sg/3c9a5dd2fde774d71d208f6a2b8e1f5d""]",v10033g50000d7eu62vog65j1l5siipg,ENABLE,AD_STATUS_CAMPAIGN_DISABLE,False,
1862064327619745,(신)_대전_인플방문후기_밥빵면못참는현대인(대전잇츠)_260410,1861261918990418,2604_다이트_전환캠페인,1861707923630337,2604_DB 전환_대전,2026-04-10 06:37:10,2026-04-23 09:56:22,,,SINGLE_VIDEO,다이트한의원,,,,,7627015860489571336,a00d3f86-d1f6-5187-a4b9-c096bec78c8c,BC_AUTH_TT,"[""tos-alisg-p-0051c001-sg/c564a75cd5bbdbebb41f1d5a23dd5c0e""]",v10033g50000d7c9klvog65p0n6mmee0,DISABLE,AD_STATUS_CAMPAIGN_DISABLE,False,
1862064207732210,(재)_수원_의료진정보_4050나잇살 이유는 여기에_260410,1861261918990418,2604_다이트_전환캠페인,1861276991491153,2604_DB 전환_수원,2026-04-10 06:34:53,2026-04-23 09:37:19,,,SINGLE_VIDEO,다이트한의원,,,,,7627015136095652872,a00d3f86-d1f6-5187-a4b9-c096bec78c8c,BC_AUTH_TT,"[""tos-alisg-p-0051c001-sg/a99cbe8f5a600e3898dc3edac2fd44af""]",v10033g50000d7c8b0nog65kglae9e9g,ENABLE,AD_STATUS_CAMPAIGN_DISABLE,False,
1862064114067810,(재)_창원_의료진정보_4050나잇살 이유는 여기에_260410,1861261918990418,2604_다이트_전환캠페인,1861278381014129,2604_DB 전환_창원,2026-04-10 06:33:20,2026-04-23 09:45:34,,,SINGLE_VIDEO,다이트한의원,,,,,7627014742158216210,a00d3f86-d1f6-5187-a4b9-c096bec78c8c,BC_AUTH_TT,"[""tos-alisg-p-0051c001-sg/a99cbe8f5a600e3898dc3edac2fd44af""]",v10033g50000d7c8b0nog65kglae9e9g,DISABLE,AD_STATUS_CAMPAIGN_DISABLE,False,
1862058676263265,(재)_천안_의료진정보_4050나잇살 이유는 여기에_260410,1861261918990418,2604_다이트_전환캠페인,1861278784050433,2604_DB 전환_천안,2026-04-10 05:11:22,2026-04-23 09:49:21,,,SINGLE_VIDEO,다이트한의원,,,,,7626993465561287687,a00d3f86-d1f6-5187-a4b9-c096bec78c8c,BC_AUTH_TT,"[""tos-alisg-p-0051c001-sg/a99cbe8f5a600e3898dc3edac2fd44af""]",v10033g50000d7c8b0nog65kglae9e9g,DISABLE,AD_STATUS_CAMPAIGN_DISABLE,False,
1861969112559697,(신)_천안_진료셀프캠_주사형 비만치료제보다 더중요한이것_260120,1861261918990418,2604_다이트_전환캠페인,1861278784050433,2604_DB 전환_천안,2026-04-09 05:28:59,2026-04-23 09:34:19,,,SINGLE_VIDEO,다이트한의원,,,,,7626627190704098312,a00d3f86-d1f6-5187-a4b9-c096bec78c8c,BC_AUTH_TT,"[""tos-alisg-p-0051c001-sg/o4pFQlAoOBNIHAFNpBMQb12B1gDLg8fcw9fDEE""]",v10033g50000d607ujnog65kq3cmc6h0,DISABLE,AD_STATUS_CAMPAIGN_DISABLE,False,
1861969033799841,(신)_천안_인플방문후기_주사형비만치료제(the.hyunniverse)_260403,1861261918990418,2604_다이트_전환캠페인,1861278784050433,2604_DB 전환_천안,2026-04-09 05:22:06,2026-04-23 09:49:21,,,SINGLE_VIDEO,다이트한의원,,,,,7626625471505091602,a00d3f86-d1f6-5187-a4b9-c096bec78c8c,BC_AUTH_TT,"[""tos-alisg-p-0051c001-sg/oEzA3IYwwGBR9NdULaBcAEaLUYPLTAYicAicv""]",v10033g50000d77l3gnog65gehj0m05g,ENABLE,AD_STATUS_CAMPAIGN_DISABLE,False,
1861968952635729,(신)_대전_인플방문후기_주사형비만치료제(the.hyunniverse)_260403,1861261918990418,2604_다이트_전환캠페인,1861707923630337,2604_DB 전환_대전,2026-04-09 05:20:45,2026-04-23 09:56:20,,,SINGLE_VIDEO,다이트한의원,,,,,7626625140712836104,a00d3f86-d1f6-5187-a4b9-c096bec78c8c,BC_AUTH_TT,"[""tos-alisg-p-0051c001-sg/oEzA3IYwwGBR9NdULaBcAEaLUYPLTAYicAicv""]",v10033g50000d77l3gnog65gehj0m05g,ENABLE,AD_STATUS_CAMPAIGN_DISABLE,False,
1861968872286353,(신)_대구_인플방문후기_주사형비만치료제(the.hyunniverse)_260403,1861261918990418,2604_다이트_전환캠페인,1861277737158945,2604_DB 전환_대구,2026-04-09 05:19:46,2026-04-23 09:42:39,,,SINGLE_VIDEO,다이트한의원,,,,,7626624888366746632,a00d3f86-d1f6-5187-a4b9-c096bec78c8c,BC_AUTH_TT,"[""tos-alisg-p-0051c001-sg/oEzA3IYwwGBR9NdULaBcAEaLUYPLTAYicAicv""]",v10033g50000d77l3gnog65gehj0m05g,DISABLE,AD_STATUS_CAMPAIGN_DISABLE,False,
1861968797915602,(신)_일산_인플방문후기_주사형비만치료제(the.hyunniverse)_260403,1861261918990418,2604_다이트_전환캠페인,1861277353601153,2604_DB 전환_일산,2026-04-09 05:18:41,2026-04-23 09:42:46,,,SINGLE_VIDEO,다이트한의원,,,,,7626624599861578759,a00d3f86-d1f6-5187-a4b9-c096bec78c8c,BC_AUTH_TT,"[""tos-alisg-p-0051c001-sg/oEzA3IYwwGBR9NdULaBcAEaLUYPLTAYicAicv""]",v10033g50000d77l3gnog65gehj0m05g,ENABLE,AD_STATUS_CAMPAIGN_DISABLE,False,
1861968379365409,(신)_서울_인플방문후기_주사형비만치료제(the.hyunniverse)_260403,1861261918990418,2604_다이트_전환캠페인,1861275779965169,2604_DB 전환_서울,2026-04-09 05:11:26,2026-04-23 09:18:14,,,SINGLE_VIDEO,다이트한의원,,,,,7626622739352259602,a00d3f86-d1f6-5187-a4b9-c096bec78c8c,BC_AUTH_TT,"[""tos-alisg-p-0051c001-sg/oEzA3IYwwGBR9NdULaBcAEaLUYPLTAYicAicv""]",v10033g50000d77l3gnog65gehj0m05g,ENABLE,AD_STATUS_CAMPAIGN_DISABLE,False,
1861968247570690,(신)_부평_인플방문후기_주사형비만치료제(the.hyunniverse)_260403,1861261918990418,2604_다이트_전환캠페인,1861276582666338,2604_DB 전환_부평,2026-04-09 05:10:19,2026-04-23 09:33:15,,,SINGLE_VIDEO,다이트한의원,,,,,7626622454986738696,a00d3f86-d1f6-5187-a4b9-c096bec78c8c,BC_AUTH_TT,"[""tos-alisg-p-0051c001-sg/oEzA3IYwwGBR9NdULaBcAEaLUYPLTAYicAicv""]",v10033g50000d77l3gnog65gehj0m05g,ENABLE,AD_STATUS_CAMPAIGN_DISABLE,False,
1861968142031009,(재)_천안_진료셀프캠_주사형비만치료제 고민끝에 50대부부 -32kg_260225,1861261918990418,2604_다이트_전환캠페인,1861278784050433,2604_DB 전환_천안,2026-04-09 05:08:20,2026-04-23 09:49:21,,,SINGLE_VIDEO,다이트한의원,,,,,7626621944472947719,a00d3f86-d1f6-5187-a4b9-c096bec78c8c,BC_AUTH_TT,"[""tos-alisg-p-0051c001-sg/c67058f2d87a62c2fd6934d8a49b058d""]",v10033g50000d6fa337og65qk4q7p8h0,DISABLE,AD_STATUS_CAMPAIGN_DISABLE,False,
1861796462367905,(신)_대전_인플방문후기_밥빵면안당기는원장님(itsmeyuriwon)_260407,1861261918990418,2604_다이트_전환캠페인,1861707923630337,2604_DB 전환_대전,2026-04-07 07:38:56,2026-04-28 07:31:47,,,SINGLE_VIDEO,다이트한의원,,,,,7625918489496226823,a00d3f86-d1f6-5187-a4b9-c096bec78c8c,BC_AUTH_TT,"[""tos-alisg-p-0051c001-sg/o0AAFAEiUclia6oBrYKnJ0PYIP9zPD2kUbh8i""]",v10033g50000d77in87og65kimp7ck7g,DISABLE,AD_STATUS_CAMPAIGN_DISABLE,False,
1861796395517250,(신)_천안_인플방문후기_밥빵면안당기는원장님(itsmeyuriwon)_260407,1861261918990418,2604_다이트_전환캠페인,1861278784050433,2604_DB 전환_천안,2026-04-07 07:37:49,2026-04-28 07:31:47,,,SINGLE_VIDEO,다이트한의원,,,,,7625918121215314952,a00d3f86-d1f6-5187-a4b9-c096bec78c8c,BC_AUTH_TT,"[""tos-alisg-p-0051c001-sg/o0AAFAEiUclia6oBrYKnJ0PYIP9zPD2kUbh8i""]",v10033g50000d77in87og65kimp7ck7g,DISABLE,AD_STATUS_CAMPAIGN_DISABLE,False,
1861796302859538,(신)_창원_인플방문후기_밥빵면안당기는원장님(itsmeyuriwon)_260407,1861261918990418,2604_다이트_전환캠페인,1861278381014129,2604_DB 전환_창원,2026-04-07 07:36:17,2026-04-28 07:31:47,,,SINGLE_VIDEO,다이트한의원,,,,,7625917734395677703,a00d3f86-d1f6-5187-a4b9-c096bec78c8c,BC_AUTH_TT,"[""tos-alisg-p-0051c001-sg/o0AAFAEiUclia6oBrYKnJ0PYIP9zPD2kUbh8i""]",v10033g50000d77in87og65kimp7ck7g,DISABLE,AD_STATUS_CAMPAIGN_DISABLE,False,
1861796218051601,(신)_대구_인플방문후기_밥빵면안당기는원장님(itsmeyuriwon)_260407,1861261918990418,2604_다이트_전환캠페인,1861277737158945,2604_DB 전환_대구,2026-04-07 07:34:55,2026-04-28 07:31:47,,,SINGLE_VIDEO,다이트한의원,,,,,7625917467742768136,a00d3f86-d1f6-5187-a4b9-c096bec78c8c,BC_AUTH_TT,"[""tos-alisg-p-0051c001-sg/o0AAFAEiUclia6oBrYKnJ0PYIP9zPD2kUbh8i""]",v10033g50000d77in87og65kimp7ck7g,DISABLE,AD_STATUS_CAMPAIGN_DISABLE,False,
1861796100333057,(신)_일산_인플방문후기_밥빵면안당기는원장님(itsmeyuriwon)_260407,1861261918990418,2604_다이트_전환캠페인,1861277353601153,2604_DB 전환_일산,2026-04-07 07:33:00,2026-04-28 07:31:47,,,SINGLE_VIDEO,다이트한의원,,,,,7625916880217328648,a00d3f86-d1f6-5187-a4b9-c096bec78c8c,BC_AUTH_TT,"[""tos-alisg-p-0051c001-sg/o0AAFAEiUclia6oBrYKnJ0PYIP9zPD2kUbh8i""]",v10033g50000d77in87og65kimp7ck7g,DISABLE,AD_STATUS_CAMPAIGN_DISABLE,False,
1861796026692689,(신)_수원_인플방문후기_밥빵면안당기는원장님(itsmeyuriwon)_260407,1861261918990418,2604_다이트_전환캠페인,1861276991491153,2604_DB 전환_수원,2026-04-07 07:31:54,2026-04-28 07:31:46,,,SINGLE_VIDEO,다이트한의원,,,,,7625916610062126088,a00d3f86-d1f6-5187-a4b9-c096bec78c8c,BC_AUTH_TT,"[""tos-alisg-p-0051c001-sg/o0AAFAEiUclia6oBrYKnJ0PYIP9zPD2kUbh8i""]",v10033g50000d77in87og65kimp7ck7g,DISABLE,AD_STATUS_CAMPAIGN_DISABLE,False,
1861795578227042,(신)_부평_인플방문후기_밥빵면안당기는원장님(itsmeyuriwon)_260407,1861261918990418,2604_다이트_전환캠페인,1861276582666338,2604_DB 전환_부평,2026-04-07 07:24:39,2026-04-28 07:31:46,,,SINGLE_VIDEO,다이트한의원,,,,,7625914854192237575,a00d3f86-d1f6-5187-a4b9-c096bec78c8c,BC_AUTH_TT,"[""tos-alisg-p-0051c001-sg/o0AAFAEiUclia6oBrYKnJ0PYIP9zPD2kUbh8i""]",v10033g50000d77in87og65kimp7ck7g,DISABLE,AD_STATUS_CAMPAIGN_DISABLE,False,
1861792943047986,(신)_서울_인플방문후기_밥빵면안당기는원장님(itsmeyuriwon)_260407,1861261918990418,2604_다이트_전환캠페인,1861275779965169,2604_DB 전환_서울,2026-04-07 06:44:37,2026-04-28 07:31:46,,,SINGLE_VIDEO,다이트한의원,,,,,7625904480319523858,a00d3f86-d1f6-5187-a4b9-c096bec78c8c,BC_AUTH_TT,"[""tos-alisg-p-0051c001-sg/o0AAFAEiUclia6oBrYKnJ0PYIP9zPD2kUbh8i""]",v10033g50000d77in87og65kimp7ck7g,DISABLE,AD_STATUS_CAMPAIGN_DISABLE,False,
1861781961742465,(신)_대전_진료셀프캠_주사형 비만치료제보다 더중요한이것_260120,1861261918990418,2604_다이트_전환캠페인,1861707923630337,2604_DB 전환_대전,2026-04-07 03:49:04,2026-04-23 09:41:18,,,SINGLE_VIDEO,다이트한의원,,,,,7625859091075779592,a00d3f86-d1f6-5187-a4b9-c096bec78c8c,BC_AUTH_TT,"[""tos-alisg-p-0051c001-sg/o4pFQlAoOBNIHAFNpBMQb12B1gDLg8fcw9fDEE""]",v10033g50000d607ujnog65kq3cmc6h0,DISABLE,AD_STATUS_CAMPAIGN_DISABLE,False,
1861779986019442,(재)_대전_진료셀프캠_식욕억제주사실패 마지막_260407,1861261918990418,2604_다이트_전환캠페인,1861707923630337,2604_DB 전환_대전,2026-04-07 03:17:14,2026-04-23 09:56:20,,,SINGLE_VIDEO,다이트한의원,,,,,7625850941694036999,a00d3f86-d1f6-5187-a4b9-c096bec78c8c,BC_AUTH_TT,"[""tos-alisg-p-0051c001-sg/1e0c2aafc01ae74628202c23bb57e40f""]",v10033g50000d79mm9vog65j1l4i9bbg,ENABLE,AD_STATUS_CAMPAIGN_DISABLE,False,
1861779883450610,(재)_천안_진료셀프캠_식욕억제주사실패 마지막_260407,1861261918990418,2604_다이트_전환캠페인,1861278784050433,2604_DB 전환_천안,2026-04-07 03:15:33,2026-04-23 09:49:21,,,SINGLE_VIDEO,다이트한의원,,,,,7625850462348119048,a00d3f86-d1f6-5187-a4b9-c096bec78c8c,BC_AUTH_TT,"[""tos-alisg-p-0051c001-sg/1e0c2aafc01ae74628202c23bb57e40f""]",v10033g50000d79mm9vog65j1l4i9bbg,ENABLE,AD_STATUS_CAMPAIGN_DISABLE,False,
1861779512219682,(재)_대구_진료셀프캠_식욕억제주사실패 마지막_260407,1861261918990418,2604_다이트_전환캠페인,1861277737158945,2604_DB 전환_대구,2026-04-07 03:12:03,2026-04-23 09:42:39,,,SINGLE_VIDEO,다이트한의원,,,,,7625849747458247688,a00d3f86-d1f6-5187-a4b9-c096bec78c8c,BC_AUTH_TT,"[""tos-alisg-p-0051c001-sg/1e0c2aafc01ae74628202c23bb57e40f""]",v10033g50000d79mm9vog65j1l4i9bbg,ENABLE,AD_STATUS_CAMPAIGN_DISABLE,False,
1861779422527666,(재)_일산_진료셀프캠_식욕억제주사실패 마지막_260407,1861261918990418,2604_다이트_전환캠페인,1861277353601153,2604_DB 전환_일산,2026-04-07 03:08:42,2026-04-23 09:42:46,,,SINGLE_VIDEO,다이트한의원,,,,,7625848734781295624,a00d3f86-d1f6-5187-a4b9-c096bec78c8c,BC_AUTH_TT,"[""tos-alisg-p-0051c001-sg/1e0c2aafc01ae74628202c23bb57e40f""]",v10033g50000d79mm9vog65j1l4i9bbg,ENABLE,AD_STATUS_CAMPAIGN_DISABLE,False,
1861779402873057,(재)_창원_진료셀프캠_식욕억제주사실패 마지막_260407,1861261918990418,2604_다이트_전환캠페인,1861278381014129,2604_DB 전환_창원,2026-04-07 03:14:06,2026-04-23 09:45:35,,,SINGLE_VIDEO,다이트한의원,,,,,7625849935354727431,a00d3f86-d1f6-5187-a4b9-c096bec78c8c,BC_AUTH_TT,"[""tos-alisg-p-0051c001-sg/1e0c2aafc01ae74628202c23bb57e40f""]",v10033g50000d79mm9vog65j1l4i9bbg,ENABLE,AD_STATUS_CAMPAIGN_DISABLE,False,
1861779341060274,(재)_수원_진료셀프캠_식욕억제주사실패 마지막_260407,1861261918990418,2604_다이트_전환캠페인,1861276991491153,2604_DB 전환_수원,2026-04-07 03:07:24,2026-04-23 09:37:24,,,SINGLE_VIDEO,다이트한의원,,,,,7625848519743523847,a00d3f86-d1f6-5187-a4b9-c096bec78c8c,BC_AUTH_TT,"[""tos-alisg-p-0051c001-sg/1e0c2aafc01ae74628202c23bb57e40f""]",v10033g50000d79mm9vog65j1l4i9bbg,ENABLE,AD_STATUS_CAMPAIGN_DISABLE,False,
1861779276638289,(재)_부평_진료셀프캠_식욕억제주사실패 마지막_260407,1861261918990418,2604_다이트_전환캠페인,1861276582666338,2604_DB 전환_부평,2026-04-07 03:06:09,2026-04-23 09:33:15,,,SINGLE_VIDEO,다이트한의원,,,,,7625848024710827026,a00d3f86-d1f6-5187-a4b9-c096bec78c8c,BC_AUTH_TT,"[""tos-alisg-p-0051c001-sg/1e0c2aafc01ae74628202c23bb57e40f""]",v10033g50000d79mm9vog65j1l4i9bbg,ENABLE,AD_STATUS_CAMPAIGN_DISABLE,False,
1861778815720546,(재)_서울_진료셀프캠_식욕억제주사실패 마지막_260407,1861261918990418,2604_다이트_전환캠페인,1861275779965169,2604_DB 전환_서울,2026-04-07 02:59:29,2026-04-23 09:18:14,,,SINGLE_VIDEO,다이트한의원,,,,,7625846486110096402,a00d3f86-d1f6-5187-a4b9-c096bec78c8c,BC_AUTH_TT,"[""tos-alisg-p-0051c001-sg/1e0c2aafc01ae74628202c23bb57e40f""]",v10033g50000d79mm9vog65j1l4i9bbg,ENABLE,AD_STATUS_CAMPAIGN_DISABLE,False,
1861778669641809,(재)_대구_진료셀프캠_다이어트의적 밥빵면_260407,1861261918990418,2604_다이트_전환캠페인,1861277737158945,2604_DB 전환_대구,2026-04-07 02:56:58,2026-04-23 09:42:39,,,SINGLE_VIDEO,다이트한의원,,,,,7625845712432925704,a00d3f86-d1f6-5187-a4b9-c096bec78c8c,BC_AUTH_TT,"[""tos-alisg-p-0051c001-sg/oIQDcvCt4F9WABQJkp0PNjgixEItfB5DQ6GKof""]",v10033g50000d6ugojvog65qe3i9tslg,ENABLE,AD_STATUS_CAMPAIGN_DISABLE,False,
1861776478109986,(재)_대전_진료셀프캠_다이어트의적 밥빵면_260407,1861261918990418,2604_다이트_전환캠페인,1861707923630337,2604_DB 전환_대전,2026-04-07 02:24:59,2026-04-23 09:56:20,,,SINGLE_VIDEO,다이트한의원,,,,,7625885847363079176,a00d3f86-d1f6-5187-a4b9-c096bec78c8c,BC_AUTH_TT,"[""tos-alisg-p-0051c001-sg/oIQDcvCt4F9WABQJkp0PNjgixEItfB5DQ6GKof""]",v10033g50000d6ugojvog65qe3i9tslg,ENABLE,AD_STATUS_CAMPAIGN_DISABLE,False,
1861710694184002,(재)_대전_인플방문후기_먹으면서(대읽남)_260306,1861261918990418,2604_다이트_전환캠페인,1861707923630337,2604_DB 전환_대전,2026-04-06 08:56:02,2026-04-23 09:56:21,,,SINGLE_VIDEO,다이트한의원,,,,,7625567182843350024,a00d3f86-d1f6-5187-a4b9-c096bec78c8c,BC_AUTH_TT,"[""tos-alisg-p-0051c001-sg/a182caa3778bc6a3b000131048e22910""]",v10033g50000d6kp99fog65m672of5ug,DISABLE,AD_STATUS_CAMPAIGN_DISABLE,False,
1861709876075633,"(재)_대전_인플방문후기_건강한다이어트(대전, 박고경)_260406",1861261918990418,2604_다이트_전환캠페인,1861707923630337,2604_DB 전환_대전,2026-04-06 08:43:11,2026-04-23 09:56:20,,,SINGLE_VIDEO,다이트한의원,,,,,7625563821930744850,a00d3f86-d1f6-5187-a4b9-c096bec78c8c,BC_AUTH_TT,"[""tos-alisg-p-0051c001-sg/okTeQmJGAGIEjAKp84qCeLfmPDg4TgdtbupSSF""]",v10033g50000d79n3qfog65pllqihifg,DISABLE,AD_STATUS_CAMPAIGN_DISABLE,False,
1861709796228209,(재)_서울_의료진정보_무작정운동으로 팩폭_260406,1861261918990418,2604_다이트_전환캠페인,1861275779965169,2604_DB 전환_서울,2026-04-06 08:41:37,2026-04-23 09:18:15,,,SINGLE_VIDEO,다이트한의원,,,,,7625563620641885192,a00d3f86-d1f6-5187-a4b9-c096bec78c8c,BC_AUTH_TT,"[""tos-alisg-p-0051c001-sg/507acb10211537784be0a88cafaa8804""]",v10033g50000d79mrt7og65hk562cbo0,DISABLE,AD_STATUS_CAMPAIGN_DISABLE,False,
1861709708534065,(재)_부평_의료진정보_무작정운동으로 팩폭_260406,1861261918990418,2604_다이트_전환캠페인,1861276582666338,2604_DB 전환_부평,2026-04-06 08:39:55,2026-04-23 09:33:16,,,SINGLE_VIDEO,다이트한의원,,,,,7625563350713338898,a00d3f86-d1f6-5187-a4b9-c096bec78c8c,BC_AUTH_TT,"[""tos-alisg-p-0051c001-sg/3015b2fc054708b1cd444aa83d052699""]",v10033g50000d79mrt7og65hk562cbo0,DISABLE,AD_STATUS_CAMPAIGN_DISABLE,False,
1861709615890674,(재)_수원_의료진정보_무작정운동으로 팩폭_260406,1861261918990418,2604_다이트_전환캠페인,1861276991491153,2604_DB 전환_수원,2026-04-06 08:38:47,2026-04-23 09:37:18,,,SINGLE_VIDEO,다이트한의원,,,,,7625562856179682311,a00d3f86-d1f6-5187-a4b9-c096bec78c8c,BC_AUTH_TT,"[""tos-alisg-p-0051c001-sg/507acb10211537784be0a88cafaa8804""]",v10033g50000d79mrt7og65hk562cbo0,DISABLE,AD_STATUS_CAMPAIGN_DISABLE,False,
1861709552021505,(재)_일산_의료진정보_무작정운동으로 팩폭_260406,1861261918990418,2604_다이트_전환캠페인,1861277353601153,2604_DB 전환_일산,2026-04-06 08:37:39,2026-04-23 09:42:46,,,SINGLE_VIDEO,다이트한의원,,,,,7625562542370311186,a00d3f86-d1f6-5187-a4b9-c096bec78c8c,BC_AUTH_TT,"[""tos-alisg-p-0051c001-sg/507acb10211537784be0a88cafaa8804""]",v10033g50000d79mrt7og65hk562cbo0,DISABLE,AD_STATUS_CAMPAIGN_DISABLE,False,
1861709464313057,(재)_대구_의료진정보_무작정운동으로 팩폭_260406,1861261918990418,2604_다이트_전환캠페인,1861277737158945,2604_DB 전환_대구,2026-04-06 08:36:29,2026-04-23 09:42:39,,,SINGLE_VIDEO,다이트한의원,,,,,7625562158541081608,a00d3f86-d1f6-5187-a4b9-c096bec78c8c,BC_AUTH_TT,"[""tos-alisg-p-0051c001-sg/507acb10211537784be0a88cafaa8804""]",v10033g50000d79mrt7og65hk562cbo0,DISABLE,AD_STATUS_CAMPAIGN_DISABLE,False,
1861709359069201,(재)_창원_의료진정보_무작정운동으로 팩폭_260406,1861261918990418,2604_다이트_전환캠페인,1861278381014129,2604_DB 전환_창원,2026-04-06 08:35:10,2026-04-23 09:45:34,,,SINGLE_VIDEO,다이트한의원,,,,,7625561870673415186,a00d3f86-d1f6-5187-a4b9-c096bec78c8c,BC_AUTH_TT,"[""tos-alisg-p-0051c001-sg/507acb10211537784be0a88cafaa8804""]",v10033g50000d79mrt7og65hk562cbo0,DISABLE,AD_STATUS_CAMPAIGN_DISABLE,False,
1861708807896498,(재)_천안_의료진정보_무작정운동으로 팩폭_260405,1861261918990418,2604_다이트_전환캠페인,1861278784050433,2604_DB 전환_천안,2026-04-06 08:26:28,2026-04-23 09:49:21,,,SINGLE_VIDEO,다이트한의원,,,,,7625559682362444808,a00d3f86-d1f6-5187-a4b9-c096bec78c8c,BC_AUTH_TT,"[""tos-alisg-p-0051c001-sg/507acb10211537784be0a88cafaa8804""]",v10033g50000d79mrt7og65hk562cbo0,DISABLE,AD_STATUS_CAMPAIGN_DISABLE,False,
1861708302605361,(재)_대전_인플방문후기_맘껏먹는 다이어트 한달후기_260306,1861261918990418,2604_다이트_전환캠페인,1861707923630337,2604_DB 전환_대전,2026-04-06 08:18:38,2026-04-23 09:56:20,,,SINGLE_VIDEO,다이트한의원,,,,,7625557508433742855,a00d3f86-d1f6-5187-a4b9-c096bec78c8c,BC_AUTH_TT,"[""tos-alisg-p-0051c001-sg/o0EVQQtfZFxIdNDNRlqp0CFRcFWDwegBASurpB""]",v10033g50000d6kp8kfog65nd61qion0,DISABLE,AD_STATUS_CAMPAIGN_DISABLE,False,
1861708178989089,(재)_대전_진료셀프캠_주사형비만치료제 고민끝에 50대부부 -32kg_260225,1861261918990418,2604_다이트_전환캠페인,1861707923630337,2604_DB 전환_대전,2026-04-06 08:16:34,2026-04-23 09:56:20,,,SINGLE_VIDEO,다이트한의원,,,,,7625556982312815634,a00d3f86-d1f6-5187-a4b9-c096bec78c8c,BC_AUTH_TT,"[""tos-alisg-p-0051c001-sg/c67058f2d87a62c2fd6934d8a49b058d""]",v10033g50000d6fa337og65qk4q7p8h0,ENABLE,AD_STATUS_CAMPAIGN_DISABLE,False,
1861708051912898,(재)_대전_진료셀프캠_식욕억제주사실패 마지막_260406,1861261918990418,2604_다이트_전환캠페인,1861707923630337,2604_DB 전환_대전,2026-04-06 08:14:44,2026-04-23 09:56:20,,,SINGLE_VIDEO,다이트한의원,,,,,7625556518535990280,a00d3f86-d1f6-5187-a4b9-c096bec78c8c,BC_AUTH_TT,"[""tos-alisg-p-0051c001-sg/1e0c2aafc01ae74628202c23bb57e40f""]",v10033g50000d79mm9vog65j1l4i9bbg,DISABLE,AD_STATUS_CAMPAIGN_DISABLE,False,
1861438096695922,(재)_서울_인플방문후기_먹고싶은거다먹는(수원잇츠)_260403,1861261918990418,2604_다이트_전환캠페인,1861275779965169,2604_DB 전환_서울,2026-04-03 08:42:43,2026-04-23 09:18:15,,,SINGLE_VIDEO,다이트한의원,,,,,7624450626444856328,a00d3f86-d1f6-5187-a4b9-c096bec78c8c,BC_AUTH_TT,"[""tos-alisg-p-0051c001-sg/oU7AZKBNijYP5bPc0mv0AAHBD4LEIoBfw07Cgi""]",v10033g50000d77mp7vog65o1ghceoq0,DISABLE,AD_STATUS_CAMPAIGN_DISABLE,False,
1861438021385394,(재)_부평_인플방문후기_먹고싶은거다먹는(수원잇츠)_260403,1861261918990418,2604_다이트_전환캠페인,1861276582666338,2604_DB 전환_부평,2026-04-03 08:41:39,2026-04-23 09:33:15,,,SINGLE_VIDEO,다이트한의원,,,,,7624450268545027090,a00d3f86-d1f6-5187-a4b9-c096bec78c8c,BC_AUTH_TT,"[""tos-alisg-p-0051c001-sg/oU7AZKBNijYP5bPc0mv0AAHBD4LEIoBfw07Cgi""]",v10033g50000d77mp7vog65o1ghceoq0,DISABLE,AD_STATUS_CAMPAIGN_DISABLE,False,
1861437972025618,(재)_수원_인플방문후기_먹고싶은거다먹는(수원잇츠)_260403,1861261918990418,2604_다이트_전환캠페인,1861276991491153,2604_DB 전환_수원,2026-04-03 08:40:35,2026-04-23 09:37:18,,,SINGLE_VIDEO,다이트한의원,,,,,7624450044028046354,a00d3f86-d1f6-5187-a4b9-c096bec78c8c,BC_AUTH_TT,"[""tos-alisg-p-0051c001-sg/oU7AZKBNijYP5bPc0mv0AAHBD4LEIoBfw07Cgi""]",v10033g50000d77mp7vog65o1ghceoq0,DISABLE,AD_STATUS_CAMPAIGN_DISABLE,False,
1861437881987106,(재)_일산_인플방문후기_먹고싶은거다먹는(수원잇츠)_260403,1861261918990418,2604_다이트_전환캠페인,1861277353601153,2604_DB 전환_일산,2026-04-03 08:39:34,2026-04-23 09:42:46,,,SINGLE_VIDEO,다이트한의원,,,,,7624449700669770759,a00d3f86-d1f6-5187-a4b9-c096bec78c8c,BC_AUTH_TT,"[""tos-alisg-p-0051c001-sg/oU7AZKBNijYP5bPc0mv0AAHBD4LEIoBfw07Cgi""]",v10033g50000d77mp7vog65o1ghceoq0,ENABLE,AD_STATUS_CAMPAIGN_DISABLE,False,
1861437815982145,(재)_대구_인플방문후기_먹고싶은거다먹는(수원잇츠)_260403,1861261918990418,2604_다이트_전환캠페인,1861277737158945,2604_DB 전환_대구,2026-04-03 08:38:11,2026-04-23 09:42:39,,,SINGLE_VIDEO,다이트한의원,,,,,7624449409597606920,a00d3f86-d1f6-5187-a4b9-c096bec78c8c,BC_AUTH_TT,"[""tos-alisg-p-0051c001-sg/oU7AZKBNijYP5bPc0mv0AAHBD4LEIoBfw07Cgi""]",v10033g50000d77mp7vog65o1ghceoq0,DISABLE,AD_STATUS_CAMPAIGN_DISABLE,False,
1861437705571345,(재)_창원_인플방문후기_먹고싶은거다먹는(수원잇츠)_260403,1861261918990418,2604_다이트_전환캠페인,1861278381014129,2604_DB 전환_창원,2026-04-03 08:37:12,2026-04-24 04:05:32,,,SINGLE_VIDEO,다이트한의원,,,,,7624449053849406472,a00d3f86-d1f6-5187-a4b9-c096bec78c8c,BC_AUTH_TT,"[""tos-alisg-p-0051c001-sg/7247106effe8004aa3d6bd225dd8c72e""]",v10033g50000d77mp7vog65o1ghceoq0,DISABLE,AD_STATUS_CAMPAIGN_DISABLE,False,
1861433575335186,(재)_천안_인플방문후기_먹고싶은거다먹는(수원잇츠)_260403,1861261918990418,2604_다이트_전환캠페인,1861278784050433,2604_DB 전환_천안,2026-04-03 07:32:04,2026-04-23 09:49:21,,,SINGLE_VIDEO,다이트한의원,,,,,7624450897392749576,a00d3f86-d1f6-5187-a4b9-c096bec78c8c,BC_AUTH_TT,"[""tos-alisg-p-0051c001-sg/2b8dd49318058c282a702075c3152e0f""]",v10033g50000d77mp7vog65o1ghceoq0,DISABLE,AD_STATUS_CAMPAIGN_DISABLE,False,
1861427124084770,(신)_창원_인플방문후기_주사형비만치료제(the.hyunniverse)_260403,1861261918990418,2604_다이트_전환캠페인,1861278381014129,2604_DB 전환_창원,2026-04-03 05:49:24,2026-04-23 09:45:34,,,SINGLE_VIDEO,다이트한의원,,,,,7624410342025743368,a00d3f86-d1f6-5187-a4b9-c096bec78c8c,BC_AUTH_TT,"[""tos-alisg-p-0051c001-sg/oEzA3IYwwGBR9NdULaBcAEaLUYPLTAYicAicv""]",v10033g50000d77l3gnog65gehj0m05g,DISABLE,AD_STATUS_CAMPAIGN_DISABLE,False,
1861426333950193,(신)_수원_인플방문후기_주사형비만치료제(the.hyunniverse)_260403,1861261918990418,2604_다이트_전환캠페인,1861276991491153,2604_DB 전환_수원,2026-04-03 05:36:49,2026-04-23 09:37:19,,,SINGLE_VIDEO,다이트한의원,,,,,7624408081614654471,a00d3f86-d1f6-5187-a4b9-c096bec78c8c,BC_AUTH_TT,"[""tos-alisg-p-0051c001-sg/8bc192066f3b76479c0afe6b043bb1bd""]",v10033g50000d77l3gnog65gehj0m05g,ENABLE,AD_STATUS_CAMPAIGN_DISABLE,False,
1861279133802561,(재)_천안_진료셀프캠_비만주사 10년은 늙어보인대요_260326,1861261918990418,2604_다이트_전환캠페인,1861278784050433,2604_DB 전환_천안,2026-04-01 14:36:11,2026-04-23 09:49:22,,,SINGLE_VIDEO,다이트한의원,,,,,7624410678031305735,a00d3f86-d1f6-5187-a4b9-c096bec78c8c,BC_AUTH_TT,"[""tos-alisg-p-0051c001-sg/okDsM9IgQgAFYEP8zLN9xxfLeDDQBB6QvCQpNE""]",v10033g50000d72f1vfog65oj9epfum0,DISABLE,AD_STATUS_CAMPAIGN_DISABLE,False,
1861279064396242,(신)_천안_의료진정보_주사형비만치료제 10년은_260116,1861261918990418,2604_다이트_전환캠페인,1861278784050433,2604_DB 전환_천안,2026-04-01 14:35:05,2026-04-23 09:49:21,,,SINGLE_VIDEO,다이트한의원,,,,,7624410740908149778,a00d3f86-d1f6-5187-a4b9-c096bec78c8c,BC_AUTH_TT,"[""tos-alisg-p-0051c001-sg/oEJpB9KAOADeBNzvgEFWosQDMfRAMrrEBDBWiI""]",v10033g50000d6hb537og65u4k80o0b0,ENABLE,AD_STATUS_CAMPAIGN_DISABLE,False,
1861278985311585,"(재)_천안_인플방문후기_건강한다이어트(천안, 박고경)_260325",1861261918990418,2604_다이트_전환캠페인,1861278784050433,2604_DB 전환_천안,2026-04-01 14:33:59,2026-04-23 09:49:21,,,SINGLE_VIDEO,다이트한의원,,,,,7624410840808066066,a00d3f86-d1f6-5187-a4b9-c096bec78c8c,BC_AUTH_TT,"[""tos-alisg-p-0051c001-sg/oQO4VDwVIAQseZBDoBhEJ8Ra7EvNgSFapDBLQf""]",v10033g50000d71o8r7og65kf2rbop80,DISABLE,AD_STATUS_CAMPAIGN_DISABLE,False,
1861278873581714,(재)_천안_진료QnA_지긋지긋 40대 뱃살 고생없이_260309,1861261918990418,2604_다이트_전환캠페인,1861278784050433,2604_DB 전환_천안,2026-04-01 14:32:43,2026-04-23 09:49:21,,,SINGLE_VIDEO,다이트한의원,,,,,7624410884701441032,a00d3f86-d1f6-5187-a4b9-c096bec78c8c,BC_AUTH_TT,"[""tos-alisg-p-0051c001-sg/oQUIwU1EDyllAJ0Shi0PBsikuB7ifTAAmCAsio""]",v10033g50000d6n9c7vog65r1oe98090,DISABLE,AD_STATUS_CAMPAIGN_DISABLE,False,
1861278731680866,"(재)_창원_인플방문후기_건강한다이어트(창원,박고경)_260325",1861261918990418,2604_다이트_전환캠페인,1861278381014129,2604_DB 전환_창원,2026-04-01 14:29:31,2026-04-23 09:45:34,,,SINGLE_VIDEO,다이트한의원,,,,,7624410127067614226,a00d3f86-d1f6-5187-a4b9-c096bec78c8c,BC_AUTH_TT,"[""tos-alisg-p-0051c001-sg/og5Mk4gHCAs2YLpgFs0gAXFABGDtQfxfnS2fKe""]",v10033g50000d71o6pfog65n9vvc14kg,DISABLE,AD_STATUS_CAMPAIGN_DISABLE,False,
1861278667241538,(재)_창원_진료셀프캠_비만주사끊고15kg_260326,1861261918990418,2604_다이트_전환캠페인,1861278381014129,2604_DB 전환_창원,2026-04-01 14:28:31,2026-04-23 09:45:34,,,SINGLE_VIDEO,다이트한의원,,,,,7624410342176590856,a00d3f86-d1f6-5187-a4b9-c096bec78c8c,BC_AUTH_TT,"[""tos-alisg-p-0051c001-sg/deaf97674c96e2aef2b8794eb5b969bb""]",v10033g50000d72f1bvog65j4e562pig,DISABLE,AD_STATUS_CAMPAIGN_DISABLE,False,
1861278293422097,(재)_대구_진료셀프캠_비만주사끊고15kg_260326,1861261918990418,2604_다이트_전환캠페인,1861277737158945,2604_DB 전환_대구,2026-04-01 14:22:57,2026-04-23 09:42:39,,,SINGLE_VIDEO,다이트한의원,,,,,7624409662221274130,a00d3f86-d1f6-5187-a4b9-c096bec78c8c,BC_AUTH_TT,"[""tos-alisg-p-0051c001-sg/deaf97674c96e2aef2b8794eb5b969bb""]",v10033g50000d72f1bvog65j4e562pig,DISABLE,AD_STATUS_CAMPAIGN_DISABLE,False,
1861278292523041,(재)_창원_진료셀프캠_주사형비만치료제 고민끝에 50대부부 -32kg_260225,1861261918990418,2604_다이트_전환캠페인,1861278381014129,2604_DB 전환_창원,2026-04-01 14:27:20,2026-04-23 09:45:34,,,SINGLE_VIDEO,다이트한의원,,,,,7624410343003016199,a00d3f86-d1f6-5187-a4b9-c096bec78c8c,BC_AUTH_TT,"[""tos-alisg-p-0051c001-sg/oIIeQCBJNojnATDpQFskfRkmEG1DMEygQ5qZBM""]",v10033g50000d6fa337og65qk4q7p8h0,DISABLE,AD_STATUS_CAMPAIGN_DISABLE,False,
1861278242108689,(신)_대구_의료진정보_주사형비만치료제 10년은_260116,1861261918990418,2604_다이트_전환캠페인,1861277737158945,2604_DB 전환_대구,2026-04-01 14:21:48,2026-04-23 09:42:39,,,SINGLE_VIDEO,다이트한의원,,,,,7624410049695255560,a00d3f86-d1f6-5187-a4b9-c096bec78c8c,BC_AUTH_TT,"[""tos-alisg-p-0051c001-sg/oEJpB9KAOADeBNzvgEFWosQDMfRAMrrEBDBWiI""]",v10033g50000d6hb537og65u4k80o0b0,DISABLE,AD_STATUS_CAMPAIGN_DISABLE,False,
1861278128485793,"(재)_대구_인플방문후기_건강한다이어트(대구,박고경)_260325",1861261918990418,2604_다이트_전환캠페인,1861277737158945,2604_DB 전환_대구,2026-04-01 14:20:59,2026-04-28 07:32:15,,,SINGLE_VIDEO,다이트한의원,,,,,7624409901581765650,a00d3f86-d1f6-5187-a4b9-c096bec78c8c,BC_AUTH_TT,"[""tos-alisg-p-0051c001-sg/oECTbSDghvwfCa7NDeIWgVfEBLoFEGTkDIAAL1""]",v10033g50000d71o0nvog65kf5hm9l5g,DISABLE,AD_STATUS_CAMPAIGN_DISABLE,False,
1861278082187298,(재)_대구_진료셀프캠_주사형비만치료제 고민끝에 50대부부 -32kg_260225,1861261918990418,2604_다이트_전환캠페인,1861277737158945,2604_DB 전환_대구,2026-04-01 14:19:20,2026-04-23 09:42:39,,,SINGLE_VIDEO,다이트한의원,,,,,7624409641899904008,a00d3f86-d1f6-5187-a4b9-c096bec78c8c,BC_AUTH_TT,"[""tos-alisg-p-0051c001-sg/oIIeQCBJNojnATDpQFskfRkmEG1DMEygQ5qZBM""]",v10033g50000d6fa337og65qk4q7p8h0,ENABLE,AD_STATUS_CAMPAIGN_DISABLE,False,
1861277850752146,(신)_대구_인플방문후기_먹으면서 다이어트(대읽남)_251017,1861261918990418,2604_다이트_전환캠페인,1861277737158945,2604_DB 전환_대구,2026-04-01 14:17:14,2026-04-23 09:42:39,,,SINGLE_VIDEO,다이트한의원,,,,,7624409882120260616,a00d3f86-d1f6-5187-a4b9-c096bec78c8c,BC_AUTH_TT,"[""tos-alisg-p-0051c001-sg/c8ab25146178fe8cc402d71dd0b0d19a""]",v10033g50000d5561vvog65o6n75m8n0,DISABLE,AD_STATUS_CAMPAIGN_DISABLE,False,
1861277705679282,"(재)_일산_인플방문후기_건강한다이어트(일산, 박고경)_260325",1861261918990418,2604_다이트_전환캠페인,1861277353601153,2604_DB 전환_일산,2026-04-01 14:13:14,2026-04-23 09:42:47,,,SINGLE_VIDEO,다이트한의원,,,,,7624409303138552850,a00d3f86-d1f6-5187-a4b9-c096bec78c8c,BC_AUTH_TT,"[""tos-alisg-p-0051c001-sg/o0VhM8O7GQfggjBseFTAXCMHQXbwAKm8eDHpKh""]",v10033g50000d71o5ffog65prooajb7g,DISABLE,AD_STATUS_CAMPAIGN_DISABLE,False,
1861277619225650,(재)_일산_진료셀프캠_비만주사 10년은 늙어보인대요_260326,1861261918990418,2604_다이트_전환캠페인,1861277353601153,2604_DB 전환_일산,2026-04-01 14:12:04,2026-04-23 09:42:46,,,SINGLE_VIDEO,다이트한의원,,,,,7624409472919718920,a00d3f86-d1f6-5187-a4b9-c096bec78c8c,BC_AUTH_TT,"[""tos-alisg-p-0051c001-sg/4991dd6cd012a4a4605482974e23e58e""]",v10033g50000d72f1vfog65oj9epfum0,DISABLE,AD_STATUS_CAMPAIGN_DISABLE,False,
1861277533224961,(재)_일산_진료셀프캠_주사형비만치료제 고민끝에 40대부부 -32kg_260225,1861261918990418,2604_다이트_전환캠페인,1861277353601153,2604_DB 전환_일산,2026-04-01 14:10:54,2026-04-23 09:42:46,,,SINGLE_VIDEO,다이트한의원,,,,,7624409621628750855,a00d3f86-d1f6-5187-a4b9-c096bec78c8c,BC_AUTH_TT,"[""tos-alisg-p-0051c001-sg/22d31760e423363b966dcffa671f1f2b""]",v10033g50000d6fakdnog65r5nal9blg,DISABLE,AD_STATUS_CAMPAIGN_DISABLE,False,
1861277479159890,(재)_일산_인플방문후기_맘껏먹는 다이어트 한달후기_260306,1861261918990418,2604_다이트_전환캠페인,1861277353601153,2604_DB 전환_일산,2026-04-01 14:09:36,2026-04-23 09:42:46,,,SINGLE_VIDEO,다이트한의원,,,,,7624409458214456338,a00d3f86-d1f6-5187-a4b9-c096bec78c8c,BC_AUTH_TT,"[""tos-alisg-p-0051c001-sg/o0EVQQtfZFxIdNDNRlqp0CFRcFWDwegBASurpB""]",v10033g50000d6kp8kfog65nd61qion0,ENABLE,AD_STATUS_CAMPAIGN_DISABLE,False,
1861277272418370,(재)_수원_진료셀프캠_비만주사끊고15kg_260326,1861261918990418,2604_다이트_전환캠페인,1861276991491153,2604_DB 전환_수원,2026-04-01 14:06:44,2026-04-23 09:37:18,,,SINGLE_VIDEO,다이트한의원,,,,,7624408557533809671,a00d3f86-d1f6-5187-a4b9-c096bec78c8c,BC_AUTH_TT,"[""tos-alisg-p-0051c001-sg/deaf97674c96e2aef2b8794eb5b969bb""]",v10033g50000d72f1bvog65j4e562pig,DISABLE,AD_STATUS_CAMPAIGN_DISABLE,False,
1861277190081841,"(재)_수원_인플방문후기_건강한다이어트(수원,박고경)_260325",1861261918990418,2604_다이트_전환캠페인,1861276991491153,2604_DB 전환_수원,2026-04-01 14:05:37,2026-04-23 09:37:18,,,SINGLE_VIDEO,다이트한의원,,,,,7624408364075764744,a00d3f86-d1f6-5187-a4b9-c096bec78c8c,BC_AUTH_TT,"[""tos-alisg-p-0051c001-sg/owvmBiwwEv0BbKBlIADSAoiat4mRgAfczEAnER""]",v10033g50000d71o48vog65jnre1m0j0,DISABLE,AD_STATUS_CAMPAIGN_DISABLE,False,
1861277107797025,(재)_수원_진료셀프캠_비만주사없이 체질_260320,1861261918990418,2604_다이트_전환캠페인,1861276991491153,2604_DB 전환_수원,2026-04-01 14:04:14,2026-04-23 09:37:18,,,SINGLE_VIDEO,다이트한의원,,,,,7624408575317724178,a00d3f86-d1f6-5187-a4b9-c096bec78c8c,BC_AUTH_TT,"[""tos-alisg-p-0051c001-sg/f67805842eb501c1ec61d05c68ef3a18""]",v10033g50000d6uggvfog65gn80gh630,DISABLE,AD_STATUS_CAMPAIGN_DISABLE,False,
1861276943007794,(재)_부평_진료셀프캠_비만주사끊고15kg_260326,1861261918990418,2604_다이트_전환캠페인,1861276582666338,2604_DB 전환_부평,2026-04-01 14:01:23,2026-04-23 09:33:15,,,SINGLE_VIDEO,다이트한의원,,,,,7624407539949554706,a00d3f86-d1f6-5187-a4b9-c096bec78c8c,BC_AUTH_TT,"[""tos-alisg-p-0051c001-sg/okgmCEPTpBfN8zvmADBxL5NxFBCIQQfNLDxREK""]",v10033g50000d72f1bvog65j4e562pig,DISABLE,AD_STATUS_CAMPAIGN_DISABLE,False,
1861276881397074,(신)_부평_인플방문후기_건강한다이어트(박고경)_260324,1861261918990418,2604_다이트_전환캠페인,1861276582666338,2604_DB 전환_부평,2026-04-01 14:00:19,2026-04-23 09:33:16,,,SINGLE_VIDEO,다이트한의원,,,,,7624407612590689298,a00d3f86-d1f6-5187-a4b9-c096bec78c8c,BC_AUTH_TT,"[""tos-alisg-p-0051c001-sg/o4DvCUfIHTfOTFnGb52CAeg5EhIDcIIAbJjrFC""]",v10033g50000d71727nog65rbp169vsg,DISABLE,AD_STATUS_CAMPAIGN_DISABLE,False,
1861276817166401,(신)_부평_의료진정보_주사형비만치료제 10년은_260116,1861261918990418,2604_다이트_전환캠페인,1861276582666338,2604_DB 전환_부평,2026-04-01 13:59:17,2026-04-23 09:33:15,,,SINGLE_VIDEO,다이트한의원,,,,,7624407690449669128,a00d3f86-d1f6-5187-a4b9-c096bec78c8c,BC_AUTH_TT,"[""tos-alisg-p-0051c001-sg/oEJpB9KAOADeBNzvgEFWosQDMfRAMrrEBDBWiI""]",v10033g50000d6hb537og65u4k80o0b0,DISABLE,AD_STATUS_CAMPAIGN_DISABLE,False,
1861276697497633,(재)_부평_진료셀프캠_주사형비만치료제 고민끝에 50대부부 -32kg_260225,1861261918990418,2604_다이트_전환캠페인,1861276582666338,2604_DB 전환_부평,2026-04-01 13:57:46,2026-04-23 09:33:15,,,SINGLE_VIDEO,다이트한의원,,,,,7624407552293440530,a00d3f86-d1f6-5187-a4b9-c096bec78c8c,BC_AUTH_TT,"[""tos-alisg-p-0051c001-sg/c67058f2d87a62c2fd6934d8a49b058d""]",v10033g50000d6fa337og65qk4q7p8h0,DISABLE,AD_STATUS_CAMPAIGN_DISABLE,False,
1861276425984065,(재)_서울_진료셀프캠_비만주사 10년은 늙어보인대요_260326,1861261918990418,2604_다이트_전환캠페인,1861275779965169,2604_DB 전환_서울,2026-04-01 13:53:41,2026-04-23 09:18:14,,,SINGLE_VIDEO,다이트한의원,,,,,7624407072074976274,a00d3f86-d1f6-5187-a4b9-c096bec78c8c,BC_AUTH_TT,"[""tos-alisg-p-0051c001-sg/2e4c9adc80463819dd536ba5f2bcb0e1""]",v10033g50000d72f1vfog65oj9epfum0,DISABLE,AD_STATUS_CAMPAIGN_DISABLE,False,
1861276375567409,(재)_서울_진료셀프캠_비만주사끊고15kg_260326,1861261918990418,2604_다이트_전환캠페인,1861275779965169,2604_DB 전환_서울,2026-04-01 13:52:19,2026-04-23 09:18:14,,,SINGLE_VIDEO,다이트한의원,,,,,7624407117776112647,a00d3f86-d1f6-5187-a4b9-c096bec78c8c,BC_AUTH_TT,"[""tos-alisg-p-0051c001-sg/603b3a3b64a6dd2eecc842d68d4d49de""]",v10033g50000d72f1bvog65j4e562pig,DISABLE,AD_STATUS_CAMPAIGN_DISABLE,False,
1861276306937889,(재)_서울_인플방문후기_맘껏먹는 다이어트 한달후기_260306,1861261918990418,2604_다이트_전환캠페인,1861275779965169,2604_DB 전환_서울,2026-04-01 13:51:02,2026-04-23 09:18:14,,,SINGLE_VIDEO,다이트한의원,,,,,7624407418520325138,a00d3f86-d1f6-5187-a4b9-c096bec78c8c,BC_AUTH_TT,"[""tos-alisg-p-0051c001-sg/o0EVQQtfZFxIdNDNRlqp0CFRcFWDwegBASurpB""]",v10033g50000d6kp8kfog65nd61qion0,DISABLE,AD_STATUS_CAMPAIGN_DISABLE,False,
1861276155386962,(재)_서울_진료셀프캠_주사형비만치료제 고민끝에 50대부부 -32kg_260225,1861261918990418,2604_다이트_전환캠페인,1861275779965169,2604_DB 전환_서울,2026-04-01 13:49:46,2026-04-23 09:18:14,,,SINGLE_VIDEO,다이트한의원,,,,,7624407257974836231,a00d3f86-d1f6-5187-a4b9-c096bec78c8c,BC_AUTH_TT,"[""tos-alisg-p-0051c001-sg/c67058f2d87a62c2fd6934d8a49b058d""]",v10033g50000d6fa337og65qk4q7p8h0,ENABLE,AD_STATUS_CAMPAIGN_DISABLE,False,
1861074964856914,(신)_창원_의료진정보_주사형비만치료제 10년은_260116,1858358875899090,2603_다이트_전환캠페인,1858358875899106,2603_DB 전환_창원,2026-03-30 08:30:59,2026-04-15 19:13:55,,,SINGLE_VIDEO,다이트한의원,,,,,7622963186265754632,a00d3f86-d1f6-5187-a4b9-c096bec78c8c,BC_AUTH_TT,"[""tos-alisg-p-0051c001-sg/oEJpB9KAOADeBNzvgEFWosQDMfRAMrrEBDBWiI""]",v10033g50000d6hb537og65u4k80o0b0,DISABLE,AD_STATUS_CAMPAIGN_DISABLE,False,
1861074750911650,(신)_대구_의료진정보_주사형비만치료제 10년은_260116,1858358875899090,2603_다이트_전환캠페인,1858358889560225,2603_DB 전환_대구,2026-03-30 08:27:43,2026-04-15 19:13:51,,,SINGLE_VIDEO,다이트한의원,,,,,7622962402211925000,a00d3f86-d1f6-5187-a4b9-c096bec78c8c,BC_AUTH_TT,"[""tos-alisg-p-0051c001-sg/oEJpB9KAOADeBNzvgEFWosQDMfRAMrrEBDBWiI""]",v10033g50000d6hb537og65u4k80o0b0,DISABLE,AD_STATUS_CAMPAIGN_DISABLE,False,
1861074704982066,(신)_천안_의료진정보_주사형비만치료제 10년은_260116,1858358875899090,2603_다이트_전환캠페인,1858358889563569,2603_DB 전환_천안,2026-03-30 08:26:40,2026-04-15 19:13:52,,,SINGLE_VIDEO,다이트한의원,,,,,7622962122934340616,a00d3f86-d1f6-5187-a4b9-c096bec78c8c,BC_AUTH_TT,"[""tos-alisg-p-0051c001-sg/oEJpB9KAOADeBNzvgEFWosQDMfRAMrrEBDBWiI""]",v10033g50000d6hb537og65u4k80o0b0,DISABLE,AD_STATUS_CAMPAIGN_DISABLE,False,
1861074626769138,(신)_수원_의료진정보_주사형비만치료제 10년은_260116,1858358875899090,2603_다이트_전환캠페인,1858358889554001,2603_DB 전환_수원,2026-03-30 08:25:32,2026-04-15 19:13:54,,,SINGLE_VIDEO,다이트한의원,,,,,7622961794792934418,a00d3f86-d1f6-5187-a4b9-c096bec78c8c,BC_AUTH_TT,"[""tos-alisg-p-0051c001-sg/oEJpB9KAOADeBNzvgEFWosQDMfRAMrrEBDBWiI""]",v10033g50000d6hb537og65u4k80o0b0,DISABLE,AD_STATUS_CAMPAIGN_DISABLE,False,
1861074540154882,(신)_일산_의료진정보_주사형비만치료제 10년은_260116,1858358875899090,2603_다이트_전환캠페인,1858358889558465,2603_DB 전환_일산,2026-03-30 08:24:17,2026-04-15 19:13:51,,,SINGLE_VIDEO,다이트한의원,,,,,7622961489216932871,a00d3f86-d1f6-5187-a4b9-c096bec78c8c,BC_AUTH_TT,"[""tos-alisg-p-0051c001-sg/oEJpB9KAOADeBNzvgEFWosQDMfRAMrrEBDBWiI""]",v10033g50000d6hb537og65u4k80o0b0,DISABLE,AD_STATUS_CAMPAIGN_DISABLE,False,
1861074376185921,(신)_서울_의료진정보_주사형비만치료제 10년은_260116,1858358875899090,2603_다이트_전환캠페인,1858358875902162,2603_DB 전환_서울,2026-03-30 08:23:07,2026-04-15 19:13:51,,,SINGLE_VIDEO,다이트한의원,,,,,7622961171670240263,a00d3f86-d1f6-5187-a4b9-c096bec78c8c,BC_AUTH_TT,"[""tos-alisg-p-0051c001-sg/oEJpB9KAOADeBNzvgEFWosQDMfRAMrrEBDBWiI""]",v10033g50000d6hb537og65u4k80o0b0,DISABLE,AD_STATUS_CAMPAIGN_DISABLE,False,
1860716092390562,(신)_부평_의료진정보_주사형비만치료제 10년은_260116,1858358875899090,2603_다이트_전환캠페인,1858358875905122,2603_DB 전환_부평,2026-03-26 09:28:03,2026-04-15 19:13:53,,,SINGLE_VIDEO,다이트한의원,,,,,7621493679106116616,a00d3f86-d1f6-5187-a4b9-c096bec78c8c,BC_AUTH_TT,"[""tos-alisg-p-0051c001-sg/oEJpB9KAOADeBNzvgEFWosQDMfRAMrrEBDBWiI""]",v10033g50000d6hb537og65u4k80o0b0,DISABLE,AD_STATUS_CAMPAIGN_DISABLE,False,
1860714824387681,(재)_천안_진료셀프캠_비만주사 10년은 늙어보인대요_260326,1858358875899090,2603_다이트_전환캠페인,1858358889563569,2603_DB 전환_천안,2026-03-26 09:07:03,2026-04-15 19:13:52,,,SINGLE_VIDEO,다이트한의원,,,,,7621488235390307336,a00d3f86-d1f6-5187-a4b9-c096bec78c8c,BC_AUTH_TT,"[""tos-alisg-p-0051c001-sg/okDsM9IgQgAFYEP8zLN9xxfLeDDQBB6QvCQpNE""]",v10033g50000d72f1vfog65oj9epfum0,DISABLE,AD_STATUS_CAMPAIGN_DISABLE,False,
1860714711311361,(재)_천안_진료셀프캠_비만주사끊고15kg_260326,1858358875899090,2603_다이트_전환캠페인,1858358889563569,2603_DB 전환_천안,2026-03-26 09:07:03,2026-04-15 19:13:51,,,SINGLE_VIDEO,다이트한의원,,,,,7621488235390323720,a00d3f86-d1f6-5187-a4b9-c096bec78c8c,BC_AUTH_TT,"[""tos-alisg-p-0051c001-sg/okgmCEPTpBfN8zvmADBxL5NxFBCIQQfNLDxREK""]",v10033g50000d72f1bvog65j4e562pig,DISABLE,AD_STATUS_CAMPAIGN_DISABLE,False,
1860714411785234,(재)_창원_진료셀프캠_비만주사끊고15kg_260326,1858358875899090,2603_다이트_전환캠페인,1858358875899106,2603_DB 전환_창원,2026-03-26 09:02:43,2026-04-15 19:13:55,,,SINGLE_VIDEO,다이트한의원,,,,,7621487114483534866,a00d3f86-d1f6-5187-a4b9-c096bec78c8c,BC_AUTH_TT,"[""tos-alisg-p-0051c001-sg/okgmCEPTpBfN8zvmADBxL5NxFBCIQQfNLDxREK""]",v10033g50000d72f1bvog65j4e562pig,DISABLE,AD_STATUS_CAMPAIGN_DISABLE,False,
1860714411785218,"(재)_창원_인플방문후기_건강한다이어트(창원,박고경)_260325의 2 복사",1858358875899090,2603_다이트_전환캠페인,1858358875899106,2603_DB 전환_창원,2026-03-26 09:02:43,2026-04-15 19:13:55,,,SINGLE_VIDEO,다이트한의원,,,,,7621487114483502098,a00d3f86-d1f6-5187-a4b9-c096bec78c8c,BC_AUTH_TT,"[""tos-alisg-p-0051c001-sg/okDsM9IgQgAFYEP8zLN9xxfLeDDQBB6QvCQpNE""]",v10033g50000d72f1vfog65oj9epfum0,DISABLE,AD_STATUS_CAMPAIGN_DISABLE,False,
1860714411784370,(신)_창원_진료셀프캠_주사형 비만치료제보다 더중요한이것_260120,1858358875899090,2603_다이트_전환캠페인,1858358875899106,2603_DB 전환_창원,2026-03-26 09:02:43,2026-04-15 18:59:05,,,SINGLE_VIDEO,다이트한의원,,,,,7621487114483518482,a00d3f86-d1f6-5187-a4b9-c096bec78c8c,BC_AUTH_TT,"[""tos-alisg-p-0051c001-sg/o4pFQlAoOBNIHAFNpBMQb12B1gDLg8fcw9fDEE""]",v10033g50000d607ujnog65kq3cmc6h0,DISABLE,AD_STATUS_CAMPAIGN_DISABLE,False,
1860714231170337,(재)_대구_진료셀프캠_비만주사끊고15kg_260326,1858358875899090,2603_다이트_전환캠페인,1858358889560225,2603_DB 전환_대구,2026-03-26 08:58:10,2026-04-15 19:13:51,,,SINGLE_VIDEO,다이트한의원,,,,,7621485899813030919,a00d3f86-d1f6-5187-a4b9-c096bec78c8c,BC_AUTH_TT,"[""tos-alisg-p-0051c001-sg/okgmCEPTpBfN8zvmADBxL5NxFBCIQQfNLDxREK""]",v10033g50000d72f1bvog65j4e562pig,DISABLE,AD_STATUS_CAMPAIGN_DISABLE,False,
1860714231170321,(재)_대구_진료셀프캠_비만주사 10년은 늙어보인대요_260326,1858358875899090,2603_다이트_전환캠페인,1858358889560225,2603_DB 전환_대구,2026-03-26 08:58:10,2026-04-15 19:13:51,,,SINGLE_VIDEO,다이트한의원,,,,,7621485899813047303,a00d3f86-d1f6-5187-a4b9-c096bec78c8c,BC_AUTH_TT,"[""tos-alisg-p-0051c001-sg/okDsM9IgQgAFYEP8zLN9xxfLeDDQBB6QvCQpNE""]",v10033g50000d72f1vfog65oj9epfum0,DISABLE,AD_STATUS_CAMPAIGN_DISABLE,False,
1860714059403745,(재)_일산_진료셀프캠_비만주사끊고15kg_260326,1858358875899090,2603_다이트_전환캠페인,1858358889558465,2603_DB 전환_일산,2026-03-26 08:55:40,2026-04-15 19:13:51,,,SINGLE_VIDEO,다이트한의원,,,,,7621485307757661191,a00d3f86-d1f6-5187-a4b9-c096bec78c8c,BC_AUTH_TT,"[""tos-alisg-p-0051c001-sg/803763a98fdeb3f0327dd60a5d866bcc""]",v10033g50000d72f1bvog65j4e562pig,DISABLE,AD_STATUS_CAMPAIGN_DISABLE,False,
1860714059403729,(재)_일산_진료셀프캠_비만주사 10년은 늙어보인대요_260326,1858358875899090,2603_다이트_전환캠페인,1858358889558465,2603_DB 전환_일산,2026-03-26 08:55:40,2026-04-15 19:13:51,,,SINGLE_VIDEO,다이트한의원,,,,,7621485307757677575,a00d3f86-d1f6-5187-a4b9-c096bec78c8c,BC_AUTH_TT,"[""tos-alisg-p-0051c001-sg/okDsM9IgQgAFYEP8zLN9xxfLeDDQBB6QvCQpNE""]",v10033g50000d72f1vfog65oj9epfum0,DISABLE,AD_STATUS_CAMPAIGN_DISABLE,False,
1860713934308738,(재)_부평_의료진정보_비만주사 실패할수밖에_260326,1858358875899090,2603_다이트_전환캠페인,1858358875905122,2603_DB 전환_부평,2026-03-26 08:53:16,2026-04-15 18:58:59,,,SINGLE_VIDEO,다이트한의원,,,,,7621484691664669714,a00d3f86-d1f6-5187-a4b9-c096bec78c8c,BC_AUTH_TT,"[""tos-alisg-p-0051c001-sg/73f9fdeb6eb11c0b2155e7ccd0d6b67e""]",v10033g50000d72f7kfog65vsec02b00,DISABLE,AD_STATUS_CAMPAIGN_DISABLE,False,
1860713698941138,(재)_수원_진료셀프캠_비만주사끊고15kg_260326,1858358875899090,2603_다이트_전환캠페인,1858358889554001,2603_DB 전환_수원,2026-03-26 08:50:49,2026-04-15 19:13:54,,,SINGLE_VIDEO,다이트한의원,,,,,7621484010488744978,a00d3f86-d1f6-5187-a4b9-c096bec78c8c,BC_AUTH_TT,"[""tos-alisg-p-0051c001-sg/03895ab54e87737bafa25f441bfd6091""]",v10033g50000d72f1bvog65j4e562pig,DISABLE,AD_STATUS_CAMPAIGN_DISABLE,False,
1860713698941122,(재)_수원_진료셀프캠_비만주사 10년은 늙어보인대요_260326,1858358875899090,2603_다이트_전환캠페인,1858358889554001,2603_DB 전환_수원,2026-03-26 08:50:49,2026-04-15 19:13:54,,,SINGLE_VIDEO,다이트한의원,,,,,7621484010488761362,a00d3f86-d1f6-5187-a4b9-c096bec78c8c,BC_AUTH_TT,"[""tos-alisg-p-0051c001-sg/okDsM9IgQgAFYEP8zLN9xxfLeDDQBB6QvCQpNE""]",v10033g50000d72f1vfog65oj9epfum0,DISABLE,AD_STATUS_CAMPAIGN_DISABLE,False,
1860713698940082,(신)_수원_진료셀프캠_주사형 비만치료제보다 더중요한이것_260120,1858358875899090,2603_다이트_전환캠페인,1858358889554001,2603_DB 전환_수원,2026-03-26 08:50:49,2026-04-15 18:59:38,,,SINGLE_VIDEO,다이트한의원,,,,,7621484010488728594,a00d3f86-d1f6-5187-a4b9-c096bec78c8c,BC_AUTH_TT,"[""tos-alisg-p-0051c001-sg/o4pFQlAoOBNIHAFNpBMQb12B1gDLg8fcw9fDEE""]",v10033g50000d607ujnog65kq3cmc6h0,DISABLE,AD_STATUS_CAMPAIGN_DISABLE,False,
1860713378682322,(재)_부평_진료셀프캠_비만주사끊고15kg_260326,1858358875899090,2603_다이트_전환캠페인,1858358875905122,2603_DB 전환_부평,2026-03-26 08:46:36,2026-04-15 19:13:53,,,SINGLE_VIDEO,다이트한의원,,,,,7621482885341662215,a00d3f86-d1f6-5187-a4b9-c096bec78c8c,BC_AUTH_TT,"[""tos-alisg-p-0051c001-sg/03895ab54e87737bafa25f441bfd6091""]",v10033g50000d72f1bvog65j4e562pig,DISABLE,AD_STATUS_CAMPAIGN_DISABLE,False,
1860713378682306,(재)_부평_진료셀프캠_비만주사 10년은 늙어보인대요_260326,1858358875899090,2603_다이트_전환캠페인,1858358875905122,2603_DB 전환_부평,2026-03-26 08:46:36,2026-04-15 19:13:54,,,SINGLE_VIDEO,다이트한의원,,,,,7621482890005580808,a00d3f86-d1f6-5187-a4b9-c096bec78c8c,BC_AUTH_TT,"[""tos-alisg-p-0051c001-sg/b4a75a8e971f58e33fc0c632990e8d83""]",v10033g50000d72f1vfog65oj9epfum0,DISABLE,AD_STATUS_CAMPAIGN_DISABLE,False,
1860713002800561,(재)_서울_진료셀프캠_비만주사끊고15kg_260326,1858358875899090,2603_다이트_전환캠페인,1858358875902162,2603_DB 전환_서울,2026-03-26 08:42:02,2026-04-15 19:13:51,,,SINGLE_VIDEO,다이트한의원,,,,,7621481742188170248,a00d3f86-d1f6-5187-a4b9-c096bec78c8c,BC_AUTH_TT,"[""tos-alisg-p-0051c001-sg/03895ab54e87737bafa25f441bfd6091""]",v10033g50000d72f1bvog65j4e562pig,DISABLE,AD_STATUS_CAMPAIGN_DISABLE,False,
1860713002800545,(재)_서울_진료셀프캠_비만주사 10년은 늙어보인대요_260326,1858358875899090,2603_다이트_전환캠페인,1858358875902162,2603_DB 전환_서울,2026-03-26 08:42:02,2026-04-15 19:13:51,,,SINGLE_VIDEO,다이트한의원,,,,,7621481742188186632,a00d3f86-d1f6-5187-a4b9-c096bec78c8c,BC_AUTH_TT,"[""tos-alisg-p-0051c001-sg/b4a75a8e971f58e33fc0c632990e8d83""]",v10033g50000d72f1vfog65oj9epfum0,DISABLE,AD_STATUS_CAMPAIGN_DISABLE,False,
1860615296579873,(재)_부평_인플방문후기_먹으면서 다이어트(천안맛집플러스)_260325,1858358875899090,2603_다이트_전환캠페인,1858358875905122,2603_DB 전환_부평,2026-03-25 06:53:36,2026-04-15 18:58:59,,,SINGLE_VIDEO,다이트한의원,,,,,7621082217560706069,a00d3f86-d1f6-5187-a4b9-c096bec78c8c,BC_AUTH_TT,"[""tos-alisg-p-0051c001-sg/2c5b75f2088be423b2e44ba6ec34478a""]",v10033g50000d71ob0fog65ktg50h50g,DISABLE,AD_STATUS_CAMPAIGN_DISABLE,False,
1860615057904689,"(재)_천안_인플방문후기_건강한다이어트(천안, 박고경)_260325",1858358875899090,2603_다이트_전환캠페인,1858358889563569,2603_DB 전환_천안,2026-03-25 06:53:26,2026-04-15 19:13:52,,,SINGLE_VIDEO,다이트한의원,,,,,7621082041131600916,a00d3f86-d1f6-5187-a4b9-c096bec78c8c,BC_AUTH_TT,"[""tos-alisg-p-0051c001-sg/oQO4VDwVIAQseZBDoBhEJ8Ra7EvNgSFapDBLQf""]",v10033g50000d71o8r7og65kf2rbop80,DISABLE,AD_STATUS_CAMPAIGN_DISABLE,False,
1860614832883714,"(재)_창원_인플방문후기_건강한다이어트(창원,박고경)_260325",1858358875899090,2603_다이트_전환캠페인,1858358875899106,2603_DB 전환_창원,2026-03-25 06:53:40,2026-04-15 19:13:55,,,SINGLE_VIDEO,다이트한의원,,,,,7621082217560738837,a00d3f86-d1f6-5187-a4b9-c096bec78c8c,BC_AUTH_TT,"[""tos-alisg-p-0051c001-sg/og5Mk4gHCAs2YLpgFs0gAXFABGDtQfxfnS2fKe""]",v10033g50000d71o6pfog65n9vvc14kg,DISABLE,AD_STATUS_CAMPAIGN_DISABLE,False,
1860614623440978,"(재)_일산_인플방문후기_건강한다이어트(일산, 박고경)_260325",1858358875899090,2603_다이트_전환캠페인,1858358889558465,2603_DB 전환_일산,2026-03-25 06:53:33,2026-04-15 19:13:51,,,SINGLE_VIDEO,다이트한의원,,,,,7621082217560689685,a00d3f86-d1f6-5187-a4b9-c096bec78c8c,BC_AUTH_TT,"[""tos-alisg-p-0051c001-sg/o0VhM8O7GQfggjBseFTAXCMHQXbwAKm8eDHpKh""]",v10033g50000d71o5ffog65prooajb7g,DISABLE,AD_STATUS_CAMPAIGN_DISABLE,False,
1860614554255474,"(재)_수원_인플방문후기_건강한다이어트(수원,박고경)_260325",1858358875899090,2603_다이트_전환캠페인,1858358889554001,2603_DB 전환_수원,2026-03-25 06:53:28,2026-04-15 19:13:54,,,SINGLE_VIDEO,다이트한의원,,,,,7621082041131617300,a00d3f86-d1f6-5187-a4b9-c096bec78c8c,BC_AUTH_TT,"[""tos-alisg-p-0051c001-sg/owvmBiwwEv0BbKBlIADSAoiat4mRgAfczEAnER""]",v10033g50000d71o48vog65jnre1m0j0,DISABLE,AD_STATUS_CAMPAIGN_DISABLE,False,
1860614178390386,"(재)_서울_인플방문후기_건강한다이어트(서울,박고경)_260325",1858358875899090,2603_다이트_전환캠페인,1858358875902162,2603_DB 전환_서울,2026-03-25 06:53:38,2026-04-15 19:13:51,,,SINGLE_VIDEO,다이트한의원,,,,,7621082217560722453,a00d3f86-d1f6-5187-a4b9-c096bec78c8c,BC_AUTH_TT,"[""tos-alisg-p-0051c001-sg/ogQ7VNBp6wDgEFsG4AfDcgGDQYBfA6YtDQ96E4""]",v10033g50000d71o2enog65s6787cc00,DISABLE,AD_STATUS_CAMPAIGN_DISABLE,False,
1860614125298753,"(재)_대구_인플방문후기_건강한다이어트(대구,박고경)_260325",1858358875899090,2603_다이트_전환캠페인,1858358889560225,2603_DB 전환_대구,2026-03-25 06:53:31,2026-04-15 19:13:51,,,SINGLE_VIDEO,다이트한의원,,,,,7621082217560673301,a00d3f86-d1f6-5187-a4b9-c096bec78c8c,BC_AUTH_TT,"[""tos-alisg-p-0051c001-sg/oECTbSDghvwfCa7NDeIWgVfEBLoFEGTkDIAAL1""]",v10033g50000d71o0nvog65kf5hm9l5g,DISABLE,AD_STATUS_CAMPAIGN_DISABLE,False,
1860546289895601,(신)_일산_인플방문후기_건강한다이어트(박고경)_260324,1858358875899090,2603_다이트_전환캠페인,1858358889558465,2603_DB 전환_일산,2026-03-24 12:27:48,2026-04-15 19:13:51,,,SINGLE_VIDEO,다이트한의원,,,,,7620797772438064136,a00d3f86-d1f6-5187-a4b9-c096bec78c8c,BC_AUTH_TT,"[""tos-alisg-p-0051c001-sg/o4DvCUfIHTfOTFnGb52CAeg5EhIDcIIAbJjrFC""]",v10033g50000d71727nog65rbp169vsg,DISABLE,AD_STATUS_CAMPAIGN_DISABLE,False,
1860546141013361,(재)_창원_진료셀프캠_주사형비만치료제 고민끝에 50대부부 -32kg_260225,1858358875899090,2603_다이트_전환캠페인,1858358875899106,2603_DB 전환_창원,2026-03-24 12:27:57,2026-04-15 19:13:55,,,SINGLE_VIDEO,다이트한의원,,,,,7620797772438014984,a00d3f86-d1f6-5187-a4b9-c096bec78c8c,BC_AUTH_TT,"[""tos-alisg-p-0051c001-sg/c67058f2d87a62c2fd6934d8a49b058d""]",v10033g50000d6fa337og65qk4q7p8h0,DISABLE,AD_STATUS_CAMPAIGN_DISABLE,False,
1860546064810113,(신)_대구_인플방문후기_건강한다이어트(박고경)_260324,1858358875899090,2603_다이트_전환캠페인,1858358889560225,2603_DB 전환_대구,2026-03-24 12:27:46,2026-04-15 19:13:51,,,SINGLE_VIDEO,다이트한의원,,,,,7620797772438031368,a00d3f86-d1f6-5187-a4b9-c096bec78c8c,BC_AUTH_TT,"[""tos-alisg-p-0051c001-sg/o4DvCUfIHTfOTFnGb52CAeg5EhIDcIIAbJjrFC""]",v10033g50000d71727nog65rbp169vsg,DISABLE,AD_STATUS_CAMPAIGN_DISABLE,False,
1860546064808049,(재)_대구_진료셀프캠_주사형비만치료제 고민끝에 50대부부 -32kg_260225,1858358875899090,2603_다이트_전환캠페인,1858358889560225,2603_DB 전환_대구,2026-03-24 12:27:46,2026-04-15 19:13:51,,,SINGLE_VIDEO,다이트한의원,,,,,7620797772438047752,a00d3f86-d1f6-5187-a4b9-c096bec78c8c,BC_AUTH_TT,"[""tos-alisg-p-0051c001-sg/c67058f2d87a62c2fd6934d8a49b058d""]",v10033g50000d6fa337og65qk4q7p8h0,DISABLE,AD_STATUS_CAMPAIGN_DISABLE,False,
1860546037039394,(신)_부평_인플방문후기_건강한다이어트(박고경)_260324,1858358875899090,2603_다이트_전환캠페인,1858358875905122,2603_DB 전환_부평,2026-03-24 12:27:51,2026-04-15 19:13:54,,,SINGLE_VIDEO,다이트한의원,,,,,7620797772496636946,a00d3f86-d1f6-5187-a4b9-c096bec78c8c,BC_AUTH_TT,"[""tos-alisg-p-0051c001-sg/o4DvCUfIHTfOTFnGb52CAeg5EhIDcIIAbJjrFC""]",v10033g50000d71727nog65rbp169vsg,DISABLE,AD_STATUS_CAMPAIGN_DISABLE,False,
1860545998449873,(신)_서울_인플방문후기_건강한다이어트(박고경)_260324,1858358875899090,2603_다이트_전환캠페인,1858358875902162,2603_DB 전환_서울,2026-03-24 12:27:54,2026-04-15 19:13:51,,,SINGLE_VIDEO,다이트한의원,,,,,7620797772496653330,a00d3f86-d1f6-5187-a4b9-c096bec78c8c,BC_AUTH_TT,"[""tos-alisg-p-0051c001-sg/o4DvCUfIHTfOTFnGb52CAeg5EhIDcIIAbJjrFC""]",v10033g50000d71727nog65rbp169vsg,DISABLE,AD_STATUS_CAMPAIGN_DISABLE,False,
1860542345890177,(신)_천안_인플방문후기_건강한다이어트(박고경)_260324,1858358875899090,2603_다이트_전환캠페인,1858358889563569,2603_DB 전환_천안,2026-03-24 11:25:11,2026-04-15 19:13:52,,,SINGLE_VIDEO,다이트한의원,,,,,7620781524216073224,a00d3f86-d1f6-5187-a4b9-c096bec78c8c,BC_AUTH_TT,"[""tos-alisg-p-0051c001-sg/o4DvCUfIHTfOTFnGb52CAeg5EhIDcIIAbJjrFC""]",v10033g50000d71727nog65rbp169vsg,DISABLE,AD_STATUS_CAMPAIGN_DISABLE,False,
1860542105384290,(재)_창원_진료셀프캠_창원 다이어트 성지_260309,1858358875899090,2603_다이트_전환캠페인,1858358875899106,2603_DB 전환_창원,2026-03-24 11:23:48,2026-04-15 19:13:55,,,SINGLE_VIDEO,다이트한의원,,,,,7620781276513061896,a00d3f86-d1f6-5187-a4b9-c096bec78c8c,BC_AUTH_TT,"[""tos-alisg-p-0051c001-sg/0f40ede40029cbd282dd5c85250d9ab4""]",v10033g50000d6n4asnog65q1d2beka0,DISABLE,AD_STATUS_CAMPAIGN_DISABLE,False,
1860542105384274,(신)_창원_인플방문후기_건강한다이어트(박고경)_260324,1858358875899090,2603_다이트_전환캠페인,1858358875899106,2603_DB 전환_창원,2026-03-24 11:23:48,2026-04-15 19:13:55,,,SINGLE_VIDEO,다이트한의원,,,,,7620781276513045512,a00d3f86-d1f6-5187-a4b9-c096bec78c8c,BC_AUTH_TT,"[""tos-alisg-p-0051c001-sg/o4DvCUfIHTfOTFnGb52CAeg5EhIDcIIAbJjrFC""]",v10033g50000d71727nog65rbp169vsg,DISABLE,AD_STATUS_CAMPAIGN_DISABLE,False,
1860541959957745,(재)_대구_인플방문후기_요요없는_260220,1858358875899090,2603_다이트_전환캠페인,1858358889560225,2603_DB 전환_대구,2026-03-24 11:19:31,2026-04-15 19:13:52,,,SINGLE_VIDEO,다이트한의원,,,,,7620780083602607111,a00d3f86-d1f6-5187-a4b9-c096bec78c8c,BC_AUTH_TT,"[""tos-alisg-p-0051c001-sg/61109cf3932ddeb923031a47a4c7c373""]",v10033g50000d6j3dgvog65k171dlu3g,DISABLE,AD_STATUS_CAMPAIGN_DISABLE,False,
1860541618998401,(재)_수원_리얼모델후기_16kg 충격적인 아이들 반응_260324,1858358875899090,2603_다이트_전환캠페인,1858358889554001,2603_DB 전환_수원,2026-03-24 11:14:37,2026-04-15 19:13:54,,,SINGLE_VIDEO,다이트한의원,,,,,7620778853476142098,a00d3f86-d1f6-5187-a4b9-c096bec78c8c,BC_AUTH_TT,"[""tos-alisg-p-0051c001-sg/c63c64f2a0c29ad64d43a53cbdaa49d1""]",v10033g50000d7173knog65scn22gqs0,DISABLE,AD_STATUS_CAMPAIGN_DISABLE,False,
1860541618997553,(신)_수원_인플방문후기_건강한다이어트(박고경)_260324,1858358875899090,2603_다이트_전환캠페인,1858358889554001,2603_DB 전환_수원,2026-03-24 11:14:37,2026-04-15 19:13:55,,,SINGLE_VIDEO,다이트한의원,,,,,7620778853476125714,a00d3f86-d1f6-5187-a4b9-c096bec78c8c,BC_AUTH_TT,"[""tos-alisg-p-0051c001-sg/o4DvCUfIHTfOTFnGb52CAeg5EhIDcIIAbJjrFC""]",v10033g50000d71727nog65rbp169vsg,DISABLE,AD_STATUS_CAMPAIGN_DISABLE,False,
1860541567658129,(재)_대구_진료셀프캠_다이어트의적 밥빵면_260324,1858358875899090,2603_다이트_전환캠페인,1858358889560225,2603_DB 전환_대구,2026-03-24 11:19:31,2026-04-15 18:58:54,,,SINGLE_VIDEO,다이트한의원,,,,,7620780083602623495,a00d3f86-d1f6-5187-a4b9-c096bec78c8c,BC_AUTH_TT,"[""tos-alisg-p-0051c001-sg/oIQDcvCt4F9WABQJkp0PNjgixEItfB5DQ6GKof""]",v10033g50000d6ugojvog65qe3i9tslg,DISABLE,AD_STATUS_CAMPAIGN_DISABLE,False,
1860541278478481,(재)_부평_인플방문후기_요요없는_260220,1858358875899090,2603_다이트_전환캠페인,1858358875905122,2603_DB 전환_부평,2026-03-24 11:11:49,2026-04-15 19:13:53,,,SINGLE_VIDEO,다이트한의원,,,,,7620778114993409032,a00d3f86-d1f6-5187-a4b9-c096bec78c8c,BC_AUTH_TT,"[""tos-alisg-p-0051c001-sg/a00d6324506312f7ccc63260707ecf4b""]",v10033g50000d717197og65nlc3sm060,DISABLE,AD_STATUS_CAMPAIGN_DISABLE,False,
1860541278478465,(신)_부평_인플방문후기_건강한다이어트(박고경)_260324,1858358875899090,2603_다이트_전환캠페인,1858358875905122,2603_DB 전환_부평,2026-03-24 11:11:49,2026-04-15 19:13:53,,,SINGLE_VIDEO,다이트한의원,,,,,7620778114993425416,a00d3f86-d1f6-5187-a4b9-c096bec78c8c,BC_AUTH_TT,"[""tos-alisg-p-0051c001-sg/f155a5088cb340c93daa11dfe129e669""]",v10033g50000d71727nog65rbp169vsg,DISABLE,AD_STATUS_CAMPAIGN_DISABLE,False,
1860541057046561,(재)_천안_리얼모델후기_체지방만 14kg 먹으면서_260324,1858358875899090,2603_다이트_전환캠페인,1858358889563569,2603_DB 전환_천안,2026-03-24 11:05:11,2026-04-15 19:13:52,,,SINGLE_VIDEO,다이트한의원,,,,,7620776374537587720,a00d3f86-d1f6-5187-a4b9-c096bec78c8c,BC_AUTH_TT,"[""tos-alisg-p-0051c001-sg/81b1c021c71eac564f9bd16f651ba3bc""]",v10033g50000d716os7og65h91v6mrs0,DISABLE,AD_STATUS_CAMPAIGN_DISABLE,False,
1860540958179489,(재)_창원_리얼모델후기_체지방만 14kg 먹으면서_260324,1858358875899090,2603_다이트_전환캠페인,1858358875899106,2603_DB 전환_창원,2026-03-24 11:03:32,2026-04-15 19:13:55,,,SINGLE_VIDEO,다이트한의원,,,,,7620776011021421575,a00d3f86-d1f6-5187-a4b9-c096bec78c8c,BC_AUTH_TT,"[""tos-alisg-p-0051c001-sg/81b1c021c71eac564f9bd16f651ba3bc""]",v10033g50000d716os7og65h91v6mrs0,DISABLE,AD_STATUS_CAMPAIGN_DISABLE,False,
1860540866227313,(재)_대구_리얼모델후기_체지방만 14kg 먹으면서_260324,1858358875899090,2603_다이트_전환캠페인,1858358889560225,2603_DB 전환_대구,2026-03-24 11:01:59,2026-04-15 19:13:51,,,SINGLE_VIDEO,다이트한의원,,,,,7620775530161327112,a00d3f86-d1f6-5187-a4b9-c096bec78c8c,BC_AUTH_TT,"[""tos-alisg-p-0051c001-sg/ospyQoEkwB3ImAFNiBWQPOoCQwDzgefGgx2DEw""]",v10033g50000d716os7og65h91v6mrs0,DISABLE,AD_STATUS_CAMPAIGN_DISABLE,False,
1860540762588193,(재)_일산_리얼모델후기_체지방만 14kg 먹으면서_260324,1858358875899090,2603_다이트_전환캠페인,1858358889558465,2603_DB 전환_일산,2026-03-24 11:00:17,2026-04-15 19:13:51,,,SINGLE_VIDEO,다이트한의원,,,,,7620775129412389906,a00d3f86-d1f6-5187-a4b9-c096bec78c8c,BC_AUTH_TT,"[""tos-alisg-p-0051c001-sg/7dc14080d08797bdfdf21cbfb00e35da""]",v10033g50000d716os7og65h91v6mrs0,DISABLE,AD_STATUS_CAMPAIGN_DISABLE,False,
1860540618316817,(재)_수원_리얼모델후기_체지방만 14kg 먹으면서_260324,1858358875899090,2603_다이트_전환캠페인,1858358889554001,2603_DB 전환_수원,2026-03-24 10:58:31,2026-04-15 19:13:54,,,SINGLE_VIDEO,다이트한의원,,,,,7620774705342974994,a00d3f86-d1f6-5187-a4b9-c096bec78c8c,BC_AUTH_TT,"[""tos-alisg-p-0051c001-sg/81b1c021c71eac564f9bd16f651ba3bc""]",v10033g50000d716os7og65h91v6mrs0,DISABLE,AD_STATUS_CAMPAIGN_DISABLE,False,
1860540316833154,(재)_부평_리얼모델후기_체지방만 14kg 먹으면서_260324,1858358875899090,2603_다이트_전환캠페인,1858358875905122,2603_DB 전환_부평,2026-03-24 10:53:18,2026-04-15 19:13:54,,,SINGLE_VIDEO,다이트한의원,,,,,7620773332270517266,a00d3f86-d1f6-5187-a4b9-c096bec78c8c,BC_AUTH_TT,"[""tos-alisg-p-0051c001-sg/7dc14080d08797bdfdf21cbfb00e35da""]",v10033g50000d716os7og65h91v6mrs0,DISABLE,AD_STATUS_CAMPAIGN_DISABLE,False,
1860540120254785,(재)_서울_리얼모델후기_체지방만 14kg 먹으면서_260324,1858358875899090,2603_다이트_전환캠페인,1858358875902162,2603_DB 전환_서울,2026-03-24 10:51:25,2026-04-15 19:13:51,,,SINGLE_VIDEO,다이트한의원,,,,,7620772858754501639,a00d3f86-d1f6-5187-a4b9-c096bec78c8c,BC_AUTH_TT,"[""tos-alisg-p-0051c001-sg/81b1c021c71eac564f9bd16f651ba3bc""]",v10033g50000d716os7og65h91v6mrs0,DISABLE,AD_STATUS_CAMPAIGN_DISABLE,False,
1860263975141538,(재)_부평_진료셀프캠_비만주사없이 체질_260320,1858358875899090,2603_다이트_전환캠페인,1858358875905122,2603_DB 전환_부평,2026-03-21 09:41:22,2026-04-15 19:13:54,,,SINGLE_VIDEO,다이트한의원,,,7611850321656368146,,7619641494739176455,a00d3f86-d1f6-5187-a4b9-c096bec78c8c,BC_AUTH_TT,"[""tos-alisg-p-0051c001-sg/ogIIEGiSkgQeYmQ9BABAIhvwNupgCBWD1QiEfz""]",v10033g50000d6uggvfog65gn80gh630,DISABLE,AD_STATUS_CAMPAIGN_DISABLE,True,display_card
1860263832597618,(재)_수원_진료셀프캠_비만주사없이 체질_260320,1858358875899090,2603_다이트_전환캠페인,1858358889554001,2603_DB 전환_수원,2026-03-21 09:39:39,2026-04-15 19:13:54,,,SINGLE_VIDEO,다이트한의원,,,7611850321656368146,,7619641084544650247,a00d3f86-d1f6-5187-a4b9-c096bec78c8c,BC_AUTH_TT,"[""tos-alisg-p-0051c001-sg/ogIIEGiSkgQeYmQ9BABAIhvwNupgCBWD1QiEfz""]",v10033g50000d6uggvfog65gn80gh630,DISABLE,AD_STATUS_CAMPAIGN_DISABLE,True,display_card
1860263832597602,(재)_수원_의료진정보_비만주사요요 탄수중독_260320,1858358875899090,2603_다이트_전환캠페인,1858358889554001,2603_DB 전환_수원,2026-03-21 09:39:39,2026-04-15 19:13:54,,,SINGLE_VIDEO,다이트한의원,,,7611850321656368146,,7619641084544666631,a00d3f86-d1f6-5187-a4b9-c096bec78c8c,BC_AUTH_TT,"[""tos-alisg-p-0051c001-sg/o0e2IMUdKeBTtbI6G9F8QfTFACLQGmAhemGADI""]",v10033g50000d6ugl07og65v7917632g,DISABLE,AD_STATUS_CAMPAIGN_DISABLE,True,display_card
1860263658516898,(재)_대구_의료진정보_비만주사 굶는다이어트_260320,1858358875899090,2603_다이트_전환캠페인,1858358889560225,2603_DB 전환_대구,2026-03-21 09:35:54,2026-04-15 19:13:51,,,SINGLE_VIDEO,다이트한의원,,,7611850321656368146,,7619640268727356424,a00d3f86-d1f6-5187-a4b9-c096bec78c8c,BC_AUTH_TT,"[""tos-alisg-p-0051c001-sg/os82FeQbwrcef0ANMzJlJSAQM8AZXGESeFpmhg""]",v10033g50000d6ugicnog65olpjof4ng,DISABLE,AD_STATUS_CAMPAIGN_DISABLE,True,display_card
1860263586161073,(재)_창원_의료진정보_비만주사 굶는다이어트_260320,1858358875899090,2603_다이트_전환캠페인,1858358875899106,2603_DB 전환_창원,2026-03-21 09:34:38,2026-04-15 19:13:55,,,SINGLE_VIDEO,다이트한의원,,,7611850321656368146,,7619639922453941255,a00d3f86-d1f6-5187-a4b9-c096bec78c8c,BC_AUTH_TT,"[""tos-alisg-p-0051c001-sg/os82FeQbwrcef0ANMzJlJSAQM8AZXGESeFpmhg""]",v10033g50000d6ugicnog65olpjof4ng,DISABLE,AD_STATUS_CAMPAIGN_DISABLE,True,display_card
1860263432482913,(재)_천안_의료진정보_비만주사 굶는다이어트_260320,1858358875899090,2603_다이트_전환캠페인,1858358889563569,2603_DB 전환_천안,2026-03-21 09:33:14,2026-04-15 19:13:51,,,SINGLE_VIDEO,다이트한의원,,,7611850321656368146,,7619639453136555026,a00d3f86-d1f6-5187-a4b9-c096bec78c8c,BC_AUTH_TT,"[""tos-alisg-p-0051c001-sg/e3f6f6d1387c2cd7b5c832e91ec5496f""]",v10033g50000d6ugicnog65olpjof4ng,DISABLE,AD_STATUS_CAMPAIGN_DISABLE,True,display_card
1860171393988866,(재)_천안_인플셀프후기_스트레스케어(박고경)_260320,1858358875899090,2603_다이트_전환캠페인,1858358889563569,2603_DB 전환_천안,2026-03-20 09:10:21,2026-04-15 18:58:55,,,SINGLE_VIDEO,다이트한의원,,,7611850321656368146,,7619262612278152200,a00d3f86-d1f6-5187-a4b9-c096bec78c8c,BC_AUTH_TT,"[""tos-alisg-p-0051c001-sg/95db1eaa71ec6d4dab42f08b83ca22cf""]",v10033g50000d6ugkh7og65k6vojqml0,DISABLE,AD_STATUS_CAMPAIGN_DISABLE,True,display_card
1860171393987826,(재)_천안_의료진정보_비만주사요요 탄수중독_260320,1858358875899090,2603_다이트_전환캠페인,1858358889563569,2603_DB 전환_천안,2026-03-20 09:10:21,2026-04-15 19:13:52,,,SINGLE_VIDEO,다이트한의원,,,7611850321656368146,,7619262612278168584,a00d3f86-d1f6-5187-a4b9-c096bec78c8c,BC_AUTH_TT,"[""tos-alisg-p-0051c001-sg/o0e2IMUdKeBTtbI6G9F8QfTFACLQGmAhemGADI""]",v10033g50000d6ugl07og65v7917632g,DISABLE,AD_STATUS_CAMPAIGN_DISABLE,True,display_card
1860171178598945,(재)_창원_진료셀프캠_비만주사없이 체질_260320,1858358875899090,2603_다이트_전환캠페인,1858358875899106,2603_DB 전환_창원,2026-03-20 09:07:27,2026-04-15 19:13:55,,,SINGLE_VIDEO,다이트한의원,,,7611850321656368146,,7619261865155202066,a00d3f86-d1f6-5187-a4b9-c096bec78c8c,BC_AUTH_TT,"[""tos-alisg-p-0051c001-sg/ogIIEGiSkgQeYmQ9BABAIhvwNupgCBWD1QiEfz""]",v10033g50000d6uggvfog65gn80gh630,DISABLE,AD_STATUS_CAMPAIGN_DISABLE,True,display_card
1860171178598929,(재)_창원_인플셀프후기_스트레스케어(박고경)_260320,1858358875899090,2603_다이트_전환캠페인,1858358875899106,2603_DB 전환_창원,2026-03-20 09:07:27,2026-04-15 18:59:05,,,SINGLE_VIDEO,다이트한의원,,,7611850321656368146,,7619261865155234834,a00d3f86-d1f6-5187-a4b9-c096bec78c8c,BC_AUTH_TT,"[""tos-alisg-p-0051c001-sg/95db1eaa71ec6d4dab42f08b83ca22cf""]",v10033g50000d6ugkh7og65k6vojqml0,DISABLE,AD_STATUS_CAMPAIGN_DISABLE,True,display_card
1860171178598913,(재)_창원_의료진정보_비만주사요요 탄수중독_260320,1858358875899090,2603_다이트_전환캠페인,1858358875899106,2603_DB 전환_창원,2026-03-20 09:07:27,2026-04-15 19:13:55,,,SINGLE_VIDEO,다이트한의원,,,7611850321656368146,,7619261865155185682,a00d3f86-d1f6-5187-a4b9-c096bec78c8c,BC_AUTH_TT,"[""tos-alisg-p-0051c001-sg/o0e2IMUdKeBTtbI6G9F8QfTFACLQGmAhemGADI""]",v10033g50000d6ugl07og65v7917632g,DISABLE,AD_STATUS_CAMPAIGN_DISABLE,True,display_card
1860170996611154,(재)_대구_의료진정보_비만주사요요 탄수중독_260320,1858358875899090,2603_다이트_전환캠페인,1858358889560225,2603_DB 전환_대구,2026-03-20 09:03:52,2026-04-15 19:13:51,,,SINGLE_VIDEO,다이트한의원,,,7611850321656368146,,7619260934917229586,a00d3f86-d1f6-5187-a4b9-c096bec78c8c,BC_AUTH_TT,"[""tos-alisg-p-0051c001-sg/e140fc3e978f40e3ff33a33c8f024de1""]",v10033g50000d6ugl07og65v7917632g,DISABLE,AD_STATUS_CAMPAIGN_DISABLE,True,display_card
1860170767678546,(재)_일산_진료셀프캠_비만주사없이 체질_260320,1858358875899090,2603_다이트_전환캠페인,1858358889558465,2603_DB 전환_일산,2026-03-20 09:01:47,2026-04-15 19:13:51,,,SINGLE_VIDEO,다이트한의원,,,7611850321656368146,,7619260398209944594,a00d3f86-d1f6-5187-a4b9-c096bec78c8c,BC_AUTH_TT,"[""tos-alisg-p-0051c001-sg/ef64ad8cb8e6213383832911134cf595""]",v10033g50000d6uggvfog65gn80gh630,DISABLE,AD_STATUS_CAMPAIGN_DISABLE,True,display_card
1860170429960209,(재)_수원_의료진정보_비만주사 굶는다이어트_260320,1858358875899090,2603_다이트_전환캠페인,1858358889554001,2603_DB 전환_수원,2026-03-20 08:59:40,2026-04-15 19:13:54,,,SINGLE_VIDEO,다이트한의원,,,7611850321656368146,,7619259836638694408,a00d3f86-d1f6-5187-a4b9-c096bec78c8c,BC_AUTH_TT,"[""tos-alisg-p-0051c001-sg/09a858306102cb1aa62bbbb14d0bbff6""]",v10033g50000d6ugicnog65olpjof4ng,DISABLE,AD_STATUS_CAMPAIGN_DISABLE,True,display_card
1860170429960193,(재)_수원_인플셀프후기_스트레스케어(박고경)_260320,1858358875899090,2603_다이트_전환캠페인,1858358889554001,2603_DB 전환_수원,2026-03-20 08:59:40,2026-04-15 18:59:38,,,SINGLE_VIDEO,다이트한의원,,,7611850321656368146,,7619259836638710792,a00d3f86-d1f6-5187-a4b9-c096bec78c8c,BC_AUTH_TT,"[""tos-alisg-p-0051c001-sg/95db1eaa71ec6d4dab42f08b83ca22cf""]",v10033g50000d6ugkh7og65k6vojqml0,DISABLE,AD_STATUS_CAMPAIGN_DISABLE,True,display_card
1860170429958513,(재)_수원_진료셀프캠_다이어트의적 밥빵면_260320,1858358875899090,2603_다이트_전환캠페인,1858358889554001,2603_DB 전환_수원,2026-03-20 08:59:40,2026-04-15 18:59:38,,,SINGLE_VIDEO,다이트한의원,,,7611850321656368146,,7619259836638727176,a00d3f86-d1f6-5187-a4b9-c096bec78c8c,BC_AUTH_TT,"[""tos-alisg-p-0051c001-sg/b553a618c5108b27e8211ec409d2dc86""]",v10033g50000d6ugojvog65qe3i9tslg,DISABLE,AD_STATUS_CAMPAIGN_DISABLE,True,display_card
1860170168891553,(재)_부평_의료진정보_비만주사 굶는다이어트_260320,1858358875899090,2603_다이트_전환캠페인,1858358875905122,2603_DB 전환_부평,2026-03-20 08:52:04,2026-04-15 19:13:54,,,SINGLE_VIDEO,다이트한의원,,,7611850321656368146,,7619257901214911496,a00d3f86-d1f6-5187-a4b9-c096bec78c8c,BC_AUTH_TT,"[""tos-alisg-p-0051c001-sg/09a858306102cb1aa62bbbb14d0bbff6""]",v10033g50000d6ugicnog65olpjof4ng,DISABLE,AD_STATUS_CAMPAIGN_DISABLE,True,display_card
1860170168891537,(재)_부평_인플셀프후기_스트레스케어(박고경)_260320,1858358875899090,2603_다이트_전환캠페인,1858358875905122,2603_DB 전환_부평,2026-03-20 08:52:04,2026-04-15 18:58:59,,,SINGLE_VIDEO,다이트한의원,,,7611850321656368146,,7619257901214927880,a00d3f86-d1f6-5187-a4b9-c096bec78c8c,BC_AUTH_TT,"[""tos-alisg-p-0051c001-sg/95db1eaa71ec6d4dab42f08b83ca22cf""]",v10033g50000d6ugkh7og65k6vojqml0,DISABLE,AD_STATUS_CAMPAIGN_DISABLE,True,display_card
1860170168891521,(재)_부평_의료진정보_비만주사요요 탄수중독_260320,1858358875899090,2603_다이트_전환캠페인,1858358875905122,2603_DB 전환_부평,2026-03-20 08:52:04,2026-04-15 19:13:53,,,SINGLE_VIDEO,다이트한의원,,,7611850321656368146,,7619257901214944264,a00d3f86-d1f6-5187-a4b9-c096bec78c8c,BC_AUTH_TT,"[""tos-alisg-p-0051c001-sg/27510c3647525f61792df414333f8673""]",v10033g50000d6ugl07og65v7917632g,DISABLE,AD_STATUS_CAMPAIGN_DISABLE,True,display_card
1860169742535905,(재)_서울_진료셀프캠_비만주사없이 체질_260320,1858358875899090,2603_다이트_전환캠페인,1858358875902162,2603_DB 전환_서울,2026-03-20 08:46:55,2026-04-15 19:13:51,,,SINGLE_VIDEO,다이트한의원,,,7611850321656368146,,7619256577790413832,a00d3f86-d1f6-5187-a4b9-c096bec78c8c,BC_AUTH_TT,"[""tos-alisg-p-0051c001-sg/ef64ad8cb8e6213383832911134cf595""]",v10033g50000d6uggvfog65gn80gh630,DISABLE,AD_STATUS_CAMPAIGN_DISABLE,True,display_card
1860169742535889,(재)_서울_의료진정보_비만주사 굶는다이어트_260320,1858358875899090,2603_다이트_전환캠페인,1858358875902162,2603_DB 전환_서울,2026-03-20 08:46:55,2026-04-15 19:13:51,,,SINGLE_VIDEO,다이트한의원,,,7611850321656368146,,7619256577790430216,a00d3f86-d1f6-5187-a4b9-c096bec78c8c,BC_AUTH_TT,"[""tos-alisg-p-0051c001-sg/e3f6f6d1387c2cd7b5c832e91ec5496f""]",v10033g50000d6ugicnog65olpjof4ng,DISABLE,AD_STATUS_CAMPAIGN_DISABLE,True,display_card
1859897810343346,(재)_천안_진료셀프캠_50대 20대처럼 체지방_260317,1858358875899090,2603_다이트_전환캠페인,1858358889563569,2603_DB 전환_천안,2026-03-17 08:40:29,2026-04-15 19:13:52,,,SINGLE_VIDEO,다이트한의원,,,7611850321656368146,,7618141536097766408,a00d3f86-d1f6-5187-a4b9-c096bec78c8c,BC_AUTH_TT,"[""tos-alisg-p-0051c001-sg/o8ecgI7QGfUKiCELAIeWAICuYLrGVTDGTQCb65""]",v10033g50000d6sh2nfog65k5cduo5gg,DISABLE,AD_STATUS_CAMPAIGN_DISABLE,True,display_card
1859897624509618,(신)_창원_인플방문후기_먹을거 다먹으면서(미미)_260317,1858358875899090,2603_다이트_전환캠페인,1858358875899106,2603_DB 전환_창원,2026-03-17 08:37:44,2026-04-15 19:13:55,,,SINGLE_VIDEO,다이트한의원,,,7611850321656368146,,7618140819786173448,a00d3f86-d1f6-5187-a4b9-c096bec78c8c,BC_AUTH_TT,"[""tos-alisg-p-0051c001-sg/ac399d7ea7c142864903908949fb688f""]",v10033g50000d6sh25vog65go97jpe3g,DISABLE,AD_STATUS_CAMPAIGN_DISABLE,True,display_card
1859897459766273,(재)_창원_진료셀프캠_50대 20대처럼 체지방_260317,1858358875899090,2603_다이트_전환캠페인,1858358875899106,2603_DB 전환_창원,2026-03-17 08:35:04,2026-04-15 19:13:55,,,SINGLE_VIDEO,다이트한의원,,,7611850321656368146,,7618140161406274567,a00d3f86-d1f6-5187-a4b9-c096bec78c8c,BC_AUTH_TT,"[""tos-alisg-p-0051c001-sg/o8ecgI7QGfUKiCELAIeWAICuYLrGVTDGTQCb65""]",v10033g50000d6sh2nfog65k5cduo5gg,DISABLE,AD_STATUS_CAMPAIGN_DISABLE,True,display_card
1859897365795954,(신)_대구_인플방문후기_50대엄마 혈당다이어트(햅삐)_260317,1858358875899090,2603_다이트_전환캠페인,1858358889560225,2603_DB 전환_대구,2026-03-17 08:33:47,2026-04-15 19:13:51,,,SINGLE_VIDEO,다이트한의원,,,7611850321656368146,,7618139873899334674,a00d3f86-d1f6-5187-a4b9-c096bec78c8c,BC_AUTH_TT,"[""tos-alisg-p-0051c001-sg/dc98b97f92addf5288430e2bc1ea984d""]",v10033g50000d6sh117og65qv4taqkgg,DISABLE,AD_STATUS_CAMPAIGN_DISABLE,True,display_card
1859897183294593,(신)_수원_인플방문후기_먹을거 다먹으면서(미미)_260317,1858358875899090,2603_다이트_전환캠페인,1858358889554001,2603_DB 전환_수원,2026-03-17 08:32:23,2026-04-15 19:13:54,,,SINGLE_VIDEO,다이트한의원,,,7611850321656368146,,7618139482692258824,a00d3f86-d1f6-5187-a4b9-c096bec78c8c,BC_AUTH_TT,"[""tos-alisg-p-0051c001-sg/ac399d7ea7c142864903908949fb688f""]",v10033g50000d6sh25vog65go97jpe3g,DISABLE,AD_STATUS_CAMPAIGN_DISABLE,True,display_card
1859897183293617,(재)_수원_진료셀프캠_50대 20대처럼 체지방_260317,1858358875899090,2603_다이트_전환캠페인,1858358889554001,2603_DB 전환_수원,2026-03-17 08:32:23,2026-04-15 19:13:53,,,SINGLE_VIDEO,다이트한의원,,,7611850321656368146,,7618139482692275208,a00d3f86-d1f6-5187-a4b9-c096bec78c8c,BC_AUTH_TT,"[""tos-alisg-p-0051c001-sg/5d0b1761637b33150018bcb8e362d812""]",v10033g50000d6sh2nfog65k5cduo5gg,DISABLE,AD_STATUS_CAMPAIGN_DISABLE,True,display_card
1859896796626130,(신)_부평_인플방문후기_50대엄마 혈당다이어트(햅삐)_260317,1858358875899090,2603_다이트_전환캠페인,1858358875905122,2603_DB 전환_부평,2026-03-17 08:29:19,2026-04-15 19:13:53,,,SINGLE_VIDEO,다이트한의원,,,7611850321656368146,,7618138607328431112,a00d3f86-d1f6-5187-a4b9-c096bec78c8c,BC_AUTH_TT,"[""tos-alisg-p-0051c001-sg/dc98b97f92addf5288430e2bc1ea984d""]",v10033g50000d6sh117og65qv4taqkgg,DISABLE,AD_STATUS_CAMPAIGN_DISABLE,True,display_card
1859896365364290,(재)_창원_진료셀프캠_50대 뱃살 체지방만_260311,1858358875899090,2603_다이트_전환캠페인,1858358875899106,2603_DB 전환_창원,2026-03-17 08:22:06,2026-04-15 19:13:55,,,SINGLE_VIDEO,다이트한의원,,,7611850321656368146,,7618136805702896658,a00d3f86-d1f6-5187-a4b9-c096bec78c8c,BC_AUTH_TT,"[""tos-alisg-p-0051c001-sg/50e63eca4fff2d315e796e5a6260bf94""]",v10033g50000d6sgp9fog65otgrg0b7g,DISABLE,AD_STATUS_CAMPAIGN_DISABLE,True,display_card
1859896310509633,(재)_서울_진료셀프캠_50대 뱃살 체지방만_260317,1858358875899090,2603_다이트_전환캠페인,1858358875902162,2603_DB 전환_서울,2026-03-17 08:22:04,2026-04-15 19:13:51,,,SINGLE_VIDEO,다이트한의원,,,7611850321656368146,,7618136805702994962,a00d3f86-d1f6-5187-a4b9-c096bec78c8c,BC_AUTH_TT,"[""tos-alisg-p-0051c001-sg/50e63eca4fff2d315e796e5a6260bf94""]",v10033g50000d6sgp9fog65otgrg0b7g,DISABLE,AD_STATUS_CAMPAIGN_DISABLE,True,display_card
1859896270778561,(재)_부평_진료셀프캠_50대 뱃살 체지방만_260317,1858358875899090,2603_다이트_전환캠페인,1858358875905122,2603_DB 전환_부평,2026-03-17 08:22:01,2026-04-15 18:58:59,,,SINGLE_VIDEO,다이트한의원,,,7611850321656368146,,7618136805702978578,a00d3f86-d1f6-5187-a4b9-c096bec78c8c,BC_AUTH_TT,"[""tos-alisg-p-0051c001-sg/50e63eca4fff2d315e796e5a6260bf94""]",v10033g50000d6sgp9fog65otgrg0b7g,DISABLE,AD_STATUS_CAMPAIGN_DISABLE,True,display_card
1859896191187025,(재)_대구_진료셀프캠_50대 뱃살 체지방만_260317,1858358875899090,2603_다이트_전환캠페인,1858358889560225,2603_DB 전환_대구,2026-03-17 08:21:56,2026-04-15 19:13:51,,,SINGLE_VIDEO,다이트한의원,,,7611850321656368146,,7618136805702945810,a00d3f86-d1f6-5187-a4b9-c096bec78c8c,BC_AUTH_TT,"[""tos-alisg-p-0051c001-sg/f1e6eca68eaa9f7cbd00eb3306340b3d""]",v10033g50000d6sgp9fog65otgrg0b7g,DISABLE,AD_STATUS_CAMPAIGN_DISABLE,True,display_card
1859896079113569,(재)_수원_진료셀프캠_50대 뱃살 체지방만_260317,1858358875899090,2603_다이트_전환캠페인,1858358889554001,2603_DB 전환_수원,2026-03-17 08:21:54,2026-04-15 19:13:54,,,SINGLE_VIDEO,다이트한의원,,,7611850321656368146,,7618136805702929426,a00d3f86-d1f6-5187-a4b9-c096bec78c8c,BC_AUTH_TT,"[""tos-alisg-p-0051c001-sg/50e63eca4fff2d315e796e5a6260bf94""]",v10033g50000d6sgp9fog65otgrg0b7g,DISABLE,AD_STATUS_CAMPAIGN_DISABLE,True,display_card
1859895975928241,(재)_천안_진료셀프캠_50대 뱃살 체지방만_260317,1858358875899090,2603_다이트_전환캠페인,1858358889563569,2603_DB 전환_천안,2026-03-17 08:21:52,2026-04-15 19:13:52,,,SINGLE_VIDEO,다이트한의원,,,7611850321656368146,,7618136805702913042,a00d3f86-d1f6-5187-a4b9-c096bec78c8c,BC_AUTH_TT,"[""tos-alisg-p-0051c001-sg/f1e6eca68eaa9f7cbd00eb3306340b3d""]",v10033g50000d6sgp9fog65otgrg0b7g,DISABLE,AD_STATUS_CAMPAIGN_DISABLE,True,display_card
1859895953149089,(재)_일산_진료셀프캠_50대 뱃살 체지방만_260317,1858358875899090,2603_다이트_전환캠페인,1858358889558465,2603_DB 전환_일산,2026-03-17 08:21:59,2026-04-15 19:13:51,,,SINGLE_VIDEO,다이트한의원,,,7611850321656368146,,7618136805702962194,a00d3f86-d1f6-5187-a4b9-c096bec78c8c,BC_AUTH_TT,"[""tos-alisg-p-0051c001-sg/f1e6eca68eaa9f7cbd00eb3306340b3d""]",v10033g50000d6sgp9fog65otgrg0b7g,DISABLE,AD_STATUS_CAMPAIGN_DISABLE,True,display_card
1859538629607521,(신)_천안_인플방문후기_더먹어야 다이어트 가능(더먹어유)_260313,1858358875899090,2603_다이트_전환캠페인,1858358889563569,2603_DB 전환_천안,2026-03-13 09:31:25,2026-04-15 19:13:52,,,SINGLE_VIDEO,다이트한의원,,,7611850321656368146,,7616670400281381896,a00d3f86-d1f6-5187-a4b9-c096bec78c8c,BC_AUTH_TT,"[""tos-alisg-p-0051c001-sg/71825e30b6454d45421192e02b837d37""]",v10033g50000d6ptf6fog65imdfscri0,DISABLE,AD_STATUS_CAMPAIGN_DISABLE,True,display_card
1859538526785570,(신)_창원_인플방문후기_더먹어야 다이어트 가능(더먹어유)_260313,1858358875899090,2603_다이트_전환캠페인,1858358875899106,2603_DB 전환_창원,2026-03-13 09:30:03,2026-04-15 19:13:55,,,SINGLE_VIDEO,다이트한의원,,,7611850321656368146,,7616669958885362695,a00d3f86-d1f6-5187-a4b9-c096bec78c8c,BC_AUTH_TT,"[""tos-alisg-p-0051c001-sg/71825e30b6454d45421192e02b837d37""]",v10033g50000d6ptf6fog65imdfscri0,DISABLE,AD_STATUS_CAMPAIGN_DISABLE,True,display_card
1859538405086241,(신)_수원_인플방문후기_더먹어야 다이어트 가능(더먹어유)_260313,1858358875899090,2603_다이트_전환캠페인,1858358889554001,2603_DB 전환_수원,2026-03-13 09:28:16,2026-04-15 19:13:54,,,SINGLE_VIDEO,다이트한의원,,,7611850321656368146,,7616669415005899784,a00d3f86-d1f6-5187-a4b9-c096bec78c8c,BC_AUTH_TT,"[""tos-alisg-p-0051c001-sg/71825e30b6454d45421192e02b837d37""]",v10033g50000d6ptf6fog65imdfscri0,DISABLE,AD_STATUS_CAMPAIGN_DISABLE,True,display_card
1859538135129201,(신)_부평_인플방문후기_더먹어야 다이어트 가능(더먹어유)_260313,1858358875899090,2603_다이트_전환캠페인,1858358875905122,2603_DB 전환_부평,2026-03-13 09:26:27,2026-04-15 19:13:53,,,SINGLE_VIDEO,다이트한의원,,,7611850321656368146,,7616668935177473032,a00d3f86-d1f6-5187-a4b9-c096bec78c8c,BC_AUTH_TT,"[""tos-alisg-p-0051c001-sg/71825e30b6454d45421192e02b837d37""]",v10033g50000d6ptf6fog65imdfscri0,DISABLE,AD_STATUS_CAMPAIGN_DISABLE,True,display_card
1859417671501954,(신)_대구_인플방문후기_당뇨다이어트(대읽남)_260311,1858358875899090,2603_다이트_전환캠페인,1858358889560225,2603_DB 전환_대구,2026-03-12 01:32:02,2026-04-15 19:13:51,,,SINGLE_VIDEO,다이트한의원,,,7611850321656368146,,7616175529921743880,a00d3f86-d1f6-5187-a4b9-c096bec78c8c,BC_AUTH_TT,"[""tos-alisg-p-0051c001-sg/46cbdfc1d69c03d86e719f352885e0e9""]",v10033g50000d6p1e9vog65usabbel8g,DISABLE,AD_STATUS_CAMPAIGN_DISABLE,True,display_card
1859358567112033,(재)_천안_진료셀프캠_상체비만 40대 팔뚝살부터_260311,1858358875899090,2603_다이트_전환캠페인,1858358889563569,2603_DB 전환_천안,2026-03-11 09:50:15,2026-04-15 18:58:55,,,SINGLE_VIDEO,다이트한의원,,,7611850321656368146,,7615933013142080519,a00d3f86-d1f6-5187-a4b9-c096bec78c8c,BC_AUTH_TT,"[""tos-alisg-p-0051c001-sg/8a07119fa8f2bbb838766b76e64d904d""]",v10033g50000d6ojl7nog65ikl40kea0,DISABLE,AD_STATUS_CAMPAIGN_DISABLE,True,display_card
1859358483046450,(재)_일산_진료셀프캠_복부비만 50대 통짜몸매_260311,1858358875899090,2603_다이트_전환캠페인,1858358889558465,2603_DB 전환_일산,2026-03-11 09:48:17,2026-04-15 18:58:54,,,SINGLE_VIDEO,다이트한의원,,,7611850321656368146,,7615932455588989959,a00d3f86-d1f6-5187-a4b9-c096bec78c8c,BC_AUTH_TT,"[""tos-alisg-p-0051c001-sg/b15c1e028216c7addf0f54d377b71a95""]",v10033g50000d6ojke7og65hp9skekj0,DISABLE,AD_STATUS_CAMPAIGN_DISABLE,True,display_card
1859358275807681,(재)_수원_진료셀프캠_수원사는 50대 직장인_260311,1858358875899090,2603_다이트_전환캠페인,1858358889554001,2603_DB 전환_수원,2026-03-11 09:46:25,2026-04-15 19:13:54,,,SINGLE_VIDEO,다이트한의원,,,7611850321656368146,,7615931947486858258,a00d3f86-d1f6-5187-a4b9-c096bec78c8c,BC_AUTH_TT,"[""tos-alisg-p-0051c001-sg/1f2da9cb3b8139f3ca257c6115be21b9""]",v10033g50000d6ojiunog65ltrg5p0kg,DISABLE,AD_STATUS_CAMPAIGN_DISABLE,True,display_card
1859358275806641,(재)_수원_진료셀프캠_하체비만 40대 통짜바지_260311,1858358875899090,2603_다이트_전환캠페인,1858358889554001,2603_DB 전환_수원,2026-03-11 09:46:25,2026-04-15 19:13:54,,,SINGLE_VIDEO,다이트한의원,,,7611850321656368146,,7615931947486874642,a00d3f86-d1f6-5187-a4b9-c096bec78c8c,BC_AUTH_TT,"[""tos-alisg-p-0051c001-sg/820a083755a5c4cbc497d74685e816cb""]",v10033g50000d6ojji7og65lv123a7m0,DISABLE,AD_STATUS_CAMPAIGN_DISABLE,True,display_card
1859357856823649,(재)_부평_진료셀프캠_인천사는 50대 직장인_260311,1858358875899090,2603_다이트_전환캠페인,1858358875905122,2603_DB 전환_부평,2026-03-11 09:42:58,2026-04-15 19:13:54,,,SINGLE_VIDEO,다이트한의원,,,7611850321656368146,,7615931120181464071,a00d3f86-d1f6-5187-a4b9-c096bec78c8c,BC_AUTH_TT,"[""tos-alisg-p-0051c001-sg/b5f7820a7475c038c93fe3e5934d4edd""]",v10033g50000d6ojg1fog65r8s4jrppg,DISABLE,AD_STATUS_CAMPAIGN_DISABLE,True,display_card
1859357856823633,(재)_부평_진료셀프캠_밥빵면 못끊던 40대 여성이_260309,1858358875899090,2603_다이트_전환캠페인,1858358875905122,2603_DB 전환_부평,2026-03-11 09:42:58,2026-04-15 19:13:54,,,SINGLE_VIDEO,다이트한의원,,,7611850321656368146,,7615931134446144520,a00d3f86-d1f6-5187-a4b9-c096bec78c8c,BC_AUTH_TT,"[""tos-alisg-p-0051c001-sg/7fde52f32f186a238ec09f1bb89fb0fa""]",v10033g50000d6ojhkvog65q7ca6q3h0,DISABLE,AD_STATUS_CAMPAIGN_DISABLE,True,display_card
1859357641001154,(재)_서울_진료셀프캠_주사형비만치료제 고민끝에 50대부부 -32kg_260225,1858358875899090,2603_다이트_전환캠페인,1858358875902162,2603_DB 전환_서울,2026-03-11 09:35:52,2026-04-15 19:13:51,,,SINGLE_VIDEO,다이트한의원,,,7611850321656368146,,7615929261064506376,a00d3f86-d1f6-5187-a4b9-c096bec78c8c,BC_AUTH_TT,"[""tos-alisg-p-0051c001-sg/c67058f2d87a62c2fd6934d8a49b058d""]",v10033g50000d6fa337og65qk4q7p8h0,DISABLE,AD_STATUS_CAMPAIGN_DISABLE,True,display_card
1859177225163890,(재)_천안_진료QnA_지긋지긋 40대 뱃살 고생없이_260309,1858358875899090,2603_다이트_전환캠페인,1858358889563569,2603_DB 전환_천안,2026-03-09 09:47:12,2026-04-15 19:13:52,,,SINGLE_VIDEO,다이트한의원,,,7611850321656368146,,7615190077311863815,a00d3f86-d1f6-5187-a4b9-c096bec78c8c,BC_AUTH_TT,"[""tos-alisg-p-0051c001-sg/oQUIwU1EDyllAJ0Shi0PBsikuB7ifTAAmCAsio""]",v10033g50000d6n9c7vog65r1oe98090,DISABLE,AD_STATUS_CAMPAIGN_DISABLE,True,display_card
1859177183413426,(재)_수원_진료QnA_지긋지긋 40대 뱃살 고생없이_260309,1858358875899090,2603_다이트_전환캠페인,1858358889554001,2603_DB 전환_수원,2026-03-09 09:47:14,2026-04-15 19:13:54,,,SINGLE_VIDEO,다이트한의원,,,7611850321656368146,,7615190026766371858,a00d3f86-d1f6-5187-a4b9-c096bec78c8c,BC_AUTH_TT,"[""tos-alisg-p-0051c001-sg/oQUIwU1EDyllAJ0Shi0PBsikuB7ifTAAmCAsio""]",v10033g50000d6n9c7vog65r1oe98090,DISABLE,AD_STATUS_CAMPAIGN_DISABLE,True,display_card
1859177169313266,(재)_대구_진료QnA_지긋지긋 40대 뱃살 고생없이_260309,1858358875899090,2603_다이트_전환캠페인,1858358889560225,2603_DB 전환_대구,2026-03-09 09:47:17,2026-04-15 19:13:52,,,SINGLE_VIDEO,다이트한의원,,,7611850321656368146,,7615190026766388242,a00d3f86-d1f6-5187-a4b9-c096bec78c8c,BC_AUTH_TT,"[""tos-alisg-p-0051c001-sg/oQUIwU1EDyllAJ0Shi0PBsikuB7ifTAAmCAsio""]",v10033g50000d6n9c7vog65r1oe98090,DISABLE,AD_STATUS_CAMPAIGN_DISABLE,True,display_card
1859177144096114,(재)_일산_진료QnA_지긋지긋 40대 뱃살 고생없이_260309,1858358875899090,2603_다이트_전환캠페인,1858358889558465,2603_DB 전환_일산,2026-03-09 09:47:19,2026-04-15 19:13:52,,,SINGLE_VIDEO,다이트한의원,,,7611850321656368146,,7615190026766404626,a00d3f86-d1f6-5187-a4b9-c096bec78c8c,BC_AUTH_TT,"[""tos-alisg-p-0051c001-sg/oQUIwU1EDyllAJ0Shi0PBsikuB7ifTAAmCAsio""]",v10033g50000d6n9c7vog65r1oe98090,DISABLE,AD_STATUS_CAMPAIGN_DISABLE,True,display_card
1859177120384098,(재)_부평_진료QnA_지긋지긋 40대 뱃살 고생없이_260309,1858358875899090,2603_다이트_전환캠페인,1858358875905122,2603_DB 전환_부평,2026-03-09 09:47:21,2026-04-15 19:13:54,,,SINGLE_VIDEO,다이트한의원,,,7611850321656368146,,7615190077311814663,a00d3f86-d1f6-5187-a4b9-c096bec78c8c,BC_AUTH_TT,"[""tos-alisg-p-0051c001-sg/oQUIwU1EDyllAJ0Shi0PBsikuB7ifTAAmCAsio""]",v10033g50000d6n9c7vog65r1oe98090,DISABLE,AD_STATUS_CAMPAIGN_DISABLE,True,display_card
1859177074475329,(재)_서울_진료QnA_지긋지긋 40대 뱃살 고생없이_260309,1858358875899090,2603_다이트_전환캠페인,1858358875902162,2603_DB 전환_서울,2026-03-09 09:47:23,2026-04-15 19:13:51,,,SINGLE_VIDEO,다이트한의원,,,7611850321656368146,,7615190077311831047,a00d3f86-d1f6-5187-a4b9-c096bec78c8c,BC_AUTH_TT,"[""tos-alisg-p-0051c001-sg/oQUIwU1EDyllAJ0Shi0PBsikuB7ifTAAmCAsio""]",v10033g50000d6n9c7vog65r1oe98090,DISABLE,AD_STATUS_CAMPAIGN_DISABLE,True,display_card
1859176947897409,(재)_창원_진료QnA_지긋지긋 40대 뱃살 고생없이_260309,1858358875899090,2603_다이트_전환캠페인,1858358875899106,2603_DB 전환_창원,2026-03-09 09:47:26,2026-04-15 19:13:56,,,SINGLE_VIDEO,다이트한의원,,,7611850321656368146,,7615190077311847431,a00d3f86-d1f6-5187-a4b9-c096bec78c8c,BC_AUTH_TT,"[""tos-alisg-p-0051c001-sg/oQUIwU1EDyllAJ0Shi0PBsikuB7ifTAAmCAsio""]",v10033g50000d6n9c7vog65r1oe98090,DISABLE,AD_STATUS_CAMPAIGN_DISABLE,True,display_card
1859155119020386,(재)_창원_진료셀프캠_밥빵면 못끊던 40대 여성이_260309,1858358875899090,2603_다이트_전환캠페인,1858358875899106,2603_DB 전환_창원,2026-03-09 03:59:40,2026-04-15 19:13:55,,,SINGLE_VIDEO,다이트한의원,,,7611850321656368146,,7615100205775506439,a00d3f86-d1f6-5187-a4b9-c096bec78c8c,BC_AUTH_TT,"[""tos-alisg-p-0051c001-sg/29002b48663577c024bdf423c58b3bba""]",v10033g50000d6n4acnog65r7kgii23g,DISABLE,AD_STATUS_CAMPAIGN_DISABLE,True,display_card
1859155119020370,(재)_창원_진료셀프캠_창원 다이어트 성지_260309,1858358875899090,2603_다이트_전환캠페인,1858358875899106,2603_DB 전환_창원,2026-03-09 03:59:40,2026-04-15 19:13:56,,,SINGLE_VIDEO,다이트한의원,,,7611850321656368146,,7615100205775522823,a00d3f86-d1f6-5187-a4b9-c096bec78c8c,BC_AUTH_TT,"[""tos-alisg-p-0051c001-sg/0f40ede40029cbd282dd5c85250d9ab4""]",v10033g50000d6n4asnog65q1d2beka0,DISABLE,AD_STATUS_CAMPAIGN_DISABLE,True,display_card
1859155119020354,(재)_창원_인플방문후기_끝내주는 다이어(대읽남)_260211,1858358875899090,2603_다이트_전환캠페인,1858358875899106,2603_DB 전환_창원,2026-03-09 03:59:40,2026-04-15 19:13:55,,,SINGLE_VIDEO,다이트한의원,,,7611850321656368146,,7615100205775539207,a00d3f86-d1f6-5187-a4b9-c096bec78c8c,BC_AUTH_TT,"[""tos-alisg-p-0051c001-sg/cfb929f890e20c9cd372aee651c4bad4""]",v10033g50000d664uj7og65jkgf09ea0,DISABLE,AD_STATUS_CAMPAIGN_DISABLE,True,display_card
1858834125348929,(재)_천안_인플방문후기_맘껏먹는 다이어트 한달후기_260306,1858358875899090,2603_다이트_전환캠페인,1858358889563569,2603_DB 전환_천안,2026-03-05 14:53:57,2026-04-15 19:13:52,,,SINGLE_VIDEO,다이트한의원,,,7611850321656368146,,7613784745486355463,a00d3f86-d1f6-5187-a4b9-c096bec78c8c,BC_AUTH_TT,"[""tos-alisg-p-0051c001-sg/o0EVQQtfZFxIdNDNRlqp0CFRcFWDwegBASurpB""]",v10033g50000d6kp8kfog65nd61qion0,DISABLE,AD_STATUS_CAMPAIGN_DISABLE,True,display_card
1858834039822401,(재)_창원_방문후기_요요없는_260220,1858358875899090,2603_다이트_전환캠페인,1858358875899106,2603_DB 전환_창원,2026-03-05 14:52:15,2026-04-15 19:13:55,,,SINGLE_VIDEO,다이트한의원,,,7611850321656368146,,7613784305193470994,a00d3f86-d1f6-5187-a4b9-c096bec78c8c,BC_AUTH_TT,"[""tos-alisg-p-0051c001-sg/61109cf3932ddeb923031a47a4c7c373""]",v10033g50000d6j3dgvog65k171dlu3g,DISABLE,AD_STATUS_CAMPAIGN_DISABLE,True,display_card
1858833707245617,(재)_창원_인플방문후기_맘껏먹는 다이어트 한달후기_260306,1858358875899090,2603_다이트_전환캠페인,1858358875899106,2603_DB 전환_창원,2026-03-05 14:49:09,2026-04-15 19:13:55,,,SINGLE_VIDEO,다이트한의원,,,7611850321656368146,,7613783336460323858,a00d3f86-d1f6-5187-a4b9-c096bec78c8c,BC_AUTH_TT,"[""tos-alisg-p-0051c001-sg/o0EVQQtfZFxIdNDNRlqp0CFRcFWDwegBASurpB""]",v10033g50000d6kp8kfog65nd61qion0,DISABLE,AD_STATUS_CAMPAIGN_DISABLE,True,display_card
1858833707245601,(재)_창원_인플방문후기_먹으면서(대읽남)_260306,1858358875899090,2603_다이트_전환캠페인,1858358875899106,2603_DB 전환_창원,2026-03-05 14:49:09,2026-04-15 19:13:55,,,SINGLE_VIDEO,다이트한의원,,,7611850321656368146,,7613783336460340242,a00d3f86-d1f6-5187-a4b9-c096bec78c8c,BC_AUTH_TT,"[""tos-alisg-p-0051c001-sg/oQp1Bf2SBiMoIKllMB0wiAcpE0mMAEH9mArZWK""]",v10033g50000d6kp99fog65m672of5ug,DISABLE,AD_STATUS_CAMPAIGN_DISABLE,True,display_card
1858833581846626,(재)_대구_인플방문후기_맘껏먹는 다이어트 한달후기_260306,1858358875899090,2603_다이트_전환캠페인,1858358889560225,2603_DB 전환_대구,2026-03-05 14:45:26,2026-04-15 19:13:51,,,SINGLE_VIDEO,다이트한의원,,,7611850321656368146,,7613782484534184967,a00d3f86-d1f6-5187-a4b9-c096bec78c8c,BC_AUTH_TT,"[""tos-alisg-p-0051c001-sg/o0EVQQtfZFxIdNDNRlqp0CFRcFWDwegBASurpB""]",v10033g50000d6kp8kfog65nd61qion0,DISABLE,AD_STATUS_CAMPAIGN_DISABLE,True,display_card
1858833441334273,(재)_일산_인플방문후기_맘껏먹는 다이어트 한달후기_260306,1858358875899090,2603_다이트_전환캠페인,1858358889558465,2603_DB 전환_일산,2026-03-05 14:43:55,2026-04-15 19:13:51,,,SINGLE_VIDEO,다이트한의원,,,7611850321656368146,,7613782105780161554,a00d3f86-d1f6-5187-a4b9-c096bec78c8c,BC_AUTH_TT,"[""tos-alisg-p-0051c001-sg/o0EVQQtfZFxIdNDNRlqp0CFRcFWDwegBASurpB""]",v10033g50000d6kp8kfog65nd61qion0,DISABLE,AD_STATUS_CAMPAIGN_DISABLE,True,display_card
1858833441333361,(재)_일산_인플방문후기_먹으면서(대읽남)_260306,1858358875899090,2603_다이트_전환캠페인,1858358889558465,2603_DB 전환_일산,2026-03-05 14:43:55,2026-04-15 19:13:51,,,SINGLE_VIDEO,다이트한의원,,,7611850321656368146,,7613782105780177938,a00d3f86-d1f6-5187-a4b9-c096bec78c8c,BC_AUTH_TT,"[""tos-alisg-p-0051c001-sg/oQp1Bf2SBiMoIKllMB0wiAcpE0mMAEH9mArZWK""]",v10033g50000d6kp99fog65m672of5ug,DISABLE,AD_STATUS_CAMPAIGN_DISABLE,True,display_card
1858833266455570,(재)_수원_인플방문후기_맘껏먹는 다이어트 한달후기_260306,1858358875899090,2603_다이트_전환캠페인,1858358889554001,2603_DB 전환_수원,2026-03-05 14:41:52,2026-04-15 19:13:54,,,SINGLE_VIDEO,다이트한의원,,,7611850321656368146,,7613781462092975112,a00d3f86-d1f6-5187-a4b9-c096bec78c8c,BC_AUTH_TT,"[""tos-alisg-p-0051c001-sg/o0EVQQtfZFxIdNDNRlqp0CFRcFWDwegBASurpB""]",v10033g50000d6kp8kfog65nd61qion0,DISABLE,AD_STATUS_CAMPAIGN_DISABLE,True,display_card
1858833266455554,(재)_수원_인플방문후기_먹으면서(대읽남)_260306,1858358875899090,2603_다이트_전환캠페인,1858358889554001,2603_DB 전환_수원,2026-03-05 14:41:52,2026-04-15 19:13:54,,,SINGLE_VIDEO,다이트한의원,,,7611850321656368146,,7613781462092991496,a00d3f86-d1f6-5187-a4b9-c096bec78c8c,BC_AUTH_TT,"[""tos-alisg-p-0051c001-sg/oQp1Bf2SBiMoIKllMB0wiAcpE0mMAEH9mArZWK""]",v10033g50000d6kp99fog65m672of5ug,DISABLE,AD_STATUS_CAMPAIGN_DISABLE,True,display_card
1858833134333138,(재)_부평_인플방문후기_맘껏먹는 다이어트 한달후기_260306,1858358875899090,2603_다이트_전환캠페인,1858358875905122,2603_DB 전환_부평,2026-03-05 14:38:52,2026-04-15 19:13:54,,,SINGLE_VIDEO,다이트한의원,,,7611850321656368146,,7613780839263931400,a00d3f86-d1f6-5187-a4b9-c096bec78c8c,BC_AUTH_TT,"[""tos-alisg-p-0051c001-sg/o0EVQQtfZFxIdNDNRlqp0CFRcFWDwegBASurpB""]",v10033g50000d6kp8kfog65nd61qion0,DISABLE,AD_STATUS_CAMPAIGN_DISABLE,True,display_card
1858832894864657,(재)_서울_인플방문후기_맘껏먹는 다이어트 한달후기_260306,1858358875899090,2603_다이트_전환캠페인,1858358875902162,2603_DB 전환_서울,2026-03-05 14:37:05,2026-04-15 19:13:52,,,SINGLE_VIDEO,다이트한의원,,,7611850321656368146,,7613780487923911687,a00d3f86-d1f6-5187-a4b9-c096bec78c8c,BC_AUTH_TT,"[""tos-alisg-p-0051c001-sg/fdd2da245fc5f1cebdb8e8831d9cf22b""]",v10033g50000d6kp8kfog65nd61qion0,DISABLE,AD_STATUS_CAMPAIGN_DISABLE,True,display_card
1858832894864641,(재)_서울_인플방문후기_먹으면서(대읽남)_260306,1858358875899090,2603_다이트_전환캠페인,1858358875902162,2603_DB 전환_서울,2026-03-05 14:37:05,2026-04-15 19:13:51,,,SINGLE_VIDEO,다이트한의원,,,7611850321656368146,,7613780487923928071,a00d3f86-d1f6-5187-a4b9-c096bec78c8c,BC_AUTH_TT,"[""tos-alisg-p-0051c001-sg/98204319bbc1cd05699a618fe9885cb9""]",v10033g50000d6kp99fog65m672of5ug,DISABLE,AD_STATUS_CAMPAIGN_DISABLE,True,display_card
1858602181340466,(재)_천안_인플방문후기_요요없는_260220,1858358875899090,2603_다이트_전환캠페인,1858358889563569,2603_DB 전환_천안,2026-03-03 01:28:06,2026-04-15 19:13:52,,,SINGLE_VIDEO,다이트한의원,,,7611850321656368146,,7612859595379264530,a00d3f86-d1f6-5187-a4b9-c096bec78c8c,BC_AUTH_TT,"[""tos-alisg-p-0051c001-sg/o8U5yFgufAQU0a2vDDNpXrBSFEBQFDScQRfQUj""]",v10033g50000d6shdcnog65hk2t8s2kg,DISABLE,AD_STATUS_CAMPAIGN_DISABLE,True,display_card
1858602093511922,(재)_창원_방문후기_요요없는_260220,1858358875899090,2603_다이트_전환캠페인,1858358875899106,2603_DB 전환_창원,2026-03-03 01:28:24,2026-04-15 19:13:56,,,SINGLE_VIDEO,다이트한의원,,,7611850321656368146,,7612835044561816584,a00d3f86-d1f6-5187-a4b9-c096bec78c8c,BC_AUTH_TT,"[""tos-alisg-p-0051c001-sg/61109cf3932ddeb923031a47a4c7c373""]",v10033g50000d6j3dgvog65k171dlu3g,DISABLE,AD_STATUS_CAMPAIGN_DISABLE,True,display_card
1858602093511906,(재)_창원_방문후기_맘껏 먹는 다이어트_260220,1858358875899090,2603_다이트_전환캠페인,1858358875899106,2603_DB 전환_창원,2026-03-03 01:28:24,2026-04-15 19:13:55,,,SINGLE_VIDEO,다이트한의원,,,7611850321656368146,,7612835044561931272,a00d3f86-d1f6-5187-a4b9-c096bec78c8c,BC_AUTH_TT,"[""tos-alisg-p-0051c001-sg/63c07abc2766f03fcba60e3df66357e0""]",v10033g50000d6j3clvog65lb8cc84kg,DISABLE,AD_STATUS_CAMPAIGN_DISABLE,True,display_card
1858602010465282,(재)_대구_인플방문후기_맘껏 먹는 다이어트_260220,1858358875899090,2603_다이트_전환캠페인,1858358889560225,2603_DB 전환_대구,2026-03-03 01:28:12,2026-04-15 19:13:52,,,SINGLE_VIDEO,다이트한의원,,,7611850321656368146,,7612859368190610439,a00d3f86-d1f6-5187-a4b9-c096bec78c8c,BC_AUTH_TT,"[""tos-alisg-p-0051c001-sg/63c07abc2766f03fcba60e3df66357e0""]",v10033g50000d6j3clvog65lb8cc84kg,DISABLE,AD_STATUS_CAMPAIGN_DISABLE,True,display_card
1858602010463730,(재)_대구_인플방문후기_요요없는_260220,1858358875899090,2603_다이트_전환캠페인,1858358889560225,2603_DB 전환_대구,2026-03-03 01:28:12,2026-04-15 19:13:52,,,SINGLE_VIDEO,다이트한의원,,,7611850321656368146,,7612859260543765522,a00d3f86-d1f6-5187-a4b9-c096bec78c8c,BC_AUTH_TT,"[""tos-alisg-p-0051c001-sg/61109cf3932ddeb923031a47a4c7c373""]",v10033g50000d6j3dgvog65k171dlu3g,DISABLE,AD_STATUS_CAMPAIGN_DISABLE,True,display_card
1858601954777185,(재)_일산_인플방문후기_요요없는_260220,1858358875899090,2603_다이트_전환캠페인,1858358889558465,2603_DB 전환_일산,2026-03-03 01:28:15,2026-04-15 19:13:52,,,SINGLE_VIDEO,다이트한의원,,,7611850321656368146,,7612859241757412360,a00d3f86-d1f6-5187-a4b9-c096bec78c8c,BC_AUTH_TT,"[""tos-alisg-p-0051c001-sg/61109cf3932ddeb923031a47a4c7c373""]",v10033g50000d6j3dgvog65k171dlu3g,DISABLE,AD_STATUS_CAMPAIGN_DISABLE,True,display_card
1858601873531937,(재)_수원_인플방문후기_요요없는_260220,1858358875899090,2603_다이트_전환캠페인,1858358889554001,2603_DB 전환_수원,2026-03-03 01:28:09,2026-04-15 19:13:54,,,SINGLE_VIDEO,다이트한의원,,,7611850321656368146,,7612859545076894728,a00d3f86-d1f6-5187-a4b9-c096bec78c8c,BC_AUTH_TT,"[""tos-alisg-p-0051c001-sg/61109cf3932ddeb923031a47a4c7c373""]",v10033g50000d6j3dgvog65k171dlu3g,DISABLE,AD_STATUS_CAMPAIGN_DISABLE,True,display_card
1858601873531921,(재)_수원_인플방문후기_맘껏 먹는 다이어트_260220,1858358875899090,2603_다이트_전환캠페인,1858358889554001,2603_DB 전환_수원,2026-03-03 01:28:09,2026-04-15 19:13:55,,,SINGLE_VIDEO,다이트한의원,,,7611850321656368146,,7612859424176098312,a00d3f86-d1f6-5187-a4b9-c096bec78c8c,BC_AUTH_TT,"[""tos-alisg-p-0051c001-sg/63c07abc2766f03fcba60e3df66357e0""]",v10033g50000d6j3clvog65lb8cc84kg,DISABLE,AD_STATUS_CAMPAIGN_DISABLE,True,display_card
1858601730547041,(재)_부평_인플방문후기_요요없는_260220,1858358875899090,2603_다이트_전환캠페인,1858358875905122,2603_DB 전환_부평,2026-03-03 01:28:18,2026-04-15 19:13:54,,,SINGLE_VIDEO,다이트한의원,,,7611850321656368146,,7612859207666158610,a00d3f86-d1f6-5187-a4b9-c096bec78c8c,BC_AUTH_TT,"[""tos-alisg-p-0051c001-sg/61109cf3932ddeb923031a47a4c7c373""]",v10033g50000d6j3dgvog65k171dlu3g,DISABLE,AD_STATUS_CAMPAIGN_DISABLE,True,display_card
1858601730547025,(재)_부평_인플방문후기_맘껏 먹는 다이어트_260220,1858358875899090,2603_다이트_전환캠페인,1858358875905122,2603_DB 전환_부평,2026-03-03 01:28:18,2026-04-15 19:13:54,,,SINGLE_VIDEO,다이트한의원,,,7611850321656368146,,7612859098198985746,a00d3f86-d1f6-5187-a4b9-c096bec78c8c,BC_AUTH_TT,"[""tos-alisg-p-0051c001-sg/63c07abc2766f03fcba60e3df66357e0""]",v10033g50000d6j3clvog65lb8cc84kg,DISABLE,AD_STATUS_CAMPAIGN_DISABLE,True,display_card
1858601597995298,(재)_서울_인플방문후기_요요없는_260220,1858358875899090,2603_다이트_전환캠페인,1858358875902162,2603_DB 전환_서울,2026-03-03 01:28:21,2026-04-15 19:13:52,,,SINGLE_VIDEO,다이트한의원,,,7611850321656368146,,7612859081228880903,a00d3f86-d1f6-5187-a4b9-c096bec78c8c,BC_AUTH_TT,"[""tos-alisg-p-0051c001-sg/61109cf3932ddeb923031a47a4c7c373""]",v10033g50000d6j3dgvog65k171dlu3g,DISABLE,AD_STATUS_CAMPAIGN_DISABLE,True,display_card
1858601502339202,(재)_서울_인플방문후기_맘껏 먹는 다이어트_260220,1858358875899090,2603_다이트_전환캠페인,1858358875902162,2603_DB 전환_서울,2026-03-03 01:28:21,2026-04-15 19:13:52,,,SINGLE_VIDEO,다이트한의원,,,7611850321656368146,,7612858958184713223,a00d3f86-d1f6-5187-a4b9-c096bec78c8c,BC_AUTH_TT,"[""tos-alisg-p-0051c001-sg/63c07abc2766f03fcba60e3df66357e0""]",v10033g50000d6j3clvog65lb8cc84kg,DISABLE,AD_STATUS_CAMPAIGN_DISABLE,True,display_card
1858362479795266,"(신)_일산_의료진정보_다이어트의 적!밥,빵,면_251208",1858358875899090,2603_다이트_전환캠페인,1858358889558465,2603_DB 전환_일산,2026-02-28 09:59:26,2026-04-15 19:13:51,,,SINGLE_VIDEO,다이트한의원,,,7611850321656368146,,7611853303151856647,a00d3f86-d1f6-5187-a4b9-c096bec78c8c,BC_AUTH_TT,"[""tos-alisg-p-0051c001-sg/o8RfIy5GAGIIrAZgoHFCeL4j7DgklQ9GbD5e2C""]",v10033g50000d3p1usnog65oorrtbsq0,DISABLE,AD_STATUS_CAMPAIGN_DISABLE,True,display_card
1858362479794226,(신)_일산_의료진정보_주사형비만치료제 10년은_260116,1858358875899090,2603_다이트_전환캠페인,1858358889558465,2603_DB 전환_일산,2026-02-28 09:59:26,2026-04-15 19:13:51,,,SINGLE_VIDEO,다이트한의원,,,7611850321656368146,,7611853303151873031,a00d3f86-d1f6-5187-a4b9-c096bec78c8c,BC_AUTH_TT,"[""tos-alisg-p-0051c001-sg/oEJpB9KAOADeBNzvgEFWosQDMfRAMrrEBDBWiI""]",v10033g50000d6hb537og65u4k80o0b0,DISABLE,AD_STATUS_CAMPAIGN_DISABLE,True,display_card
1858362479794210,(신)_일산_진료셀프캠_주사형 비만치료제보다 더중요한이것_260120,1858358875899090,2603_다이트_전환캠페인,1858358889558465,2603_DB 전환_일산,2026-02-28 09:59:26,2026-04-15 18:58:54,,,SINGLE_VIDEO,다이트한의원,,,7611850321656368146,,7611853303151889415,a00d3f86-d1f6-5187-a4b9-c096bec78c8c,BC_AUTH_TT,"[""tos-alisg-p-0051c001-sg/o4pFQlAoOBNIHAFNpBMQb12B1gDLg8fcw9fDEE""]",v10033g50000d607ujnog65kq3cmc6h0,DISABLE,AD_STATUS_CAMPAIGN_DISABLE,True,display_card
1858362316758178,(신)_대구_인플방문후기_먹으면서 다이어트(대읽남)_251017,1858358875899090,2603_다이트_전환캠페인,1858358889560225,2603_DB 전환_대구,2026-02-28 10:02:41,2026-04-15 19:13:51,,,SINGLE_VIDEO,다이트한의원,,,7611850321656368146,,7611854287638907922,a00d3f86-d1f6-5187-a4b9-c096bec78c8c,BC_AUTH_TT,"[""tos-alisg-p-0051c001-sg/c8ab25146178fe8cc402d71dd0b0d19a""]",v10033g50000d5561vvog65o6n75m8n0,DISABLE,AD_STATUS_CAMPAIGN_DISABLE,True,display_card
1858362316758162,(신)_대구_진료셀프캠_주사형 비만치료제보다 더중요한이것_260120,1858358875899090,2603_다이트_전환캠페인,1858358889560225,2603_DB 전환_대구,2026-02-28 10:02:41,2026-04-15 18:58:54,,,SINGLE_VIDEO,다이트한의원,,,7611850321656368146,,7611854287638924306,a00d3f86-d1f6-5187-a4b9-c096bec78c8c,BC_AUTH_TT,"[""tos-alisg-p-0051c001-sg/o4pFQlAoOBNIHAFNpBMQb12B1gDLg8fcw9fDEE""]",v10033g50000d607ujnog65kq3cmc6h0,DISABLE,AD_STATUS_CAMPAIGN_DISABLE,True,display_card
1858361825289377,"(신)_서울_의료진정보_다이어트의 적!밥,빵,면_251020",1858358875899090,2603_다이트_전환캠페인,1858358875902162,2603_DB 전환_서울,2026-02-28 09:52:13,2026-04-15 19:13:51,,,SINGLE_VIDEO,다이트한의원,,,7611850810452675592,,7611851490168196114,a00d3f86-d1f6-5187-a4b9-c096bec78c8c,BC_AUTH_TT,"[""tos-alisg-p-0051c001-sg/o8RfIy5GAGIIrAZgoHFCeL4j7DgklQ9GbD5e2C""]",v10033g50000d3p1usnog65oorrtbsq0,DISABLE,AD_STATUS_CAMPAIGN_DISABLE,True,display_card
1858361825289361,(신)_서울_의료진정보_주사형비만치료제 10년은_260116,1858358875899090,2603_다이트_전환캠페인,1858358875902162,2603_DB 전환_서울,2026-02-28 09:52:13,2026-04-15 19:13:52,,,SINGLE_VIDEO,다이트한의원,,,7611850321656368146,,7611851490168212498,a00d3f86-d1f6-5187-a4b9-c096bec78c8c,BC_AUTH_TT,"[""tos-alisg-p-0051c001-sg/oEJpB9KAOADeBNzvgEFWosQDMfRAMrrEBDBWiI""]",v10033g50000d6hb537og65u4k80o0b0,DISABLE,AD_STATUS_CAMPAIGN_DISABLE,True,display_card
1858361825289345,(신)_서울_진료셀프캠_주사형 비만치료제보다 더중요한이것_26120,1858358875899090,2603_다이트_전환캠페인,1858358875902162,2603_DB 전환_서울,2026-02-28 09:52:13,2026-04-15 18:58:56,,,SINGLE_VIDEO,다이트한의원,,,7611850321656368146,,7611851490168228882,a00d3f86-d1f6-5187-a4b9-c096bec78c8c,BC_AUTH_TT,"[""tos-alisg-p-0051c001-sg/e3794c97214089768268c621c6dc494d""]",v10033g50000d607ujnog65kq3cmc6h0,DISABLE,AD_STATUS_CAMPAIGN_DISABLE,True,display_card
1858358889565745,(신)_천안_진료셀프캠_다이어트 빼는 게 아니라 찾는 것_260123,1858358875899090,2603_다이트_전환캠페인,1858358889563569,2603_DB 전환_천안,2026-02-28 09:26:33,2026-04-15 19:13:53,,,SINGLE_VIDEO,다이트한의원,,,7611854813252979730,,7611855044857678866,a00d3f86-d1f6-5187-a4b9-c096bec78c8c,BC_AUTH_TT,"[""tos-alisg-p-0051c001-sg/891309a6c5bae3a86595117f8761288e""]",v10033g50000d6hb7mnog65oe0r3a3sg,DISABLE,AD_STATUS_CAMPAIGN_DISABLE,True,display_card
1858358889565697,(신)_천안_진료셀프캠_주사형 비만치료제보다 더중요한이것_260120,1858358875899090,2603_다이트_전환캠페인,1858358889563569,2603_DB 전환_천안,2026-02-28 09:26:33,2026-04-15 18:58:55,,,SINGLE_VIDEO,다이트한의원,,,7611854678083669000,,7613573442599734280,a00d3f86-d1f6-5187-a4b9-c096bec78c8c,BC_AUTH_TT,"[""tos-alisg-p-0051c001-sg/50ab7e526be7be4a474f832271e6ca4c""]",v10033g50000d607ujnog65kq3cmc6h0,DISABLE,AD_STATUS_CAMPAIGN_DISABLE,True,display_card
1858358889564625,(재)_천안_인플방문후기_체지방만쏙빼는(부산잇츠)_260220,1858358875899090,2603_다이트_전환캠페인,1858358889563569,2603_DB 전환_천안,2026-02-28 09:26:33,2026-04-15 19:13:52,,,SINGLE_VIDEO,다이트한의원,,,7611854722491796498,,7611854865282698247,a00d3f86-d1f6-5187-a4b9-c096bec78c8c,BC_AUTH_TT,"[""tos-alisg-p-0051c001-sg/bed499a4b7e153e9e81e3831db12640c""]",v10033g50000d6bvjuvog65jcn1doibg,DISABLE,AD_STATUS_CAMPAIGN_DISABLE,True,display_card
1858358889564609,(재)_천안_진료셀프캠_주사형비만치료제 고민끝에 40대부부 -32kg_260225,1858358875899090,2603_다이트_전환캠페인,1858358889563569,2603_DB 전환_천안,2026-02-28 09:26:33,2026-04-15 19:13:52,,,SINGLE_VIDEO,다이트한의원,,,7611854586269633543,,7611854802347150343,a00d3f86-d1f6-5187-a4b9-c096bec78c8c,BC_AUTH_TT,"[""tos-alisg-p-0051c001-sg/a80273c92558efc3d15b34c875fc2d61""]",v10033g50000d6fa2inog65sot0lh9fg,DISABLE,AD_STATUS_CAMPAIGN_DISABLE,True,display_card
1858358889560241,(재)_대구_인플방문후기_체지방만쏙빼는(부산잇츠)_260220,1858358875899090,2603_다이트_전환캠페인,1858358889560225,2603_DB 전환_대구,2026-02-28 09:11:20,2026-04-15 19:13:51,,,SINGLE_VIDEO,다이트한의원,,,7611853210643778568,,7611853637035379719,a00d3f86-d1f6-5187-a4b9-c096bec78c8c,BC_AUTH_TT,"[""tos-alisg-p-0051c001-sg/o0fTCvlBE7gF40eA2AtILuyIbn4WDDGmGfRQkg""]",v10033g50000d6bvjuvog65jcn1doibg,DISABLE,AD_STATUS_CAMPAIGN_DISABLE,True,display_card
1858358889558481,(재)_일산_진료셀프캠_주사형비만치료제 고민끝에 40대부부 -32kg_260225,1858358875899090,2603_다이트_전환캠페인,1858358889558465,2603_DB 전환_일산,2026-02-28 09:11:14,2026-04-15 19:13:51,,,SINGLE_VIDEO,다이트한의원,,,7611852246893431816,,7611852593580575762,a00d3f86-d1f6-5187-a4b9-c096bec78c8c,BC_AUTH_TT,"[""tos-alisg-p-0051c001-sg/oUQoVCyeTUDB0lVeCzLIAKGVGPAbkGAQIHeigU""]",v10033g50000d6fa2inog65sot0lh9fg,DISABLE,AD_STATUS_CAMPAIGN_DISABLE,True,display_card
1858358889557249,(신)_수원_의료진정보_주사형비만치료제 10년은_260116,1858358875899090,2603_다이트_전환캠페인,1858358889554001,2603_DB 전환_수원,2026-02-28 09:25:01,2026-04-15 19:13:55,,,SINGLE_VIDEO,다이트한의원,,,7611852188491435016,,7611852446670834695,a00d3f86-d1f6-5187-a4b9-c096bec78c8c,BC_AUTH_TT,"[""tos-alisg-p-0051c001-sg/oEJpB9KAOADeBNzvgEFWosQDMfRAMrrEBDBWiI""]",v10033g50000d6hb537og65u4k80o0b0,DISABLE,AD_STATUS_CAMPAIGN_DISABLE,True,display_card
1858358889554033,(재)_수원_인플방문후기_체지방만쏙빼는(부산잇츠)_260220,1858358875899090,2603_다이트_전환캠페인,1858358889554001,2603_DB 전환_수원,2026-02-28 09:25:01,2026-04-15 19:13:54,,,SINGLE_VIDEO,다이트한의원,,,7611852016282274823,,7611852469613775890,a00d3f86-d1f6-5187-a4b9-c096bec78c8c,BC_AUTH_TT,"[""tos-alisg-p-0051c001-sg/o0fTCvlBE7gF40eA2AtILuyIbn4WDDGmGfRQkg""]",v10033g50000d6bvjuvog65jcn1doibg,DISABLE,AD_STATUS_CAMPAIGN_DISABLE,True,display_card
1858358889554017,(재)_수원_진료셀프캠_주사형비만치료제 고민끝에 50대부부 -32kg_260225,1858358875899090,2603_다이트_전환캠페인,1858358889554001,2603_DB 전환_수원,2026-02-28 09:25:01,2026-04-15 19:13:54,,,SINGLE_VIDEO,다이트한의원,,,7611851995943341074,,7611852212964166664,a00d3f86-d1f6-5187-a4b9-c096bec78c8c,BC_AUTH_TT,"[""tos-alisg-p-0051c001-sg/c67058f2d87a62c2fd6934d8a49b058d""]",v10033g50000d6fa337og65qk4q7p8h0,DISABLE,AD_STATUS_CAMPAIGN_DISABLE,True,display_card
1858358889552897,(신)_부평_진료셀프캠_주사형 비만치료제보다 더중요한이것_260120,1858358875899090,2603_다이트_전환캠페인,1858358875905122,2603_DB 전환_부평,2026-02-28 09:11:02,2026-04-15 18:58:59,,,SINGLE_VIDEO,다이트한의원,,,7611851908722297864,,7611852128394513426,a00d3f86-d1f6-5187-a4b9-c096bec78c8c,BC_AUTH_TT,"[""tos-alisg-p-0051c001-sg/o4pFQlAoOBNIHAFNpBMQb12B1gDLg8fcw9fDEE""]",v10033g50000d607ujnog65kq3cmc6h0,DISABLE,AD_STATUS_CAMPAIGN_DISABLE,True,display_card
1858358889552321,(재)_부평_인플방문후기_체지방만쏙빼는(부산잇츠)_260220,1858358875899090,2603_다이트_전환캠페인,1858358875905122,2603_DB 전환_부평,2026-02-28 09:11:02,2026-04-15 19:13:54,,,SINGLE_VIDEO,다이트한의원,,,7611851644302003208,,7611851981459606546,a00d3f86-d1f6-5187-a4b9-c096bec78c8c,BC_AUTH_TT,"[""tos-alisg-p-0051c001-sg/o0fTCvlBE7gF40eA2AtILuyIbn4WDDGmGfRQkg""]",v10033g50000d6bvjuvog65jcn1doibg,DISABLE,AD_STATUS_CAMPAIGN_DISABLE,True,display_card
1858358875905138,(재)_부평_진료셀프캠_주사형비만치료제 고민끝에 50대부부 -32kg_260225,1858358875899090,2603_다이트_전환캠페인,1858358875905122,2603_DB 전환_부평,2026-02-28 09:11:02,2026-04-15 19:13:54,,,SINGLE_VIDEO,다이트한의원,,,7613292426976070663,,7613293250270563346,a00d3f86-d1f6-5187-a4b9-c096bec78c8c,BC_AUTH_TT,"[""tos-alisg-p-0051c001-sg/c67058f2d87a62c2fd6934d8a49b058d""]",v10033g50000d6fa337og65qk4q7p8h0,DISABLE,AD_STATUS_CAMPAIGN_DISABLE,True,display_card
1858358875899970,(재)_창원_인플방문후기_체지방만쏙빼는(부산잇츠)_260220,1858358875899090,2603_다이트_전환캠페인,1858358875899106,2603_DB 전환_창원,2026-02-28 09:10:56,2026-04-15 19:13:55,,,SINGLE_VIDEO,다이트한의원,,,7611854502790138898,,7611854633442511890,a00d3f86-d1f6-5187-a4b9-c096bec78c8c,BC_AUTH_TT,"[""tos-alisg-p-0051c001-sg/o0fTCvlBE7gF40eA2AtILuyIbn4WDDGmGfRQkg""]",v10033g50000d6bvjuvog65jcn1doibg,DISABLE,AD_STATUS_CAMPAIGN_DISABLE,True,display_card
1858358875899122,(재)_창원_진료셀프캠_주사형비만치료제 고민끝에 -32kg 가능했던_260225,1858358875899090,2603_다이트_전환캠페인,1858358875899106,2603_DB 전환_창원,2026-02-28 09:10:56,2026-04-15 19:13:57,,,SINGLE_VIDEO,다이트한의원,,,7611854288558099474,,7611854406321032199,a00d3f86-d1f6-5187-a4b9-c096bec78c8c,BC_AUTH_TT,"[""tos-alisg-p-0051c001-sg/fb88feb62ec5cf7505659a93401bb8ff""]",v10033g50000d6fakk7og65k6vvjnq70,DISABLE,AD_STATUS_CAMPAIGN_DISABLE,True,display_card
1858084371013634,(재)_창원_진료셀프캠_주사형비만치료제 고민끝에 -32kg 가능했던_260225,1856009313309921,2602_다이트_전환캠페인,1856009313309937,2602_DB 전환_창원,2026-02-25 08:16:57,2026-02-26 08:39:46,,,SINGLE_VIDEO,다이트한의원,,,,,7611090706265951250,a00d3f86-d1f6-5187-a4b9-c096bec78c8c,BC_AUTH_TT,"[""tos-alisg-p-0051c001-sg/fb88feb62ec5cf7505659a93401bb8ff""]",v10033g50000d6fakk7og65k6vvjnq70,ENABLE,AD_STATUS_CAMPAIGN_DISABLE,False,
1858084260708465,(재)_천안_진료셀프캠_주사형비만치료제 고민끝에 40대부부 -32kg_260225,1856009313309921,2602_다이트_전환캠페인,1856012116691025,2602_DB 전환_천안,2026-02-25 08:16:59,2026-02-26 08:39:27,,,SINGLE_VIDEO,다이트한의원,,,,,7611090708585368583,a00d3f86-d1f6-5187-a4b9-c096bec78c8c,BC_AUTH_TT,"[""tos-alisg-p-0051c001-sg/a80273c92558efc3d15b34c875fc2d61""]",v10033g50000d6fa2inog65sot0lh9fg,ENABLE,AD_STATUS_CAMPAIGN_DISABLE,False,
1858083747818562,(재)_일산_진료셀프캠_주사형비만치료제 고민끝에 40대부부 -32kg_260225,1856009313309921,2602_다이트_전환캠페인,1856011598448674,2602_DB 전환_일산,2026-02-25 08:07:31,2026-02-26 08:40:03,,,SINGLE_VIDEO,다이트한의원,,,,,7611090803393317896,a00d3f86-d1f6-5187-a4b9-c096bec78c8c,BC_AUTH_TT,"[""tos-alisg-p-0051c001-sg/oUQoVCyeTUDB0lVeCzLIAKGVGPAbkGAQIHeigU""]",v10033g50000d6fa2inog65sot0lh9fg,ENABLE,AD_STATUS_CAMPAIGN_DISABLE,False,
1858081862078609,(재)_수원_진료셀프캠_주사형비만치료제 고민끝에 50대부부 -32kg_260225,1856009313309921,2602_다이트_전환캠페인,1856011253734401,2602_DB 전환_수원,2026-02-25 07:39:15,2026-02-26 08:40:18,,,SINGLE_VIDEO,다이트한의원,,,,,7611090855402671112,a00d3f86-d1f6-5187-a4b9-c096bec78c8c,BC_AUTH_TT,"[""tos-alisg-p-0051c001-sg/c67058f2d87a62c2fd6934d8a49b058d""]",v10033g50000d6fa337og65qk4q7p8h0,ENABLE,AD_STATUS_CAMPAIGN_DISABLE,False,
1858081738557522,(재)_부평_진료셀프캠_주사형비만치료제 고민끝에 50대부부 -32kg_260225,1856009313309921,2602_다이트_전환캠페인,1856010851354865,2602_DB 전환_부평,2026-02-25 07:39:12,2026-02-26 08:40:34,,,SINGLE_VIDEO,다이트한의원,,,,,7611090966014970898,a00d3f86-d1f6-5187-a4b9-c096bec78c8c,BC_AUTH_TT,"[""tos-alisg-p-0051c001-sg/c67058f2d87a62c2fd6934d8a49b058d""]",v10033g50000d6fa337og65qk4q7p8h0,ENABLE,AD_STATUS_CAMPAIGN_DISABLE,False,
1857623610157089,(재)_대구_인플방문후기_체지방만쏙빼는(부산잇츠)_260220,1856009313309921,2602_다이트_전환캠페인,1856011845553170,2602_DB 전환_대구,2026-02-20 06:14:37,2026-02-26 08:41:06,,,SINGLE_VIDEO,다이트한의원,,,,,7611091090141219858,a00d3f86-d1f6-5187-a4b9-c096bec78c8c,BC_AUTH_TT,"[""tos-alisg-p-0051c001-sg/o0fTCvlBE7gF40eA2AtILuyIbn4WDDGmGfRQkg""]",v10033g50000d6bvjuvog65jcn1doibg,ENABLE,AD_STATUS_CAMPAIGN_DISABLE,False,
1857623609865281,(재)_일산_인플방문후기_체지방만쏙빼는(부산잇츠)_260220,1856009313309921,2602_다이트_전환캠페인,1856011598448674,2602_DB 전환_일산,2026-02-20 06:14:34,2026-02-26 08:41:22,,,SINGLE_VIDEO,다이트한의원,,,,,7611091137771736072,a00d3f86-d1f6-5187-a4b9-c096bec78c8c,BC_AUTH_TT,"[""tos-alisg-p-0051c001-sg/o0fTCvlBE7gF40eA2AtILuyIbn4WDDGmGfRQkg""]",v10033g50000d6bvjuvog65jcn1doibg,ENABLE,AD_STATUS_CAMPAIGN_DISABLE,False,
1857623524110338,(재)_수원_인플방문후기_체지방만쏙빼는(부산잇츠)_260220,1856009313309921,2602_다이트_전환캠페인,1856011253734401,2602_DB 전환_수원,2026-02-20 06:14:31,2026-02-26 08:41:40,,,SINGLE_VIDEO,다이트한의원,,,,,7611091197167291400,a00d3f86-d1f6-5187-a4b9-c096bec78c8c,BC_AUTH_TT,"[""tos-alisg-p-0051c001-sg/o0fTCvlBE7gF40eA2AtILuyIbn4WDDGmGfRQkg""]",v10033g50000d6bvjuvog65jcn1doibg,ENABLE,AD_STATUS_CAMPAIGN_DISABLE,False,
1857623456648194,(재)_서울_인플방문후기_체지방만쏙빼는(부산잇츠)_260220,1856009313309921,2602_다이트_전환캠페인,1856010540141697,2602_DB 전환_서울,2026-02-20 06:14:26,2026-02-26 08:42:18,,,SINGLE_VIDEO,다이트한의원,,,,,7611091381385219080,a00d3f86-d1f6-5187-a4b9-c096bec78c8c,BC_AUTH_TT,"[""tos-alisg-p-0051c001-sg/o0fTCvlBE7gF40eA2AtILuyIbn4WDDGmGfRQkg""]",v10033g50000d6bvjuvog65jcn1doibg,ENABLE,AD_STATUS_CAMPAIGN_DISABLE,False,
1857623431467058,(재)_부평_인플방문후기_체지방만쏙빼는(부산잇츠)_260220,1856009313309921,2602_다이트_전환캠페인,1856010851354865,2602_DB 전환_부평,2026-02-20 06:14:29,2026-02-26 08:42:00,,,SINGLE_VIDEO,다이트한의원,,,,,7611091381389429768,a00d3f86-d1f6-5187-a4b9-c096bec78c8c,BC_AUTH_TT,"[""tos-alisg-p-0051c001-sg/o0fTCvlBE7gF40eA2AtILuyIbn4WDDGmGfRQkg""]",v10033g50000d6bvjuvog65jcn1doibg,ENABLE,AD_STATUS_CAMPAIGN_DISABLE,False,
1857623334895634,(재)_창원_인플방문후기_체지방만쏙빼는(부산잇츠)_260220,1856009313309921,2602_다이트_전환캠페인,1856009313309937,2602_DB 전환_창원,2026-02-20 06:14:24,2026-02-26 08:42:36,,,SINGLE_VIDEO,다이트한의원,,,,,7611091476998638599,a00d3f86-d1f6-5187-a4b9-c096bec78c8c,BC_AUTH_TT,"[""tos-alisg-p-0051c001-sg/o0fTCvlBE7gF40eA2AtILuyIbn4WDDGmGfRQkg""]",v10033g50000d6bvjuvog65jcn1doibg,ENABLE,AD_STATUS_CAMPAIGN_DISABLE,False,
1857623149298785,(재)_천안_인플방문후기_체지방만쏙빼는(부산잇츠)_260220,1856009313309921,2602_다이트_전환캠페인,1856012116691025,2602_DB 전환_천안,2026-02-20 06:14:39,2026-02-26 08:40:48,,,SINGLE_VIDEO,다이트한의원,,,,,7611090974122494983,a00d3f86-d1f6-5187-a4b9-c096bec78c8c,BC_AUTH_TT,"[""tos-alisg-p-0051c001-sg/bed499a4b7e153e9e81e3831db12640c""]",v10033g50000d6bvjuvog65jcn1doibg,ENABLE,AD_STATUS_CAMPAIGN_DISABLE,False,
1856982408909874,(신)_천안_의료진정보_주사형비만치료제맞고 한의원찾아오신_260211,1856009313309921,2602_다이트_전환캠페인,1856012116691025,2602_DB 전환_천안,2026-02-13 04:27:13,2026-02-25 08:36:10,,,SINGLE_VIDEO,다이트한의원,,,,,7606201588603997202,a00d3f86-d1f6-5187-a4b9-c096bec78c8c,BC_AUTH_TT,"[""tos-alisg-p-0051c001-sg/o0gMTGFjecXJGCEZewNDIpzAQIgsxcRQfA8XbJ""]",v10033g50000d664javog65sdjuskn0g,DISABLE,AD_STATUS_CAMPAIGN_DISABLE,False,
1856982344257569,(재)_천안_진료셀프캠_명절음식 급찐살 칼로리 문제가 아닙니다_260211,1856009313309921,2602_다이트_전환캠페인,1856012116691025,2602_DB 전환_천안,2026-02-13 04:27:13,2026-02-25 08:36:11,,,SINGLE_VIDEO,다이트한의원,,,,,7606201588604062738,a00d3f86-d1f6-5187-a4b9-c096bec78c8c,BC_AUTH_TT,"[""tos-alisg-p-0051c001-sg/ff570a7bed193952eebc89930ddeb07c""]",v10033g50000d664kcvog65rv8ag83d0,DISABLE,AD_STATUS_CAMPAIGN_DISABLE,False,
1856982238544002,(재)_일산_진료셀프캠_명절음식 급찐살 칼로리 문제가 아닙니다_260211,1856009313309921,2602_다이트_전환캠페인,1856011598448674,2602_DB 전환_일산,2026-02-13 04:27:07,2026-02-25 08:27:15,,,SINGLE_VIDEO,다이트한의원,,,,,7606201589405076488,a00d3f86-d1f6-5187-a4b9-c096bec78c8c,BC_AUTH_TT,"[""tos-alisg-p-0051c001-sg/ff570a7bed193952eebc89930ddeb07c""]",v10033g50000d664kcvog65rv8ag83d0,DISABLE,AD_STATUS_CAMPAIGN_DISABLE,False,
1856982088684753,(재)_수원_진료셀프캠_명절음식 급찐살 칼로리 문제가 아닙니다_260211,1856009313309921,2602_다이트_전환캠페인,1856011253734401,2602_DB 전환_수원,2026-02-13 04:27:03,2026-02-25 08:26:08,,,SINGLE_VIDEO,다이트한의원,,,,,7606201589405158408,a00d3f86-d1f6-5187-a4b9-c096bec78c8c,BC_AUTH_TT,"[""tos-alisg-p-0051c001-sg/ff570a7bed193952eebc89930ddeb07c""]",v10033g50000d664kcvog65rv8ag83d0,DISABLE,AD_STATUS_CAMPAIGN_DISABLE,False,
1856982027241730,(신)_부평_의료진정보_주사형비만치료제맞고 한의원찾아오신_260211,1856009313309921,2602_다이트_전환캠페인,1856010851354865,2602_DB 전환_부평,2026-02-13 04:27:00,2026-02-26 08:43:54,,,SINGLE_VIDEO,다이트한의원,,,,,7611091742221274130,a00d3f86-d1f6-5187-a4b9-c096bec78c8c,BC_AUTH_TT,"[""tos-alisg-p-0051c001-sg/o0gMTGFjecXJGCEZewNDIpzAQIgsxcRQfA8XbJ""]",v10033g50000d664javog65sdjuskn0g,ENABLE,AD_STATUS_CAMPAIGN_DISABLE,False,
1856982021926930,(재)_수원_의료진정보_다이어트는 왜 항상 요요로 끝날까_260211,1856009313309921,2602_다이트_전환캠페인,1856011253734401,2602_DB 전환_수원,2026-02-13 04:27:03,2026-02-25 08:26:07,,,SINGLE_VIDEO,다이트한의원,,,,,7606201589405191176,a00d3f86-d1f6-5187-a4b9-c096bec78c8c,BC_AUTH_TT,"[""tos-alisg-p-0051c001-sg/oQnGaE6DAukCKfkFfJTbDCA8IsYFeGQWJZD8sg""]",v10033g50000d664vmfog65ub0kl4neg,DISABLE,AD_STATUS_CAMPAIGN_DISABLE,False,
1856981977978097,(재)_부평_진료셀프캠_명절음식 급찐살 칼로리 문제가 아닙니다_260211,1856009313309921,2602_다이트_전환캠페인,1856010851354865,2602_DB 전환_부평,2026-02-13 04:27:00,2026-02-25 08:26:08,,,SINGLE_VIDEO,다이트한의원,,,,,7606201588604095506,a00d3f86-d1f6-5187-a4b9-c096bec78c8c,BC_AUTH_TT,"[""tos-alisg-p-0051c001-sg/ff570a7bed193952eebc89930ddeb07c""]",v10033g50000d664kcvog65rv8ag83d0,DISABLE,AD_STATUS_CAMPAIGN_DISABLE,False,
1856981958008962,(재)_부평_의료진정보_다이어트는 왜 항상 요요로 끝날까_260211,1856009313309921,2602_다이트_전환캠페인,1856010851354865,2602_DB 전환_부평,2026-02-13 04:27:00,2026-02-25 08:26:09,,,SINGLE_VIDEO,다이트한의원,,,,,7606201588603980818,a00d3f86-d1f6-5187-a4b9-c096bec78c8c,BC_AUTH_TT,"[""tos-alisg-p-0051c001-sg/oQnGaE6DAukCKfkFfJTbDCA8IsYFeGQWJZD8sg""]",v10033g50000d664vmfog65ub0kl4neg,DISABLE,AD_STATUS_CAMPAIGN_DISABLE,False,
1856981795194913,(신)_서울_의료진정보_주사형비만치료제맞고 한의원찾아오신_260211,1856009313309921,2602_다이트_전환캠페인,1856010540141697,2602_DB 전환_서울,2026-02-13 04:26:57,2026-02-26 08:44:19,,,SINGLE_VIDEO,다이트한의원,,,,,7611091779009530888,a00d3f86-d1f6-5187-a4b9-c096bec78c8c,BC_AUTH_TT,"[""tos-alisg-p-0051c001-sg/o0gMTGFjecXJGCEZewNDIpzAQIgsxcRQfA8XbJ""]",v10033g50000d664javog65sdjuskn0g,ENABLE,AD_STATUS_CAMPAIGN_DISABLE,False,
1856981770969330,(신)_서울_진료셀프캠_명절음식 급찐살 칼로리 문제가 아닙니다_260211,1856009313309921,2602_다이트_전환캠페인,1856010540141697,2602_DB 전환_서울,2026-02-13 04:26:57,2026-02-20 07:17:00,,,SINGLE_VIDEO,다이트한의원,,,,,7606201588604046354,a00d3f86-d1f6-5187-a4b9-c096bec78c8c,BC_AUTH_TT,"[""tos-alisg-p-0051c001-sg/owDMzeoEFhNUBIZEkBFpASODgaQlZBMjfEjDE3""]",v10033g50000d664kcvog65rv8ag83d0,DISABLE,AD_STATUS_CAMPAIGN_DISABLE,False,
1856981736803329,(신)_창원_의료진정보_주사형비만치료제맞고 한의원찾아오신_260211,1856009313309921,2602_다이트_전환캠페인,1856009313309937,2602_DB 전환_창원,2026-02-13 04:26:54,2026-02-26 08:44:38,,,SINGLE_VIDEO,다이트한의원,,,,,7611091972379495432,a00d3f86-d1f6-5187-a4b9-c096bec78c8c,BC_AUTH_TT,"[""tos-alisg-p-0051c001-sg/o0gMTGFjecXJGCEZewNDIpzAQIgsxcRQfA8XbJ""]",v10033g50000d664javog65sdjuskn0g,ENABLE,AD_STATUS_CAMPAIGN_DISABLE,False,
1856981696472417,(재)_창원_진료셀프캠_명절음식 급찐살 칼로리 문제가 아닙니다_260211,1856009313309921,2602_다이트_전환캠페인,1856009313309937,2602_DB 전환_창원,2026-02-13 04:26:54,2026-02-25 08:37:18,,,SINGLE_VIDEO,다이트한의원,,,,,7606201588604029970,a00d3f86-d1f6-5187-a4b9-c096bec78c8c,BC_AUTH_TT,"[""tos-alisg-p-0051c001-sg/ff570a7bed193952eebc89930ddeb07c""]",v10033g50000d664kcvog65rv8ag83d0,DISABLE,AD_STATUS_CAMPAIGN_DISABLE,False,
1856981579719681,(신)_수원_의료진정보_주사형비만치료제맞고 한의원찾아오신_260211,1856009313309921,2602_다이트_전환캠페인,1856011253734401,2602_DB 전환_수원,2026-02-13 04:27:03,2026-02-26 08:43:26,,,SINGLE_VIDEO,다이트한의원,,,,,7611091628358437906,a00d3f86-d1f6-5187-a4b9-c096bec78c8c,BC_AUTH_TT,"[""tos-alisg-p-0051c001-sg/o0gMTGFjecXJGCEZewNDIpzAQIgsxcRQfA8XbJ""]",v10033g50000d664javog65sdjuskn0g,ENABLE,AD_STATUS_CAMPAIGN_DISABLE,False,
1856981572423681,(신)_일산_의료진정보_주사형비만치료제맞고 한의원찾아오신_260211,1856009313309921,2602_다이트_전환캠페인,1856011598448674,2602_DB 전환_일산,2026-02-13 04:27:07,2026-02-25 08:27:15,,,SINGLE_VIDEO,다이트한의원,,,,,7606201589405060104,a00d3f86-d1f6-5187-a4b9-c096bec78c8c,BC_AUTH_TT,"[""tos-alisg-p-0051c001-sg/o0gMTGFjecXJGCEZewNDIpzAQIgsxcRQfA8XbJ""]",v10033g50000d664javog65sdjuskn0g,DISABLE,AD_STATUS_CAMPAIGN_DISABLE,False,
1856981455294610,(재)_대구_진료셀프캠_명절음식 급찐살 칼로리 문제가 아닙니다_260211,1856009313309921,2602_다이트_전환캠페인,1856011845553170,2602_DB 전환_대구,2026-02-13 04:27:09,2026-02-20 07:16:42,,,SINGLE_VIDEO,다이트한의원,,,,,7606201589405207560,a00d3f86-d1f6-5187-a4b9-c096bec78c8c,BC_AUTH_TT,"[""tos-alisg-p-0051c001-sg/owDMzeoEFhNUBIZEkBFpASODgaQlZBMjfEjDE3""]",v10033g50000d664kcvog65rv8ag83d0,DISABLE,AD_STATUS_CAMPAIGN_DISABLE,False,
1856981346306274,(신)_대구_인플방문후기_배만 볼록한 대구직장인 다이어트(쭈링)_260211,1856009313309921,2602_다이트_전환캠페인,1856011845553170,2602_DB 전환_대구,2026-02-13 04:27:09,2026-02-26 08:42:53,,,SINGLE_VIDEO,다이트한의원,,,,,7611091567264254994,a00d3f86-d1f6-5187-a4b9-c096bec78c8c,BC_AUTH_TT,"[""tos-alisg-p-0051c001-sg/owVTjOGOpeBF3zkMB6FEg4DiDjANtFwQQOflQE""]",v10033g50000d664s8nog65t3im95pjg,ENABLE,AD_STATUS_CAMPAIGN_DISABLE,False,
1856897230127169,(신)_창원_인플방문후기_끝내주는 다이어트(창원언니쓰)_260211,1856009313309921,2602_다이트_전환캠페인,1856009313309937,2602_DB 전환_창원,2026-02-12 05:47:43,2026-02-26 08:45:00,,,SINGLE_VIDEO,다이트한의원,,,,,7611091996945550343,51d2b4a0-ca68-507f-baff-e7d3b1f1a70c,TT_USER,,,ENABLE,AD_STATUS_CAMPAIGN_DISABLE,False,
1856012116692065,(신)_천안_진료셀프캠_주사형 비만치료제보다 더중요한이것_260120,1856009313309921,2602_다이트_전환캠페인,1856012116691025,2602_DB 전환_천안,2026-02-02 11:31:14,2026-02-26 08:47:23,,,SINGLE_VIDEO,다이트한의원,,,,,7611092665580407826,51d2b4a0-ca68-507f-baff-e7d3b1f1a70c,TT_USER,,,ENABLE,AD_STATUS_CAMPAIGN_DISABLE,False,
1856012116692049,(신)_천안_의료진정보_주사형비만치료제 10년은_260116,1856009313309921,2602_다이트_전환캠페인,1856012116691025,2602_DB 전환_천안,2026-02-02 11:31:14,2026-02-26 08:48:00,,,SINGLE_VIDEO,다이트한의원,,,,,7611092860129004562,51d2b4a0-ca68-507f-baff-e7d3b1f1a70c,TT_USER,,,ENABLE,AD_STATUS_CAMPAIGN_DISABLE,False,
1856012116692033,(신)_천안_진료셀프캠_살빼라고했지 적게 먹으라곤_260120,1856009313309921,2602_다이트_전환캠페인,1856012116691025,2602_DB 전환_천안,2026-02-02 11:31:14,2026-02-25 08:36:08,,,SINGLE_VIDEO,다이트한의원,,,,,7605838162442636295,51d2b4a0-ca68-507f-baff-e7d3b1f1a70c,TT_USER,,,DISABLE,AD_STATUS_CAMPAIGN_DISABLE,False,
1856012116691057,(신)_천안_진료셀프캠_다이어트 빼는 게 아니라 찾는 것_260123,1856009313309921,2602_다이트_전환캠페인,1856012116691025,2602_DB 전환_천안,2026-02-02 11:31:14,2026-02-26 08:48:32,,,SINGLE_VIDEO,다이트한의원,,,,,7611092942433881095,51d2b4a0-ca68-507f-baff-e7d3b1f1a70c,TT_USER,,,ENABLE,AD_STATUS_CAMPAIGN_DISABLE,False,
1856012116691041,(신)_천안_진료셀프캠_비교하는 순간 다이어트는 실패_260123,1856009313309921,2602_다이트_전환캠페인,1856012116691025,2602_DB 전환_천안,2026-02-02 11:31:14,2026-02-25 08:36:07,,,SINGLE_VIDEO,다이트한의원,,,,,7605837915964443655,51d2b4a0-ca68-507f-baff-e7d3b1f1a70c,TT_USER,,,DISABLE,AD_STATUS_CAMPAIGN_DISABLE,False,
1856011845555234,(신)_대구_진료셀프캠_주사형 비만치료제보다 더중요한이것_260120,1856009313309921,2602_다이트_전환캠페인,1856011845553170,2602_DB 전환_대구,2026-02-02 11:31:16,2026-02-26 08:50:18,,,SINGLE_VIDEO,다이트한의원,,,,,7611093402486180882,51d2b4a0-ca68-507f-baff-e7d3b1f1a70c,TT_USER,,,ENABLE,AD_STATUS_CAMPAIGN_DISABLE,False,
1856011845555218,(신)_대구_의료진정보_주사형비만치료제 10년은_260116,1856009313309921,2602_다이트_전환캠페인,1856011845553170,2602_DB 전환_대구,2026-02-02 11:31:16,2026-02-26 08:50:52,,,SINGLE_VIDEO,다이트한의원,,,,,7611093559185280007,51d2b4a0-ca68-507f-baff-e7d3b1f1a70c,TT_USER,,,ENABLE,AD_STATUS_CAMPAIGN_DISABLE,False,
1856011845555202,(신)_대구_진료셀프캠_살빼라고했지 적게 먹으라곤_260120,1856009313309921,2602_다이트_전환캠페인,1856011845553170,2602_DB 전환_대구,2026-02-02 11:31:16,2026-02-20 07:16:41,,,SINGLE_VIDEO,다이트한의원,,,,,7605837725920496648,51d2b4a0-ca68-507f-baff-e7d3b1f1a70c,TT_USER,,,DISABLE,AD_STATUS_CAMPAIGN_DISABLE,False,
1856011845553202,(신)_대구_진료셀프캠_다이어트 빼는 게 아니라 찾는 것_260123,1856009313309921,2602_다이트_전환캠페인,1856011845553170,2602_DB 전환_대구,2026-02-02 11:31:16,2026-02-20 07:16:41,,,SINGLE_VIDEO,다이트한의원,,,,,7605837612028382226,51d2b4a0-ca68-507f-baff-e7d3b1f1a70c,TT_USER,,,DISABLE,AD_STATUS_CAMPAIGN_DISABLE,False,
1856011845553186,(신)_대구_인플방문후기_먹으면서 다이어트(대읽남)_251017,1856009313309921,2602_다이트_전환캠페인,1856011845553170,2602_DB 전환_대구,2026-02-02 11:31:16,2026-02-26 08:51:21,,,SINGLE_VIDEO,다이트한의원,,,,,7611093706233367560,51d2b4a0-ca68-507f-baff-e7d3b1f1a70c,TT_USER,,,ENABLE,AD_STATUS_CAMPAIGN_DISABLE,False,
1856011598449714,(신)_일산_진료셀프캠_주사형 비만치료제보다 더중요한이것_260120,1856009313309921,2602_다이트_전환캠페인,1856011598448674,2602_DB 전환_일산,2026-02-02 11:31:19,2026-02-26 08:51:58,,,SINGLE_VIDEO,다이트한의원,,,,,7611093809589439495,51d2b4a0-ca68-507f-baff-e7d3b1f1a70c,TT_USER,,,ENABLE,AD_STATUS_CAMPAIGN_DISABLE,False,
1856011598449698,(신)_일산_의료진정보_주사형비만치료제 10년은_260116,1856009313309921,2602_다이트_전환캠페인,1856011598448674,2602_DB 전환_일산,2026-02-02 11:31:19,2026-02-26 08:52:23,,,SINGLE_VIDEO,다이트한의원,,,,,7611094024971209736,51d2b4a0-ca68-507f-baff-e7d3b1f1a70c,TT_USER,,,ENABLE,AD_STATUS_CAMPAIGN_DISABLE,False,
1856011598449682,(신)_일산_진료셀프캠_살빼라고했지 적게 먹으라곤_260120,1856009313309921,2602_다이트_전환캠페인,1856011598448674,2602_DB 전환_일산,2026-02-02 11:31:19,2026-02-25 08:27:15,,,SINGLE_VIDEO,다이트한의원,,,,,7605837355848600584,51d2b4a0-ca68-507f-baff-e7d3b1f1a70c,TT_USER,,,DISABLE,AD_STATUS_CAMPAIGN_DISABLE,False,
1856011598449666,(신)_일산_진료셀프캠_다이어트 빼는 게 아니라 찾는 것_260123,1856009313309921,2602_다이트_전환캠페인,1856011598448674,2602_DB 전환_일산,2026-02-02 11:31:19,2026-02-26 08:52:53,,,SINGLE_VIDEO,다이트한의원,,,,,7611094069154024466,51d2b4a0-ca68-507f-baff-e7d3b1f1a70c,TT_USER,,,ENABLE,AD_STATUS_CAMPAIGN_DISABLE,False,
1856011598448690,"(신)_일산_의료진정보_다이어트의 적!밥,빵,면_251208",1856009313309921,2602_다이트_전환캠페인,1856011598448674,2602_DB 전환_일산,2026-02-02 11:31:19,2026-02-26 08:53:32,,,SINGLE_VIDEO,다이트한의원,,,,,7611094297470848018,51d2b4a0-ca68-507f-baff-e7d3b1f1a70c,TT_USER,,,ENABLE,AD_STATUS_CAMPAIGN_DISABLE,False,
1856011253736657,(신)_수원_진료셀프캠_주사형 비만치료제보다 더중요한이것_260120,1856009313309921,2602_다이트_전환캠페인,1856011253734401,2602_DB 전환_수원,2026-02-02 11:31:22,2026-02-26 08:53:56,,,SINGLE_VIDEO,다이트한의원,,,,,7611094457433197586,a00d3f86-d1f6-5187-a4b9-c096bec78c8c,BC_AUTH_TT,"[""tos-alisg-p-0051c001-sg/o4pFQlAoOBNIHAFNpBMQb12B1gDLg8fcw9fDEE""]",v10033g50000d607ujnog65kq3cmc6h0,ENABLE,AD_STATUS_CAMPAIGN_DISABLE,False,
1856011253736641,(신)_수원_의료진정보_주사형비만치료제 10년은_260116,1856009313309921,2602_다이트_전환캠페인,1856011253734401,2602_DB 전환_수원,2026-02-02 11:31:22,2026-02-26 08:54:24,,,SINGLE_VIDEO,다이트한의원,,,,,7611094459966557202,51d2b4a0-ca68-507f-baff-e7d3b1f1a70c,TT_USER,,,ENABLE,AD_STATUS_CAMPAIGN_DISABLE,False,
1856011253734449,(신)_수원_진료셀프캠_살빼라고했지 적게 먹으라곤_260120,1856009313309921,2602_다이트_전환캠페인,1856011253734401,2602_DB 전환_수원,2026-02-02 11:31:22,2026-02-25 08:26:07,,,SINGLE_VIDEO,다이트한의원,,,,,7605836919318006802,51d2b4a0-ca68-507f-baff-e7d3b1f1a70c,TT_USER,,,DISABLE,AD_STATUS_CAMPAIGN_DISABLE,False,
1856011253734433,(신)_수원_진료셀프캠_다이어트 빼는 게 아니라 찾는 것_260123,1856009313309921,2602_다이트_전환캠페인,1856011253734401,2602_DB 전환_수원,2026-02-02 11:31:22,2026-02-25 08:26:06,,,SINGLE_VIDEO,다이트한의원,,,,,7605836921184455687,51d2b4a0-ca68-507f-baff-e7d3b1f1a70c,TT_USER,,,DISABLE,AD_STATUS_CAMPAIGN_DISABLE,False,
1856011253734417,(신)_수원_진료셀프캠_다이어트가 끝난 오늘 꼭 해주고 싶은_260123,1856009313309921,2602_다이트_전환캠페인,1856011253734401,2602_DB 전환_수원,2026-02-02 11:31:22,2026-02-25 08:26:06,,,SINGLE_VIDEO,다이트한의원,,,,,7605836836363127826,51d2b4a0-ca68-507f-baff-e7d3b1f1a70c,TT_USER,,,DISABLE,AD_STATUS_CAMPAIGN_DISABLE,False,
1856010851356865,(신)_부평_진료셀프캠_주사형 비만치료제보다 더중요한이것_260120,1856009313309921,2602_다이트_전환캠페인,1856010851354865,2602_DB 전환_부평,2026-02-02 11:31:25,2026-02-26 08:54:49,,,SINGLE_VIDEO,다이트한의원,,,,,7611094642993433607,a00d3f86-d1f6-5187-a4b9-c096bec78c8c,BC_AUTH_TT,"[""tos-alisg-p-0051c001-sg/o4pFQlAoOBNIHAFNpBMQb12B1gDLg8fcw9fDEE""]",v10033g50000d607ujnog65kq3cmc6h0,ENABLE,AD_STATUS_CAMPAIGN_DISABLE,False,
1856010851355953,(신)_부평_의료진정보_주사형비만치료제 10년은_260116,1856009313309921,2602_다이트_전환캠페인,1856010851354865,2602_DB 전환_부평,2026-02-02 11:31:25,2026-02-26 08:55:13,,,SINGLE_VIDEO,다이트한의원,,,,,7611094652065729544,51d2b4a0-ca68-507f-baff-e7d3b1f1a70c,TT_USER,,,ENABLE,AD_STATUS_CAMPAIGN_DISABLE,False,
1856010851355937,(신)_부평_진료셀프캠_살빼라고했지 적게 먹으라곤_260120,1856009313309921,2602_다이트_전환캠페인,1856010851354865,2602_DB 전환_부평,2026-02-02 11:31:25,2026-02-25 08:26:07,,,SINGLE_VIDEO,다이트한의원,,,,,7605836744788921351,51d2b4a0-ca68-507f-baff-e7d3b1f1a70c,TT_USER,,,DISABLE,AD_STATUS_CAMPAIGN_DISABLE,False,
1856010851355921,(신)_부평_진료셀프캠_다이어트 빼는 게 아니라 찾는 것_260123,1856009313309921,2602_다이트_전환캠페인,1856010851354865,2602_DB 전환_부평,2026-02-02 11:31:25,2026-02-25 08:26:08,,,SINGLE_VIDEO,다이트한의원,,,,,7605836610533362695,51d2b4a0-ca68-507f-baff-e7d3b1f1a70c,TT_USER,,,DISABLE,AD_STATUS_CAMPAIGN_DISABLE,False,
1856010851355905,"(신)_부평_진료셀프캠_50대 여성, 뱃살부터 늘어나는 이유_251208",1856009313309921,2602_다이트_전환캠페인,1856010851354865,2602_DB 전환_부평,2026-02-02 11:31:25,2026-02-25 08:26:07,,,SINGLE_VIDEO,다이트한의원,,,,,7605836558855425042,51d2b4a0-ca68-507f-baff-e7d3b1f1a70c,TT_USER,,,DISABLE,AD_STATUS_CAMPAIGN_DISABLE,False,
1856010540142865,(신)_서울_진료셀프캠_주사형 비만치료제보다 더중요한이것_26120,1856009313309921,2602_다이트_전환캠페인,1856010540141697,2602_DB 전환_서울,2026-02-02 11:31:27,2026-02-26 08:55:39,,,SINGLE_VIDEO,다이트한의원,,,,,7611094706625219592,51d2b4a0-ca68-507f-baff-e7d3b1f1a70c,TT_USER,,,ENABLE,AD_STATUS_CAMPAIGN_DISABLE,False,
1856010540142849,(신)_서울_의료진정보_주사형비만치료제 10년은_260116,1856009313309921,2602_다이트_전환캠페인,1856010540141697,2602_DB 전환_서울,2026-02-02 11:31:27,2026-02-26 08:46:55,,,SINGLE_VIDEO,다이트한의원,,,,,7611092655296089096,51d2b4a0-ca68-507f-baff-e7d3b1f1a70c,TT_USER,,,ENABLE,AD_STATUS_CAMPAIGN_DISABLE,False,
1856010540141745,(신)_서울_진료셀프캠_살빼라고했지 적게 먹으라곤_260120,1856009313309921,2602_다이트_전환캠페인,1856010540141697,2602_DB 전환_서울,2026-02-02 11:31:27,2026-02-20 07:16:59,,,SINGLE_VIDEO,다이트한의원,,,,,7605836480530910215,51d2b4a0-ca68-507f-baff-e7d3b1f1a70c,TT_USER,,,DISABLE,AD_STATUS_CAMPAIGN_DISABLE,False,
1856010540141729,(신)_서울_진료셀프캠_다이어트 빼는 게 아니라 찾는 것_260123,1856009313309921,2602_다이트_전환캠페인,1856010540141697,2602_DB 전환_서울,2026-02-02 11:31:27,2026-02-20 07:16:59,,,SINGLE_VIDEO,다이트한의원,,,,,7605836445395340296,51d2b4a0-ca68-507f-baff-e7d3b1f1a70c,TT_USER,,,DISABLE,AD_STATUS_CAMPAIGN_DISABLE,False,
1856010540141713,"(신)_서울_의료진정보_다이어트의 적!밥,빵,면_251020",1856009313309921,2602_다이트_전환캠페인,1856010540141697,2602_DB 전환_서울,2026-02-02 11:31:27,2026-02-26 08:46:12,,,SINGLE_VIDEO,다이트한의원,,,,,7611092429998935047,51d2b4a0-ca68-507f-baff-e7d3b1f1a70c,TT_USER,,,ENABLE,AD_STATUS_CAMPAIGN_DISABLE,False,
1856010274794737,(신)_창원_진료셀프캠_주사형 비만치료제보다 더중요한이것_260120,1856009313309921,2602_다이트_전환캠페인,1856009313309937,2602_DB 전환_창원,2026-02-02 11:31:30,2026-02-26 08:45:37,,,SINGLE_VIDEO,다이트한의원,,,,,7611092209810607111,51d2b4a0-ca68-507f-baff-e7d3b1f1a70c,TT_USER,,,ENABLE,AD_STATUS_CAMPAIGN_DISABLE,False,
1856009703976129,(신)_창원_의료진정보_주사형비만치료제 10년은_260116,1856009313309921,2602_다이트_전환캠페인,1856009313309937,2602_DB 전환_창원,2026-02-02 11:31:30,2026-02-25 08:37:18,,,SINGLE_VIDEO,다이트한의원,,,,,7605836278533213202,51d2b4a0-ca68-507f-baff-e7d3b1f1a70c,TT_USER,,,DISABLE,AD_STATUS_CAMPAIGN_DISABLE,False,
1856009703974945,(신)_창원_진료셀프캠_살빼라고했지 적게 먹으라곤_260120,1856009313309921,2602_다이트_전환캠페인,1856009313309937,2602_DB 전환_창원,2026-02-02 11:31:30,2026-02-25 08:37:17,,,SINGLE_VIDEO,다이트한의원,,,,,7605836169271692296,51d2b4a0-ca68-507f-baff-e7d3b1f1a70c,TT_USER,,,DISABLE,AD_STATUS_CAMPAIGN_DISABLE,False,
1856009703974929,(신)_창원_진료셀프캠_다이어트 빼는 게 아니라 찾는 것_260123,1856009313309921,2602_다이트_전환캠페인,1856009313309937,2602_DB 전환_창원,2026-02-02 11:31:30,2026-02-25 08:37:16,,,SINGLE_VIDEO,다이트한의원,,,,,7605835941810310162,51d2b4a0-ca68-507f-baff-e7d3b1f1a70c,TT_USER,,,DISABLE,AD_STATUS_CAMPAIGN_DISABLE,False,
1856009313310977,"(신)_창원_진료셀프캠_50대 여성, 뱃살부터 늘어나는 이유_251106",1856009313309921,2602_다이트_전환캠페인,1856009313309937,2602_DB 전환_창원,2026-02-02 11:31:30,2026-02-25 08:37:16,,,SINGLE_VIDEO,다이트한의원,,,,,7605835993660394503,51d2b4a0-ca68-507f-baff-e7d3b1f1a70c,TT_USER,,,DISABLE,AD_STATUS_CAMPAIGN_DISABLE,False,
1853174638246945,창원_의료진정보_위고비마운자로 10년은_260116,1852910552605793,2601_다이트_전환캠페인,1853174638245905,2601_DB 전환_창원,2026-01-02 03:39:51,2026-02-09 08:17:12,,,SINGLE_VIDEO,다이트한의원,,,,,7604776425031257095,51d2b4a0-ca68-507f-baff-e7d3b1f1a70c,TT_USER,"[""tos-alisg-p-0051c001-sg/3cd980e879ce3693a5f62ae465468940""]",v10033g50000d59mr9fog65ttr991i60,DISABLE,AD_STATUS_CAMPAIGN_DISABLE,False,
1853174638246929,창원_진료셀프캠_밥빵면 안먹는데 요요_260101,1852910552605793,2601_다이트_전환캠페인,1853174638245905,2601_DB 전환_창원,2026-01-02 03:39:51,2026-02-09 08:06:47,,,SINGLE_VIDEO,다이트한의원,,,,,7590603807566892033,51d2b4a0-ca68-507f-baff-e7d3b1f1a70c,TT_USER,"[""tos-alisg-p-0051c001-sg/4df55afbfb544d53433ecc25c8274107""]",v10033g50000d59n987og65vmq59m2n0,DISABLE,AD_STATUS_CAMPAIGN_DISABLE,False,
1853174638246913,창원_진료셀프캠_4050 다이어트 왜 힘든지_260101,1852910552605793,2601_다이트_전환캠페인,1853174638245905,2601_DB 전환_창원,2026-01-02 03:39:51,2026-02-09 08:06:47,,,SINGLE_VIDEO,다이트한의원,,,,,7590603807566875649,51d2b4a0-ca68-507f-baff-e7d3b1f1a70c,TT_USER,"[""tos-alisg-p-0051c001-sg/c631bdb0c46a36cb8dab9d9f4de55b58""]",v10033g50000d59msofog65qngj48dv0,DISABLE,AD_STATUS_CAMPAIGN_DISABLE,False,
1853174638245937,"창원_진료셀프캠_50대 여성, 뱃살부터 늘어나는 이유_251106",1852910552605793,2601_다이트_전환캠페인,1853174638245905,2601_DB 전환_창원,2026-01-02 03:39:51,2026-02-09 08:06:47,,,SINGLE_VIDEO,다이트한의원,,,,,7604756316527102984,51d2b4a0-ca68-507f-baff-e7d3b1f1a70c,TT_USER,"[""tos-alisg-p-0051c001-sg/715ce61464d10a360808cea2b3f3b866""]",v10033g50000d3p1usvog65ocb8bcl20,DISABLE,AD_STATUS_CAMPAIGN_DISABLE,False,
1853174638245921,창원_진료셀프캠_창원에 샤넬은 없지만_251217,1852910552605793,2601_다이트_전환캠페인,1853174638245905,2601_DB 전환_창원,2026-01-02 03:39:51,2026-02-09 08:19:47,,,SINGLE_VIDEO,다이트한의원,,,,,7604777130123201544,51d2b4a0-ca68-507f-baff-e7d3b1f1a70c,TT_USER,"[""tos-alisg-p-0051c001-sg/ea03fc1159d0dc82569dbbcd5cf45e1c""]",v10033g50000d517g9vog65hhjnvbgog,DISABLE,AD_STATUS_CAMPAIGN_DISABLE,False,
1853174573613057,천안_의료진정보_주사형비만치료제 10년은_260116,1852910552605793,2601_다이트_전환캠페인,1853174573610097,2601_DB 전환_천안,2026-01-02 03:39:07,2026-04-15 19:13:54,,,SINGLE_VIDEO,다이트한의원,,,,,7604768935610764306,51d2b4a0-ca68-507f-baff-e7d3b1f1a70c,TT_USER,"[""tos-alisg-p-0051c001-sg/2f36d7d42abec79b01797a3260437606""]",v10033g50000d59mr9fog65ttr991i60,DISABLE,AD_STATUS_CAMPAIGN_DISABLE,False,
1853174573611121,천안_진료셀프캠_밥빵면 안먹는데 요요_260101,1852910552605793,2601_다이트_전환캠페인,1853174573610097,2601_DB 전환_천안,2026-01-02 03:39:07,2026-04-15 19:13:54,,,SINGLE_VIDEO,다이트한의원,,,,,7590603605711801360,51d2b4a0-ca68-507f-baff-e7d3b1f1a70c,TT_USER,"[""tos-alisg-p-0051c001-sg/4df55afbfb544d53433ecc25c8274107""]",v10033g50000d59n987og65vmq59m2n0,DISABLE,AD_STATUS_CAMPAIGN_DISABLE,False,
1853174573611105,천안_진료셀프캠_40대여성 다이어트 실패 원인_260101,1852910552605793,2601_다이트_전환캠페인,1853174573610097,2601_DB 전환_천안,2026-01-02 03:39:07,2026-04-15 19:13:54,,,SINGLE_VIDEO,다이트한의원,,,,,7591809688291822610,51d2b4a0-ca68-507f-baff-e7d3b1f1a70c,TT_USER,"[""tos-alisg-p-0051c001-sg/838b0e2492ee30b5ad5991a0f8550d9a""]",v10033g50000d59mvrvog65jo9kp95pg,DISABLE,AD_STATUS_CAMPAIGN_DISABLE,False,
1853174573611089,"천안_의료진정보_다이어트의 적!밥,빵,면_251215",1852910552605793,2601_다이트_전환캠페인,1853174573610097,2601_DB 전환_천안,2026-01-02 03:39:07,2026-04-15 19:13:54,,,SINGLE_VIDEO,다이트한의원,,,,,7604768809223752711,51d2b4a0-ca68-507f-baff-e7d3b1f1a70c,TT_USER,"[""tos-alisg-p-0051c001-sg/o8RfIy5GAGIIrAZgoHFCeL4j7DgklQ9GbD5e2C""]",v10033g50000d3p1usnog65oorrtbsq0,DISABLE,AD_STATUS_CAMPAIGN_DISABLE,False,
1853174573611073,천안_인플방문후기_스트레스케어(박고경)_251215,1852910552605793,2601_다이트_전환캠페인,1853174573610097,2601_DB 전환_천안,2026-01-02 03:39:07,2026-04-15 19:13:55,,,SINGLE_VIDEO,다이트한의원,,,,,7604769103273921543,51d2b4a0-ca68-507f-baff-e7d3b1f1a70c,TT_USER,"[""tos-alisg-p-0051c001-sg/263c6d8398e841d8ba1d98ff2e395dae_1761021735""]",v10033g50000d3rgu3nog65sqee4dk3g,DISABLE,AD_STATUS_CAMPAIGN_DISABLE,False,
1853174573585473,일산_진료셀프캠_4050 여성이 살이 더 잘 찌는 이유_251212,1852910552605793,2601_다이트_전환캠페인,1853174488531377,2601_DB 전환_일산,2026-01-02 03:38:19,2026-02-09 07:55:14,,,SINGLE_VIDEO,다이트한의원,,,,,7604770746614680583,51d2b4a0-ca68-507f-baff-e7d3b1f1a70c,TT_USER,"[""tos-alisg-p-0051c001-sg/f7b45a440125e5a5603a9ddfff3d83c2""]",v10033g50000d4tt8k7og65rpmgdrth0,DISABLE,AD_STATUS_CAMPAIGN_DISABLE,False,
1853174573584433,일산_의료진정보_주사형비만치료제 10년은_260116,1852910552605793,2601_다이트_전환캠페인,1853174488531377,2601_DB 전환_일산,2026-01-02 03:38:19,2026-02-09 07:52:11,,,SINGLE_VIDEO,다이트한의원,,,,,7604770106488425480,51d2b4a0-ca68-507f-baff-e7d3b1f1a70c,TT_USER,"[""tos-alisg-p-0051c001-sg/2f36d7d42abec79b01797a3260437606""]",v10033g50000d59mr9fog65ttr991i60,DISABLE,AD_STATUS_CAMPAIGN_DISABLE,False,
1853174573584417,일산_진료셀프캠_밥빵면 안먹는데 요요_260101,1852910552605793,2601_다이트_전환캠페인,1853174488531377,2601_DB 전환_일산,2026-01-02 03:38:19,2026-02-09 07:50:47,,,SINGLE_VIDEO,다이트한의원,,,,,7590603386106432528,51d2b4a0-ca68-507f-baff-e7d3b1f1a70c,TT_USER,"[""tos-alisg-p-0051c001-sg/4df55afbfb544d53433ecc25c8274107""]",v10033g50000d59n987og65vmq59m2n0,DISABLE,AD_STATUS_CAMPAIGN_DISABLE,False,
1853174573584401,일산_진료셀프캠_4050 다이어트 왜 힘든지_260101,1852910552605793,2601_다이트_전환캠페인,1853174488531377,2601_DB 전환_일산,2026-01-02 03:38:19,2026-02-09 07:50:46,,,SINGLE_VIDEO,다이트한의원,,,,,7590603386106416144,51d2b4a0-ca68-507f-baff-e7d3b1f1a70c,TT_USER,"[""tos-alisg-p-0051c001-sg/838b0e2492ee30b5ad5991a0f8550d9a""]",v10033g50000d59mvrvog65jo9kp95pg,DISABLE,AD_STATUS_CAMPAIGN_DISABLE,False,
1853174573584385,"일산_의료진정보_다이어트의 적!밥,빵,면_251208",1852910552605793,2601_다이트_전환캠페인,1853174488531377,2601_DB 전환_일산,2026-01-02 03:38:19,2026-02-09 07:51:35,,,SINGLE_VIDEO,다이트한의원,,,,,7604769825180683272,51d2b4a0-ca68-507f-baff-e7d3b1f1a70c,TT_USER,"[""tos-alisg-p-0051c001-sg/o8RfIy5GAGIIrAZgoHFCeL4j7DgklQ9GbD5e2C""]",v10033g50000d3p1usnog65oorrtbsq0,DISABLE,AD_STATUS_CAMPAIGN_DISABLE,False,
1853174488505633,대구_의료진정보_주사형비만치료제 10년은_260116,1852910552605793,2601_다이트_전환캠페인,1853174488504465,2601_DB 전환_대구,2026-01-02 03:37:32,2026-02-09 07:04:28,,,SINGLE_VIDEO,다이트한의원,,,,,7604757779861015559,51d2b4a0-ca68-507f-baff-e7d3b1f1a70c,TT_USER,"[""tos-alisg-p-0051c001-sg/2f36d7d42abec79b01797a3260437606""]",v10033g50000d59mr9fog65ttr991i60,DISABLE,AD_STATUS_CAMPAIGN_DISABLE,False,
1853174488505617,대구_진료셀프캠_연말연초 음주 가능 극현실_260101,1852910552605793,2601_다이트_전환캠페인,1853174488504465,2601_DB 전환_대구,2026-01-02 03:37:32,2026-02-09 07:10:38,,,SINGLE_VIDEO,다이트한의원,,,,,7590602982056610833,51d2b4a0-ca68-507f-baff-e7d3b1f1a70c,TT_USER,"[""tos-alisg-p-0051c001-sg/77f53fda2b44da0e833cfcc4cf89d993""]",v10033g50000d59ms3vog65rkok71a8g,DISABLE,AD_STATUS_CAMPAIGN_DISABLE,False,
1853174488505601,대구_진료셀프캠_밥빵면 안먹는데 요요_260101,1852910552605793,2601_다이트_전환캠페인,1853174488504465,2601_DB 전환_대구,2026-01-02 03:37:32,2026-02-09 07:17:24,,,SINGLE_VIDEO,다이트한의원,,,,,7590602982056594449,51d2b4a0-ca68-507f-baff-e7d3b1f1a70c,TT_USER,"[""tos-alisg-p-0051c001-sg/26ddc8f9aa2d2d1f063f40380a93c44d""]",v10033g50000d59n987og65vmq59m2n0,DISABLE,AD_STATUS_CAMPAIGN_DISABLE,False,
1853174488504497,대구_진료셀프캠_요요가 올수없는 다이어트_260101,1852910552605793,2601_다이트_전환캠페인,1853174488504465,2601_DB 전환_대구,2026-01-02 03:37:32,2026-02-09 07:10:42,,,SINGLE_VIDEO,다이트한의원,,,,,7590602982056659985,51d2b4a0-ca68-507f-baff-e7d3b1f1a70c,TT_USER,"[""tos-alisg-p-0051c001-sg/5d8c52e0dcc7c921faddd269a57932b0""]",v10033g50000d59n9p7og65kt9nkscd0,DISABLE,AD_STATUS_CAMPAIGN_DISABLE,False,
1853174488504481,대구_인플방문후기_먹으면서 다이어트(대읽남)_251017,1852910552605793,2601_다이트_전환캠페인,1853174488504465,2601_DB 전환_대구,2026-01-02 03:37:32,2026-02-09 07:16:15,,,SINGLE_VIDEO,다이트한의원,,,,,7604760650681699335,51d2b4a0-ca68-507f-baff-e7d3b1f1a70c,TT_USER,"[""tos-alisg-p-0051c001-sg/c8ab25146178fe8cc402d71dd0b0d19a""]",v10033g50000d5561vvog65o6n75m8n0,DISABLE,AD_STATUS_CAMPAIGN_DISABLE,False,
1853174467029105,수원_의료진정보_주사형비만치료제 10년은_260116,1852910552605793,2601_다이트_전환캠페인,1853174438077441,2601_DB 전환_수원,2026-01-02 03:36:44,2026-02-09 07:43:04,,,SINGLE_VIDEO,다이트한의원,,,,,7604767482091490311,51d2b4a0-ca68-507f-baff-e7d3b1f1a70c,TT_USER,"[""tos-alisg-p-0051c001-sg/2f36d7d42abec79b01797a3260437606""]",v10033g50000d59mr9fog65ttr991i60,DISABLE,AD_STATUS_CAMPAIGN_DISABLE,False,
1853174467029089,수원_진료셀프캠_밥빵면 안먹는데 요요_260101,1852910552605793,2601_다이트_전환캠페인,1853174438077441,2601_DB 전환_수원,2026-01-02 03:36:44,2026-02-09 07:43:04,,,SINGLE_VIDEO,다이트한의원,,,,,7590602945423510544,51d2b4a0-ca68-507f-baff-e7d3b1f1a70c,TT_USER,"[""tos-alisg-p-0051c001-sg/4df55afbfb544d53433ecc25c8274107""]",v10033g50000d59n987og65vmq59m2n0,DISABLE,AD_STATUS_CAMPAIGN_DISABLE,False,
1853174467029073,수원_진료셀프캠_연말연초 음주 가능 극현실_260101,1852910552605793,2601_다이트_전환캠페인,1853174438077441,2601_DB 전환_수원,2026-01-02 03:36:44,2026-02-09 07:43:04,,,SINGLE_VIDEO,다이트한의원,,,,,7590602945423494160,51d2b4a0-ca68-507f-baff-e7d3b1f1a70c,TT_USER,"[""tos-alisg-p-0051c001-sg/77f53fda2b44da0e833cfcc4cf89d993""]",v10033g50000d59ms3vog65rkok71a8g,DISABLE,AD_STATUS_CAMPAIGN_DISABLE,False,
1853174438077489,수원_진료셀프캠_50대 다이어트는 힘을 빼야_260101,1852910552605793,2601_다이트_전환캠페인,1853174438077441,2601_DB 전환_수원,2026-01-02 03:36:44,2026-02-09 07:43:04,,,SINGLE_VIDEO,다이트한의원,,,,,7591808538876382216,51d2b4a0-ca68-507f-baff-e7d3b1f1a70c,TT_USER,"[""tos-alisg-p-0051c001-sg/31cf21dde0c32c34c5e62da59d7878b2""]",v10033g50000d59ne2nog65ofsd7trgg,DISABLE,AD_STATUS_CAMPAIGN_DISABLE,False,
1853174438077473,수원_인플방문후기_내 몸 맞춤 다이어트(천안구석)_251223,1852910552605793,2601_다이트_전환캠페인,1853174438077441,2601_DB 전환_수원,2026-01-02 03:36:44,2026-02-09 07:43:27,,,SINGLE_VIDEO,다이트한의원,,,,,7604767843351120904,51d2b4a0-ca68-507f-baff-e7d3b1f1a70c,TT_USER,"[""tos-alisg-p-0051c001-sg/f492d7d394246a0fbdd0c7767e78a242""]",v10033g50000d555pfnog65km5ufcfu0,DISABLE,AD_STATUS_CAMPAIGN_DISABLE,False,
1853174438077457,"수원_진료셀프캠_50대 여성, 뱃살부터 늘어나는 이유_251208",1852910552605793,2601_다이트_전환캠페인,1853174438077441,2601_DB 전환_수원,2026-01-02 03:36:44,2026-02-09 06:58:22,,,SINGLE_VIDEO,다이트한의원,,,,,7604755436322999303,51d2b4a0-ca68-507f-baff-e7d3b1f1a70c,TT_USER,"[""tos-alisg-p-0051c001-sg/9c512ab6ea0f47a1b8fcec2e6aa4f8dc""]",v10033g50000d3p1usvog65ocb8bcl20,DISABLE,AD_STATUS_CAMPAIGN_DISABLE,False,
1853174438054993,부평_의료진정보_주사형비만치료제 10년은_260116,1852910552605793,2601_다이트_전환캠페인,1853174438053889,2601_DB 전환_부평,2026-01-02 03:35:48,2026-02-09 07:39:26,,,SINGLE_VIDEO,다이트한의원,,,,,7604766684020362248,51d2b4a0-ca68-507f-baff-e7d3b1f1a70c,TT_USER,"[""tos-alisg-p-0051c001-sg/2f36d7d42abec79b01797a3260437606""]",v10033g50000d59mr9fog65ttr991i60,DISABLE,AD_STATUS_CAMPAIGN_DISABLE,False,
1853174438054977,부평_진료셀프캠_밥빵면 안먹는데 요요_260101,1852910552605793,2601_다이트_전환캠페인,1853174438053889,2601_DB 전환_부평,2026-01-02 03:35:48,2026-02-09 07:38:42,,,SINGLE_VIDEO,다이트한의원,,,,,7590602580795984913,51d2b4a0-ca68-507f-baff-e7d3b1f1a70c,TT_USER,"[""tos-alisg-p-0051c001-sg/4df55afbfb544d53433ecc25c8274107""]",v10033g50000d59n987og65vmq59m2n0,DISABLE,AD_STATUS_CAMPAIGN_DISABLE,False,
1853174438053937,부평_진료셀프캠_연말연초 음주 가능 극현실_260101,1852910552605793,2601_다이트_전환캠페인,1853174438053889,2601_DB 전환_부평,2026-01-02 03:35:48,2026-02-09 07:38:42,,,SINGLE_VIDEO,다이트한의원,,,,,7590602580795968529,51d2b4a0-ca68-507f-baff-e7d3b1f1a70c,TT_USER,"[""tos-alisg-p-0051c001-sg/77f53fda2b44da0e833cfcc4cf89d993""]",v10033g50000d59ms3vog65rkok71a8g,DISABLE,AD_STATUS_CAMPAIGN_DISABLE,False,
1853174438053921,"부평_진료셀프캠_50대 여성, 뱃살부터 늘어나는 이유_251208",1852910552605793,2601_다이트_전환캠페인,1853174438053889,2601_DB 전환_부평,2026-01-02 03:35:48,2026-02-09 06:58:34,,,SINGLE_VIDEO,다이트한의원,,,,,7604754847086234642,51d2b4a0-ca68-507f-baff-e7d3b1f1a70c,TT_USER,"[""tos-alisg-p-0051c001-sg/9c512ab6ea0f47a1b8fcec2e6aa4f8dc""]",v10033g50000d3p1usvog65ocb8bcl20,DISABLE,AD_STATUS_CAMPAIGN_DISABLE,False,
1853174438053905,"부평_의료진정보_다이어트의 적!밥,빵,면_251208",1852910552605793,2601_다이트_전환캠페인,1853174438053889,2601_DB 전환_부평,2026-01-02 03:35:48,2026-02-09 07:39:06,,,SINGLE_VIDEO,다이트한의원,,,,,7604766502004198418,51d2b4a0-ca68-507f-baff-e7d3b1f1a70c,TT_USER,"[""tos-alisg-p-0051c001-sg/o8RfIy5GAGIIrAZgoHFCeL4j7DgklQ9GbD5e2C""]",v10033g50000d3p1usnog65oorrtbsq0,DISABLE,AD_STATUS_CAMPAIGN_DISABLE,False,
1853173894616066,서울_의료진정보_주사형비만치료제 10년은_260116,1852910552605793,2601_다이트_전환캠페인,1853173894614082,2601_DB 전환_서울,2026-01-02 03:28:49,2026-02-09 07:30:53,,,SINGLE_VIDEO,다이트한의원,,,,,7604764365476170760,51d2b4a0-ca68-507f-baff-e7d3b1f1a70c,TT_USER,"[""tos-alisg-p-0051c001-sg/2f36d7d42abec79b01797a3260437606""]",v10033g50000d59mr9fog65ttr991i60,DISABLE,AD_STATUS_CAMPAIGN_DISABLE,False,
1853173894615154,서울_진료셀프캠_밥빵면 안먹는데 요요_260101,1852910552605793,2601_다이트_전환캠페인,1853173894614082,2601_DB 전환_서울,2026-01-02 03:28:49,2026-02-09 07:19:40,,,SINGLE_VIDEO,다이트한의원,,,,,7590600987371392016,51d2b4a0-ca68-507f-baff-e7d3b1f1a70c,TT_USER,"[""tos-alisg-p-0051c001-sg/4df55afbfb544d53433ecc25c8274107""]",v10033g50000d59n987og65vmq59m2n0,DISABLE,AD_STATUS_CAMPAIGN_DISABLE,False,
1853173894615138,서울_진료셀프캠_50대 다이어트는 힘을 빼야_260101,1852910552605793,2601_다이트_전환캠페인,1853173894614082,2601_DB 전환_서울,2026-01-02 03:28:49,2026-02-09 07:19:40,,,SINGLE_VIDEO,다이트한의원,,,,,7590600987371375632,51d2b4a0-ca68-507f-baff-e7d3b1f1a70c,TT_USER,"[""tos-alisg-p-0051c001-sg/oEIb4gSAuYHfJVhTGDEe7pLdlSBCTAehIdGOjx""]",v10033g50000d59ne2nog65ofsd7trgg,DISABLE,AD_STATUS_CAMPAIGN_DISABLE,False,
1853173894615122,서울_진료셀프캠_다이어트 운동 안해도 되는_251223,1852910552605793,2601_다이트_전환캠페인,1853173894614082,2601_DB 전환_서울,2026-01-02 03:28:49,2026-02-09 07:21:49,,,SINGLE_VIDEO,다이트한의원,,,,,7604762167249832978,51d2b4a0-ca68-507f-baff-e7d3b1f1a70c,TT_USER,"[""tos-alisg-p-0051c001-sg/080489b3444ec714368a41adaf96c3d5""]",v10033g50000d555kifog65mck1th070,DISABLE,AD_STATUS_CAMPAIGN_DISABLE,False,
1853173894615106,"서울_의료진정보_다이어트의 적!밥,빵,면_251020",1852910552605793,2601_다이트_전환캠페인,1853173894614082,2601_DB 전환_서울,2026-01-02 03:28:49,2026-02-09 07:19:39,,,SINGLE_VIDEO,다이트한의원,,,,,7604761290162113543,51d2b4a0-ca68-507f-baff-e7d3b1f1a70c,TT_USER,"[""tos-alisg-p-0051c001-sg/c917bb519e9b82b2b83b617d3d479629""]",v10033g50000d3p1usnog65oorrtbsq0,DISABLE,AD_STATUS_CAMPAIGN_DISABLE,False,
1852293666411794,부평_진료셀프캠_다이어트 운동 안해도 되는_251223,1850926255390305,2512_전환_다이트_부평,1850926255390321,DB 전환_부평,2025-12-23 10:16:13,2026-04-15 19:14:36,,,SINGLE_VIDEO,다이트한의원,,,,,7586995110030674960,51d2b4a0-ca68-507f-baff-e7d3b1f1a70c,TT_USER,"[""tos-alisg-p-0051c001-sg/fa3f61e153d2c7fd75511b5e058b2eb8""]",v10033g50000d555kifog65mck1th070,DISABLE,AD_STATUS_CAMPAIGN_DISABLE,False,
1852291525268562,창원_진료셀프캠_50대 다이어트는 달라야_251223,1851566163090929,2512_전환_다이트_창원,1851566163090945,DB 전환_창원,2025-12-23 09:42:10,2026-04-15 19:13:54,,,SINGLE_VIDEO,다이트한의원,,,,,7586986386721459201,51d2b4a0-ca68-507f-baff-e7d3b1f1a70c,TT_USER,"[""tos-alisg-p-0051c001-sg/8055389f199560bad8ce484eea9e5a10""]",v10033g50000d555uavog65vo2m2ddsg,DISABLE,AD_STATUS_CAMPAIGN_DISABLE,False,
1852291473011745,천안_인플방문후기_내 몸 맞춤 다이어트(천안구석)_251223,1851565296777441,2512_전환_다이트_천안,1851565296777457,DB 전환_천안,2025-12-23 09:48:52,2026-04-15 19:13:55,,,SINGLE_VIDEO,다이트한의원,,,,,7586988029101788177,51d2b4a0-ca68-507f-baff-e7d3b1f1a70c,TT_USER,"[""tos-alisg-p-0051c001-sg/f492d7d394246a0fbdd0c7767e78a242""]",v10033g50000d555pfnog65km5ufcfu0,DISABLE,AD_STATUS_CAMPAIGN_DISABLE,False,
1852291473011729,천안_인플방문후기_불당동 다이어트(천안홀릭)_251223,1851565296777441,2512_전환_다이트_천안,1851565296777457,DB 전환_천안,2025-12-23 09:48:52,2026-04-15 19:13:55,,,SINGLE_VIDEO,다이트한의원,,,,,7586988029101804561,51d2b4a0-ca68-507f-baff-e7d3b1f1a70c,TT_USER,"[""tos-alisg-p-0051c001-sg/cad94871fded00dc090dee7f7a587259""]",v10033g50000d5569vvog65n6upqhhc0,DISABLE,AD_STATUS_CAMPAIGN_DISABLE,False,
1852291473011713,천안_진료셀프캠_다이어트 운동 안해도 되는_251223,1851565296777441,2512_전환_다이트_천안,1851565296777457,DB 전환_천안,2025-12-23 09:48:52,2026-04-15 19:13:54,,,SINGLE_VIDEO,다이트한의원,,,,,7586988029101755409,51d2b4a0-ca68-507f-baff-e7d3b1f1a70c,TT_USER,"[""tos-alisg-p-0051c001-sg/fa3f61e153d2c7fd75511b5e058b2eb8""]",v10033g50000d555kifog65mck1th070,DISABLE,AD_STATUS_CAMPAIGN_DISABLE,False,
1852291473009713,천안_진료셀프캠_50대 다이어트는 달라야_251223,1851565296777441,2512_전환_다이트_천안,1851565296777457,DB 전환_천안,2025-12-23 09:48:52,2026-04-15 19:13:54,,,SINGLE_VIDEO,다이트한의원,,,,,7586988029101771793,51d2b4a0-ca68-507f-baff-e7d3b1f1a70c,TT_USER,"[""tos-alisg-p-0051c001-sg/8055389f199560bad8ce484eea9e5a10""]",v10033g50000d555uavog65vo2m2ddsg,DISABLE,AD_STATUS_CAMPAIGN_DISABLE,False,
1852291391247537,창원_진료셀프캠_식욕억제 건강 잃는다_251223,1851566163090929,2512_전환_다이트_창원,1851566163090945,DB 전환_창원,2025-12-23 09:40:56,2026-04-15 18:58:52,,,SINGLE_VIDEO,다이트한의원,,,,,7586986042314525713,51d2b4a0-ca68-507f-baff-e7d3b1f1a70c,TT_USER,"[""tos-alisg-p-0051c001-sg/e5c159393000fd3a2ccbf5174d0c587e""]",v10033g50000d5566onog65v70batcb0,DISABLE,AD_STATUS_CAMPAIGN_DISABLE,False,
1852291292164161,창원_진료셀프캠_다이어트 운동 안해도 되는_251223,1851566163090929,2512_전환_다이트_창원,1851566163090945,DB 전환_창원,2025-12-23 09:39:03,2026-04-15 19:13:54,,,SINGLE_VIDEO,다이트한의원,,,,,7586985479774489617,51d2b4a0-ca68-507f-baff-e7d3b1f1a70c,TT_USER,"[""tos-alisg-p-0051c001-sg/fa3f61e153d2c7fd75511b5e058b2eb8""]",v10033g50000d555kifog65mck1th070,DISABLE,AD_STATUS_CAMPAIGN_DISABLE,False,
1852291128413330,대구_진료셀프캠_뺄줄만알고 유지도 못하면서_251223,1850925219197057,2512_전환_다이트_대구,1850925219197073,DB 전환_대구,2025-12-23 09:36:10,2026-04-15 18:59:22,,,SINGLE_VIDEO,다이트한의원,,,,,7587254314192686096,51d2b4a0-ca68-507f-baff-e7d3b1f1a70c,TT_USER,"[""tos-alisg-p-0051c001-sg/6927c67510b1c540b3b165565e6d9341""]",v10033g50000d5564m7og65umgl79q00,DISABLE,AD_STATUS_CAMPAIGN_DISABLE,False,
1852290998431298,대구_인플방문후기_친구따라 다이어트(쭈링)_251223,1850925219197057,2512_전환_다이트_대구,1850925219197073,DB 전환_대구,2025-12-23 09:34:37,2026-04-15 18:59:22,,,SINGLE_VIDEO,다이트한의원,,,,,7587254449203055633,51d2b4a0-ca68-507f-baff-e7d3b1f1a70c,TT_USER,"[""tos-alisg-p-0051c001-sg/1660dd228017a2b9672268d3a1d8394c""]",v10033g50000d5563pnog65rcjcqbk0g,DISABLE,AD_STATUS_CAMPAIGN_DISABLE,False,
1852290874262546,대구_진료셀프캠_다이어트 운동 안해도 되는_251223,1850925219197057,2512_전환_다이트_대구,1850925219197073,DB 전환_대구,2025-12-23 09:32:07,2026-04-15 19:14:24,,,SINGLE_VIDEO,다이트한의원,,,,,7586983795916639233,51d2b4a0-ca68-507f-baff-e7d3b1f1a70c,TT_USER,"[""tos-alisg-p-0051c001-sg/080489b3444ec714368a41adaf96c3d5""]",v10033g50000d555kifog65mck1th070,DISABLE,AD_STATUS_CAMPAIGN_DISABLE,False,
1852290615130258,대구_인플방문후기_먹으면서 다이어트(대읽남)_251017,1850925219197057,2512_전환_다이트_대구,1850925219197073,DB 전환_대구,2025-12-23 09:31:00,2026-04-15 19:14:24,,,SINGLE_VIDEO,다이트한의원,,,,,7604760644591569938,51d2b4a0-ca68-507f-baff-e7d3b1f1a70c,TT_USER,"[""tos-alisg-p-0051c001-sg/fc4d03f39d95a5baf12d261212a55fd1""]",v10033g50000d5561vvog65o6n75m8n0,DISABLE,AD_STATUS_CAMPAIGN_DISABLE,False,
1852290522370081,일산_인플방문후기_내 몸 맞춤 다이어트(천안구석)_251223,1851553560603809,2512_전환_다이트_일산 (추가),1851553560603825,DB 전환_일산,2025-12-23 09:26:29,2026-04-15 18:58:52,,,SINGLE_VIDEO,다이트한의원,,,,,7586982237069937665,51d2b4a0-ca68-507f-baff-e7d3b1f1a70c,TT_USER,"[""tos-alisg-p-0051c001-sg/f492d7d394246a0fbdd0c7767e78a242""]",v10033g50000d555pfnog65km5ufcfu0,DISABLE,AD_STATUS_CAMPAIGN_DISABLE,False,
1852290453803186,일산_진료셀프캠_다이어트 운동 안해도 되는_251223,1851553560603809,2512_전환_다이트_일산 (추가),1851553560603825,DB 전환_일산,2025-12-23 09:25:18,2026-04-15 19:13:54,,,SINGLE_VIDEO,다이트한의원,,,,,7586981925672258576,51d2b4a0-ca68-507f-baff-e7d3b1f1a70c,TT_USER,"[""tos-alisg-p-0051c001-sg/080489b3444ec714368a41adaf96c3d5""]",v10033g50000d555kifog65mck1th070,DISABLE,AD_STATUS_CAMPAIGN_DISABLE,False,
1852290355330098,수원_인플방문후기_내 몸 맞춤 다이어트(천안구석)_251223,1850926782344530,2512_전환_다이트_수원,1850926782344546,DB 전환_수원,2025-12-23 09:24:02,2026-04-15 21:10:31,,,SINGLE_VIDEO,다이트한의원,,,,,7586981668620127233,51d2b4a0-ca68-507f-baff-e7d3b1f1a70c,TT_USER,"[""tos-alisg-p-0051c001-sg/f492d7d394246a0fbdd0c7767e78a242""]",v10033g50000d555pfnog65km5ufcfu0,DISABLE,AD_STATUS_CAMPAIGN_DISABLE,False,
1852290263011329,수원_진료셀프캠_50대 다이어트는 달라야_251223,1850926782344530,2512_전환_다이트_수원,1850926782344546,DB 전환_수원,2025-12-23 09:22:43,2026-04-15 21:25:33,,,SINGLE_VIDEO,다이트한의원,,,,,7586981371109739537,51d2b4a0-ca68-507f-baff-e7d3b1f1a70c,TT_USER,"[""tos-alisg-p-0051c001-sg/ff2cb4a5fe61aafccc233aba9a586a52""]",v10033g50000d555uavog65vo2m2ddsg,DISABLE,AD_STATUS_CAMPAIGN_DISABLE,False,
1852290149231794,수원_진료셀프캠_다이어트 운동 안해도 되는_251223,1850926782344530,2512_전환_다이트_수원,1850926782344546,DB 전환_수원,2025-12-23 09:20:58,2026-04-15 21:25:33,,,SINGLE_VIDEO,다이트한의원,,,,,7586980925834136593,51d2b4a0-ca68-507f-baff-e7d3b1f1a70c,TT_USER,"[""tos-alisg-p-0051c001-sg/080489b3444ec714368a41adaf96c3d5""]",v10033g50000d555kifog65mck1th070,DISABLE,AD_STATUS_CAMPAIGN_DISABLE,False,
1852289776520242,부평_진료셀프캠_갱년기 시작과 터지는 뱃살_251223,1850926255390305,2512_전환_다이트_부평,1850926255390321,DB 전환_부평,2025-12-23 09:15:24,2026-04-15 19:14:36,,,SINGLE_VIDEO,다이트한의원,,,,,7586979469617875969,51d2b4a0-ca68-507f-baff-e7d3b1f1a70c,TT_USER,"[""tos-alisg-p-0051c001-sg/3f339cd4e9eb0084021a77cfa327b67a""]",v10033g50000d555qr7og65jccc3lm10,DISABLE,AD_STATUS_CAMPAIGN_DISABLE,False,
1852289381722338,부평_인플방문후기_내 몸 맞춤 다이어트(천안구석)_251223,1850926255390305,2512_전환_다이트_부평,1850926255390321,DB 전환_부평,2025-12-23 09:13:09,2026-04-15 18:59:34,,,SINGLE_VIDEO,다이트한의원,,,,,7586978858193243153,51d2b4a0-ca68-507f-baff-e7d3b1f1a70c,TT_USER,"[""tos-alisg-p-0051c001-sg/f492d7d394246a0fbdd0c7767e78a242""]",v10033g50000d555pfnog65km5ufcfu0,DISABLE,AD_STATUS_CAMPAIGN_DISABLE,False,
1852288906480753,서울_진료셀프캠_다이어트 운동 안해도 되는_251223,1850923949577425,2512_전환_다이트_서울,1850923964884466,DB 전환_서울,2025-12-23 09:02:43,2026-04-15 19:13:54,,,SINGLE_VIDEO,다이트한의원,,,,,7586976224371543057,51d2b4a0-ca68-507f-baff-e7d3b1f1a70c,TT_USER,"[""tos-alisg-p-0051c001-sg/080489b3444ec714368a41adaf96c3d5""]",v10033g50000d555kifog65mck1th070,DISABLE,AD_STATUS_CAMPAIGN_DISABLE,False,
1851747192096930,창원_진료셀프캠_창원에 샤넬은 없지만_251217,1851566163090929,2512_전환_다이트_창원,1851566163090945,DB 전환_창원,2025-12-17 09:44:39,2026-04-15 19:13:54,,,SINGLE_VIDEO,다이트한의원,,,,,7584760478170172417,51d2b4a0-ca68-507f-baff-e7d3b1f1a70c,TT_USER,"[""tos-alisg-p-0051c001-sg/9b4d98b54ce367a9fc1543c9e844fb25""]",v10033g50000d517g9vog65hhjnvbgog,DISABLE,AD_STATUS_CAMPAIGN_DISABLE,False,
1851747192096914,창원_인플방문후기_먹으면서하는다이어트(창원언니쓰)_251217,1851566163090929,2512_전환_다이트_창원,1851566163090945,DB 전환_창원,2025-12-17 09:44:39,2026-04-15 18:58:52,,,SINGLE_VIDEO,다이트한의원,,,,,7604775837946137607,51d2b4a0-ca68-507f-baff-e7d3b1f1a70c,TT_USER,"[""tos-alisg-p-0051c001-sg/o0qEJLsErpN4BQxIqBFpA9iDgCQU5BfhfnQDyt""]",v10033g50000d517m2fog65mit7hil0g,DISABLE,AD_STATUS_CAMPAIGN_DISABLE,False,
1851747073536001,대구_진료셀프캠_50대가 20대 따라하면 폭망하는 이유_251017,1850925219197057,2512_전환_다이트_대구,1850925219197073,DB 전환_대구,2025-12-17 09:28:30,2026-04-15 18:59:22,,,SINGLE_VIDEO,다이트한의원,,,,,7604759652869393416,51d2b4a0-ca68-507f-baff-e7d3b1f1a70c,TT_USER,"[""tos-alisg-p-0051c001-sg/ochoByBMEz4F3bHAFgiE8lBGN9MeDBBsDfjIgQ""]",v10033g50000d3p1usvog65m09jrf0ig,DISABLE,AD_STATUS_CAMPAIGN_DISABLE,False,
1851746902217042,부평_진료셀프캠_50대가 20대 따라하면 폭망하는 이유_251217,1850926255390305,2512_전환_다이트_부평,1850926255390321,DB 전환_부평,2025-12-17 09:25:52,2026-04-15 18:59:34,,,SINGLE_VIDEO,다이트한의원,,,,,7604767064703732744,51d2b4a0-ca68-507f-baff-e7d3b1f1a70c,TT_USER,"[""tos-alisg-p-0051c001-sg/ochoByBMEz4F3bHAFgiE8lBGN9MeDBBsDfjIgQ""]",v10033g50000d3p1usvog65m09jrf0ig,DISABLE,AD_STATUS_CAMPAIGN_DISABLE,False,
1851746813021329,수원_진료셀프캠_50대가 20대 따라하면 폭망하는 이유_251217,1850926782344530,2512_전환_다이트_수원,1850926782344546,DB 전환_수원,2025-12-17 09:24:37,2026-04-15 21:10:31,,,SINGLE_VIDEO,다이트한의원,,,,,7604768081696623634,51d2b4a0-ca68-507f-baff-e7d3b1f1a70c,TT_USER,"[""tos-alisg-p-0051c001-sg/ochoByBMEz4F3bHAFgiE8lBGN9MeDBBsDfjIgQ""]",v10033g50000d3p1usvog65m09jrf0ig,DISABLE,AD_STATUS_CAMPAIGN_DISABLE,False,
1851746735806514,일산_진료셀프캠_50대가 20대 따라하면 폭망하는 이유_251217,1851553560603809,2512_전환_다이트_일산 (추가),1851553560603825,DB 전환_일산,2025-12-17 09:22:54,2026-04-15 18:58:52,,,SINGLE_VIDEO,다이트한의원,,,,,7604770048007359506,51d2b4a0-ca68-507f-baff-e7d3b1f1a70c,TT_USER,"[""tos-alisg-p-0051c001-sg/ochoByBMEz4F3bHAFgiE8lBGN9MeDBBsDfjIgQ""]",v10033g50000d3p1usvog65m09jrf0ig,DISABLE,AD_STATUS_CAMPAIGN_DISABLE,False,
1851746260511954,서울_진료셀프캠_50대가 20대 따라하면 폭망하는 이유_251217,1850923949577425,2512_전환_다이트_서울,1850923964884466,DB 전환_서울,2025-12-17 09:17:41,2026-04-15 18:58:52,,,SINGLE_VIDEO,다이트한의원,,,,,7584753530569772033,51d2b4a0-ca68-507f-baff-e7d3b1f1a70c,TT_USER,"[""tos-alisg-p-0051c001-sg/ochoByBMEz4F3bHAFgiE8lBGN9MeDBBsDfjIgQ""]",v10033g50000d3p1usvog65m09jrf0ig,DISABLE,AD_STATUS_CAMPAIGN_DISABLE,False,
1851746104337426,천안_진료셀프캠_50대가 20대 따라하면 폭망하는 이유_251217,1851565296777441,2512_전환_다이트_천안,1851565296777457,DB 전환_천안,2025-12-17 09:19:13,2026-04-15 19:13:54,,,SINGLE_VIDEO,다이트한의원,,,,,7604769252188458002,51d2b4a0-ca68-507f-baff-e7d3b1f1a70c,TT_USER,"[""tos-alisg-p-0051c001-sg/ochoByBMEz4F3bHAFgiE8lBGN9MeDBBsDfjIgQ""]",v10033g50000d3p1usvog65m09jrf0ig,DISABLE,AD_STATUS_CAMPAIGN_DISABLE,False,
1851746061613058,창원_진료셀프캠_50대가 20대 따라하면 폭망하는 이유_251217,1851566163090929,2512_전환_다이트_창원,1851566163090945,DB 전환_창원,2025-12-17 09:14:43,2026-04-15 18:58:52,,,SINGLE_VIDEO,다이트한의원,,,,,7604776737817267207,51d2b4a0-ca68-507f-baff-e7d3b1f1a70c,TT_USER,"[""tos-alisg-p-0051c001-sg/600103904ab673085179707b3503d146""]",v10033g50000d5178a7og65r42nmo3f0,DISABLE,AD_STATUS_CAMPAIGN_DISABLE,False,
1851566163092865,창원_진료셀프캠_4050 여성이 살이 더 잘 찌는 이유_251215,1851566163090929,2512_전환_다이트_창원,1851566163090945,DB 전환_창원,2025-12-15 09:37:32,2026-04-15 19:13:54,,,SINGLE_VIDEO,다이트한의원,,,,,7604776210249305106,51d2b4a0-ca68-507f-baff-e7d3b1f1a70c,TT_USER,"[""tos-alisg-p-0051c001-sg/910657ada0c5a0316d1a2b6c612fd688""]",v10033g50000d4tt8k7og65rpmgdrth0,DISABLE,AD_STATUS_CAMPAIGN_DISABLE,False,
1851566163091825,"창원_의료진정보_다이어트의 적!밥,빵,면_251106",1851566163090929,2512_전환_다이트_창원,1851566163090945,DB 전환_창원,2025-12-15 09:37:32,2026-04-15 19:13:54,,,SINGLE_VIDEO,다이트한의원,,,,,7604776240955935751,51d2b4a0-ca68-507f-baff-e7d3b1f1a70c,TT_USER,"[""tos-alisg-p-0051c001-sg/0b72f6416f18cfdbb34e412c43653eee""]",v10033g50000d3p1usnog65oorrtbsq0,DISABLE,AD_STATUS_CAMPAIGN_DISABLE,False,
1851566163091809,"창원_진료셀프캠_50대 여성, 뱃살부터 늘어나는 이유_251106",1851566163090929,2512_전환_다이트_창원,1851566163090945,DB 전환_창원,2025-12-15 09:37:32,2026-04-15 19:13:55,,,SINGLE_VIDEO,다이트한의원,,,,,7604756274122722311,51d2b4a0-ca68-507f-baff-e7d3b1f1a70c,TT_USER,"[""tos-alisg-p-0051c001-sg/9c512ab6ea0f47a1b8fcec2e6aa4f8dc""]",v10033g50000d3p1usvog65ocb8bcl20,DISABLE,AD_STATUS_CAMPAIGN_DISABLE,False,
1851566163091793,창원_인플방문후기_스트레스케어(박고경)_251106,1851566163090929,2512_전환_다이트_창원,1851566163090945,DB 전환_창원,2025-12-15 09:37:32,2026-04-15 19:13:54,,,SINGLE_VIDEO,다이트한의원,,,,,7604779008491785234,51d2b4a0-ca68-507f-baff-e7d3b1f1a70c,TT_USER,"[""tos-alisg-p-0051c001-sg/59741eff540d3c2046423e7f0db9e864""]",v10033g50000d3rgu3nog65sqee4dk3g,DISABLE,AD_STATUS_CAMPAIGN_DISABLE,False,
1851566163091777,창원_진료셀프캠_자주하는 질문 top3_251106,1851566163090929,2512_전환_다이트_창원,1851566163090945,DB 전환_창원,2025-12-15 09:37:32,2026-04-15 19:13:54,,,SINGLE_VIDEO,다이트한의원,,,,,7604776942654491655,51d2b4a0-ca68-507f-baff-e7d3b1f1a70c,TT_USER,"[""tos-alisg-p-0051c001-sg/f78cc40321be37cfc008f481d6795bb6""]",v10033g50000d3p1usvog65rviej9kc0,DISABLE,AD_STATUS_CAMPAIGN_DISABLE,False,
1851566017292705,천안_진료셀프캠_자주하는 질문 top3_251215,1851565296777441,2512_전환_다이트_천안,1851565296777457,DB 전환_천안,2025-12-15 09:32:01,2026-04-15 19:13:54,,,SINGLE_VIDEO,다이트한의원,,,,,7604769397189643272,51d2b4a0-ca68-507f-baff-e7d3b1f1a70c,TT_USER,"[""tos-alisg-p-0051c001-sg/f78cc40321be37cfc008f481d6795bb6""]",v10033g50000d3p1usvog65rviej9kc0,DISABLE,AD_STATUS_CAMPAIGN_DISABLE,False,
1851565335427106,천안_인플방문후기_스트레스케어(박고경)_251215,1851565296777441,2512_전환_다이트_천안,1851565296777457,DB 전환_천안,2025-12-15 09:32:01,2026-04-15 19:13:55,,,SINGLE_VIDEO,다이트한의원,,,,,7584015053339315216,51d2b4a0-ca68-507f-baff-e7d3b1f1a70c,TT_USER,"[""tos-alisg-p-0051c001-sg/59741eff540d3c2046423e7f0db9e864""]",v10033g50000d3rgu3nog65sqee4dk3g,DISABLE,AD_STATUS_CAMPAIGN_DISABLE,False,
1851565335427090,"천안_진료셀프캠_50대 여성, 뱃살부터 늘어나는 이유_251215",1851565296777441,2512_전환_다이트_천안,1851565296777457,DB 전환_천안,2025-12-15 09:32:01,2026-04-15 19:13:54,,,SINGLE_VIDEO,다이트한의원,,,,,7604756641887603720,51d2b4a0-ca68-507f-baff-e7d3b1f1a70c,TT_USER,"[""tos-alisg-p-0051c001-sg/9c512ab6ea0f47a1b8fcec2e6aa4f8dc""]",v10033g50000d3p1usvog65ocb8bcl20,DISABLE,AD_STATUS_CAMPAIGN_DISABLE,False,
1851565335427074,"천안_의료진정보_다이어트의 적!밥,빵,면_251215",1851565296777441,2512_전환_다이트_천안,1851565296777457,DB 전환_천안,2025-12-15 09:32:01,2026-04-15 19:13:55,,,SINGLE_VIDEO,다이트한의원,,,,,7584015053339364368,51d2b4a0-ca68-507f-baff-e7d3b1f1a70c,TT_USER,"[""tos-alisg-p-0051c001-sg/0b72f6416f18cfdbb34e412c43653eee""]",v10033g50000d3p1usnog65oorrtbsq0,DISABLE,AD_STATUS_CAMPAIGN_DISABLE,False,
1851565296778369,천안_진료셀프캠_4050 여성이 살이 더 잘 찌는 이유_251215,1851565296777441,2512_전환_다이트_천안,1851565296777457,DB 전환_천안,2025-12-15 09:32:01,2026-04-15 19:13:55,,,SINGLE_VIDEO,다이트한의원,,,,,7584015053339347984,51d2b4a0-ca68-507f-baff-e7d3b1f1a70c,TT_USER,"[""tos-alisg-p-0051c001-sg/910657ada0c5a0316d1a2b6c612fd688""]",v10033g50000d4tt8k7og65rpmgdrth0,DISABLE,AD_STATUS_CAMPAIGN_DISABLE,False,
1851553560605713,"일산_진료셀프캠_50대 여성, 뱃살부터 늘어나는 이유_251208",1851553560603809,2512_전환_다이트_일산 (추가),1851553560603825,DB 전환_일산,2025-12-15 06:16:45,2026-04-15 19:13:54,,,SINGLE_VIDEO,다이트한의원,,,,,7604755811562212370,51d2b4a0-ca68-507f-baff-e7d3b1f1a70c,TT_USER,"[""tos-alisg-p-0051c001-sg/9c512ab6ea0f47a1b8fcec2e6aa4f8dc""]",v10033g50000d3p1usvog65ocb8bcl20,DISABLE,AD_STATUS_CAMPAIGN_DISABLE,False,
1851553560605697,일산_진료셀프캠_자주하는 질문 top3_251215,1851553560603809,2512_전환_다이트_일산 (추가),1851553560603825,DB 전환_일산,2025-12-15 06:16:45,2026-04-15 19:13:54,,,SINGLE_VIDEO,다이트한의원,,,,,7583964627164302352,51d2b4a0-ca68-507f-baff-e7d3b1f1a70c,TT_USER,"[""tos-alisg-p-0051c001-sg/54a4d95f176e867f7087e820d7b9c84a""]",v10033g50000d3p1usvog65rviej9kc0,DISABLE,AD_STATUS_CAMPAIGN_DISABLE,False,
1851553560604913,일산_진료셀프캠_식욕 땡기지 않는 운동법_251208,1851553560603809,2512_전환_다이트_일산 (추가),1851553560603825,DB 전환_일산,2025-12-15 06:16:45,2026-04-15 19:13:54,,,SINGLE_VIDEO,다이트한의원,,,,,7604770486416886791,51d2b4a0-ca68-507f-baff-e7d3b1f1a70c,TT_USER,"[""tos-alisg-p-0051c001-sg/fd8b7c3750f0a215ce603581cf08f393""]",v10033g50000d3p1usvog65o478hq82g,DISABLE,AD_STATUS_CAMPAIGN_DISABLE,False,
1851553560604897,"일산_의료진정보_다이어트의 적!밥,빵,면_251208",1851553560603809,2512_전환_다이트_일산 (추가),1851553560603825,DB 전환_일산,2025-12-15 06:16:45,2026-04-15 19:13:55,,,SINGLE_VIDEO,다이트한의원,,,,,7604769775331396626,51d2b4a0-ca68-507f-baff-e7d3b1f1a70c,TT_USER,"[""tos-alisg-p-0051c001-sg/65bf8b7eb730bdfa6709d8a66da70d61""]",v10033g50000d3p1usnog65oorrtbsq0,DISABLE,AD_STATUS_CAMPAIGN_DISABLE,False,
1851553560604881,일산_인플방문후기_스트레스케어(박고경)_251208,1851553560603809,2512_전환_다이트_일산 (추가),1851553560603825,DB 전환_일산,2025-12-15 06:16:45,2026-04-15 19:13:54,,,SINGLE_VIDEO,다이트한의원,,,,,7604770165024197639,51d2b4a0-ca68-507f-baff-e7d3b1f1a70c,TT_USER,"[""tos-alisg-p-0051c001-sg/263c6d8398e841d8ba1d98ff2e395dae_1761021735""]",v10033g50000d3rgu3nog65sqee4dk3g,DISABLE,AD_STATUS_CAMPAIGN_DISABLE,False,
1851553560604865,일산_진료셀프캠_4050 여성이 살이 더 잘 찌는 이유_251212,1851553560603809,2512_전환_다이트_일산 (추가),1851553560603825,DB 전환_일산,2025-12-15 06:16:45,2026-04-15 19:13:54,,,SINGLE_VIDEO,다이트한의원,,,,,7604770906644220936,51d2b4a0-ca68-507f-baff-e7d3b1f1a70c,TT_USER,"[""tos-alisg-p-0051c001-sg/910657ada0c5a0316d1a2b6c612fd688""]",v10033g50000d4tt8k7og65rpmgdrth0,DISABLE,AD_STATUS_CAMPAIGN_DISABLE,False,
1851292441555041,서울_인플셀프후기_올바른 다이어트(멜로우)_251212,1850923949577425,2512_전환_다이트_서울,1850923964884466,DB 전환_서울,2025-12-12 09:02:43,2026-04-15 19:13:55,,,SINGLE_VIDEO,다이트한의원,,,,,7604761909048478738,51d2b4a0-ca68-507f-baff-e7d3b1f1a70c,TT_USER,"[""tos-alisg-p-0051c001-sg/f89125959067284cea00564c9bb983b3""]",v10033g50000d4ttfn7og65n5it1tsj0,DISABLE,AD_STATUS_CAMPAIGN_DISABLE,False,
1851292441555025,서울_진료셀프캠_4050 여성이 살이 더 잘 찌는 이유_251212,1850923949577425,2512_전환_다이트_서울,1850923964884466,DB 전환_서울,2025-12-12 09:02:43,2026-04-15 19:13:54,,,SINGLE_VIDEO,다이트한의원,,,,,7582894202355305488,51d2b4a0-ca68-507f-baff-e7d3b1f1a70c,TT_USER,"[""tos-alisg-p-0051c001-sg/910657ada0c5a0316d1a2b6c612fd688""]",v10033g50000d4tt8k7og65rpmgdrth0,DISABLE,AD_STATUS_CAMPAIGN_DISABLE,False,
1851292323132482,대구_진료셀프캠_술 안 끊고 살 빼는_251212_off,1850925219197057,2512_전환_다이트_대구,1850925219197073,DB 전환_대구,2025-12-12 09:01:15,2026-04-15 18:59:22,,,SINGLE_VIDEO,다이트한의원,,,,,7586973277021539344,51d2b4a0-ca68-507f-baff-e7d3b1f1a70c,TT_USER,"[""tos-alisg-p-0051c001-sg/c143bd9e637e71350b9377d0a0a88cb8""]",v10033g50000d4ttj4vog65gpe225pn0,DISABLE,AD_STATUS_CAMPAIGN_DISABLE,False,
1851292167842961,대구_인플셀프후기_올바른 다이어트(멜로우)_251212,1850925219197057,2512_전환_다이트_대구,1850925219197073,DB 전환_대구,2025-12-12 08:58:29,2026-04-15 19:14:24,,,SINGLE_VIDEO,다이트한의원,,,,,7604758610404592647,51d2b4a0-ca68-507f-baff-e7d3b1f1a70c,TT_USER,"[""tos-alisg-p-0051c001-sg/f89125959067284cea00564c9bb983b3""]",v10033g50000d4ttfn7og65n5it1tsj0,DISABLE,AD_STATUS_CAMPAIGN_DISABLE,False,
1851292167842945,대구_진료셀프캠_4050 여성이 살이 더 잘 찌는 이유_251212,1850925219197057,2512_전환_다이트_대구,1850925219197073,DB 전환_대구,2025-12-12 08:58:29,2026-04-15 19:14:24,,,SINGLE_VIDEO,다이트한의원,,,,,7604760081330162696,51d2b4a0-ca68-507f-baff-e7d3b1f1a70c,TT_USER,"[""tos-alisg-p-0051c001-sg/910657ada0c5a0316d1a2b6c612fd688""]",v10033g50000d4tt8k7og65rpmgdrth0,DISABLE,AD_STATUS_CAMPAIGN_DISABLE,False,
1851292014311570,부평_진료셀프캠_4050 여성이 살이 더 잘 찌는 이유_251212,1850926255390305,2512_전환_다이트_부평,1850926255390321,DB 전환_부평,2025-12-12 08:56:01,2026-04-15 19:14:36,,,SINGLE_VIDEO,다이트한의원,,,,,7604766941135293448,51d2b4a0-ca68-507f-baff-e7d3b1f1a70c,TT_USER,"[""tos-alisg-p-0051c001-sg/910657ada0c5a0316d1a2b6c612fd688""]",v10033g50000d4tt8k7og65rpmgdrth0,DISABLE,AD_STATUS_CAMPAIGN_DISABLE,False,
1851291816615106,부평_인플셀프후기_올바른 다이어트(멜로우)_251212,1850926255390305,2512_전환_다이트_부평,1850926255390321,DB 전환_부평,2025-12-12 08:54:16,2026-04-15 19:14:36,,,SINGLE_VIDEO,다이트한의원,,,,,7604766776320085010,51d2b4a0-ca68-507f-baff-e7d3b1f1a70c,TT_USER,"[""tos-alisg-p-0051c001-sg/f89125959067284cea00564c9bb983b3""]",v10033g50000d4ttfn7og65n5it1tsj0,DISABLE,AD_STATUS_CAMPAIGN_DISABLE,False,
1851291602650305,수원_진료셀프캠_4050 여성이 살이 더 잘 찌는 이유_251212,1850926782344530,2512_전환_다이트_수원,1850926782344546,DB 전환_수원,2025-12-12 08:49:19,2026-04-15 21:25:33,,,SINGLE_VIDEO,다이트한의원,,,,,7604768032665111559,51d2b4a0-ca68-507f-baff-e7d3b1f1a70c,TT_USER,"[""tos-alisg-p-0051c001-sg/910657ada0c5a0316d1a2b6c612fd688""]",v10033g50000d4tt8k7og65rpmgdrth0,DISABLE,AD_STATUS_CAMPAIGN_DISABLE,False,
1851291410910306,수원_진료셀프캠_겨울엔 운동없이 이걸로 살 뺀다?_251212,1850926782344530,2512_전환_다이트_수원,1850926782344546,DB 전환_수원,2025-12-12 08:47:25,2026-04-15 21:10:31,,,SINGLE_VIDEO,다이트한의원,,,,,7604768064592268295,51d2b4a0-ca68-507f-baff-e7d3b1f1a70c,TT_USER,"[""tos-alisg-p-0051c001-sg/b7f9f1a368334f379ffb26a1f93ddb25""]",v10033g50000d4ttck7og65rusceaiu0,DISABLE,AD_STATUS_CAMPAIGN_DISABLE,False,
1851290873531506,일산_진료셀프캠_4050 여성이 살이 더 잘 찌는 이유_251212,1851016150951010,2512_전환_다이트_일산,1851016150951026,광고 그룹 20251208042421,2025-12-12 08:39:33,2026-04-15 19:13:53,,,SINGLE_VIDEO,다이트한의원,,,,,7604770722409368584,51d2b4a0-ca68-507f-baff-e7d3b1f1a70c,TT_USER,"[""tos-alisg-p-0051c001-sg/910657ada0c5a0316d1a2b6c612fd688""]",v10033g50000d4tt8k7og65rpmgdrth0,DISABLE,AD_STATUS_CAMPAIGN_DISABLE,False,
1851016150953154,일산_인플방문후기_스트레스케어(박고경)_251208,1851016150951010,2512_전환_다이트_일산,1851016150951026,광고 그룹 20251208042421,2025-12-09 07:59:00,2026-04-15 19:13:53,,,SINGLE_VIDEO,다이트한의원,,,,,7604770106488491016,51d2b4a0-ca68-507f-baff-e7d3b1f1a70c,TT_USER,"[""tos-alisg-p-0051c001-sg/263c6d8398e841d8ba1d98ff2e395dae_1761021735""]",v10033g50000d3rgu3nog65sqee4dk3g,DISABLE,AD_STATUS_CAMPAIGN_DISABLE,False,
1851016150952114,"일산_의료진정보_다이어트의 적!밥,빵,면_251208",1851016150951010,2512_전환_다이트_일산,1851016150951026,광고 그룹 20251208042421,2025-12-09 07:59:00,2026-04-15 19:13:53,,,SINGLE_VIDEO,다이트한의원,,,,,7604769693806660615,51d2b4a0-ca68-507f-baff-e7d3b1f1a70c,TT_USER,"[""tos-alisg-p-0051c001-sg/65bf8b7eb730bdfa6709d8a66da70d61""]",v10033g50000d3p1usnog65oorrtbsq0,DISABLE,AD_STATUS_CAMPAIGN_DISABLE,False,
1851016150952098,일산_진료셀프캠_식욕 땡기지 않는 운동법_251208,1851016150951010,2512_전환_다이트_일산,1851016150951026,광고 그룹 20251208042421,2025-12-09 07:59:00,2026-04-15 19:13:53,,,SINGLE_VIDEO,다이트한의원,,,,,7604770393844452360,51d2b4a0-ca68-507f-baff-e7d3b1f1a70c,TT_USER,"[""tos-alisg-p-0051c001-sg/fd8b7c3750f0a215ce603581cf08f393""]",v10033g50000d3p1usvog65o478hq82g,DISABLE,AD_STATUS_CAMPAIGN_DISABLE,False,
1851016150952082,일산_진료셀프캠_자주하는 질문 top3_251208,1851016150951010,2512_전환_다이트_일산,1851016150951026,광고 그룹 20251208042421,2025-12-09 07:59:00,2026-04-15 19:13:53,,,SINGLE_VIDEO,다이트한의원,,,,,7604770591794564114,51d2b4a0-ca68-507f-baff-e7d3b1f1a70c,TT_USER,"[""tos-alisg-p-0051c001-sg/54a4d95f176e867f7087e820d7b9c84a""]",v10033g50000d3p1usvog65rviej9kc0,DISABLE,AD_STATUS_CAMPAIGN_DISABLE,False,
1851016150952066,"일산_진료셀프캠_50대 여성, 뱃살부터 늘어나는 이유_251208",1851016150951010,2512_전환_다이트_일산,1851016150951026,광고 그룹 20251208042421,2025-12-09 07:59:00,2026-04-15 19:13:53,,,SINGLE_VIDEO,다이트한의원,,,,,7604755570284858375,51d2b4a0-ca68-507f-baff-e7d3b1f1a70c,TT_USER,"[""tos-alisg-p-0051c001-sg/9c512ab6ea0f47a1b8fcec2e6aa4f8dc""]",v10033g50000d3p1usvog65ocb8bcl20,DISABLE,AD_STATUS_CAMPAIGN_DISABLE,False,
1850926800703537,수원_인플방문후기_스트레스케어(박고경)_251208,1850926782344530,2512_전환_다이트_수원,1850926782344546,DB 전환_수원,2025-12-08 08:16:24,2026-04-15 21:25:33,,,SINGLE_VIDEO,다이트한의원,,,,,7604767980819450898,51d2b4a0-ca68-507f-baff-e7d3b1f1a70c,TT_USER,"[""tos-alisg-p-0051c001-sg/59741eff540d3c2046423e7f0db9e864""]",v10033g50000d3rgu3nog65sqee4dk3g,DISABLE,AD_STATUS_CAMPAIGN_DISABLE,False,
1850926800703521,"수원_진료셀프캠_50대 여성, 뱃살부터 늘어나는 이유_251208",1850926782344530,2512_전환_다이트_수원,1850926782344546,DB 전환_수원,2025-12-08 08:16:24,2026-04-15 21:25:33,,,SINGLE_VIDEO,다이트한의원,,,,,7582888970447604737,51d2b4a0-ca68-507f-baff-e7d3b1f1a70c,TT_USER,"[""tos-alisg-p-0051c001-sg/9c512ab6ea0f47a1b8fcec2e6aa4f8dc""]",v10033g50000d3p1usvog65ocb8bcl20,DISABLE,AD_STATUS_CAMPAIGN_DISABLE,False,
1850926800703505,"수원_의료진정보_다이어트의 적!밥,빵,면_251208",1850926782344530,2512_전환_다이트_수원,1850926782344546,DB 전환_수원,2025-12-08 08:16:24,2026-04-15 21:25:33,,,SINGLE_VIDEO,다이트한의원,,,,,7582888757955775489,51d2b4a0-ca68-507f-baff-e7d3b1f1a70c,TT_USER,"[""tos-alisg-p-0051c001-sg/0b72f6416f18cfdbb34e412c43653eee""]",v10033g50000d3p1usnog65oorrtbsq0,DISABLE,AD_STATUS_CAMPAIGN_DISABLE,False,
1850926800703489,수원_진료셀프캠_특정 부위만 빼는 방법_251208,1850926782344530,2512_전환_다이트_수원,1850926782344546,DB 전환_수원,2025-12-08 08:16:24,2026-04-15 21:10:31,,,SINGLE_VIDEO,다이트한의원,,,,,7604768614712921106,51d2b4a0-ca68-507f-baff-e7d3b1f1a70c,TT_USER,"[""tos-alisg-p-0051c001-sg/52477afafe7dfb2f1ce69428192d0b29""]",v10033g50000d4r8i4nog65ilo8ghe7g,DISABLE,AD_STATUS_CAMPAIGN_DISABLE,False,
1850926782344562,수원_인플방문후기_먹고싶은거 다 먹으면서(미미)_251208,1850926782344530,2512_전환_다이트_수원,1850926782344546,DB 전환_수원,2025-12-08 08:16:24,2026-04-15 21:10:31,,,SINGLE_VIDEO,다이트한의원,,,,,7604767881091468296,51d2b4a0-ca68-507f-baff-e7d3b1f1a70c,TT_USER,"[""tos-alisg-p-0051c001-sg/b3f37f50a37e849767a61643307883d3""]",v10033g50000d4r8hfvog65tr24gfka0,DISABLE,AD_STATUS_CAMPAIGN_DISABLE,False,
1850926645502193,부평_진료셀프캠_자꾸만 실패하는 다이어트 혈당스파이크_251208,1850926255390305,2512_전환_다이트_부평,1850926255390321,DB 전환_부평,2025-12-08 08:09:01,2026-04-15 19:14:36,,,SINGLE_VIDEO,다이트한의원,,,,,7604767193473027080,51d2b4a0-ca68-507f-baff-e7d3b1f1a70c,TT_USER,"[""tos-alisg-p-0051c001-sg/5ba8663fee813ebeec10b2f0abd9fbcb""]",v10033g50000d4r8eonog65l05hpdfp0,DISABLE,AD_STATUS_CAMPAIGN_DISABLE,False,
1850926537325746,부평_진료셀프캠_다이어터들의 흔한 변명_251208,1850926255390305,2512_전환_다이트_부평,1850926255390321,DB 전환_부평,2025-12-08 08:09:01,2026-04-15 18:59:34,,,SINGLE_VIDEO,다이트한의원,,,,,7604767099558317064,51d2b4a0-ca68-507f-baff-e7d3b1f1a70c,TT_USER,"[""tos-alisg-p-0051c001-sg/769682b99eff2dd4890d88a2dd8a8ae4""]",v10033g50000d4r8drfog65sipvei0a0,DISABLE,AD_STATUS_CAMPAIGN_DISABLE,False,
1850926430375986,"부평_의료진정보_다이어트의 적!밥,빵,면_251208",1850926255390305,2512_전환_다이트_부평,1850926255390321,DB 전환_부평,2025-12-08 08:04:57,2026-04-15 19:14:36,,,SINGLE_VIDEO,다이트한의원,,,,,7582891452846459921,51d2b4a0-ca68-507f-baff-e7d3b1f1a70c,TT_USER,"[""tos-alisg-p-0051c001-sg/0b72f6416f18cfdbb34e412c43653eee""]",v10033g50000d3p1usnog65oorrtbsq0,DISABLE,AD_STATUS_CAMPAIGN_DISABLE,False,
1850926255391025,"부평_진료셀프캠_50대 여성, 뱃살부터 늘어나는 이유_251208",1850926255390305,2512_전환_다이트_부평,1850926255390321,DB 전환_부평,2025-12-08 08:04:57,2026-04-15 19:14:36,,,SINGLE_VIDEO,다이트한의원,,,,,7582891370696805393,51d2b4a0-ca68-507f-baff-e7d3b1f1a70c,TT_USER,"[""tos-alisg-p-0051c001-sg/9c512ab6ea0f47a1b8fcec2e6aa4f8dc""]",v10033g50000d3p1usvog65ocb8bcl20,DISABLE,AD_STATUS_CAMPAIGN_DISABLE,False,
1850926255391009,부평_인플방문후기_스트레스케어(박고경)_251208,1850926255390305,2512_전환_다이트_부평,1850926255390321,DB 전환_부평,2025-12-08 08:04:57,2026-04-15 19:14:36,,,SINGLE_VIDEO,다이트한의원,,,,,7604766779671415826,51d2b4a0-ca68-507f-baff-e7d3b1f1a70c,TT_USER,"[""tos-alisg-p-0051c001-sg/59741eff540d3c2046423e7f0db9e864""]",v10033g50000d3rgu3nog65sqee4dk3g,DISABLE,AD_STATUS_CAMPAIGN_DISABLE,False,
1850926117089858,대구_진료셀프캠_다이어트 한다고 굶으면 생기는 일_251208,1850925219197057,2512_전환_다이트_대구,1850925219197073,DB 전환_대구,2025-12-08 08:00:25,2026-04-15 19:14:25,,,SINGLE_VIDEO,다이트한의원,,,,,7604759485197863944,51d2b4a0-ca68-507f-baff-e7d3b1f1a70c,TT_USER,"[""tos-alisg-p-0051c001-sg/fbba7ba46ac433d3338ae5c6cf4d48a2""]",v10033g50000d4r8ajfog65oms0lrhng,DISABLE,AD_STATUS_CAMPAIGN_DISABLE,False,
1850925797615809,대구_인플방문후기_스트레스케어(한입만)_251208,1850925219197057,2512_전환_다이트_대구,1850925219197073,DB 전환_대구,2025-12-08 07:58:11,2026-04-15 18:59:22,,,SINGLE_VIDEO,다이트한의원,,,,,7604758571158424594,51d2b4a0-ca68-507f-baff-e7d3b1f1a70c,TT_USER,"[""tos-alisg-p-0051c001-sg/e207835907ad622ccbf6387dbbede616""]",v10033g50000d4r89evog65lnj5atb40,DISABLE,AD_STATUS_CAMPAIGN_DISABLE,False,
1850925660946562,대구_인플방문후기_스트레스케어(박고경)_251021,1850925219197057,2512_전환_다이트_대구,1850925219197073,DB 전환_대구,2025-12-08 07:52:44,2026-04-15 19:14:25,,,SINGLE_VIDEO,다이트한의원,,,,,7604758379260562450,51d2b4a0-ca68-507f-baff-e7d3b1f1a70c,TT_USER,"[""tos-alisg-p-0051c001-sg/59741eff540d3c2046423e7f0db9e864""]",v10033g50000d3rgu3nog65sqee4dk3g,DISABLE,AD_STATUS_CAMPAIGN_DISABLE,False,
1850925562811553,"대구_진료셀프캠_50대 여성, 뱃살부터 늘어나는 이유_251017",1850925219197057,2512_전환_다이트_대구,1850925219197073,DB 전환_대구,2025-12-08 07:51:09,2026-04-15 19:14:24,,,SINGLE_VIDEO,다이트한의원,,,,,7604754429559983111,51d2b4a0-ca68-507f-baff-e7d3b1f1a70c,TT_USER,"[""tos-alisg-p-0051c001-sg/9c512ab6ea0f47a1b8fcec2e6aa4f8dc""]",v10033g50000d3p1usvog65ocb8bcl20,DISABLE,AD_STATUS_CAMPAIGN_DISABLE,False,
1850925269749857,대구_진료셀프캠_안 먹어도 살 찌는 사람_251208_off,1850925219197057,2512_전환_다이트_대구,1850925219197073,DB 전환_대구,2025-12-08 07:49:20,2026-04-15 18:59:22,,,SINGLE_VIDEO,다이트한의원,,,,,7583905322859875345,51d2b4a0-ca68-507f-baff-e7d3b1f1a70c,TT_USER,"[""tos-alisg-p-0051c001-sg/dafebad17296935a54869cc12c5136c6""]",v10033g50000d3p0sfvog65pi7ahpr30,DISABLE,AD_STATUS_CAMPAIGN_DISABLE,False,
1850924968400129,"서울_진료셀프캠_50대 여성, 뱃살부터 늘어나는 이유_251020",1850923949577425,2512_전환_다이트_서울,1850923964884466,DB 전환_서울,2025-12-08 07:43:45,2026-04-15 19:13:54,,,SINGLE_VIDEO,다이트한의원,,,,,7604754993245064200,51d2b4a0-ca68-507f-baff-e7d3b1f1a70c,TT_USER,"[""tos-alisg-p-0051c001-sg/9c512ab6ea0f47a1b8fcec2e6aa4f8dc""]",v10033g50000d3p1usvog65ocb8bcl20,DISABLE,AD_STATUS_CAMPAIGN_DISABLE,False,
1850924950421617,서울_진료셀프캠_자주하는 질문 top3_251208,1850923949577425,2512_전환_다이트_서울,1850923964884466,DB 전환_서울,2025-12-08 07:41:55,2026-04-15 19:13:54,,,SINGLE_VIDEO,다이트한의원,,,,,7604762497488292871,51d2b4a0-ca68-507f-baff-e7d3b1f1a70c,TT_USER,"[""tos-alisg-p-0051c001-sg/54a4d95f176e867f7087e820d7b9c84a""]",v10033g50000d3p1usvog65rviej9kc0,DISABLE,AD_STATUS_CAMPAIGN_DISABLE,False,
1850924803243105,서울_진료셀프캠_식욕 땡기지 않는 운동법_251208,1850923949577425,2512_전환_다이트_서울,1850923964884466,DB 전환_서울,2025-12-08 07:39:52,2026-04-15 19:13:54,,,SINGLE_VIDEO,다이트한의원,,,,,7604762483143855112,51d2b4a0-ca68-507f-baff-e7d3b1f1a70c,TT_USER,"[""tos-alisg-p-0051c001-sg/fd8b7c3750f0a215ce603581cf08f393""]",v10033g50000d3p1usvog65o478hq82g,DISABLE,AD_STATUS_CAMPAIGN_DISABLE,False,
1850924397016274,"서울_의료진정보_다이어트의 적!밥,빵,면_251020",1850923949577425,2512_전환_다이트_서울,1850923964884466,DB 전환_서울,2025-12-08 07:37:05,2026-04-15 19:13:54,,,SINGLE_VIDEO,다이트한의원,,,,,7604761380800990216,51d2b4a0-ca68-507f-baff-e7d3b1f1a70c,TT_USER,"[""tos-alisg-p-0051c001-sg/o8RfIy5GAGIIrAZgoHFCeL4j7DgklQ9GbD5e2C""]",v10033g50000d3p1usnog65oorrtbsq0,DISABLE,AD_STATUS_CAMPAIGN_DISABLE,False,
1850924070287457,서울_인플방문후기_스트레스케어(박고경)_251021,1850923949577425,2512_전환_다이트_서울,1850923964884466,DB 전환_서울,2025-12-08 07:30:49,2026-04-15 19:13:54,,,SINGLE_VIDEO,다이트한의원,,,,,7604764354550041607,51d2b4a0-ca68-507f-baff-e7d3b1f1a70c,TT_USER,"[""tos-alisg-p-0051c001-sg/263c6d8398e841d8ba1d98ff2e395dae_1761021735""]",v10033g50000d3rgu3nog65sqee4dk3g,DISABLE,AD_STATUS_CAMPAIGN_DISABLE,False,
1849737226871986,대구_인플셀프후기_면역력이 약하면 살찐다?(베리소현)_251125,1846224839664674,다이트_대구_트래픽_2510,1846220741746833,광고 그룹 20251017062937,2025-11-25 05:04:37,2026-04-15 19:13:39,,,SINGLE_VIDEO,다이트한의원,,,,,7604771700412091399,51d2b4a0-ca68-507f-baff-e7d3b1f1a70c,TT_USER,"[""tos-alisg-p-0051c001-sg/a07ce597ee287ae861abbf136d6a163b""]",v10033g50000d4iimovog65mdhoii3l0,DISABLE,AD_STATUS_CAMPAIGN_DISABLE,False,
1849737226871970,대구_인플셀프후기_살 안빠지는 피부 증상 Top5(한예솔)_251125,1846224839664674,다이트_대구_트래픽_2510,1846220741746833,광고 그룹 20251017062937,2025-11-25 05:04:37,2026-04-15 19:13:39,,,SINGLE_VIDEO,다이트한의원,,,,,7604772455344917522,51d2b4a0-ca68-507f-baff-e7d3b1f1a70c,TT_USER,"[""tos-alisg-p-0051c001-sg/22f00408cba5be288fc2b8a5fdfefa75""]",v10033g50000d4ijeqnog65kdaturls0,DISABLE,AD_STATUS_CAMPAIGN_DISABLE,False,
1849736891889729,창원_인플셀프후기_살 안빠지는 피부 증상 Top5(한예솔)_251125,1848038104511506,다이트_창원_트래픽_2511,1848037892794450,광고 그룹 20251017062937,2025-11-25 04:59:23,2026-04-15 19:13:36,,,SINGLE_VIDEO,다이트한의원,,,,,7604775568302754824,51d2b4a0-ca68-507f-baff-e7d3b1f1a70c,TT_USER,"[""tos-alisg-p-0051c001-sg/22f00408cba5be288fc2b8a5fdfefa75""]",v10033g50000d4ijeqnog65kdaturls0,DISABLE,AD_STATUS_CAMPAIGN_DISABLE,False,
1849733657414817,창원_인플셀프후기_면역력이 약하면 살찐다?(베리소현)_251125,1848038104511506,다이트_창원_트래픽_2511,1848037892794450,광고 그룹 20251017062937,2025-11-25 04:57:07,2026-04-15 19:13:36,,,SINGLE_VIDEO,다이트한의원,,,,,7604774956416633864,51d2b4a0-ca68-507f-baff-e7d3b1f1a70c,TT_USER,"[""tos-alisg-p-0051c001-sg/a07ce597ee287ae861abbf136d6a163b""]",v10033g50000d4iimovog65mdhoii3l0,DISABLE,AD_STATUS_CAMPAIGN_DISABLE,False,
1849274690958370,서울_인플셀프후기_당뇨가 의심되는 신호 4가지(민트바나나)_251120,1846226250499218,다이트_서울_트래픽_2510,1846225584910514,광고 그룹 20251017062937,2025-11-20 02:32:47,2026-04-15 19:13:36,,,SINGLE_VIDEO,다이트한의원,,,,,7604763389935504391,51d2b4a0-ca68-507f-baff-e7d3b1f1a70c,TT_USER,"[""tos-alisg-p-0051c001-sg/542d58f24efc505b0156e455121be53a""]",v10033g50000d4f7oefog65olkm86k60,DISABLE,AD_STATUS_CAMPAIGN_DISABLE,False,
1849274547008786,대구_인플셀프후기_당뇨가 의심되는 신호 4가지(민트바나나)_251120,1846224839664674,다이트_대구_트래픽_2510,1846220741746833,광고 그룹 20251017062937,2025-11-20 02:30:01,2026-04-15 19:13:39,,,SINGLE_VIDEO,다이트한의원,,,,,7604772372297600007,51d2b4a0-ca68-507f-baff-e7d3b1f1a70c,TT_USER,"[""tos-alisg-p-0051c001-sg/542d58f24efc505b0156e455121be53a""]",v10033g50000d4f7oefog65olkm86k60,DISABLE,AD_STATUS_CAMPAIGN_DISABLE,False,
1849274389407842,창원_인플셀프후기_당뇨가 의심되는 신호 4가지(민트바나나)_251120,1848038104511506,다이트_창원_트래픽_2511,1848037892794450,광고 그룹 20251017062937,2025-11-20 02:27:19,2026-04-15 19:13:36,,,SINGLE_VIDEO,다이트한의원,,,,,7604774724979215367,51d2b4a0-ca68-507f-baff-e7d3b1f1a70c,TT_USER,"[""tos-alisg-p-0051c001-sg/542d58f24efc505b0156e455121be53a""]",v10033g50000d4f7oefog65olkm86k60,DISABLE,AD_STATUS_CAMPAIGN_DISABLE,False,
1849274230230161,대구_진료QnA_밤에 먹는 음식이 더 살찐다_251120,1846224839664674,다이트_대구_트래픽_2510,1846220741746833,광고 그룹 20251017062937,2025-11-20 02:24:19,2026-04-15 19:13:39,,,SINGLE_VIDEO,다이트한의원,,,,,7604771950971407378,51d2b4a0-ca68-507f-baff-e7d3b1f1a70c,TT_USER,"[""tos-alisg-p-0051c001-sg/726ac3af79131cfcb29130be70890395""]",v10033g50000d4f7gvnog65t3dhc0r1g,DISABLE,AD_STATUS_CAMPAIGN_DISABLE,False,
1849273876299778,대구_진료셀프캠_갱년기 우울감_251120,1846224839664674,다이트_대구_트래픽_2510,1846220741746833,광고 그룹 20251017062937,2025-11-20 02:23:06,2026-04-15 19:13:39,,,SINGLE_VIDEO,다이트한의원,,,,,7604771167886396424,51d2b4a0-ca68-507f-baff-e7d3b1f1a70c,TT_USER,"[""tos-alisg-p-0051c001-sg/e9eac20d16e374c366927bce46d9552b""]",v10033g50000d4f7ihnog65qe6s1fmo0,DISABLE,AD_STATUS_CAMPAIGN_DISABLE,False,
1849273818660001,대구_진료셀프캠_운동 후 OOO먹으면 무조건 살찐다_251120,1846224839664674,다이트_대구_트래픽_2510,1846220741746833,광고 그룹 20251017062937,2025-11-20 02:22:11,2026-04-15 19:13:39,,,SINGLE_VIDEO,다이트한의원,,,,,7604773470882319368,51d2b4a0-ca68-507f-baff-e7d3b1f1a70c,TT_USER,"[""tos-alisg-p-0051c001-sg/55739c39c2603b4137b919770ea9f11b""]",v10033g50000d4f7cnfog65rfu5ap2ng,DISABLE,AD_STATUS_CAMPAIGN_DISABLE,False,
1849273586513026,창원_진료셀프캠_갱년기 우울감_251120,1848038104511506,다이트_창원_트래픽_2511,1848037892794450,광고 그룹 20251017062937,2025-11-20 02:15:18,2026-04-15 19:13:36,,,SINGLE_VIDEO,다이트한의원,,,,,7604773998161103880,51d2b4a0-ca68-507f-baff-e7d3b1f1a70c,TT_USER,"[""tos-alisg-p-0051c001-sg/e9eac20d16e374c366927bce46d9552b""]",v10033g50000d4f7ihnog65qe6s1fmo0,DISABLE,AD_STATUS_CAMPAIGN_DISABLE,False,
1849273400942690,창원_진료QnA_밤에 먹는 음식이 더 살찐다_251120,1848038104511506,다이트_창원_트래픽_2511,1848037892794450,광고 그룹 20251017062937,2025-11-20 02:11:31,2026-04-15 19:13:36,,,SINGLE_VIDEO,다이트한의원,,,,,7604775491068857352,51d2b4a0-ca68-507f-baff-e7d3b1f1a70c,TT_USER,"[""tos-alisg-p-0051c001-sg/726ac3af79131cfcb29130be70890395""]",v10033g50000d4f7gvnog65t3dhc0r1g,DISABLE,AD_STATUS_CAMPAIGN_DISABLE,False,
1849272749390866,창원_진료셀프캠_운동 후 OOO먹으면 무조건 살찐다_251120,1848038104511506,다이트_창원_트래픽_2511,1848037892794450,광고 그룹 20251017062937,2025-11-20 02:02:53,2026-04-15 19:13:36,,,SINGLE_VIDEO,다이트한의원,,,,,7604775196158954503,51d2b4a0-ca68-507f-baff-e7d3b1f1a70c,TT_USER,"[""tos-alisg-p-0051c001-sg/55739c39c2603b4137b919770ea9f11b""]",v10033g50000d4f7cnfog65rfu5ap2ng,DISABLE,AD_STATUS_CAMPAIGN_DISABLE,False,
1849272023866418,창원_진료셀프캠_물만 마셔도 살이 찌는 이유_251120,1848038104511506,다이트_창원_트래픽_2511,1848037892794450,광고 그룹 20251017062937,2025-11-20 01:56:38,2026-04-15 19:13:37,,,SINGLE_VIDEO,다이트한의원,,,,,7604775335300779015,51d2b4a0-ca68-507f-baff-e7d3b1f1a70c,TT_USER,"[""tos-alisg-p-0051c001-sg/95a2a4d3c78cac4d48c4c9f7460ddeb7""]",v10033g50000d4f78sfog65po92tueb0,DISABLE,AD_STATUS_CAMPAIGN_DISABLE,False,
1849112689700978,대구_진료셀프캠_자주하는 질문 top3_251118,1846224839664674,다이트_대구_트래픽_2510,1846220741746833,광고 그룹 20251017062937,2025-11-18 07:43:56,2026-04-15 19:13:40,,,SINGLE_VIDEO,다이트한의원,,,,,7604760850905173000,51d2b4a0-ca68-507f-baff-e7d3b1f1a70c,TT_USER,"[""tos-alisg-p-0051c001-sg/54a4d95f176e867f7087e820d7b9c84a""]",v10033g50000d3p1usvog65rviej9kc0,DISABLE,AD_STATUS_CAMPAIGN_DISABLE,False,
1848037892798722,창원_진료셀프캠_가임기 여성 한약_251106,1848038104511506,다이트_창원_트래픽_2511,1848037892794450,광고 그룹 20251017062937,2025-11-06 11:00:02,2026-04-15 19:13:36,,,SINGLE_VIDEO,다이트한의원,,,,,7604775053883886599,51d2b4a0-ca68-507f-baff-e7d3b1f1a70c,TT_USER,"[""tos-alisg-p-0051c001-sg/680d5f1df860a22138b361dc996d5bc4""]",v10033g50000d3p1usfog65kargsh4j0,DISABLE,AD_STATUS_CAMPAIGN_DISABLE,False,
1848037892797682,창원_진료셀프캠_혈액순환_251106,1848038104511506,다이트_창원_트래픽_2511,1848037892794450,광고 그룹 20251017062937,2025-11-06 11:00:02,2026-04-15 19:13:36,,,SINGLE_VIDEO,다이트한의원,,,,,7604777647058504712,51d2b4a0-ca68-507f-baff-e7d3b1f1a70c,TT_USER,"[""tos-alisg-p-0051c001-sg/db6c66b0d38b398986784305f9936122""]",v10033g50000d3p1usvog65kljidsdog,DISABLE,AD_STATUS_CAMPAIGN_DISABLE,False,
1848037892797666,창원_진료셀프캠_자주하는 질문 top3_251106,1848038104511506,다이트_창원_트래픽_2511,1848037892794450,광고 그룹 20251017062937,2025-11-06 11:00:02,2026-04-15 19:13:36,,,SINGLE_VIDEO,다이트한의원,,,,,7604776120633854983,51d2b4a0-ca68-507f-baff-e7d3b1f1a70c,TT_USER,"[""tos-alisg-p-0051c001-sg/54a4d95f176e867f7087e820d7b9c84a""]",v10033g50000d3p1usvog65rviej9kc0,DISABLE,AD_STATUS_CAMPAIGN_DISABLE,False,
1848037892797650,창원_진료셀프캠_다이어트 운동법_251106,1848038104511506,다이트_창원_트래픽_2511,1848037892794450,광고 그룹 20251017062937,2025-11-06 11:00:02,2026-04-15 18:58:33,,,SINGLE_VIDEO,다이트한의원,,,,,7604774480761621522,51d2b4a0-ca68-507f-baff-e7d3b1f1a70c,TT_USER,"[""tos-alisg-p-0051c001-sg/oUPBIBfiVg83o5FQIIBeNdA4HdEqiEDjB43hHy""]",v10033g50000d3p1usvog65o478hq82g,DISABLE,AD_STATUS_CAMPAIGN_DISABLE,False,
1848037892797634,창원_진료셀프캠_20대vs50대 다이어트_251106,1848038104511506,다이트_창원_트래픽_2511,1848037892794450,광고 그룹 20251017062937,2025-11-06 11:00:02,2026-04-15 18:58:33,,,SINGLE_VIDEO,다이트한의원,,,,,7604773975230630920,51d2b4a0-ca68-507f-baff-e7d3b1f1a70c,TT_USER,"[""tos-alisg-p-0051c001-sg/oI7wBmBMUyYAAMyGbIPAltQOjPSDEAIiziaIC""]",v10033g50000d3p0sg7og65io8vcgcmg,DISABLE,AD_STATUS_CAMPAIGN_DISABLE,False,
1848037892796594,"창원_진료셀프캠_50대 여성, 뱃살부터 늘어나는 이유_251106",1848038104511506,다이트_창원_트래픽_2511,1848037892794450,광고 그룹 20251017062937,2025-11-06 11:00:02,2026-04-15 18:58:33,,,SINGLE_VIDEO,다이트한의원,,,,,7604774398767172615,51d2b4a0-ca68-507f-baff-e7d3b1f1a70c,TT_USER,"[""tos-alisg-p-0051c001-sg/5d71594364a5137cecc25747486a406a""]",v10033g50000d3p0sg7og65iouro90a0,DISABLE,AD_STATUS_CAMPAIGN_DISABLE,False,
1848037892796578,"창원_의료진정보_호르몬 불균형, 다이어트 체질_251106",1848038104511506,다이트_창원_트래픽_2511,1848037892794450,광고 그룹 20251017062937,2025-11-06 11:00:02,2026-04-15 19:13:36,,,SINGLE_VIDEO,다이트한의원,,,,,7604777850868222994,51d2b4a0-ca68-507f-baff-e7d3b1f1a70c,TT_USER,"[""tos-alisg-p-0051c001-sg/437b76a0ca2005454fac4a984bb754cf""]",v10033g50000d3p0sg7og65m09jq47rg,DISABLE,AD_STATUS_CAMPAIGN_DISABLE,False,
1848037892796562,창원_의료진정보_위고비 다이어트_251106,1848038104511506,다이트_창원_트래픽_2511,1848037892794450,광고 그룹 20251017062937,2025-11-06 11:00:02,2026-04-15 19:13:36,,,SINGLE_VIDEO,다이트한의원,,,,,7604775134607494151,51d2b4a0-ca68-507f-baff-e7d3b1f1a70c,TT_USER,"[""tos-alisg-p-0051c001-sg/2ca2a237e2f97921f5575c960abea3f8""]",v10033g50000d3p1usnog65g1h0u2080,DISABLE,AD_STATUS_CAMPAIGN_DISABLE,False,
1848037892796546,"창원_의료진정보_다이어트의 적!밥,빵,면_251106",1848038104511506,다이트_창원_트래픽_2511,1848037892794450,광고 그룹 20251017062937,2025-11-06 11:00:02,2026-04-15 18:58:33,,,SINGLE_VIDEO,다이트한의원,,,,,7604775144438926343,51d2b4a0-ca68-507f-baff-e7d3b1f1a70c,TT_USER,"[""tos-alisg-p-0051c001-sg/611c980798f90fa0f6c447ec3d98ba09""]",v10033g50000d3p0sg7og65mh2hpfo90,DISABLE,AD_STATUS_CAMPAIGN_DISABLE,False,
1848037892794482,창원_인플방문후기_다이어트 정체 구간(김태경)_251106,1848038104511506,다이트_창원_트래픽_2511,1848037892794450,광고 그룹 20251017062937,2025-11-06 11:00:02,2026-04-15 18:58:33,,,SINGLE_VIDEO,다이트한의원,,,,,7604775629652855816,51d2b4a0-ca68-507f-baff-e7d3b1f1a70c,TT_USER,"[""tos-alisg-p-0051c001-sg/1ff83b963351fd92dc50912ba461e427""]",v10033g50000d3rgshvog65tr933l9t0,DISABLE,AD_STATUS_CAMPAIGN_DISABLE,False,
1848037892794466,창원_인플방문후기_스트레스 케어(박고경)_251106,1848038104511506,다이트_창원_트래픽_2511,1848037892794450,광고 그룹 20251017062937,2025-11-06 11:00:02,2026-04-15 19:13:36,,,SINGLE_VIDEO,다이트한의원,,,,,7604775762067033096,51d2b4a0-ca68-507f-baff-e7d3b1f1a70c,TT_USER,"[""tos-alisg-p-0051c001-sg/e8fb96a8074a9c4da25cde0632accbe5""]",v10033g50000d3rgu3nog65sqee4dk3g,DISABLE,AD_STATUS_CAMPAIGN_DISABLE,False,
1846565498277089,대구_인플방문후기_스트레스케어(박고경)_251021,1846224839664674,다이트_대구_트래픽_2510,1846220741746833,광고 그룹 20251017062937,2025-10-21 04:52:28,2026-04-15 19:13:39,,,SINGLE_VIDEO,다이트한의원,,,,,7604758194832903176,51d2b4a0-ca68-507f-baff-e7d3b1f1a70c,TT_USER,"[""tos-alisg-p-0051c001-sg/263c6d8398e841d8ba1d98ff2e395dae_1761021735""]",v10033g50000d3rgu3nog65sqee4dk3g,DISABLE,AD_STATUS_CAMPAIGN_DISABLE,False,
1846565408771233,대구_인플방문후기_다이어트 정체 구간(김태경)_251021,1846224839664674,다이트_대구_트래픽_2510,1846220741746833,광고 그룹 20251017062937,2025-10-21 04:49:01,2026-04-15 18:58:37,,,SINGLE_VIDEO,다이트한의원,,,,,7604771486347332616,51d2b4a0-ca68-507f-baff-e7d3b1f1a70c,TT_USER,"[""tos-alisg-p-0051c001-sg/owJeQ0QNSDTwtnD1B4gFT9JCIfHxoHEBIB57uA""]",v10033g50000d3rgshvog65tr933l9t0,DISABLE,AD_STATUS_CAMPAIGN_DISABLE,False,
1846564996729873,서울_인플방문후기_스트레스케어(박고경)_251021,1846226250499218,다이트_서울_트래픽_2510,1846225584910514,광고 그룹 20251017062937,2025-10-21 04:44:20,2026-04-15 19:13:35,,,SINGLE_VIDEO,다이트한의원,,,,,7604764059275152402,51d2b4a0-ca68-507f-baff-e7d3b1f1a70c,TT_USER,"[""tos-alisg-p-0051c001-sg/e8fb96a8074a9c4da25cde0632accbe5""]",v10033g50000d3rgu3nog65sqee4dk3g,DISABLE,AD_STATUS_CAMPAIGN_DISABLE,False,
1846564627830786,서울_인플방문후기_다이어트 정체구간(김태경)_251021,1846226250499218,다이트_서울_트래픽_2510,1846225584910514,광고 그룹 20251017062937,2025-10-21 04:39:50,2026-04-15 18:58:33,,,SINGLE_VIDEO,다이트한의원,,,,,7604766014840097799,51d2b4a0-ca68-507f-baff-e7d3b1f1a70c,TT_USER,"[""tos-alisg-p-0051c001-sg/1ff83b963351fd92dc50912ba461e427""]",v10033g50000d3rgshvog65tr933l9t0,DISABLE,AD_STATUS_CAMPAIGN_DISABLE,False,
1846225897663602,"서울_의료진정보_다이어트의 적!밥,빵,면_251020",1846226250499218,다이트_서울_트래픽_2510,1846225584910514,광고 그룹 20251017062937,2025-10-17 11:08:09,2026-04-15 18:58:33,,,SINGLE_VIDEO,다이트한의원,,,,,7604761381035920392,51d2b4a0-ca68-507f-baff-e7d3b1f1a70c,TT_USER,"[""tos-alisg-p-0051c001-sg/611c980798f90fa0f6c447ec3d98ba09""]",v10033g50000d3p0sg7og65mh2hpfo90,DISABLE,AD_STATUS_CAMPAIGN_DISABLE,False,
1846225897663586,서울_의료진정보_위고비 다이어트_251020,1846226250499218,다이트_서울_트래픽_2510,1846225584910514,광고 그룹 20251017062937,2025-10-17 11:08:09,2026-04-15 19:13:35,,,SINGLE_VIDEO,다이트한의원,,,,,7604763168426003474,51d2b4a0-ca68-507f-baff-e7d3b1f1a70c,TT_USER,"[""tos-alisg-p-0051c001-sg/2ca2a237e2f97921f5575c960abea3f8""]",v10033g50000d3p1usnog65g1h0u2080,DISABLE,AD_STATUS_CAMPAIGN_DISABLE,False,
1846225897663570,"서울_의료진정보_호르몬 불균형, 다이어트 체질_251020",1846226250499218,다이트_서울_트래픽_2510,1846225584910514,광고 그룹 20251017062937,2025-10-17 11:08:09,2026-04-15 19:13:35,,,SINGLE_VIDEO,다이트한의원,,,,,7604779377204792328,51d2b4a0-ca68-507f-baff-e7d3b1f1a70c,TT_USER,"[""tos-alisg-p-0051c001-sg/437b76a0ca2005454fac4a984bb754cf""]",v10033g50000d3p0sg7og65m09jq47rg,DISABLE,AD_STATUS_CAMPAIGN_DISABLE,False,
1846225897663554,"서울_진료셀프캠_50대 여성, 뱃살부터 늘어나는 이유_251020",1846226250499218,다이트_서울_트래픽_2510,1846225584910514,광고 그룹 20251017062937,2025-10-17 11:08:09,2026-04-15 18:58:33,,,SINGLE_VIDEO,다이트한의원,,,,,7604762739168381959,51d2b4a0-ca68-507f-baff-e7d3b1f1a70c,TT_USER,"[""tos-alisg-p-0051c001-sg/5d71594364a5137cecc25747486a406a""]",v10033g50000d3p0sg7og65iouro90a0,DISABLE,AD_STATUS_CAMPAIGN_DISABLE,False,
1846225897662770,서울_진료셀프캠_20대vs50대 다이어트_251020,1846226250499218,다이트_서울_트래픽_2510,1846225584910514,광고 그룹 20251017062937,2025-10-17 11:08:09,2026-04-15 18:58:33,,,SINGLE_VIDEO,다이트한의원,,,,,7604765414396054535,51d2b4a0-ca68-507f-baff-e7d3b1f1a70c,TT_USER,"[""tos-alisg-p-0051c001-sg/oI7wBmBMUyYAAMyGbIPAltQOjPSDEAIiziaIC""]",v10033g50000d3p0sg7og65io8vcgcmg,DISABLE,AD_STATUS_CAMPAIGN_DISABLE,False,
1846225897662754,서울_진료셀프캠_다이어트 운동법_251020,1846226250499218,다이트_서울_트래픽_2510,1846225584910514,광고 그룹 20251017062937,2025-10-17 11:08:09,2026-04-15 18:58:33,,,SINGLE_VIDEO,다이트한의원,,,,,7604763697055124488,51d2b4a0-ca68-507f-baff-e7d3b1f1a70c,TT_USER,"[""tos-alisg-p-0051c001-sg/oUPBIBfiVg83o5FQIIBeNdA4HdEqiEDjB43hHy""]",v10033g50000d3p1usvog65o478hq82g,DISABLE,AD_STATUS_CAMPAIGN_DISABLE,False,
1846225897662738,서울_진료셀프캠_자주하는 질문 top3_251020,1846226250499218,다이트_서울_트래픽_2510,1846225584910514,광고 그룹 20251017062937,2025-10-17 11:08:09,2026-04-15 19:13:35,,,SINGLE_VIDEO,다이트한의원,,,,,7604762649812864008,51d2b4a0-ca68-507f-baff-e7d3b1f1a70c,TT_USER,"[""tos-alisg-p-0051c001-sg/54a4d95f176e867f7087e820d7b9c84a""]",v10033g50000d3p1usvog65rviej9kc0,DISABLE,AD_STATUS_CAMPAIGN_DISABLE,False,
1846225897662722,서울_진료셀프캠_이것 때문에 살이 빠지지 않습니다_251020,1846226250499218,다이트_서울_트래픽_2510,1846225584910514,광고 그룹 20251017062937,2025-10-17 11:08:09,2026-04-15 19:13:35,,,SINGLE_VIDEO,다이트한의원,,,,,7604765631904254984,51d2b4a0-ca68-507f-baff-e7d3b1f1a70c,TT_USER,"[""tos-alisg-p-0051c001-sg/db6c66b0d38b398986784305f9936122""]",v10033g50000d3p1usvog65kljidsdog,DISABLE,AD_STATUS_CAMPAIGN_DISABLE,False,
1846225778647042,서울_진료셀프캠_가임기 여성 한약_251020,1846226250499218,다이트_서울_트래픽_2510,1846225584910514,광고 그룹 20251017062937,2025-10-17 11:08:09,2026-04-15 19:13:35,,,SINGLE_VIDEO,다이트한의원,,,,,7604763563915267079,51d2b4a0-ca68-507f-baff-e7d3b1f1a70c,TT_USER,"[""tos-alisg-p-0051c001-sg/680d5f1df860a22138b361dc996d5bc4""]",v10033g50000d3p1usfog65kargsh4j0,DISABLE,AD_STATUS_CAMPAIGN_DISABLE,False,
1846222240964657,대구_진료셀프캠_안 먹어도 살 찌는 사람_251017,1846224839664674,다이트_대구_트래픽_2510,1846220741746833,광고 그룹 20251017062937,2025-10-17 10:43:22,2026-04-15 18:58:37,,,SINGLE_VIDEO,다이트한의원,,,,,7604773113426906119,51d2b4a0-ca68-507f-baff-e7d3b1f1a70c,TT_USER,"[""tos-alisg-p-0051c001-sg/a9ac8842cac1de7344129f8208e157bf""]",v10033g50000d3p0sfvog65pi7ahpr30,DISABLE,AD_STATUS_CAMPAIGN_DISABLE,False,
1846222240964641,대구_진료셀프캠_50대가 20대 따라하면 폭망하는 이유_251017,1846224839664674,다이트_대구_트래픽_2510,1846220741746833,광고 그룹 20251017062937,2025-10-17 10:43:22,2026-04-15 18:58:37,,,SINGLE_VIDEO,다이트한의원,,,,,7604759822218562567,51d2b4a0-ca68-507f-baff-e7d3b1f1a70c,TT_USER,"[""tos-alisg-p-0051c001-sg/oI7wBmBMUyYAAMyGbIPAltQOjPSDEAIiziaIC""]",v10033g50000d3p0sg7og65io8vcgcmg,DISABLE,AD_STATUS_CAMPAIGN_DISABLE,False,
1846222240964625,대구_진료셀프캠_운동 없이 다이어트_251017,1846224839664674,다이트_대구_트래픽_2510,1846220741746833,광고 그룹 20251017062937,2025-10-17 10:43:22,2026-04-15 19:13:39,,,SINGLE_VIDEO,다이트한의원,,,,,7604772917250935815,51d2b4a0-ca68-507f-baff-e7d3b1f1a70c,TT_USER,"[""tos-alisg-p-0051c001-sg/8e14c5e59d389b8f65894e68a1233995""]",v10033g50000d3p0sg7og65it2d0tp5g,DISABLE,AD_STATUS_CAMPAIGN_DISABLE,False,
1846222240964609,대구_진료셀프캠_굶는 다이어트_251017,1846224839664674,다이트_대구_트래픽_2510,1846220741746833,광고 그룹 20251017062937,2025-10-17 10:43:22,2026-04-15 18:58:37,,,SINGLE_VIDEO,다이트한의원,,,,,7604771244038245383,51d2b4a0-ca68-507f-baff-e7d3b1f1a70c,TT_USER,"[""tos-alisg-p-0051c001-sg/b5e2033e2f9146fea7580a39cff543fc""]",v10033g50000d3p0sg7og65qa4ti1sd0,DISABLE,AD_STATUS_CAMPAIGN_DISABLE,False,
1846222240963633,"대구_의료진정보_다이어트의 적!밥,빵,면_251017",1846224839664674,다이트_대구_트래픽_2510,1846220741746833,광고 그룹 20251017062937,2025-10-17 10:43:22,2026-04-15 18:58:37,,,SINGLE_VIDEO,다이트한의원,,,,,7604772748287659026,51d2b4a0-ca68-507f-baff-e7d3b1f1a70c,TT_USER,"[""tos-alisg-p-0051c001-sg/611c980798f90fa0f6c447ec3d98ba09""]",v10033g50000d3p0sg7og65mh2hpfo90,DISABLE,AD_STATUS_CAMPAIGN_DISABLE,False,
1846222240963617,"대구_의료진정보_호르몬 불균형, 다이어트 체질_251017",1846224839664674,다이트_대구_트래픽_2510,1846220741746833,광고 그룹 20251017062937,2025-10-17 10:43:22,2026-04-15 19:13:39,,,SINGLE_VIDEO,다이트한의원,,,,,7604779540136610823,51d2b4a0-ca68-507f-baff-e7d3b1f1a70c,TT_USER,"[""tos-alisg-p-0051c001-sg/1b817a24e4da2fa65794c5feb399a2a9""]",v10033g50000d3p0sg7og65m09jq47rg,DISABLE,AD_STATUS_CAMPAIGN_DISABLE,False,
1846222240963601,"대구_진료셀프캠_50대 여성, 뱃살부터 늘어나는 이유_251017",1846224839664674,다이트_대구_트래픽_2510,1846220741746833,광고 그룹 20251017062937,2025-10-17 10:43:22,2026-04-15 18:58:37,,,SINGLE_VIDEO,다이트한의원,,,,,7604771363819244551,51d2b4a0-ca68-507f-baff-e7d3b1f1a70c,TT_USER,"[""tos-alisg-p-0051c001-sg/995cf890ea56baa7033026eaa33b3752""]",v10033g50000d3p0sg7og65iouro90a0,DISABLE,AD_STATUS_CAMPAIGN_DISABLE,False,
1846222240963585,대구_인플방문후기_먹으면서 다이어트(대읽남)_251017,1846224839664674,다이트_대구_트래픽_2510,1846220741746833,광고 그룹 20251017062937,2025-10-17 10:43:22,2026-04-15 19:13:39,,,SINGLE_VIDEO,다이트한의원,,,,,7604760688833104903,51d2b4a0-ca68-507f-baff-e7d3b1f1a70c,TT_USER,"[""tos-alisg-p-0051c001-sg/a44e09a5f4c7a23319618a54d98e8942""]",v10033g50000d3p0vmnog65v7scj6oig,DISABLE,AD_STATUS_CAMPAIGN_DISABLE,False,
